sk_local,bairro,endereco,latitude,longitude
1,AFLITOS,AV CONS ROSA E SILVA,-8.0408171,-34.8984978
2,AFLITOS,AV CONS ROSA E SILVA 1205,-8.0408676,-34.8984978
3,AFLITOS,AV CONS ROSA E SILVA 123,-8.0500885,-34.8966336
4,AFLITOS,AV CONS ROSA E SILVA 2293,-8.0413509,-34.8981893
5,AFLITOS,RUA TELES JUNIOR S/N,-8.0363035,-34.8993333
6,AFOGADOS,ARRUDA,-8.0773306,-34.9090576
7,AFOGADOS,ARRUDA,-8.0701883,-34.9082469
8,AFOGADOS,AV ENGENHEIRO ABDIAS DE CARVALHO,-8.062374,-34.9104309
9,AFOGADOS,AV ENGENHEIRO ABDIAS DE CARVALHO XX,-8.0621961,-34.9096343
10,AFOGADOS,AV ENGENHEIRO ABDIAS DE CARVALHO XX,-8.061965,-34.9091756
11,AFOGADOS,AV MARECHAL MASCARENHAS DE MORAES,-8.0844369,-34.906944
12,AFOGADOS,AV SUL,-8.0779414,-34.8977333
13,AFOGADOS,AV SUL,-8.0811254,-34.905037
14,AFOGADOS,AV SUL,-8.0790833,-34.9015689
15,AFOGADOS,AV SUL,-8.079556,-34.9043691
16,AFOGADOS,AV SUL X,-8.0809528,-34.9049914
17,AFOGADOS,EST DOS REMEDIOS,-8.0691592,-34.9084648
18,AFOGADOS,EST DOS REMEDIOS,-8.078754,-34.9068421
19,AFOGADOS,EST DOS REMEDIOS,-8.0696014,-34.9083482
20,AFOGADOS,EST DOS REMEDIOS,-8.0796888,-34.9067187
21,AFOGADOS,EST DOS REMEDIOS,-8.0752114,-34.9074349
22,AFOGADOS,EST DOS REMEDIOS 1030,-8.0710567,-34.9081014
23,AFOGADOS,EST DOS REMEDIOS 1127,-8.0702095,-34.9082462
24,AFOGADOS,EST DOS REMEDIOS 490,-8.0757133,-34.9073544
25,AFOGADOS,EST DOS REMEDIOS 65,-8.0796303,-34.9067134
26,AFOGADOS,EST DOS REMEDIOS XX,-8.0652687,-34.9081779
27,AFOGADOS,EST DOS REMEDIOS XX,-8.0763998,-34.907233
28,AFOGADOS,LARGO DA PAZ,-8.0819407,-34.9064022
29,AFOGADOS,LARGO DA PAZ XX,-8.0827161,-34.9064559
30,AFOGADOS,PTE DO MOTOCOLOMBO,-8.0811546,-34.9061099
31,AFOGADOS,PTE DO MOTOCOLOMBO,-8.0826683,-34.9066651
32,AFOGADOS,RUA COSME VIANA,-8.0656192,-34.9090683
33,AFOGADOS,RUA COSME VIANA,-8.0711974,-34.9094573
34,AFOGADOS,RUA COSME VIANA,-8.0711696,-34.9094868
35,AFOGADOS,RUA COSME VIANA,-8.0673242,-34.9094009
36,AFOGADOS,RUA COSME VIANA,-8.0709837,-34.9095082
37,AFOGADOS,RUA COSME VIANA,-8.0721256,-34.9092937
38,AFOGADOS,RUA COSME VIANA 122,-8.0711164,-34.9094546
39,AFOGADOS,RUA COSME VIANA 44,-8.0765445,-34.9091327
40,AFOGADOS,RUA COSME VIANA 67,-8.0757903,-34.9089932
41,AFOGADOS,RUA DA PAZ,-8.0792639,-34.9039882
42,AFOGADOS,RUA FIRMINO DE FIGUEIREDO,-8.0749034,-34.9074242
43,AFOGADOS,RUA IMPERIAL 1,-8.0752486,-34.8922697
44,AFOGADOS,RUA JOAO IVO DA SILVA,-8.061811,-34.9096102
45,AFOGADOS,RUA JOAO IVO DA SILVA,-8.063346,-34.9095029
46,AFOGADOS,RUA JOAO IVO DA SILVA,-8.0631893,-34.9093339
47,AFOGADOS,RUA NICOLAU PEREIRA,-8.0770916,-34.9063915
48,AFOGADOS,RUA NICOLAU PEREIRA,-8.0794126,-34.9044657
49,AFOGADOS,RUA NICOLAU PEREIRA,-8.0760347,-34.9072659
50,AFOGADOS,RUA QUITERIO INACIO DE MELLO,-8.0803261,-34.9094626
51,AFOGADOS,RUA QUITERIO INACIO DE MELLO,-8.0816937,-34.9090415
52,AFOGADOS,RUA SANTOS ARAUJO XX,-8.0800791,-34.9095109
53,AFOGADOS,RUA SAO MIGUEL,-8.0807404,-34.9156344
54,AFOGADOS,RUA SAO MIGUEL,-8.0806912,-34.9138266
55,AFOGADOS,RUA SAO MIGUEL,-8.0827161,-34.9241853
56,AFOGADOS,RUA SAO MIGUEL,-8.0802571,-34.9094707
57,AFOGADOS,RUA SAO MIGUEL,-8.0802411,-34.9098086
58,AFOGADOS,RUA SAO MIGUEL,-8.0802836,-34.9086714
59,AFOGADOS,RUA SAO MIGUEL,-8.0806899,-34.9146768
60,AFOGADOS,RUA SAO MIGUEL,-8.0808864,-34.9193519
61,AFOGADOS,RUA SAO MIGUEL,-8.0802146,-34.9066329
62,AFOGADOS,RUA SAO MIGUEL,-8.0802969,-34.9097013
63,AFOGADOS,RUA SAO MIGUEL,-8.080283,-34.908727
64,AFOGADOS,RUA SAO MIGUEL,-8.0802637,-34.9087706
65,AFOGADOS,RUA SAO MIGUEL,-8.0803474,-34.9110639
66,AFOGADOS,RUA SAO MIGUEL,-8.0803075,-34.9098301
67,AFOGADOS,RUA SAO MIGUEL,-8.080512,-34.9129549
68,AFOGADOS,RUA SAO MIGUEL,-8.0803022,-34.9101412
69,AFOGADOS,RUA SAO MIGUEL,-8.0802995,-34.9094707
70,AFOGADOS,RUA SAO MIGUEL,-8.0803234,-34.9099696
71,AFOGADOS,RUA SAO MIGUEL,-8.080905,-34.9195397
72,AFOGADOS,RUA SAO MIGUEL 1050,-8.080743,-34.9162433
73,AFOGADOS,RUA SAO MIGUEL 1324,-8.0808174,-34.9187055
74,AFOGADOS,RUA SAO MIGUEL 1412,-8.0808838,-34.9193519
75,AFOGADOS,RUA SAO MIGUEL 1676,-8.0813193,-34.9219134
76,AFOGADOS,RUA SAO MIGUEL 1895,-8.0822833,-34.9235845
77,AFOGADOS,RUA SAO MIGUEL 2027,-8.0828755,-34.9244776
78,AFOGADOS,RUA SAO MIGUEL 729,-8.0805757,-34.9132204
79,AFOGADOS,RUA VINTE E UM DE ABRIL,-8.076672,-34.91189
80,AFOGADOS,RUA VINTE E UM DE ABRIL,-8.0744838,-34.9218142
81,AFOGADOS,RUA VINTE E UM DE ABRIL,-8.0770146,-34.9092266
82,AFOGADOS,RUA VINTE E UM DE ABRIL,-8.0764702,-34.9131882
83,AFOGADOS,RUA VINTE E UM DE ABRIL,-8.0762949,-34.9137615
84,AFOGADOS,RUA VINTE E UM DE ABRIL 1122,-8.0753522,-34.9171639
85,AFOGADOS,RUA VINTE E UM DE ABRIL 681,-8.0764702,-34.9131694
86,AFOGADOS,RUA VINTE E UM DE ABRIL SEMAFORO 245,-8.0758116,-34.9153233
87,AFOGADOS,RUA VINTE E UM DE ABRIL XX,-8.0756469,-34.9158436
88,AFOGADOS,RUASAOMIGUEL1709,-8.0802298,-34.9066738
89,AFOGADOS,RUASAOMIGUEL558,-8.0803049,-34.911662
90,ALTO DO MANDU,AV NORTE,-8.0206853,-34.9232787
91,ALTO JOSÉ BONIFÁCIO,RUA ALTO JOSE BONIFACIO 1111,-8.0178727,-34.9119437
92,ALTO JOSÉ BONIFÁCIO,RUA CORREGO DO EUCLIDES,-8.0099099,-34.9138293
93,ALTO JOSÉ BONIFÁCIO,RUA VISCONDE SABUGOSA XX,-8.1316047,-34.94709
94,ALTO JOSÉ DO PINHO,RUA MARQUES DE ABRANTES,-8.0303662,-34.8796928
95,ALTO JOSÉ DO PINHO,RUA SEVERINO BERNARDINO PEREIRA,-8.0228446,-34.9047822
96,ALTO SANTA TERESINHA,AV ANIBAL BENEVOLO 276,-8.0076974,-34.8960006
97,ALTO SANTA TERESINHA,RUA TAMBOARA 891,-8.0138455,-34.905786
98,APIPUCOS,AV DEZESSETE DE AGOSTO,-8.0213945,-34.9331599
99,APIPUCOS,AV DEZESSETE DE AGOSTO,-8.0341536,-34.9215567
100,APIPUCOS,AV DEZESSETE DE AGOSTO,-8.0294566,-34.9257208
101,APIPUCOS,AV DEZESSETE DE AGOSTO 600,-8.0366727,-34.9141377
102,APIPUCOS,RUA 18 DE DEZEMBRO,-8.0208341,-34.9389991
103,APIPUCOS,RUA DE APIPUCOS,-8.0213679,-34.9332297
104,APIPUCOS,RUA DE APIPUCOS,-8.0276041,-34.9290159
105,APIPUCOS,RUA DE APIPUCOS,-8.0211767,-34.9340129
106,APIPUCOS,RUA DE APIPUCOS,-8.0217345,-34.9320281
107,APIPUCOS,RUA DE APIPUCOS 1083,-8.0210333,-34.9345386
108,APIPUCOS,RUA DE APIPUCOS 1820,-8.0206933,-34.9360782
109,APIPUCOS,RUA DE APIPUCOS 235,-8.0258512,-34.9299842
110,APIPUCOS,RUA DE APIPUCOS 487,-8.0231341,-34.9304777
111,APIPUCOS,RUA DE APIPUCOS 568,-8.0229854,-34.9306387
112,APIPUCOS,RUA DOIS IRMAOS 165,-8.0208633,-34.9379772
113,APIPUCOS,RUA MANDACARU,-8.0214848,-34.9305904
114,AREIAS,ARRUDA,-8.0900985,-34.9295282
115,AREIAS,AV CAPITAO GREGORIO DE CALDAS,-8.0968966,-34.9297214
116,AREIAS,AV DR JOSE RUFINO,-8.0894692,-34.9337527
117,AREIAS,AV DR JOSE RUFINO,-8.0916971,-34.9360621
118,AREIAS,AV DR JOSE RUFINO,-8.0886911,-34.9329937
119,AREIAS,AV DR JOSE RUFINO,-8.0897267,-34.9337232
120,AREIAS,AV DR JOSE RUFINO,-8.0922229,-34.9376822
121,AREIAS,AV DR JOSE RUFINO,-8.0923052,-34.937709
122,AREIAS,AV DR JOSE RUFINO,-8.0913307,-34.9356598
123,AREIAS,AV DR JOSE RUFINO,-8.0870181,-34.9312663
124,AREIAS,AV DR JOSE RUFINO,-8.091251,-34.9355954
125,AREIAS,AV DR JOSE RUFINO,-8.0887336,-34.933058
126,AREIAS,AV DR JOSE RUFINO,-8.0927115,-34.9393505
127,AREIAS,AV DR JOSE RUFINO,-8.0886592,-34.9329829
128,AREIAS,AV DR JOSE RUFINO,-8.0917795,-34.936097
129,AREIAS,AV DR JOSE RUFINO,-8.0899989,-34.9532068
130,AREIAS,AV DR JOSE RUFINO 1318,-8.0907385,-34.9350724
131,AREIAS,AV DR JOSE RUFINO 1552,-8.0918432,-34.9362968
132,AREIAS,AV DR JOSE RUFINO 46,-8.083951,-34.9260682
133,AREIAS,AV DR JOSE RUFINO 780,-8.0871217,-34.9313991
134,AREIAS,AV DR JOSE RUFINO 809,-8.0874828,-34.9317974
135,AREIAS,AV DR JOSE RUFINO 832,-8.0876375,-34.931965
136,AREIAS,AV RECIFE,-8.0798587,-34.9337983
137,AREIAS,AV RECIFE,-8.0901994,-34.9296355
138,AREIAS,AV RECIFE,-8.0857913,-34.9317437
139,AREIAS,AV RECIFE,-8.0996583,-34.9282193
140,AREIAS,AV RECIFE,-8.1018145,-34.9279618
141,AREIAS,AV RECIFE,-8.097826,-34.9284232
142,AREIAS,AV RECIFE,-8.0973639,-34.9286807
143,AREIAS,AV RECIFE,-8.1000725,-34.9281335
144,AREIAS,AV RECIFE,-8.0927912,-34.9292868
145,AREIAS,AV RECIFE,-8.096254,-34.9287826
146,AREIAS,AV RECIFE 3042,-8.1039495,-34.9277043
147,AREIAS,AV RECIFE 3078,-8.1038034,-34.9275783
148,AREIAS,AV RECIFE 4900,-8.0901476,-34.929496
149,AREIAS,AV RECIFE 936,-8.094581,-34.9289918
150,AREIAS,AV TAPAJOS,-8.0933701,-34.9239063
151,AREIAS,AV TAPAJOS 109,-8.0916387,-34.927597
152,AREIAS,AV TAPAJOS 239,-8.092839,-34.9250597
153,AREIAS,AVDRJOSERUFINO,-8.0917131,-34.9360675
154,AREIAS,RUA AURORA CACOTE 623,-8.0993343,-34.9342583
155,AREIAS,RUA BARROS SOBRINHO 210,-8.0886858,-34.9342811
156,AREIAS,RUA CAMBUCA 71,-8.0991458,-34.9355552
157,AREIAS,RUA CAMBUCA 809,-8.0991458,-34.9354988
158,AREIAS,RUA CAPITAO GREGORIO DE ALBUQUERQUE 272,-8.0959034,-34.9325484
159,AREIAS,RUA IPOJUCA 398,-8.0959101,-34.9360916
160,AREIAS,RUA IPOJUCA 632,-8.0975379,-34.9361634
161,AREIAS,RUA JUPIATA,-8.1006195,-34.9377841
162,ARRUDA,ARRUDA,-8.0271367,-34.8967731
163,ARRUDA,ARRUDA,-8.0335865,-34.8917748
164,ARRUDA,AV BEBERIBE,-8.0231952,-34.8938978
165,ARRUDA,AV BEBERIBE,-8.0231952,-34.8939085
166,ARRUDA,AV BEBERIBE,-8.0283783,-34.8928584
167,ARRUDA,AV BEBERIBE,-8.0283876,-34.8928477
168,ARRUDA,AV BEBERIBE,-8.0267967,-34.8931628
169,ARRUDA,AV BEBERIBE,-8.0231474,-34.8938549
170,ARRUDA,AV BEBERIBE,-8.0252138,-34.8934847
171,ARRUDA,AV BEBERIBE,-8.0283265,-34.8928463
172,ARRUDA,AV BEBERIBE,-8.0268764,-34.8931307
173,ARRUDA,AV BEBERIBE,-8.0297594,-34.8925379
174,ARRUDA,AV BEBERIBE,-8.0275722,-34.8930073
175,ARRUDA,AV BEBERIBE,-8.0251978,-34.8935169
176,ARRUDA,AV BEBERIBE,-8.0191422,-34.8939353
177,ARRUDA,AV BEBERIBE,-8.0267648,-34.8931468
178,ARRUDA,AV BEBERIBE 1584 A,-8.0233891,-34.893828
179,ARRUDA,AV BEBERIBE 1772,-8.0266108,-34.8931843
180,ARRUDA,AV BEBERIBE 323,-8.0344457,-34.8915911
181,ARRUDA,AV BEBERIBE 573,-8.0250703,-34.8935464
182,ARRUDA,AV BEBERIBE XX,-8.0310389,-34.892275
183,ARRUDA,AV PROFESSOR JOSE DOS ANJOS,-8.0275085,-34.8878682
184,ARRUDA,AV PROFESSOR JOSE DOS ANJOS,-8.0246666,-34.8828793
185,ARRUDA,AV PROFESSOR JOSE DOS ANJOS,-8.026138,-34.905442
186,ARRUDA,AV PROFESSOR JOSE DOS ANJOS,-8.0269175,-34.8979814
187,ARRUDA,AV PROFESSOR JOSE DOS ANJOS,-8.0267808,-34.897905
188,ARRUDA,AV PROFESSOR JOSE DOS ANJOS,-8.0279281,-34.8929161
189,ARRUDA,AV PROFESSOR JOSE DOS ANJOS,-8.0275882,-34.8898906
190,ARRUDA,AV PROFESSOR JOSE DOS ANJOS,-8.0277714,-34.893136
191,ARRUDA,AV PROFESSOR JOSE DOS ANJOS,-8.0269268,-34.8979184
192,ARRUDA,AV PROFESSOR JOSE DOS ANJOS,-8.0275895,-34.8898758
193,ARRUDA,AVBEBERIBE,-8.0277794,-34.8929429
194,ARRUDA,EST VELHA DE AGUA FRIA,-8.0247676,-34.897441
195,ARRUDA,EST VELHA DE AGUA FRIA,-8.023923,-34.8972613
196,ARRUDA,EST VELHA DE AGUA FRIA 637,-8.0292295,-34.9001634
197,ARRUDA,EST VELHA DE AGUA FRIA 858,-8.0276014,-34.8985641
198,ARRUDA,RUA ALEGRE 23,-8.0229589,-34.8937355
199,ARRUDA,RUA CLARA 110,-8.0212703,-34.8831495
200,ARRUDA,RUA DA REGENERACAO,-8.0210227,-34.8875839
201,ARRUDA,RUA DA REGENERACAO,-8.0214264,-34.8865271
202,ARRUDA,RUA DA REGENERACAO 1122,-8.0208593,-34.8880278
203,ARRUDA,RUA DAS MOCAS 600,-8.0259149,-34.8899603
204,ARRUDA,RUA DAS MOCAS 839,-8.0214264,-34.886511
205,ARRUDA,RUA DESENHISTA EULINO SANTOS 31,-8.0237131,-34.8830616
206,ARRUDA,RUA DO MACHADO,-8.021182,-34.8890483
207,ARRUDA,RUA DO MACHADO,-8.0223586,-34.8895365
208,ARRUDA,RUA DO MACHADO,-8.0224675,-34.8895419
209,ARRUDA,RUA DO MACHADO 106,-8.0252934,-34.8905343
210,ARRUDA,RUA DO MACHADO 862,-8.0185592,-34.8881592
211,ARRUDA,RUA MARQUES DE BAIPENDI,-8.0296545,-34.8898369
212,ARRUDA,RUA MEM DE SA,-8.0297182,-34.8899657
213,ARRUDA,RUA PRUDENTE DE MORAES,-8.0285416,-34.8874725
214,ARRUDA,RUA SAO BENTO 146,-8.0235007,-34.8954079
215,ARRUDA,RUA ZEFERINO AGRA 251,-8.0215007,-34.8921704
216,BAIRRO DO RECIFE,AV ALFREDO LISBOA,-8.0660415,-34.8729739
217,BAIRRO DO RECIFE,AV ALFREDO LISBOA,-8.0602893,-34.8702595
218,BAIRRO DO RECIFE,AV ALFREDO LISBOA,-8.0590278,-34.8698062
219,BAIRRO DO RECIFE,AV ALFREDO LISBOA,-8.0596479,-34.8700409
220,BAIRRO DO RECIFE,AV ALFREDO LISBOA,-8.0654055,-34.8724904
221,BAIRRO DO RECIFE,AV ALFREDO LISBOA,-8.0540934,-34.8708925
222,BAIRRO DO RECIFE,AV ALFREDO LISBOA,-8.0660282,-34.8729336
223,BAIRRO DO RECIFE,AV ALFREDO LISBOA,-8.0627006,-34.8711661
224,BAIRRO DO RECIFE,AV ENGENHEIRO JOSE ESTELITA,-8.0764436,-34.889338
225,BAIRRO DO RECIFE,AV GUARARAPES,-8.0637788,-34.8784241
226,BAIRRO DO RECIFE,AV MILITAR,-8.0510845,-34.8724186
227,BAIRRO DO RECIFE,AV MILITAR,-8.0518307,-34.8715496
228,BAIRRO DO RECIFE,AV MILITAR,-8.0529355,-34.8716167
229,BAIRRO DO RECIFE,C SANTA RITA,-8.0714325,-34.8770025
230,BAIRRO DO RECIFE,CAIS DO APOLO,-8.058571,-34.8725259
231,BAIRRO DO RECIFE,CAIS DO APOLO,-8.0602388,-34.8727754
232,BAIRRO DO RECIFE,CAIS DO APOLO,-8.0519104,-34.871791
233,BAIRRO DO RECIFE,CAIS DO APOLO,-8.0585259,-34.872947
234,BAIRRO DO RECIFE,PTE BUARQUE DE MACEDO,-8.0617897,-34.8759538
235,BAIRRO DO RECIFE,PTE DO LIMOEIRO,-8.0506157,-34.8730074
236,BAIRRO DO RECIFE,PTE GIRATORIA,-8.0672153,-34.8739126
237,BAIRRO DO RECIFE,RUA DA AURORA,-8.0583081,-34.8791322
238,BAIRRO DO RECIFE,RUA DO APOLO,-8.0619438,-34.8726118
239,BAIRRO DO RECIFE,RUA MADRE DEUS,-8.0642741,-34.8735961
240,BAIRRO DO RECIFE,RUA MADRE DEUS,-8.0637709,-34.873631
241,BAIRRO DO RECIFE,RUA MADRE DEUS,-8.1366072,-34.9624121
242,BARRO,ARRUDA,-8.1335988,-34.9083408
243,BARRO,AV CENTRAL,-8.0884601,-34.9455544
244,BARRO,AV CENTRAL,-8.0889832,-34.9455196
245,BARRO,AV CENTRAL,-8.0888239,-34.9452728
246,BARRO,AV CENTRAL,-8.0889301,-34.9454981
247,BARRO,AV DR JOSE RUFINO,-8.0929824,-34.9456322
248,BARRO,AV DR JOSE RUFINO,-8.0927275,-34.9464154
249,BARRO,AV DR JOSE RUFINO,-8.0856213,-34.9299225
250,BARRO,AV DR JOSE RUFINO,-8.0917556,-34.948926
251,BARRO,AV DR JOSE RUFINO,-8.0929399,-34.9402544
252,BARRO,AV DR JOSE RUFINO,-8.0844475,-34.9317384
253,BARRO,AV DR JOSE RUFINO,-8.0933701,-34.9441785
254,BARRO,AV DR JOSE RUFINO,-8.0929877,-34.9407291
255,BARRO,AV DR JOSE RUFINO,-8.0924566,-34.9471128
256,BARRO,AV DR JOSE RUFINO,-8.0870772,-34.9313515
257,BARRO,AV DR JOSE RUFINO,-8.0924327,-34.9471799
258,BARRO,AV DR JOSE RUFINO,-8.0929054,-34.9423009
259,BARRO,AV DR JOSE RUFINO 2021,-8.0930355,-34.9405843
260,BARRO,AV DR JOSE RUFINO 2319,-8.0931895,-34.943524
261,BARRO,AV DR JOSE RUFINO XX,-8.0931524,-34.9433577
262,BARRO,AV DR JOSE RUFINO XX,-8.0928602,-34.9460506
263,BARRO,AVDRJOSERUFINO88,-8.0915245,-34.949441
264,BARRO,RUA NOVO HORIZONTE,-8.0977251,-34.9382615
265,BEBERIBE,ARRUDA,-8.007218,-34.8904699
266,BEBERIBE,AV BEBERIBE,-8.0105368,-34.8890001
267,BEBERIBE,AV BEBERIBE,-8.002635,-34.8974168
268,BEBERIBE,AV BEBERIBE,-8.0032113,-34.8978621
269,BEBERIBE,AV BEBERIBE,-8.016805,-34.8917748
270,BEBERIBE,AV BEBERIBE,-8.0233732,-34.8938414
271,BEBERIBE,AV BEBERIBE,-8.0045288,-34.8938441
272,BEBERIBE,AV BEBERIBE,-8.0168461,-34.8918284
273,BEBERIBE,AV BEBERIBE,-8.005963,-34.8920739
274,BEBERIBE,AV BEBERIBE,-8.0059152,-34.8922563
275,BEBERIBE,AV BEBERIBE,-8.004542,-34.8955849
276,BEBERIBE,AV BEBERIBE,-8.0072672,-34.890494
277,BEBERIBE,AV BEBERIBE,-8.0314631,-34.8921758
278,BEBERIBE,AV BEBERIBE,-8.0111955,-34.8891073
279,BEBERIBE,AV BEBERIBE,-8.033224,-34.8918486
280,BEBERIBE,AV BEBERIBE,-8.0183879,-34.893136
281,BEBERIBE,AV BEBERIBE,-8.0112167,-34.8891315
282,BEBERIBE,AV BEBERIBE,-8.0072353,-34.8905075
283,BEBERIBE,AV BEBERIBE 1692,-8.0223799,-34.8940359
284,BEBERIBE,AV BEBERIBE 2584,-8.0159185,-34.890765
285,BEBERIBE,AV BEBERIBE 32000,-8.0111158,-34.8891208
286,BEBERIBE,AV BEBERIBE 3878,-8.0112101,-34.8891422
287,BEBERIBE,AV BEBERIBE 4024,-8.0052751,-34.8932889
288,BEBERIBE,AV BEBERIBE 4162,-8.0111483,-34.8891322
289,BEBERIBE,AV BEBERIBE 423,-8.004635,-34.8956841
290,BEBERIBE,AV BEBERIBE 433,-8.0334736,-34.8918164
291,BEBERIBE,AV BEBERIBE 4510,-8.0040586,-34.8970588
292,BEBERIBE,AV BEBERIBE 466,-8.0330407,-34.8919015
293,BEBERIBE,AV BEBERIBE 537,-8.0359038,-34.8913041
294,BEBERIBE,AV BEBERIBE 920,-8.0297335,-34.892556
295,BEBERIBE,AV BEBERIBE XX,-8.0191914,-34.8939876
296,BEBERIBE,AV CIDADE DE MONTEIRO,-8.0077904,-34.8876858
297,BEBERIBE,AV PROFESSOR JOSE DOS ANJOS,-8.0277927,-34.8929858
298,BEBERIBE,PRC DA CONVENCAO,-8.036836,-34.8910466
299,BEBERIBE,PRC DA CONVENCAO,-8.0026775,-34.8974933
300,BEBERIBE,PRC DA CONVENCAO,-8.0367988,-34.8910493
301,BEBERIBE,RUA ARAPARI,-8.0049537,-34.8929429
302,BEBERIBE,RUA DA REGENERACAO,-8.0209005,-34.887836
303,BEBERIBE,RUA URIEL DE HOLANDA,-8.0027147,-34.8978058
304,BEBERIBE,RUA URIEL DE HOLANDA,-8.0022392,-34.8971996
305,BOA VIAGEM,ARRUDA,-8.1323827,-34.902631
306,BOA VIAGEM,ARRUDA,-8.1295257,-34.9008393
307,BOA VIAGEM,ARRUDA,-8.1329934,-34.9124627
308,BOA VIAGEM,ARRUDA,-8.118161,-34.9062037
309,BOA VIAGEM,ARRUDA,-8.1091023,-34.8914301
310,BOA VIAGEM,ARRUDA,-8.1001774,-34.8872767
311,BOA VIAGEM,ARRUDA,-8.1051245,-34.8883516
312,BOA VIAGEM,ARRUDA,-8.139439,-34.9079593
313,BOA VIAGEM,AV ANTONIO DE GOES,-8.0848937,-34.8870742
314,BOA VIAGEM,AV ANTONIO DE GOES,-8.0849202,-34.8870206
315,BOA VIAGEM,AV ARMINDO MOURA,-8.1503105,-34.909814
316,BOA VIAGEM,AV ARMINDO MOURA,-8.1505813,-34.9091917
317,BOA VIAGEM,AV ARMINDO MOURA S/N,-8.1501432,-34.9102861
318,BOA VIAGEM,AV ARMINDO MOURA XX,-8.1486962,-34.9140559
319,BOA VIAGEM,AV BOA VIAGEM,-8.1410865,-34.9032962
320,BOA VIAGEM,AV BOA VIAGEM,-8.1054206,-34.8870689
321,BOA VIAGEM,AV BOA VIAGEM,-8.1219369,-34.8960114
322,BOA VIAGEM,AV BOA VIAGEM,-8.1019526,-34.8854327
323,BOA VIAGEM,AV BOA VIAGEM,-8.1508521,-34.9092507
324,BOA VIAGEM,AV BOA VIAGEM,-8.0997326,-34.8844457
325,BOA VIAGEM,AV BOA VIAGEM,-8.1152003,-34.89209
326,BOA VIAGEM,AV BOA VIAGEM,-8.1510752,-34.9078774
327,BOA VIAGEM,AV BOA VIAGEM,-8.1082605,-34.8883657
328,BOA VIAGEM,AV BOA VIAGEM,-8.1026005,-34.8857251
329,BOA VIAGEM,AV BOA VIAGEM,-8.1412538,-34.903311
330,BOA VIAGEM,AV BOA VIAGEM,-8.1364505,-34.9017406
331,BOA VIAGEM,AV BOA VIAGEM,-8.1377781,-34.9020517
332,BOA VIAGEM,AV BOA VIAGEM 1416,-8.1034927,-34.8862106
333,BOA VIAGEM,AV BOA VIAGEM 1516,-8.1594174,-34.9111658
334,BOA VIAGEM,AV BOA VIAGEM 1870,-8.1072581,-34.8879325
335,BOA VIAGEM,AV BOA VIAGEM 2530,-8.1127561,-34.8905329
336,BOA VIAGEM,AV BOA VIAGEM 2682,-8.1138594,-34.8912585
337,BOA VIAGEM,AV BOA VIAGEM 2820,-8.1151426,-34.8921637
338,BOA VIAGEM,AV BOA VIAGEM 3232,-8.1180389,-34.8938227
339,BOA VIAGEM,AV BOA VIAGEM 3278,-8.1183788,-34.8940346
340,BOA VIAGEM,AV BOA VIAGEM 3854,-8.1230787,-34.8964995
341,BOA VIAGEM,AV BOA VIAGEM 4120,-8.1252427,-34.897162
342,BOA VIAGEM,AV BOA VIAGEM 4200,-8.1250701,-34.8971084
343,BOA VIAGEM,AV BOA VIAGEM 440,-8.0958716,-34.8831153
344,BOA VIAGEM,AV BOA VIAGEM 4798,-8.1312675,-34.8995881
345,BOA VIAGEM,AV BOA VIAGEM 4988,-8.1330253,-34.9002117
346,BOA VIAGEM,AV BOA VIAGEM 5152,-8.1342109,-34.9009185
347,BOA VIAGEM,AV BOA VIAGEM 5526,-8.1374044,-34.902053
348,BOA VIAGEM,AV BOA VIAGEM 6432,-8.1450799,-34.9051362
349,BOA VIAGEM,AV BOA VIAGEM 6666,-8.1487811,-34.9068367
350,BOA VIAGEM,AV BOA VIAGEM 6688,-8.1472677,-34.9061877
351,BOA VIAGEM,AV BOA VIAGEM 704,-8.0979555,-34.8836578
352,BOA VIAGEM,AV BOAVIAGEM,-8.1322181,-34.9000186
353,BOA VIAGEM,AV CONSELHEIRO AGUIAR,-8.0900321,-34.8844913
354,BOA VIAGEM,AV CONSELHEIRO AGUIAR,-8.1217723,-34.8979211
355,BOA VIAGEM,AV CONSELHEIRO AGUIAR,-8.1308042,-34.9012765
356,BOA VIAGEM,AV CONSELHEIRO AGUIAR,-8.095537,-34.8846549
357,BOA VIAGEM,AV CONSELHEIRO AGUIAR,-8.1268412,-34.8998529
358,BOA VIAGEM,AV CONSELHEIRO AGUIAR,-8.1047726,-34.8893809
359,BOA VIAGEM,AV CONSELHEIRO AGUIAR,-8.1237531,-34.8986936
360,BOA VIAGEM,AV CONSELHEIRO AGUIAR,-8.0954759,-34.8846334
361,BOA VIAGEM,AV CONSELHEIRO AGUIAR,-8.1283361,-34.9004048
362,BOA VIAGEM,AV CONSELHEIRO AGUIAR,-8.1249055,-34.8991174
363,BOA VIAGEM,AV CONSELHEIRO AGUIAR,-8.1190107,-34.8974919
364,BOA VIAGEM,AV CONSELHEIRO AGUIAR,-8.0934338,-34.8835552
365,BOA VIAGEM,AV CONSELHEIRO AGUIAR,-8.1077573,-34.8898584
366,BOA VIAGEM,AV CONSELHEIRO AGUIAR,-8.1313392,-34.9013919
367,BOA VIAGEM,AV CONSELHEIRO AGUIAR,-8.1064615,-34.8892307
368,BOA VIAGEM,AV CONSELHEIRO AGUIAR 127,-8.1250409,-34.8992085
369,BOA VIAGEM,AV CONSELHEIRO AGUIAR 1687,-8.1049804,-34.8883718
370,BOA VIAGEM,AV CONSELHEIRO AGUIAR 2696,-8.1129413,-34.892837
371,BOA VIAGEM,AV CONSELHEIRO AGUIAR 355,-8.094119,-34.8842418
372,BOA VIAGEM,AV CONSELHEIRO AGUIAR 4734,-8.1285134,-34.9006476
373,BOA VIAGEM,AV CONSELHEIRO AGUIAR 802,-8.0975193,-34.8852282
374,BOA VIAGEM,AV DES JOSE NEVES,-8.1268625,-34.9097724
375,BOA VIAGEM,AV DES JOSE NEVES,-8.1275077,-34.9098837
376,BOA VIAGEM,AV DES JOSE NEVES,-8.1215864,-34.9098784
377,BOA VIAGEM,AV DES JOSE NEVES,-8.1254153,-34.9096692
378,BOA VIAGEM,AV DOM JOAO VI,-8.1168652,-34.9048948
379,BOA VIAGEM,AV ENGENHEIRO DOMINGOS FERREIRA,-8.1091394,-34.8913671
380,BOA VIAGEM,AV ENGENHEIRO DOMINGOS FERREIRA,-8.1140293,-34.8945415
381,BOA VIAGEM,AV ENGENHEIRO DOMINGOS FERREIRA,-8.1312675,-34.9022555
382,BOA VIAGEM,AV ENGENHEIRO DOMINGOS FERREIRA,-8.1002451,-34.8873317
383,BOA VIAGEM,AV ENGENHEIRO DOMINGOS FERREIRA,-8.1109278,-34.8925191
384,BOA VIAGEM,AV ENGENHEIRO DOMINGOS FERREIRA,-8.1090717,-34.891575
385,BOA VIAGEM,AV ENGENHEIRO DOMINGOS FERREIRA,-8.112537,-34.8936456
386,BOA VIAGEM,AV ENGENHEIRO DOMINGOS FERREIRA,-8.1002,-34.8873398
387,BOA VIAGEM,AV ENGENHEIRO DOMINGOS FERREIRA,-8.1246851,-34.9002251
388,BOA VIAGEM,AV ENGENHEIRO DOMINGOS FERREIRA,-8.1176645,-34.8967892
389,BOA VIAGEM,AV ENGENHEIRO DOMINGOS FERREIRA,-8.1212717,-34.8989591
390,BOA VIAGEM,AV ENGENHEIRO DOMINGOS FERREIRA,-8.113937,-34.8943423
391,BOA VIAGEM,AV ENGENHEIRO DOMINGOS FERREIRA,-8.0987182,-34.8865861
392,BOA VIAGEM,AV ENGENHEIRO DOMINGOS FERREIRA,-8.1086668,-34.8911646
393,BOA VIAGEM,AV ENGENHEIRO DOMINGOS FERREIRA,-8.1047859,-34.8894346
394,BOA VIAGEM,AV ENGENHEIRO DOMINGOS FERREIRA,-8.1157818,-34.8955393
395,BOA VIAGEM,AV ENGENHEIRO DOMINGOS FERREIRA,-8.1247196,-34.9002171
396,BOA VIAGEM,AV ENGENHEIRO DOMINGOS FERREIRA 1653,-8.1051285,-34.8895687
397,BOA VIAGEM,AV ENGENHEIRO DOMINGOS FERREIRA 1950,-8.1066328,-34.8902526
398,BOA VIAGEM,AV ENGENHEIRO DOMINGOS FERREIRA 196,-8.0916175,-34.8849821
399,BOA VIAGEM,AV ENGENHEIRO DOMINGOS FERREIRA 2775,-8.1139868,-34.8946273
400,BOA VIAGEM,AV ENGENHEIRO DOMINGOS FERREIRA 2775,-8.1140399,-34.8945576
401,BOA VIAGEM,AV ENGENHEIRO DOMINGOS FERREIRA 345,-8.0923371,-34.8851055
402,BOA VIAGEM,AV ENGENHEIRO DOMINGOS FERREIRA 3647,-8.1190612,-34.8976153
403,BOA VIAGEM,AV ENGENHEIRO DOMINGOS FERREIRA 80,-8.0908872,-34.8847729
404,BOA VIAGEM,AV ENGENHEIRO DOMINGOS FERREIRA XX,-8.1140187,-34.8946327
405,BOA VIAGEM,AV ENGENHEIRO DOMINGOS FERREIRA XX,-8.1124573,-34.8935182
406,BOA VIAGEM,AV FERNANDO SIMOES BARBOSA,-8.1180973,-34.9008903
407,BOA VIAGEM,AV GENERAL MAC ARTHUR 303,-8.1113049,-34.9043262
408,BOA VIAGEM,AV HERCULANO BANDEIRA 813,-8.0863091,-34.8875946
409,BOA VIAGEM,AV LINO JORDAO,-8.1432637,-34.9153635
410,BOA VIAGEM,AV VINTE DE JANEIRO,-8.1434443,-34.9155164
411,BOA VIAGEM,AV VINTE DE JANEIRO 1330,-8.1441293,-34.9156639
412,BOA VIAGEM,RUA ALMIRANTE NELSON FERNANDES 173,-8.1307949,-34.9090737
413,BOA VIAGEM,RUA ANTONIO FALCAO,-8.1139058,-34.8991455
414,BOA VIAGEM,RUA ANTONIO FALCAO,-8.1166262,-34.8937798
415,BOA VIAGEM,RUA ANTONIO FALCAO,-8.1156385,-34.8957512
416,BOA VIAGEM,RUA ANTONIO FALCAO,-8.1132858,-34.9002627
417,BOA VIAGEM,RUA ANTONIO FALCAO,-8.1155774,-34.8958692
418,BOA VIAGEM,RUA ANTONIO FALCAO,-8.112468,-34.9018908
419,BOA VIAGEM,RUA ANTONIO FALCAO 285,-8.1147994,-34.8973659
420,BOA VIAGEM,RUA ANTONIO FALCAO 55,-8.1167325,-34.8936389
421,BOA VIAGEM,RUA ANTONIO FALCAO 821,-8.1133774,-34.9001044
422,BOA VIAGEM,RUA ANTONIO FALCAO XX,-8.1124308,-34.9019927
423,BOA VIAGEM,RUA ANTONIO PAES BARRETO 240,-8.1140904,-34.9067509
424,BOA VIAGEM,RUA ARTUR MUNIZ,-8.1043053,-34.8882021
425,BOA VIAGEM,RUA AVIADOR SEVERIANO LINS 263,-8.1084079,-34.8934163
426,BOA VIAGEM,RUA AZUL,-8.1328261,-34.9108211
427,BOA VIAGEM,RUA BALTAZAR PASSOS,-8.1422003,-34.9111216
428,BOA VIAGEM,RUA BALTAZAR PASSOS,-8.1450002,-34.9053776
429,BOA VIAGEM,RUA BALTAZAR PASSOS,-8.1431469,-34.9090147
430,BOA VIAGEM,RUA BALTAZAR PASSOS,-8.1431363,-34.9089825
431,BOA VIAGEM,RUA BALTAZAR PASSOS,-8.1437629,-34.9077702
432,BOA VIAGEM,RUA BALTAZAR PASSOS,-8.1438001,-34.9076481
433,BOA VIAGEM,RUA BALTAZAR PASSOS 275,-8.1438479,-34.9076307
434,BOA VIAGEM,RUA BARAO DE SOUZA LEAO,-8.1324624,-34.9154145
435,BOA VIAGEM,RUA BARAO DE SOUZA LEAO,-8.1316286,-34.9158543
436,BOA VIAGEM,RUA BARAO DE SOUZA LEAO 1075,-8.1325646,-34.9093634
437,BOA VIAGEM,RUA BARAO DE SOUZA LEAO 4862,-8.1321597,-34.9012041
438,BOA VIAGEM,RUA BARAO DE SOUZA LEAO 545,-8.1317136,-34.904986
439,BOA VIAGEM,RUA BARAO DE SOUZA LEAO 626,-8.1325035,-34.9001715
440,BOA VIAGEM,RUA BARAO DE SOUZA LEAO 626,-8.1317641,-34.9054071
441,BOA VIAGEM,RUA BELMONTE 147,-8.1331899,-34.9058738
442,BOA VIAGEM,RUA BRUNO VELOSO,-8.1213541,-34.901408
443,BOA VIAGEM,RUA BRUNO VELOSO,-8.1216262,-34.899057
444,BOA VIAGEM,RUA BRUNO VELOSO,-8.1213793,-34.9011773
445,BOA VIAGEM,RUA BRUNO VELOSO,-8.1213687,-34.9011451
446,BOA VIAGEM,RUA CAPITAO ZUZINHA,-8.1343781,-34.9055714
447,BOA VIAGEM,RUA CAPITAO ZUZINHA,-8.1348016,-34.9062547
448,BOA VIAGEM,RUA CAPITAO ZUZINHA 298,-8.1341936,-34.905265
449,BOA VIAGEM,RUA COPACABANA,-8.1360768,-34.9144422
450,BOA VIAGEM,RUA COPACABANA 395,-8.1363072,-34.9135315
451,BOA VIAGEM,RUA CORONEL ANIZIO RODRIGUES COELHO 508,-8.1252135,-34.9070486
452,BOA VIAGEM,RUA COSMORAMA,-8.1420902,-34.9114984
453,BOA VIAGEM,RUA COSMORAMA,-8.1486962,-34.9140197
454,BOA VIAGEM,RUA COSMORAMA 25,-8.1429006,-34.9118337
455,BOA VIAGEM,RUA COSMORAMA 408,-8.148505,-34.9139392
456,BOA VIAGEM,RUA DES JOAO PAES,-8.1262199,-34.9061152
457,BOA VIAGEM,RUA DEZ DE JULHO,-8.1345706,-34.9144757
458,BOA VIAGEM,RUA DEZ DE JULHO,-8.1348149,-34.913553
459,BOA VIAGEM,RUA DEZ DE JULHO,-8.135099,-34.9123541
460,BOA VIAGEM,RUA DHALIA,-8.1187572,-34.900272
461,BOA VIAGEM,RUA DOS NAVEGANTES,-8.1253516,-34.898023
462,BOA VIAGEM,RUA DOS NAVEGANTES,-8.1250091,-34.8975241
463,BOA VIAGEM,RUA DOS NAVEGANTES,-8.12511,-34.8979452
464,BOA VIAGEM,RUA DOS NAVEGANTES,-8.1251126,-34.8979157
465,BOA VIAGEM,RUA DOS NAVEGANTES,-8.1166475,-34.8937932
466,BOA VIAGEM,RUA DOS NAVEGANTES 3056,-8.1166714,-34.8937824
467,BOA VIAGEM,RUA DOS NAVEGANTES 447,-8.1283255,-34.8990731
468,BOA VIAGEM,RUA DR PEDRO DE MELLO CAHU,-8.1112332,-34.8958799
469,BOA VIAGEM,RUA ERNESTO DE PAULA SANTOS,-8.1251179,-34.8979372
470,BOA VIAGEM,RUA ERNESTO DE PAULA SANTOS,-8.1250542,-34.898302
471,BOA VIAGEM,RUA ERNESTO DE PAULA SANTOS,-8.1241567,-34.9058121
472,BOA VIAGEM,RUA ERNESTO DE PAULA SANTOS,-8.1244687,-34.901526
473,BOA VIAGEM,RUA ERNESTO DE PAULA SANTOS,-8.1251923,-34.8976099
474,BOA VIAGEM,RUA ERNESTO DE PAULA SANTOS,-8.1246798,-34.900201
475,BOA VIAGEM,RUA ERNESTO DE PAULA SANTOS,-8.1251179,-34.8979318
476,BOA VIAGEM,RUA ERNESTO DE PAULA SANTOS,-8.1251073,-34.8979318
477,BOA VIAGEM,RUA ERNESTO DE PAULA SANTOS,-8.1241275,-34.9052221
478,BOA VIAGEM,RUA ERNESTO DE PAULA SANTOS,-8.1244488,-34.9013758
479,BOA VIAGEM,RUA ERNESTO DE PAULA SANTOS 1014,-8.1241673,-34.9058121
480,BOA VIAGEM,RUA ERNESTO DE PAULA SANTOS 1342,-8.1241408,-34.9033016
481,BOA VIAGEM,RUA ERNESTO DE PAULA SANTOS 636,-8.1240558,-34.9037603
482,BOA VIAGEM,RUA FAUSTINO PORTO 65,-8.1177017,-34.8981504
483,BOA VIAGEM,RUA FELIX DE BRITO E MELO,-8.115426,-34.9003565
484,BOA VIAGEM,RUA FELIX DE BRITO E MELO,-8.1153782,-34.9005014
485,BOA VIAGEM,RUA FELIX DE BRITO E MELO,-8.1182991,-34.894799
486,BOA VIAGEM,RUA FELIX DE BRITO E MELO 0,-8.1167882,-34.8977414
487,BOA VIAGEM,RUA FELIX DE BRITO E MELO 735,-8.1180256,-34.8952603
488,BOA VIAGEM,RUA FRANCISCO DA CUNHA 1414,-8.1182619,-34.8985997
489,BOA VIAGEM,RUA FRANCISCO DA CUNHA 392,-8.1117085,-34.8946528
490,BOA VIAGEM,RUA JOAO CARDOSO AIRES 446,-8.1418167,-34.9095914
491,BOA VIAGEM,RUA JOSE DA SILVA LUCENA 131,-8.1139178,-34.9087304
492,BOA VIAGEM,RUA JOSE DA SILVA LUCENA 619,-8.1150085,-34.9063881
493,BOA VIAGEM,RUA JOSE DOMINGUES DA SILVA 258,-8.1341431,-34.9056861
494,BOA VIAGEM,RUA MARQUES DE VALENCA 470,-8.1285751,-34.907164
495,BOA VIAGEM,RUA MINISTRO NELSON HUNGRIA 636,-8.1130628,-34.8986185
496,BOA VIAGEM,RUA PADRE BERNADINO PESSOA 392,-8.1129406,-34.8967302
497,BOA VIAGEM,RUA PADRE CABRAL 86,-8.1336333,-34.9055091
498,BOA VIAGEM,RUA PADRE CARAPUCEIRO,-8.1167564,-34.9024701
499,BOA VIAGEM,RUA PADRE CARAPUCEIRO,-8.1166316,-34.9027383
500,BOA VIAGEM,RUA PADRE CARAPUCEIRO 22,-8.1173565,-34.9012068
501,BOA VIAGEM,RUA PROF AURELIO DE CASTRO CAVALCANTI,-8.1405103,-34.914827
502,BOA VIAGEM,RUA PROFESSOR AUGUSTO LINS E SILVA,-8.1440444,-34.9075086
503,BOA VIAGEM,RUA PROFESSOR AUGUSTO LINS E SILVA 668,-8.1430427,-34.9070735
504,BOA VIAGEM,RUA PROFESSOR JOSE BRANDAO,-8.1128736,-34.8927652
505,BOA VIAGEM,RUA PROFESSOR JOSE BRANDAO 299,-8.1118785,-34.8946434
506,BOA VIAGEM,RUA PROFESSOR JOSE BRANDAO XX,-8.1123352,-34.8937905
507,BOA VIAGEM,RUA PROFESSOR MARIO CASTRO,-8.1361478,-34.9047178
508,BOA VIAGEM,RUA RIBEIRO DE BRITO,-8.1233256,-34.9017218
509,BOA VIAGEM,RUA RIBEIRO DE BRITO,-8.1230149,-34.9081242
510,BOA VIAGEM,RUA RIBEIRO DE BRITO,-8.1229672,-34.9052113
511,BOA VIAGEM,RUA RIBEIRO DE BRITO,-8.1232699,-34.9016762
512,BOA VIAGEM,RUA RIBEIRO DE BRITO,-8.1229937,-34.9065068
513,BOA VIAGEM,RUA RIBEIRO DE BRITO 1002,-8.1229618,-34.9054313
514,BOA VIAGEM,RUA RIBEIRO DE BRITO 720,-8.1229884,-34.9037039
515,BOA VIAGEM,RUA RIO AZUL 400,-8.1356865,-34.9081175
516,BOA VIAGEM,RUA SA E SOUZA,-8.1335856,-34.9064988
517,BOA VIAGEM,RUA SA E SOUZA,-8.1356433,-34.906185
518,BOA VIAGEM,RUA SA E SOUZA 125,-8.1331846,-34.9065538
519,BOA VIAGEM,RUA SARGENTO SILVINO DE MACEDO,-8.114571,-34.9072123
520,BOA VIAGEM,RUA SETUBAL,-8.1447002,-34.9058282
521,BOA VIAGEM,RUA SETUBAL 278,-8.1335351,-34.9018425
522,BOA VIAGEM,RUA TENENTE JOAO CICERO,-8.1118944,-34.8967195
523,BOA VIAGEM,RUA TENENTE JOAO CICERO 325,-8.1118944,-34.8967007
524,BOA VIAGEM,RUA TOME GIBSON,-8.0987235,-34.8866612
525,BOA VIAGEM,RUA TOME GIBSON,-8.0988138,-34.8867229
526,BOA VIAGEM,RUA VISCONDE DE JEQUITINHONHA,-8.1355444,-34.9030501
527,BOA VIAGEM,RUA VISCONDE DE JEQUITINHONHA,-8.144278,-34.9067402
528,BOA VIAGEM,RUA VISCONDE DE JEQUITINHONHA,-8.1442966,-34.906649
529,BOA VIAGEM,RUA VISCONDE DE JEQUITINHONHA,-8.1478784,-34.9080491
530,BOA VIAGEM,RUA VISCONDE DE JEQUITINHONHA,-8.1312649,-34.9028134
531,BOA VIAGEM,RUA VISCONDE DE JEQUITINHONHA,-8.1579996,-34.912582
532,BOA VIAGEM,RUA VISCONDE DE JEQUITINHONHA,-8.1394881,-34.9045837
533,BOA VIAGEM,RUA VISCONDE DE JEQUITINHONHA,-8.1301948,-34.9024513
534,BOA VIAGEM,RUA VISCONDE DE JEQUITINHONHA,-8.1364691,-34.9037388
535,BOA VIAGEM,RUA VISCONDE DE JEQUITINHONHA,-8.1411316,-34.9047661
536,BOA VIAGEM,RUA VISCONDE DE JEQUITINHONHA,-8.1301205,-34.9024594
537,BOA VIAGEM,RUA VISCONDE DE JEQUITINHONHA 1140,-8.1382614,-34.9044362
538,BOA VIAGEM,RUA VISCONDE DE JEQUITINHONHA 1280,-8.1408927,-34.9047688
539,BOA VIAGEM,RUA VISCONDE DE JEQUITINHONHA 1360,-8.1323296,-34.9026042
540,BOA VIAGEM,RUA VISCONDE DE JEQUITINHONHA X,-8.1406988,-34.9046695
541,BOA VIAGEM,RUA VISCONDE DE JEQUITINHONHA XX,-8.1320668,-34.902918
542,BOA VIAGEM,VIADUTO TANCREDO NEVES,-8.1231636,-34.9108171
543,BOA VISTA,ARRUDA,-8.0575207,-34.8901916
544,BOA VISTA,ARRUDA,-8.0599314,-34.8856439
545,BOA VISTA,ARRUDA,-8.0598086,-34.905501
546,BOA VISTA,AV CONDE DA BOA VISTA,-8.0604991,-34.8846334
547,BOA VISTA,AV CONDE DA BOA VISTA,-8.0576362,-34.8899871
548,BOA VISTA,AV CONDE DA BOA VISTA,-8.0620022,-34.8816186
549,BOA VISTA,AV CONDE DA BOA VISTA,-8.0566775,-34.8927954
550,BOA VISTA,AV CONDE DA BOA VISTA,-8.0610461,-34.8834157
551,BOA VISTA,AV CONDE DA BOA VISTA,-8.0602069,-34.885186
552,BOA VISTA,AV CONDE DA BOA VISTA,-8.0592057,-34.8872003
553,BOA VISTA,AV CONDE DA BOA VISTA,-8.0595589,-34.8864305
554,BOA VISTA,AV CONDE DA BOA VISTA,-8.0581434,-34.8890215
555,BOA VISTA,AV CONDE DA BOA VISTA,-8.0593996,-34.8868918
556,BOA VISTA,AV CONDE DA BOA VISTA,-8.0564863,-34.892951
557,BOA VISTA,AV CONDE DA BOA VISTA,-8.0601937,-34.8853697
558,BOA VISTA,AV CONDE DA BOA VISTA,-8.057923,-34.8892629
559,BOA VISTA,AV CONDE DA BOA VISTA,-8.0567704,-34.8920417
560,BOA VISTA,AV CONDE DA BOA VISTA,-8.0575459,-34.8899442
561,BOA VISTA,AV CONDE DA BOA VISTA 1126,-8.0572538,-34.8907113
562,BOA VISTA,AV CONDE DA BOA VISTA 1234,-8.0569457,-34.8915213
563,BOA VISTA,AV CONDE DA BOA VISTA XX,-8.0556271,-34.8955353
564,BOA VISTA,AV GOVERNADOR AGAMENON MAGALHAES,-8.051289,-34.8952013
565,BOA VISTA,AV GOVERNADOR AGAMENON MAGALHAES,-8.0398424,-34.8778528
566,BOA VISTA,AV GOVERNADOR AGAMENON MAGALHAES,-8.0526567,-34.8955125
567,BOA VISTA,AV GOVERNADOR AGAMENON MAGALHAES,-8.0566549,-34.897732
568,BOA VISTA,AV GOVERNADOR AGAMENON MAGALHAES,-8.0515545,-34.894799
569,BOA VISTA,AV GOVERNADOR AGAMENON MAGALHAES,-8.0532011,-34.8960677
570,BOA VISTA,AV GOVERNADOR AGAMENON MAGALHAES,-8.0549805,-34.8971808
571,BOA VISTA,AV GOVERNADOR AGAMENON MAGALHAES,-8.1340688,-34.9164525
572,BOA VISTA,AV GOVERNADOR AGAMENON MAGALHAES XX,-8.0564863,-34.8981142
573,BOA VISTA,AV GOVERNADOR CARLOS DE LIMA CAVALCANTI,-8.0564132,-34.8966765
574,BOA VISTA,AV GOVERNADOR CARLOS DE LIMA CAVALCANTI,-8.055971,-34.8953542
575,BOA VISTA,AV GOVERNADOR CARLOS DE LIMA CAVALCANTI,-8.056295,-34.8962756
576,BOA VISTA,AV GUARARAPES,-8.0626887,-34.8804425
577,BOA VISTA,AV JOAO DE BARROS,-8.0514483,-34.8900354
578,BOA VISTA,AV JOAO DE BARROS,-8.0492254,-34.889971
579,BOA VISTA,AV JOAO DE BARROS,-8.0536871,-34.8898745
580,BOA VISTA,AV MONTEVIDEU 172,-8.0506356,-34.8931897
581,BOA VISTA,AV OLIVEIRA LIMA 867,-8.0567067,-34.8884636
582,BOA VISTA,AV VISCONDE DE SUASSUNA,-8.0530205,-34.8857009
583,BOA VISTA,AV VISCONDE DE SUASSUNA 639,-8.0524017,-34.8867215
584,BOA VISTA,AV VISCONDE DE SUASSUNA 658,-8.0518135,-34.8873324
585,BOA VISTA,PTE DUARTE COELHO,-8.0623209,-34.8811519
586,BOA VISTA,PTE DUARTE COELHO XX,-8.06252,-34.8806946
587,BOA VISTA,PTE PRINCESA IZABEL,-8.0602441,-34.8788238
588,BOA VISTA,PTE PRINCESA IZABEL,-8.057854,-34.879442
589,BOA VISTA,RUA AURORA,-8.06205,-34.8816508
590,BOA VISTA,RUA AURORA,-8.0608098,-34.8808461
591,BOA VISTA,RUA BARAO DE SAO BORJA,-8.0612287,-34.8889183
592,BOA VISTA,RUA BARAO DE SAO BORJA,-8.0603902,-34.890309
593,BOA VISTA,RUA DA AURORA,-8.0623395,-34.8818359
594,BOA VISTA,RUA DA AURORA 631,-8.0586301,-34.8793998
595,BOA VISTA,RUA DA AURORA XX,-8.0595005,-34.8799878
596,BOA VISTA,RUA DA SANTA CRUZ 101,-8.0627544,-34.8883731
597,BOA VISTA,RUA DO HOSPICIO,-8.0603052,-34.8838717
598,BOA VISTA,RUA DO HOSPICIO,-8.0567067,-34.882713
599,BOA VISTA,RUA DO HOSPICIO,-8.0578141,-34.882957
600,BOA VISTA,RUA DO PRINCIPE,-8.0573706,-34.885084
601,BOA VISTA,RUA DO PRINCIPE,-8.0573627,-34.8850518
602,BOA VISTA,RUA DO PRINCIPE,-8.0556311,-34.88819
603,BOA VISTA,RUA DO PRINCIPE,-8.0573281,-34.8850787
604,BOA VISTA,RUA DOM BOSCO,-8.056313,-34.89521
605,BOA VISTA,RUA DOM BOSCO,-8.0538916,-34.8961656
606,BOA VISTA,RUA DOM BOSCO,-8.0578301,-34.8946837
607,BOA VISTA,RUA DOM BOSCO,-8.0560295,-34.8953488
608,BOA VISTA,RUA DOM BOSCO,-8.0560162,-34.8953059
609,BOA VISTA,RUA DOM BOSCO,-8.0567359,-34.8951021
610,BOA VISTA,RUA DOM BOSCO,-8.0559153,-34.8951316
611,BOA VISTA,RUA DOM BOSCO,-8.0559312,-34.8953891
612,BOA VISTA,RUA DR BANDEIRA FILHO,-8.0517245,-34.8948258
613,BOA VISTA,RUA DR JOSE MARIANO 817,-8.065444,-34.8868811
614,BOA VISTA,RUA GERVASIO PIRES,-8.0595244,-34.8864278
615,BOA VISTA,RUA GERVASIO PIRES,-8.0574371,-34.8849874
616,BOA VISTA,RUA JOAO FERNANDES VIEIRA,-8.0567306,-34.8884127
617,BOA VISTA,RUA JOAO FERNANDES VIEIRA,-8.0522663,-34.8949787
618,BOA VISTA,RUA JOAO FERNANDES VIEIRA 288,-8.0539155,-34.8916447
619,BOA VISTA,RUA JOAQUIM DE BRITO 29,-8.0612719,-34.8921141
620,BOA VISTA,RUA JOAQUIM FELIPE 60,-8.053063,-34.8904511
621,BOA VISTA,RUA JOAQUIM NABUCO 721,-8.052909,-34.9038112
622,BOA VISTA,RUA JOSE DE ALENCAR,-8.0640311,-34.8907542
623,BOA VISTA,RUA JOSE DE ALENCAR,-8.0594129,-34.8877877
624,BOA VISTA,RUA MAURICIO DE NASSAU,-8.0590291,-34.8899053
625,BOA VISTA,RUA MIGUEL COUTO 81,-8.0575711,-34.896641
626,BOA VISTA,RUA PADRE INGLES,-8.0559963,-34.8942478
627,BOA VISTA,RUA PRINCESA IZABEL,-8.0595058,-34.8799932
628,BOA VISTA,RUA PRINCESA IZABEL,-8.0578433,-34.8830482
629,BOAVIAGEM,AVBOAVIAGEM6472,-8.1450268,-34.905163
630,BOAVIAGEM,AVDESJOSENEVES,-8.1245232,-34.9096209
631,BOAVIAGEM,AVENGENHEIRODOMINGOSFERREIRA2312,-8.1107871,-34.8925835
632,BOAVIAGEM,AVENGENHEIRODOMINGOSFERREIRA3333,-8.1181863,-34.8968844
633,BOAVIAGEM,RUABARAODESOUZALEAO,-8.1327969,-34.9108252
634,BOAVIAGEM,RUAERNESTODEPAULASANTOS,-8.1244116,-34.9018103
635,BOAVIAGEM,RUAJOAOCARDOSOAIRES,-8.1414954,-34.9102539
636,BOAVIAGEM,RUARIBEIRODEBRITO,-8.1233442,-34.9012524
637,BOAVISTA,AVCONDEDABOAVISTA,-8.0567279,-34.8926747
638,BOMBA DO HEMETÉRIO,COR DO BARTOLOMEU 467,-8.0197558,-34.9112999
639,BOMBA DO HEMETÉRIO,EST VELHA DE AGUA FRIA 1311,-8.0238725,-34.8971754
640,BOMBA DO HEMETÉRIO,RUA ARLINDO CISNEIRO 227,-8.0201462,-34.9066114
641,BOMBA DO HEMETÉRIO,RUA BOMBA DO HEMETERIO,-8.0234077,-34.8983556
642,BOMBA DO HEMETÉRIO,RUA BOMBA DO HEMETERIO,-8.0207889,-34.9038649
643,BOMBA DO HEMETÉRIO,RUA BOMBA DO HEMETERIO,-8.0230558,-34.8986627
644,BOMBA DO HEMETÉRIO,RUA BOMBA DO HEMETERIO,-8.0218938,-34.9002546
645,BOMBA DO HEMETÉRIO,RUA BOMBA DO HEMETERIO 211,-8.0228553,-34.8979814
646,BOMBA DO HEMETÉRIO,RUA BOMBA DO HEMETERIO 343,-8.0222291,-34.8995861
647,BOMBA DO HEMETÉRIO,RUA CHA DE ALEGRIA,-8.0205074,-34.9034974
648,BOMBA DO HEMETÉRIO,RUA CORREGO DO EUCLIDES,-8.0162206,-34.9137729
649,BONGI,AV CONSUL VILARES FRAGOSO,-8.0667081,-34.9243462
650,BONGI,AV CONSUL VILARES FRAGOSO 374,-8.0670639,-34.9236542
651,BONGI,AV ENGENHEIRO ABDIAS DE CARVALHO,-8.0604035,-34.9261218
652,BONGI,AV ENGENHEIRO ABDIAS DE CARVALHO,-8.0624537,-34.9133009
653,BONGI,AV ENGENHEIRO ABDIAS DE CARVALHO,-8.0607666,-34.924365
654,BONGI,AV ENGENHEIRO ABDIAS DE CARVALHO,-8.0619172,-34.9086392
655,BONGI,AV ENGENHEIRO ABDIAS DE CARVALHO,-8.0622146,-34.9313039
656,BONGI,AV ENGENHEIRO ABDIAS DE CARVALHO,-8.0622492,-34.9098811
657,BONGI,AV GENERAL SAN MARTIN,-8.0605522,-34.9258053
658,BONGI,EST DO BONGI,-8.0652952,-34.9156612
659,BONGI,EST DO BONGI,-8.068344,-34.9096477
660,BONGI,EST DO BONGI 290,-8.0670214,-34.9127537
661,BONGI,EST DO BONGI 336,-8.0670055,-34.9123782
662,BONGI,EST DOS REMEDIOS,-8.0780423,-34.906944
663,BONGI,RUA CARLOS GOMES 932,-8.0637988,-34.9134987
664,BONGI,RUA DELMIRO GOUVEIA,-8.0639302,-34.9298394
665,BONGI,RUA DELMIRO GOUVEIA,-8.0636753,-34.9303865
666,BONGI,RUA DONA MARIA AUGUSTA NOGUEIRA,-8.0643419,-34.9221709
667,BONGI,RUA DONA MARIA AUGUSTA NOGUEIRA,-8.0641108,-34.9220985
668,BONGI,RUA ISAAC MARKMAN,-8.0640657,-34.9220932
669,BONGI,RUA SANTA EDWIRGES,-8.0666178,-34.9128449
670,BONGI,TRV ESTRADA DO BONGI,-8.0668568,-34.9126974
671,BONGI,TRV ESTRADA DO BONGI,-8.0657414,-34.9145803
672,BONGI,TRV ESTRADA DO BONGI,-8.0668143,-34.9127591
673,BRASÍLIA TEIMOSA,RUA DAGOBERTO PIRES 136,-8.0869584,-34.8814134
674,BRASÍLIA TEIMOSA,RUA FRANCISCO VALPASSOS 32,-8.0839742,-34.8834519
675,BREJO DA GUABIRABA,AV VEREADOR OTACILIO AZEVEDO,-7.9990678,-34.9237776
676,BREJO DA GUABIRABA,AV VEREADOR OTACILIO AZEVEDO,-7.9953493,-34.9262023
677,BREJO DA GUABIRABA,AV VEREADOR OTACILIO AZEVEDO,-7.9939043,-34.9274951
678,BREJO DE BEBERIBE,AV CHAGAS FERREIRA,-8.0013043,-34.9192071
679,BREJO DE BEBERIBE,RUA URIEL DE HOLANDA,-8.007886,-34.9101493
680,CABANGA,ARRUDA,-8.0863595,-34.8952925
681,CABANGA,ARRUDA,-8.0798534,-34.8941392
682,CABANGA,AV ANTONIO DE GOES,-8.0786425,-34.8916072
683,CABANGA,AV ANTONIO DE GOES,-8.0795626,-34.8919491
684,CABANGA,AV ANTONIO DE GOES,-8.0793807,-34.8919451
685,CABANGA,AV ANTONIO DE GOES,-8.0855629,-34.8864895
686,CABANGA,AV ENGENHEIRO JOSE ESTELITA,-8.075068,-34.8857975
687,CABANGA,AV ENGENHEIRO JOSE ESTELITA,-8.0786584,-34.8915562
688,CABANGA,AV SATURNINO DE BRITO,-8.0788788,-34.8929617
689,CABANGA,AV SUL,-8.0762206,-34.8931092
690,CABANGA,AV SUL,-8.0761462,-34.8928007
691,CABANGA,AV SUL,-8.0763958,-34.8934364
692,CABANGA,AV SUL,-8.0762046,-34.8928571
693,CABANGA,AV SUL,-8.0765392,-34.8936564
694,CABANGA,AV SUL,-8.0778909,-34.8978218
695,CABANGA,AV SUL 1450,-8.126889,-34.9131426
696,CABANGA,AV SUL 1450,-8.126812,-34.9131124
697,CABANGA,RUA BITURI,-8.079556,-34.8934203
698,CABANGA,RUA BITURI,-8.078908,-34.8936403
699,CABANGA,RUA CAPITAO TEMUDO,-8.0799012,-34.892503
700,CABANGA,RUA GENERAL ESTILAC LEAL,-8.0799171,-34.8963922
701,CABANGA,RUA GENERAL ESTILAC LEAL 439,-8.0796357,-34.8964512
702,CABANGA,RUA NOVA DA CABANGA,-8.0769296,-34.8939273
703,CABANGA,VIADUTO CAPITAO TEMUDO,-8.0702135,-34.8961937
704,CABANGA,VIADUTO CAPITAO TEMUDO,-8.0699905,-34.8964244
705,CABANGA,VIADUTO CAPITAO TEMUDO,-8.077875,-34.8925728
706,CABANGA,VIADUTO CAPITAO TEMUDO,-8.0702029,-34.8963439
707,CAJUEIRO,AV CIDADE DE MONTEIRO,-8.0075779,-34.8874927
708,CAJUEIRO,AV SEBASTIAO SALAZAR 125,-8.0104425,-34.888017
709,CAJUEIRO,AV SEBASTIAO SALAZAR 450,-8.010303,-34.8851699
710,CAJUEIRO,AV SEBASTIAO SALAZAR 673,-8.0117984,-34.8831958
711,CAJUEIRO,RUA CORONEL URBANO RIBEIRO DE SENA 1910,-8.0133309,-34.8826674
712,CAJUEIRO,RUA MARIA CRISTINA TASSO DE SOUZA,-8.0138355,-34.8841479
713,CAMPINA DO BARRETO,AV. LUÍS CORRÊA DE BRITO 1205,-8.0209297,-34.8736504
714,CAMPINA DO BARRETO,RUA DAS MOCAS,-8.0196655,-34.8855413
715,CAMPINA DO BARRETO,RUA ITAINOPOLIS 12,-8.0189855,-34.8803888
716,CAMPINA DO BARRETO,RUA ODORICO MENDES 65,-8.032406,-34.8812941
717,CAMPO GRANDE,ARRUDA,-8.0214868,-34.8921557
718,CAMPO GRANDE,ARRUDA,-8.0349556,-34.8874336
719,CAMPO GRANDE,ARRUDA,-8.0284971,-34.8799315
720,CAMPO GRANDE,AV CORREIA DE BRITO,-8.0261247,-34.8753114
721,CAMPO GRANDE,AV CORREIA DE BRITO 1051,-8.0230438,-34.8743364
722,CAMPO GRANDE,AV CORREIA DE BRITO 1065,-8.0226494,-34.8742238
723,CAMPO GRANDE,AV ENGENHEIRO AGAMENON DE MAGALHAES MELO,-8.0370272,-34.8724508
724,CAMPO GRANDE,AV ENGENHEIRO AGAMENON DE MAGALHAES MELO,-8.0394387,-34.8787862
725,CAMPO GRANDE,AV GOVERNADOR AGAMENON MAGALHAES,-8.039691,-34.87921
726,CAMPO GRANDE,AV GOVERNADOR AGAMENON MAGALHAES,-8.0396406,-34.879446
727,CAMPO GRANDE,AV GOVERNADOR AGAMENON MAGALHAES,-8.0400549,-34.8790705
728,CAMPO GRANDE,AV GOVERNADOR AGAMENON MAGALHAES,-8.0373459,-34.8733306
729,CAMPO GRANDE,AV GOVERNADOR AGAMENON MAGALHAES,-8.0399115,-34.8796445
730,CAMPO GRANDE,AV GOVERNADOR AGAMENON MAGALHAES,-8.041181,-34.8824072
731,CAMPO GRANDE,AV NORTE,-8.0399911,-34.887266
732,CAMPO GRANDE,AV PROFESSOR JOSE DOS ANJOS,-8.0246188,-34.8827237
733,CAMPO GRANDE,AV PROFESSOR JOSE DOS ANJOS,-8.022749,-34.8798215
734,CAMPO GRANDE,AV PROFESSOR JOSE DOS ANJOS,-8.0262496,-34.8990396
735,CAMPO GRANDE,AV PROFESSOR JOSE DOS ANJOS,-8.0221222,-34.8786467
736,CAMPO GRANDE,AV PROFESSOR JOSE DOS ANJOS XX,-8.0201714,-34.8743941
737,CAMPO GRANDE,EST DE BELEM,-8.0322732,-34.8828202
738,CAMPO GRANDE,EST DE BELEM,-8.0337817,-34.8857278
739,CAMPO GRANDE,EST DE BELEM,-8.0357152,-34.8885226
740,CAMPO GRANDE,EST DE BELEM,-8.0318615,-34.8755085
741,CAMPO GRANDE,EST DE BELEM,-8.0322041,-34.8787862
742,CAMPO GRANDE,EST DE BELEM,-8.0321404,-34.8813343
743,CAMPO GRANDE,EST DE BELEM,-8.0356037,-34.8883295
744,CAMPO GRANDE,EST DE BELEM,-8.0368705,-34.8904699
745,CAMPO GRANDE,EST DE BELEM,-8.0319757,-34.8772332
746,CAMPO GRANDE,EST DE BELEM,-8.0324511,-34.8834077
747,CAMPO GRANDE,EST DE BELEM,-8.0370325,-34.8906898
748,CAMPO GRANDE,EST DE BELEM,-8.0322812,-34.8801099
749,CAMPO GRANDE,EST DE BELEM,-8.0322758,-34.8794031
750,CAMPO GRANDE,EST DE BELEM,-8.0330859,-34.8847206
751,CAMPO GRANDE,EST DE BELEM 1254,-8.0320049,-34.8774236
752,CAMPO GRANDE,EST DE BELEM 1298,-8.0322526,-34.8804384
753,CAMPO GRANDE,EST DE BELEM 1298,-8.032244,-34.8804948
754,CAMPO GRANDE,EST DE BELEM 1335,-8.0322944,-34.8801327
755,CAMPO GRANDE,EST DE BELEM 1350,-8.0322865,-34.879961
756,CAMPO GRANDE,EST DE BELEM 190,-8.0362749,-34.889442
757,CAMPO GRANDE,EST DE BELEM 457,-8.0349397,-34.8873666
758,CAMPO GRANDE,EST DE BELEM XX,-8.0321138,-34.8816454
759,CAMPO GRANDE,EST DE BELEM XX,-8.0347166,-34.8869991
760,CAMPO GRANDE,RUA DONA ELVIRA,-8.0356966,-34.8885468
761,CAMPO GRANDE,RUA DR MACHADO 262,-8.0296279,-34.8828954
762,CAMPO GRANDE,RUA FARIAS NEVES 2,-8.0266214,-34.8777214
763,CAMPO GRANDE,RUA FRANKLIN TAVORA X,-8.0281061,-34.882147
764,CAMPO GRANDE,RUA JERONIMO VILELA,-8.0291073,-34.8819458
765,CAMPO GRANDE,RUA JERONIMO VILELA,-8.032151,-34.8813558
766,CAMPO GRANDE,RUA JERONIMO VILELA,-8.0281034,-34.8821336
767,CAMPO GRANDE,RUA JERONIMO VILELA 449,-8.0304127,-34.8814181
768,CAMPO GRANDE,RUA JERONIMO VILELA 449,-8.0317672,-34.8814309
769,CAMPO GRANDE,RUA JERONIMO VILELA 477,-8.0292787,-34.881915
770,CAMPO GRANDE,RUA JERONIMO VILELA 77,-8.0313755,-34.8814791
771,CAMPO GRANDE,RUA MARQUES DE ABRANTES,-8.030345,-34.8796928
772,CAMPO GRANDE,RUA MARQUES DE BAIPENDI,-8.027142,-34.8857465
773,CAMPO GRANDE,RUA MARQUES DE BAIPENDI 375,-8.0265437,-34.8847649
774,CAMPO GRANDE,RUA MEM DE SA,-8.029681,-34.8897243
775,CAMPO GRANDE,RUA ODORICO MENDES,-8.0343315,-34.8809454
776,CAMPO GRANDE,RUA ODORICO MENDES,-8.0362623,-34.8801541
777,CAMPO GRANDE,RUA ODORICO MENDES,-8.0321563,-34.8813263
778,CAMPO GRANDE,RUA ODORICO MENDES,-8.036257,-34.880181
779,CAMPO GRANDE,RUA ODORICO MENDES,-8.0390364,-34.8790947
780,CAMPO GRANDE,RUA ODORICO MENDES 396,-8.0356169,-34.8804398
781,CAMPO GRANDE,RUA ODORICO MENDES 429,-8.0363898,-34.8800898
782,CAMPO GRANDE,RUA ODORICO MENDES 528,-8.0369635,-34.8799825
783,CAMPO GRANDE,RUA ODORICO MENDES 573,-8.0372277,-34.8797813
784,CAMPO GRANDE,RUA PADRE CAPISTRANO 138,-8.0328814,-34.8840675
785,CAMPO GRANDE,RUA PROFESSOR FRANCISCO DA TRINDADE,-8.0341164,-34.876399
786,CAMPO GRANDE,RUA PROFESSOR FRANCISCO DA TRINDADE,-8.0350194,-34.8792073
787,CAMPO GRANDE,RUA PROFESSOR FRANCISCO DA TRINDADE 290,-8.0347166,-34.8781854
788,CAMPO GRANDE,RUA SAO CAETANO 318,-8.0342598,-34.8795131
789,CAMPOGRANDE,AVGOVERNADORAGAMENONMAGALHAES,-8.0570838,-34.8977387
790,CASA AMARELA,ARRUDA,-8.0238008,-34.9195397
791,CASA AMARELA,ARRUDA,-8.0315534,-34.9024031
792,CASA AMARELA,ARRUDA,-8.0264674,-34.9178553
793,CASA AMARELA,ARRUDA,-8.0169484,-34.8919129
794,CASA AMARELA,AV DR EURICO CHAVES,-8.0236906,-34.9256444
795,CASA AMARELA,AV NORTE,-8.0242085,-34.9112758
796,CASA AMARELA,AV NORTE,-8.025073,-34.9081349
797,CASA AMARELA,AV NORTE,-8.020858,-34.9216962
798,CASA AMARELA,AV NORTE,-8.0259654,-34.9057156
799,CASA AMARELA,AV NORTE,-8.0229509,-34.91395
800,CASA AMARELA,AV NORTE,-8.0205924,-34.9239975
801,CASA AMARELA,AV NORTE,-8.0294845,-34.9004316
802,CASA AMARELA,AV NORTE,-8.0214423,-34.9169996
803,CASA AMARELA,AV NORTE,-8.0274554,-34.9036127
804,CASA AMARELA,AV NORTE,-8.0216508,-34.9163398
805,CASA AMARELA,AV NORTE,-8.0220904,-34.9153528
806,CASA AMARELA,AV NORTE,-8.0274394,-34.9036127
807,CASA AMARELA,AV NORTE,-8.0270517,-34.9041384
808,CASA AMARELA,AV NORTE,-8.0246826,-34.9096423
809,CASA AMARELA,AV NORTE,-8.0229496,-34.9139553
810,CASA AMARELA,AV NORTE,-8.0255643,-34.9064934
811,CASA AMARELA,AV NORTE,-8.0206827,-34.9228603
812,CASA AMARELA,AV NORTE,-8.0208367,-34.9216425
813,CASA AMARELA,AV NORTE,-8.0206641,-34.9233457
814,CASA AMARELA,AV NORTE,-8.0236202,-34.9183702
815,CASA AMARELA,AV NORTE,-8.0260637,-34.9055815
816,CASA AMARELA,AV NORTE,-8.0213945,-34.9173671
817,CASA AMARELA,AV NORTE,-8.0208593,-34.9217016
818,CASA AMARELA,AV NORTE,-8.0238752,-34.9124908
819,CASA AMARELA,AV NORTE,-8.0214742,-34.916954
820,CASA AMARELA,AV NORTE 3681,-8.0208713,-34.9216613
821,CASA AMARELA,AV NORTE 4913,-8.0246879,-34.9096745
822,CASA AMARELA,AV NORTE 4935,-8.0244488,-34.9104497
823,CASA AMARELA,AV NORTE 5010,-8.0244276,-34.9104631
824,CASA AMARELA,AV NORTE 5147,-8.0240345,-34.9119329
825,CASA AMARELA,AV NORTE 5229,-8.0239077,-34.9126511
826,CASA AMARELA,AV NORTE 5944,-8.0211276,-34.9182663
827,CASA AMARELA,AV NORTE 6484,-8.0172671,-34.9217606
828,CASA AMARELA,AV NORTE 6736,-8.0277635,-34.9032104
829,CASA AMARELA,AV NORTE XX,-8.0273591,-34.9138185
830,CASA AMARELA,AV PEDRO ALLAIN 125,-8.0223287,-34.9179626
831,CASA AMARELA,AV PEDRO ALLAIN 152,-8.0221481,-34.9178828
832,CASA AMARELA,AV PROFESSOR JOSE DOS ANJOS,-8.0262814,-34.905147
833,CASA AMARELA,EST DO ARRAIAL,-8.0301219,-34.907003
834,CASA AMARELA,EST DO ARRAIAL,-8.0272482,-34.9145159
835,CASA AMARELA,EST DO ARRAIAL,-8.027458,-34.9138615
836,CASA AMARELA,EST DO ARRAIAL,-8.0266586,-34.9165785
837,CASA AMARELA,EST DO ARRAIAL,-8.0272084,-34.9185446
838,CASA AMARELA,EST DO ARRAIAL,-8.0266878,-34.917343
839,CASA AMARELA,EST DO ARRAIAL,-8.0281565,-34.9116057
840,CASA AMARELA,EST VELHA DE AGUA FRIA,-8.0281193,-34.8990315
841,CASA AMARELA,EST VELHA DE AGUA FRIA,-8.0249721,-34.8974356
842,CASA AMARELA,RUA ALTO JOSE BONIFACIO,-8.0129,-34.9133458
843,CASA AMARELA,RUA ALTO JOSE BONIFACIO,-8.0169457,-34.9128261
844,CASA AMARELA,RUA ALTO JOSE BONIFACIO 149,-8.0178727,-34.9119303
845,CASA AMARELA,RUA ALTO SANTA ISABEL,-8.1119409,-34.9609986
846,CASA AMARELA,RUA ALTO SANTA ISABEL 648,-8.1118161,-34.9610201
847,CASA AMARELA,RUA ARNOLDO MAGALHAES 230,-8.0257954,-34.9092387
848,CASA AMARELA,RUA BELA VISTA 152,-8.0268153,-34.9118257
849,CASA AMARELA,RUA BELA VISTA 212,-8.0261354,-34.911709
850,CASA AMARELA,RUA CECILIA REIS 152,-8.022672,-34.908957
851,CASA AMARELA,RUA CONS NABUCO 181,-8.0298244,-34.9157417
852,CASA AMARELA,RUA CONS NABUCO 271,-8.0295695,-34.9163371
853,CASA AMARELA,RUA CONS PERETTI,-8.0249163,-34.9151865
854,CASA AMARELA,RUA DA HARMONIA,-8.027377,-34.9138199
855,CASA AMARELA,RUA DA HARMONIA,-8.0315083,-34.915275
856,CASA AMARELA,RUA DA HARMONIA,-8.0262522,-34.9134269
857,CASA AMARELA,RUA DA HARMONIA,-8.0279016,-34.9140251
858,CASA AMARELA,RUA DA HARMONIA,-8.0261035,-34.9133867
859,CASA AMARELA,RUA DA HARMONIA 785,-8.0302374,-34.9148284
860,CASA AMARELA,RUA DONA ANA XAVIER,-8.0277316,-34.9170989
861,CASA AMARELA,RUA OLIMPIO TAVARES 46,-8.0281565,-34.913266
862,CASA AMARELA,RUA PADRE LEMOS,-8.0265962,-34.9178097
863,CASA AMARELA,RUA PADRE LEMOS,-8.0213334,-34.9211812
864,CASA AMARELA,RUA PADRE LEMOS 378,-8.0234954,-34.9184487
865,CASA AMARELA,RUA PADRE LEMOS 51,-8.0262124,-34.917807
866,CASA AMARELA,RUA PADRE LEMOS 63548,-8.023168,-34.9186579
867,CASA AMARELA,RUA PADRE LEMOS 785,-8.0212298,-34.9212925
868,CASA AMARELA,RUA PADRE LEMOS 94,-8.0259182,-34.9177983
869,CASA AMARELA,RUA PAULA BATISTA,-8.0257901,-34.9155405
870,CASA AMARELA,RUA PAULA BATISTA,-8.0277462,-34.9166603
871,CASA AMARELA,RUA PAULA BATISTA,-8.0287342,-34.9171673
872,CASA AMARELA,RUA SANTA IZABEL,-8.0266785,-34.9182536
873,CASA AMARELA,RUA VASCO DA GAMA,-8.0179152,-34.9215245
874,CASA AMARELA,RUA XAVANTES,-8.0231421,-34.9182335
875,CASA FORTE,AV DEZESSETE DE AGOSTO,-8.0294473,-34.9257892
876,CASA FORTE,AV DEZESSETE DE AGOSTO,-8.036666,-34.9141377
877,CASA FORTE,AV DEZESSETE DE AGOSTO,-8.0356037,-34.9203229
878,CASA FORTE,AV DEZESSETE DE AGOSTO,-8.0358214,-34.92017
879,CASA FORTE,AV DEZESSETE DE AGOSTO,-8.0347325,-34.9209398
880,CASA FORTE,AV DEZESSETE DE AGOSTO,-8.0337472,-34.9223855
881,CASA FORTE,AV DEZESSETE DE AGOSTO,-8.0364721,-34.9139526
882,CASA FORTE,AV DEZESSETE DE AGOSTO,-8.0277077,-34.9285519
883,CASA FORTE,AV DEZESSETE DE AGOSTO,-8.0335507,-34.9226028
884,CASA FORTE,AV DEZESSETE DE AGOSTO,-8.0356887,-34.9129307
885,CASA FORTE,AV DEZESSETE DE AGOSTO,-8.0326702,-34.9232505
886,CASA FORTE,AV DEZESSETE DE AGOSTO,-8.0375185,-34.9150443
887,CASA FORTE,AV DEZESSETE DE AGOSTO,-8.0339411,-34.9218437
888,CASA FORTE,AV DEZESSETE DE AGOSTO,-8.0335281,-34.9226685
889,CASA FORTE,AV DEZESSETE DE AGOSTO,-8.0351681,-34.9206018
890,CASA FORTE,AV DEZESSETE DE AGOSTO,-8.0308762,-34.9245232
891,CASA FORTE,AV DEZESSETE DE AGOSTO,-8.0334046,-34.922753
892,CASA FORTE,AV DEZESSETE DE AGOSTO,-8.0358719,-34.9201351
893,CASA FORTE,AV DEZESSETE DE AGOSTO,-8.0330009,-34.9230158
894,CASA FORTE,AV DEZESSETE DE AGOSTO,-8.0326769,-34.9232036
895,CASA FORTE,AV DEZESSETE DE AGOSTO,-8.0347963,-34.9208808
896,CASA FORTE,AV DEZESSETE DE AGOSTO,-8.036674,-34.9141391
897,CASA FORTE,AV DEZESSETE DE AGOSTO,-8.0379302,-34.9181208
898,CASA FORTE,AV DEZESSETE DE AGOSTO 1732,-8.03371,-34.9223976
899,CASA FORTE,AV DEZESSETE DE AGOSTO 1845,-8.0328097,-34.9231231
900,CASA FORTE,AV DEZESSETE DE AGOSTO 1972,-8.032576,-34.9232948
901,CASA FORTE,AV DEZESSETE DE AGOSTO 2310,-8.0295164,-34.9257007
902,CASA FORTE,AV DEZESSETE DE AGOSTO 784,-8.0376998,-34.9158356
903,CASA FORTE,AV DEZESSETE DE AGOSTO X,-8.0347405,-34.9116285
904,CASA FORTE,AV FLOR DE SANTANA,-8.0355233,-34.9126679
905,CASA FORTE,AV FLOR DE SANTANA,-8.0353221,-34.9128798
906,CASA FORTE,AV FLOR DE SANTANA 139,-8.0346768,-34.9135369
907,CASA FORTE,EST DAS UBAIAS- 486,-8.03239,-34.9196175
908,CASA FORTE,EST DAS UBAIAS; 170,-8.0293743,-34.9178968
909,CASA FORTE,EST DO ARRAIAL,-8.0274766,-34.9139392
910,CASA FORTE,EST DO ENCANAMENTO,-8.0292348,-34.922576
911,CASA FORTE,EST DO ENCANAMENTO,-8.0309001,-34.9173376
912,CASA FORTE,RUA DR JOAO SANTOS FILHO XX,-8.0363261,-34.9101117
913,CASA FORTE,RUA LEONARDO BEZERRA CAVALCANTE,-8.0371467,-34.9093044
914,CASA FORTE,RUA NESTOR SILVA,-8.0396751,-34.9132821
915,CASA FORTE,RUA NESTOR SILVA 351,-8.0386685,-34.9136442
916,CASA FORTE,RUA PADRE ROMA 558,-8.0325335,-34.9079633
917,CASA FORTE,RUA VISCONDE DE OURO PRETO,-8.0345997,-34.9197918
918,CASAFORTE,AVDEZESSETEDEAGOSTO1766,-8.0335161,-34.9226671
919,CAXANGÁ,ARRUDA,-8.0408304,-34.938283
920,CAXANGÁ,AV CAXANGA,-8.05169,-34.9190059
921,CAXANGÁ,AV CAXANGA,-8.0300077,-34.9578068
922,CAXANGÁ,AV CAXANGA,-8.0312055,-34.9558139
923,CAXANGÁ,AV CAXANGA,-8.0529196,-34.9164605
924,CAXANGÁ,AV CAXANGA,-8.043388,-34.9335891
925,CAXANGÁ,AV CAXANGA,-8.03469,-34.9494946
926,CAXANGÁ,AV CAXANGA,-8.0300741,-34.9577183
927,CAXANGÁ,AV CAXANGA,-8.0321245,-34.9542636
928,CAXANGÁ,AV CAXANGA,-8.0468325,-34.9278277
929,CAXANGÁ,AV CAXANGA,-8.0529674,-34.9167126
930,CAXANGÁ,AV CAXANGA,-8.0390244,-34.9418288
931,CAXANGÁ,AV CAXANGA,-8.0394387,-34.9407828
932,CAXANGÁ,AV CAXANGA,-8.031572,-34.9549395
933,CAXANGÁ,AV CAXANGA,-8.05054,-34.9211597
934,CAXANGÁ,AV CAXANGA,-8.0436721,-34.933455
935,CAXANGÁ,AV CAXANGA,-8.0330965,-34.9523377
936,CAXANGÁ,AV CAXANGA,-8.0315694,-34.9550226
937,CAXANGÁ,AV CAXANGA,-8.0518148,-34.9185312
938,CAXANGÁ,AV CAXANGA,-8.0300475,-34.9577558
939,CAXANGÁ,AV CAXANGA,-8.0529993,-34.9166697
940,CAXANGÁ,AV CAXANGA,-8.0529515,-34.9167207
941,CAXANGÁ,AV CAXANGA,-8.0241354,-34.9620205
942,CAXANGÁ,AV CAXANGA,-8.0389501,-34.9417055
943,CAXANGÁ,AV CAXANGA,-8.0300369,-34.9577987
944,CAXANGÁ,AV CAXANGA,-8.0454887,-34.9301291
945,CAXANGÁ,AV CAXANGA,-8.0397574,-34.9405521
946,CAXANGÁ,AV CAXANGA,-8.0458021,-34.9292627
947,CAXANGÁ,AV CAXANGA,-8.0315083,-34.9551594
948,CAXANGÁ,AV CAXANGA,-8.0468485,-34.9273878
949,CAXANGÁ,AV CAXANGA,-8.0344351,-34.9498916
950,CAXANGÁ,AV CAXANGA,-8.0521229,-34.9179947
951,CAXANGÁ,AV CAXANGA,-8.0368147,-34.9456429
952,CAXANGÁ,AV CAXANGA,-8.0300635,-34.9580455
953,CAXANGÁ,AV CAXANGA,-8.0435466,-34.9333752
954,CAXANGÁ,AV CAXANGA,-8.0299201,-34.9579704
955,CAXANGÁ,AV CAXANGA,-8.0468644,-34.9273047
956,CAXANGÁ,AV CAXANGA,-8.0373034,-34.9446881
957,CAXANGÁ,AV CAXANGA 1792,-8.0489227,-34.9236462
958,CAXANGÁ,AV CAXANGA 2363,-8.046798,-34.9274066
959,CAXANGÁ,AV CAXANGA 2414,-8.0544706,-34.913435
960,CAXANGÁ,AV CAXANGA 279,-8.0416856,-34.9371564
961,CAXANGÁ,AV CAXANGA 510,-8.0545608,-34.9134511
962,CAXANGÁ,AV CAXANGA 5735,-8.0322041,-34.9541938
963,CAXANGÁ,AV CAXANGA 624,-8.054035,-34.914422
964,CAXANGÁ,AV CAXANGA XX,-8.0320076,-34.9542421
965,CAXANGÁ,AV CAXANGA XX,-8.0371467,-34.9459903
966,CAXANGÁ,AV INACIO MONTEIRO,-8.0457171,-34.9299788
967,CAXANGÁ,RUA ENGENHO POETA,-8.0313861,-34.9514687
968,CAXANGÁ,RUA JOSE OSORIO 927,-8.0540563,-34.9129817
969,CAXANGÁ,RUA MAURICIO DE NASSAU 61,-8.0407826,-34.926956
970,CAXANGÁ,RUA MAURICIO DE NASSAU 61,-8.1154221,-34.9578524
971,CAXANGÁ,RUA PROFESSOR ANTONIO COELHO,-8.039938,-34.9447042
972,CAXANGÁ,RUA PROFESSOR ANTONIO COELHO,-8.0413191,-34.9451119
973,CAXANGÁ,RUA RIBEIRO PESSOA,-8.0255564,-34.9565917
974,CAXANGÁ,RUA RIBEIRO PESSOA,-8.0292933,-34.9577236
975,CAXANGÁ,RUA RIBEIRO PESSOA XX,-8.0297169,-34.9578188
976,CAXANGÁ,RUA SAO MATEUS 3489,-8.0418217,-34.9371242
977,CAÇOTE,AV CAPITAO GREGORIO DE CALDAS,-8.096647,-34.9295068
978,CAÇOTE,AV RECIFE,-8.0980491,-34.9285197
979,CAÇOTE,RUA AURORA CACOTE 23,-8.100431,-34.9297891
980,CIDADE UNIVERSITÁRIA,ARRUDA,-8.0412527,-34.9453948
981,CIDADE UNIVERSITÁRIA,AV CAXANGA,-8.0370378,-34.9455357
982,CIDADE UNIVERSITÁRIA,AV DA ARQUITETURA,-8.0527523,-34.9534026
983,CIDADE UNIVERSITÁRIA,AV DOS REITORES,-8.0523459,-34.9468231
984,CIDADE UNIVERSITÁRIA,AV DOS REITORES,-8.0521415,-34.9487382
985,CIDADE UNIVERSITÁRIA,AV PROFESSOR LUIZ FREIRE 200,-8.0589003,-34.9484861
986,CIDADE UNIVERSITÁRIA,AV PROFESSOR MORAES REGO,-8.039282,-34.94179
987,CIDADE UNIVERSITÁRIA,RUA PROFESSOR ANTONIO COELHO,-8.0427665,-34.9455008
988,CIDADE UNIVERSITÁRIA,RUA PROFESSOR ANTONIO COELHO 270,-8.0428754,-34.9455303
989,CIDADE UNIVERSITÁRIA,RUA PROFESSOR ANTONIO COELHO 522,-8.0422964,-34.9453881
990,COELHOS,ARRUDA,-8.0667811,-34.8898396
991,COELHOS,AV GOVERNADOR AGAMENON MAGALHAES,-8.0646738,-34.8969528
992,COELHOS,PTE JOAQUIM CARDOSO,-8.0719078,-34.8906308
993,COELHOS,RUA DOS COELHOS,-8.0672817,-34.8901212
994,COELHOS,RUA DOS COELHOS,-8.0665514,-34.8896974
995,COELHOS,RUA DOS COELHOS 433,-8.0670639,-34.8900622
996,COELHOS,RUA DOS COELHOS 450,-8.0675194,-34.890305
997,COELHOS,RUA DR JOSE MARIANO 556,-8.0654785,-34.8869401
998,COQUEIRAL,RUA DA CUSTODIA,-8.0878785,-34.9673045
999,COQUEIRAL,RUA GUANABARA,-8.0901609,-34.9650662
1000,CORDEIRO,ARRUDA,-8.0471473,-34.9267226
1001,CORDEIRO,ARRUDA,-8.0501709,-34.9323439
1002,CORDEIRO,ARRUDA,-8.0516873,-34.9217927
1003,CORDEIRO,ARRUDA,-8.0452178,-34.9221173
1004,CORDEIRO,ARRUDA,-8.0512491,-34.9304187
1005,CORDEIRO,AV CAXANGA,-8.0521069,-34.9182522
1006,CORDEIRO,AV CAXANGA,-8.0455684,-34.930011
1007,CORDEIRO,AV CAXANGA,-8.0426842,-34.9352467
1008,CORDEIRO,AV CAXANGA,-8.0368254,-34.9458548
1009,CORDEIRO,AV CAXANGA,-8.0509012,-34.9328542
1010,CORDEIRO,AV CAXANGA,-8.041505,-34.9370331
1011,CORDEIRO,AV CAXANGA,-8.0484977,-34.9248505
1012,CORDEIRO,AV CAXANGA,-8.0486172,-34.9245125
1013,CORDEIRO,AV CAXANGA,-8.0515041,-34.9190381
1014,CORDEIRO,AV CAXANGA,-8.0523765,-34.91776
1015,CORDEIRO,AV CAXANGA,-8.0525026,-34.9171619
1016,CORDEIRO,AV CAXANGA,-8.0476505,-34.9262774
1017,CORDEIRO,AV CAXANGA,-8.0496563,-34.9227087
1018,CORDEIRO,AV CAXANGA,-8.0461898,-34.9289811
1019,CORDEIRO,AV CAXANGA,-8.0503488,-34.9213958
1020,CORDEIRO,AV CAXANGA,-8.0505772,-34.9211115
1021,CORDEIRO,AV CAXANGA,-8.0606,-34.9252796
1022,CORDEIRO,AV CAXANGA,-8.0505241,-34.9211222
1023,CORDEIRO,AV CAXANGA,-8.0504179,-34.9213046
1024,CORDEIRO,AV CAXANGA,-8.0469919,-34.9270874
1025,CORDEIRO,AV CAXANGA,-8.0468883,-34.9272028
1026,CORDEIRO,AV CAXANGA,-8.0451873,-34.9303289
1027,CORDEIRO,AV CAXANGA,-8.0434198,-34.9339646
1028,CORDEIRO,AV CAXANGA,-8.047045,-34.9274254
1029,CORDEIRO,AV CAXANGA,-8.0342651,-34.9501705
1030,CORDEIRO,AV CAXANGA 1921,-8.0486743,-34.9244729
1031,CORDEIRO,AV CAXANGA 2414,-8.0460517,-34.9287987
1032,CORDEIRO,AV CAXANGA 2647,-8.0453719,-34.9303651
1033,CORDEIRO,AV CAXANGA 2925,-8.0436562,-34.9334764
1034,CORDEIRO,AV CAXANGA XX,-8.0554001,-34.9123031
1035,CORDEIRO,AV GENERAL SAN MARTIN,-8.0591022,-34.9253118
1036,CORDEIRO,AV GENERAL SAN MARTIN 413,-8.0536871,-34.9229273
1037,CORDEIRO,AV GENERAL SAN MARTIN XX,-8.0554877,-34.9239492
1038,CORDEIRO,AV INACIO MONTEIRO,-8.048341,-34.9314755
1039,CORDEIRO,AV INACIO MONTEIRO,-8.0486969,-34.9316767
1040,CORDEIRO,AV INACIO MONTEIRO 311,-8.0481365,-34.9313682
1041,CORDEIRO,AV INACIO MONTEIRO 413,-8.0489041,-34.9317759
1042,CORDEIRO,AV INACIO MONTEIRO 604,-8.0505506,-34.932712
1043,CORDEIRO,AV PROFESSOR ESTEVAO FRANCISCO DA COSTA,-8.0491803,-34.9195611
1044,CORDEIRO,EST DO FORTE DO ARRAIAL N DO B JESUS,-8.0534295,-34.9289703
1045,CORDEIRO,EST DO FORTE DO ARRAIAL N DO B JESUS 193,-8.0561862,-34.9301505
1046,CORDEIRO,EST DO FORTE DO ARRAIAL N DO B JESUS S/N,-8.0556497,-34.9301076
1047,CORDEIRO,EST DO FORTE DO ARRAIAL N. DO B. JESUS 341,-8.0501616,-34.9270713
1048,CORDEIRO,EST DO FORTE DO ARRAIAL N. DO B. JESUS 963,-8.0555793,-34.9300781
1049,CORDEIRO,ESTRADA DO FORTE DO ARRAIAL NOVO B JESUS 493,-8.0517617,-34.927935
1050,CORDEIRO,RUA 10 DE NOVEMBRO 300,-8.0478046,-34.9202693
1051,CORDEIRO,RUA ADELAIDE 1192,-8.0575406,-34.92293
1052,CORDEIRO,RUA CARLOS GOMES,-8.0579761,-34.9107528
1053,CORDEIRO,RUA DIANOPOLIS,-8.0471353,-34.9187458
1054,CORDEIRO,RUA DIANOPOLIS 36,-8.0475523,-34.9177077
1055,CORDEIRO,RUA DO FORTE,-8.0562446,-34.9321032
1056,CORDEIRO,RUA DO FORTE 754,-8.0534056,-34.9288657
1057,CORDEIRO,RUA DR JOAO LACERDA 1814,-8.0487753,-34.9236488
1058,CORDEIRO,RUA DR MIGUEL VIEIRA FERREIRA 1601,-8.0511987,-34.933058
1059,CORDEIRO,RUA DR MIGUEL VIEIRA FERREIRA 325,-8.0522537,-34.9312241
1060,CORDEIRO,RUA GOMES TABORDA,-8.0564252,-34.9204275
1061,CORDEIRO,RUA GOMES TABORDA,-8.0554001,-34.9242094
1062,CORDEIRO,RUA GOMES TABORDA,-8.0563933,-34.9204141
1063,CORDEIRO,RUA GOMES TABORDA 1553,-8.0549964,-34.9255425
1064,CORDEIRO,RUA GOMES TABORDA 1645,-8.0547136,-34.9260856
1065,CORDEIRO,RUA GOMES TABORDA 1709,-8.0544679,-34.9268326
1066,CORDEIRO,RUA GOMES TABORDA 1758,-8.0546618,-34.9261795
1067,CORDEIRO,RUA GOMES TABORDA 298,-8.0581302,-34.9143308
1068,CORDEIRO,RUA MARIA QUITERIA 140,-8.0446973,-34.9286297
1069,CORDEIRO,RUA MAURICIO DE NASSAU,-8.047215,-34.9188209
1070,CORDEIRO,RUA MAURICIO DE NASSAU,-8.0407056,-34.9271438
1071,CORDEIRO,RUA N S DA SAUDE 408,-8.0420999,-34.9279296
1072,CORDEIRO,RUA ODETE MONTEIRO X,-8.0459721,-34.9208272
1073,CORDEIRO,RUA TOMAZ GONZAGA,-8.048916,-34.9176528
1074,CORDEIRO,RUAMAURICIODENASSAU,-8.0452922,-34.9220315
1075,CURADO,AV LIBERDADE,-8.082347,-34.9594268
1076,CURADO,BR 101 (DENTRO DA CEASA),-8.0736127,-34.9432772
1077,CURADO,BR 101 (DENTRO DA CEASA),-8.0724443,-34.9437654
1078,CURADO,EST DO CURADO 114,-8.0844847,-34.9539766
1079,CURADO,NÃO INFORMADO,-8.0429551,-35.007956
1080,CÓRREGO DO JENIPAPO,AV DA RECUPERACAO,-8.0179709,-34.9416706
1081,CÓRREGO DO JENIPAPO,AV DA RECUPERACAO,-7.9882042,-34.9334268
1082,DERBY,ARRUDA,-8.0576163,-34.8985239
1083,DERBY,AV GOVERNADOR AGAMENON MAGALHAES,-8.0541625,-34.8966296
1084,DERBY,AV GOVERNADOR AGAMENON MAGALHAES,-8.0532542,-34.8959845
1085,DERBY,AV GOVERNADOR AGAMENON MAGALHAES,-8.0567332,-34.8980606
1086,DERBY,AV GOVERNADOR AGAMENON MAGALHAES,-8.0474062,-34.8917091
1087,DERBY,AV GOVERNADOR AGAMENON MAGALHAES,-8.0506994,-34.8948205
1088,DERBY,AV GOVERNADOR AGAMENON MAGALHAES,-8.0566775,-34.8980927
1089,DERBY,AV GOVERNADOR AGAMENON MAGALHAES,-8.0567452,-34.8990597
1090,DERBY,AV GOVERNADOR AGAMENON MAGALHAES,-8.0591181,-34.8981893
1091,DERBY,AV GOVERNADOR AGAMENON MAGALHAES,-8.0588552,-34.8976099
1092,DERBY,AV GOVERNADOR AGAMENON MAGALHAES,-8.0591712,-34.8981035
1093,DERBY,AV GOVERNADOR AGAMENON MAGALHAES,-8.056558,-34.8981947
1094,DERBY,AV GOVERNADOR AGAMENON MAGALHAES,-8.0547043,-34.897626
1095,DERBY,AV GOVERNADOR AGAMENON MAGALHAES,-8.0547056,-34.897787
1096,DERBY,AV GOVERNADOR AGAMENON MAGALHAES,-8.0512943,-34.8952281
1097,DERBY,AV GOVERNADOR AGAMENON MAGALHAES,-8.0552142,-34.8984789
1098,DERBY,AV GOVERNADOR AGAMENON MAGALHAES,-8.0566854,-34.8982215
1099,DERBY,AV GOVERNADOR AGAMENON MAGALHAES,-8.0563296,-34.8982
1100,DERBY,AV GOVERNADOR AGAMENON MAGALHAES,-8.056382,-34.8989484
1101,DERBY,AV GOVERNADOR AGAMENON MAGALHAES,-8.0552885,-34.8980606
1102,DERBY,AV GOVERNADOR AGAMENON MAGALHAES,-8.0485668,-34.8930448
1103,DERBY,AV GOVERNADOR AGAMENON MAGALHAES,-8.0565712,-34.8976985
1104,DERBY,AV GOVERNADOR AGAMENON MAGALHAES,-8.0518606,-34.8957532
1105,DERBY,AV GOVERNADOR AGAMENON MAGALHAES,-8.0585073,-34.8982376
1106,DERBY,AV GOVERNADOR AGAMENON MAGALHAES,-8.0703729,-34.8961294
1107,DERBY,AV GOVERNADOR AGAMENON MAGALHAES,-8.0557559,-34.8981705
1108,DERBY,AV GOVERNADOR AGAMENON MAGALHAES,-8.051281,-34.8947507
1109,DERBY,AV GOVERNADOR AGAMENON MAGALHAES,-8.0574662,-34.8981142
1110,DERBY,AV GOVERNADOR AGAMENON MAGALHAES,-8.0564146,-34.898082
1111,DERBY,AV GOVERNADOR AGAMENON MAGALHAES,-8.0566987,-34.898082
1112,DERBY,AV GOVERNADOR AGAMENON MAGALHAES,-8.0538172,-34.8963976
1113,DERBY,AV GOVERNADOR AGAMENON MAGALHAES,-8.0546166,-34.8975724
1114,DERBY,AV GOVERNADOR AGAMENON MAGALHAES,-8.0588419,-34.8975831
1115,DERBY,AV GOVERNADOR AGAMENON MAGALHAES,-8.0449522,-34.8896706
1116,DERBY,AV GOVERNADOR AGAMENON MAGALHAES 1114,-8.0511482,-34.8950619
1117,DERBY,AV GOVERNADOR AGAMENON MAGALHAES 141,-8.0608496,-34.8981571
1118,DERBY,AV GOVERNADOR AGAMENON MAGALHAES 4318,-8.0620234,-34.8977709
1119,DERBY,AV GOVERNADOR AGAMENON MAGALHAES XX,-8.0534268,-34.8961052
1120,DERBY,AV GOVERNADOR CARLOS DE LIMA CAVALCANTI,-8.0561862,-34.8961669
1121,DERBY,PRC DO DERBY,-8.0560215,-34.8981357
1122,DERBY,PRC DO DERBY,-8.0567439,-34.8988223
1123,DERBY,PRC DO ENTRONCAMENTO,-8.0507578,-34.8973256
1124,DERBY,RUA AMARO BEZERRA,-8.0551,-34.9006006
1125,DERBY,RUA AMARO BEZERRA 342,-8.0555395,-34.9007669
1126,DERBY,RUA AMAURI DE MEDEIROS 110,-8.0583273,-34.8991274
1127,DERBY,RUA BENFICA,-8.0580824,-34.90556
1128,DERBY,RUA DA BAIXA VERDE,-8.0553151,-34.9003954
1129,DERBY,RUA DOM BOSCO,-8.054286,-34.8960073
1130,DERBY,RUA DR SEVERINO PINHEIRO,-8.0574901,-34.900834
1131,DERBY,RUA DR SEVERINO PINHEIRO 52,-8.0573414,-34.9005483
1132,DERBY,RUA EPAMINONDAS DE MELO,-8.0618973,-34.8985219
1133,DERBY,RUA HENRIQUE DIAS,-8.059134,-34.8995465
1134,DERBY,RUA JENER DE SOUZA,-8.0573759,-34.9000347
1135,DERBY,RUA JENER DE SOUZA,-8.0570307,-34.9000695
1136,DERBY,RUA JOAQUIM NABUCO 409,-8.0525133,-34.8998281
1137,DERBY,RUA JOAQUIM NABUCO 449,-8.0525903,-34.9004209
1138,DOIS IRMÃOS,PRC FARIAS NEVES,-8.0159039,-34.9436983
1139,DOIS IRMÃOS,RUA DE APIPUCOS 1060,-8.0211209,-34.934257
1140,DOIS IRMÃOS,RUA DOIS IRMAOS 447,-8.0202338,-34.939962
1141,DOIS IRMÃOS,RUA MANUEL DE MEDEIROS,-8.0151423,-34.9495912
1142,DOIS IRMÃOS,RUA MANUEL DE MEDEIROS,-8.0159418,-34.9463645
1143,DOIS IRMÃOS,RUA MANUEL DE MEDEIROS,-8.0142499,-34.9489743
1144,DOIS IRMÃOS,RUA MANUEL DE MEDEIROS 314,-8.0193069,-34.9538827
1145,DOIS IRMÃOS,RUA MANUEL DE MEDEIROS 319,-8.0145792,-34.9492157
1146,DOIS IRMÃOS,RUA RIBEIRO PESSOA,-8.0286877,-34.9575225
1147,DOIS IRMÃOS,RUA RIBEIRO PESSOA,-8.0243267,-34.956286
1148,DOIS UNIDOS,AV HILDEBRANDO DE VASCONCELOS,-7.9933279,-34.912177
1149,DOIS UNIDOS,AV HILDEBRANDO DE VASCONCELOS,-7.9900263,-34.9153984
1150,DOIS UNIDOS,AV HILDEBRANDO DE VASCONCELOS,-8.002886,-34.9021845
1151,DOIS UNIDOS,AV HILDEBRANDO DE VASCONCELOS,-7.9956892,-34.9093902
1152,DOIS UNIDOS,AV HILDEBRANDO DE VASCONCELOS 224,-7.9974742,-34.9085829
1153,DOIS UNIDOS,AV HILDEBRANDO DE VASCONCELOS 2552,-8.0032432,-34.9019766
1154,DOIS UNIDOS,AV HILDEBRANDO DE VASCONCELOS 316,-8.0031317,-34.9020919
1155,DOIS UNIDOS,AV HILDEBRANDO DE VASCONCELOS 657,-8.0007146,-34.9037576
1156,DOIS UNIDOS,RUA DIVISOPOLIS,-8.0002843,-34.911198
1157,DOIS UNIDOS,RUA EXP TEODORO SATIVA 90,-7.9998182,-34.9069481
1158,DOIS UNIDOS,RUA LEONCIO RODRIGUES,-8.0024517,-34.9120107
1159,DOISUNIDOS,RUAVINTEEUMDEJUNHO343,-7.9936121,-34.915617
1160,ENCRUZILHADA,ARRUDA,-8.0407208,-34.8865505
1161,ENCRUZILHADA,AV BEBERIBE,-8.0111237,-34.8891073
1162,ENCRUZILHADA,AV BEBERIBE,-8.0293092,-34.8926479
1163,ENCRUZILHADA,AV BEBERIBE,-8.035441,-34.8913852
1164,ENCRUZILHADA,AV BEBERIBE,-8.0114159,-34.8891691
1165,ENCRUZILHADA,AV BEBERIBE,-8.0062765,-34.8916876
1166,ENCRUZILHADA,AV BEBERIBE,-8.0345679,-34.891575
1167,ENCRUZILHADA,AV BEBERIBE 205,-8.0165553,-34.8916072
1168,ENCRUZILHADA,AV BEBERIBE 247,-8.034621,-34.8915482
1169,ENCRUZILHADA,AV BEBERIBE 247,-8.0348387,-34.8915213
1170,ENCRUZILHADA,AV BEBERIBE 247,-8.0352385,-34.8916487
1171,ENCRUZILHADA,AV BEBERIBE 423,-8.0292189,-34.8926747
1172,ENCRUZILHADA,AV BEBERIBE 67,-8.0367311,-34.8911887
1173,ENCRUZILHADA,AV BEBERIBE 690,-8.0310169,-34.8921101
1174,ENCRUZILHADA,AV BEBERIBE 690,-8.031007,-34.8922811
1175,ENCRUZILHADA,AV JOAO DE BARROS,-8.0386685,-34.8920497
1176,ENCRUZILHADA,AV JOAO DE BARROS,-8.0388744,-34.8921074
1177,ENCRUZILHADA,AV JOAO DE BARROS,-8.0391439,-34.8921973
1178,ENCRUZILHADA,AV NORTE,-8.0370697,-34.8943806
1179,ENCRUZILHADA,AV NORTE,-8.0215432,-34.9169219
1180,ENCRUZILHADA,AV NORTE,-8.0250756,-34.9080974
1181,ENCRUZILHADA,AV NORTE,-8.0388465,-34.8911646
1182,ENCRUZILHADA,AV NORTE,-8.0368572,-34.8945415
1183,ENCRUZILHADA,AV NORTE,-8.0370033,-34.8944047
1184,ENCRUZILHADA,AV NORTE,-8.0366341,-34.8947024
1185,ENCRUZILHADA,AV NORTE,-8.0384242,-34.892149
1186,ENCRUZILHADA,AV NORTE,-8.0391785,-34.8895955
1187,ENCRUZILHADA,AV NORTE,-8.0385384,-34.891976
1188,ENCRUZILHADA,AV NORTE,-8.0379541,-34.8933023
1189,ENCRUZILHADA,AV NORTE 133,-8.0262217,-34.9054474
1190,ENCRUZILHADA,AV NORTE 2545,-8.0370259,-34.8944074
1191,ENCRUZILHADA,AV NORTE 2608,-8.0378187,-34.8933077
1192,ENCRUZILHADA,EST DE BELEM,-8.0370325,-34.8906577
1193,ENCRUZILHADA,EST DE BELEM,-8.0321245,-34.8814631
1194,ENCRUZILHADA,EST DE BELEM 115,-8.0366554,-34.8900032
1195,ENCRUZILHADA,EST DE BELEM 115,-8.0366554,-34.8900461
1196,ENCRUZILHADA,LGO ENCRUZILHADA,-8.0369568,-34.8913926
1197,ENCRUZILHADA,RUA BELA VISTA,-8.0026058,-34.906354
1198,ENCRUZILHADA,RUA DONA ELVIRA 194,-8.0333833,-34.8899925
1199,ENCRUZILHADA,RUA DONA ELVIRA 287,-8.0334909,-34.8899422
1200,ENCRUZILHADA,RUA DONA ELVIRA 423,-8.0326683,-34.8904679
1201,ENCRUZILHADA,RUA DR JOSE MARIA,-8.036597,-34.8948902
1202,ENCRUZILHADA,RUA FERNANDO CESAR 65,-8.0365253,-34.8939554
1203,ENCRUZILHADA,RUA FREDERICO,-8.0333913,-34.8899925
1204,ENCRUZILHADA,RUA MARECHAL DEODORO 603,-8.0359622,-34.8833996
1205,ENCRUZILHADA,RUA PEDRO ALVES,-8.0361348,-34.8919988
1206,ENCRUZILHADA,RUA VINTE E QUATRO DE JUNHO 223,-8.0370644,-34.8866692
1207,ENGENHO DO MEIO,AV CAXANGA,-8.0417201,-34.9371377
1208,ENGENHO DO MEIO,AV ENGENHEIRO ABDIAS DE CARVALHO,-8.0607806,-34.9280262
1209,ENGENHO DO MEIO,AV PROFESSOR LUIZ FREIRE,-8.0583692,-34.9501169
1210,ENGENHO DO MEIO,RUA ANTONIO CURADO,-8.0557453,-34.9418235
1211,ENGENHO DO MEIO,RUA ANTONIO CURADO,-8.0566483,-34.9419791
1212,ENGENHO DO MEIO,RUA ANTONIO CURADO,-8.0558436,-34.9418315
1213,ENGENHO DO MEIO,RUA ANTONIO CURADO 80,-8.0546757,-34.941743
1214,ENGENHO DO MEIO,RUA BOM PASTOR,-8.0416139,-34.9387638
1215,ENGENHO DO MEIO,RUA LINDOLFO COLOR 58,-8.0524787,-34.9412307
1216,ENGENHO DO MEIO,RUA MAURICEIA 204,-8.0464475,-34.9410295
1217,ENGENHO DO MEIO,RUA SANTA FILOMENA 435,-8.0552142,-34.9439478
1218,ESPINHEIRO,ARRUDA,-8.0426098,-34.8882812
1219,ESPINHEIRO,AV CONS ROSA E SILVA,-8.0476133,-34.8969072
1220,ESPINHEIRO,AV GOVERNADOR AGAMENON MAGALHAES,-8.0485349,-34.893246
1221,ESPINHEIRO,AV GOVERNADOR AGAMENON MAGALHAES,-8.0494671,-34.8937583
1222,ESPINHEIRO,AV GOVERNADOR AGAMENON MAGALHAES,-8.0485455,-34.8932245
1223,ESPINHEIRO,AV GOVERNADOR AGAMENON MAGALHAES,-8.0453347,-34.8900944
1224,ESPINHEIRO,AV GOVERNADOR AGAMENON MAGALHAES,-8.0481764,-34.8927927
1225,ESPINHEIRO,AV GOVERNADOR AGAMENON MAGALHAES 2978,-8.0481299,-34.8929074
1226,ESPINHEIRO,AV JOAO DE BARROS,-8.0442431,-34.8901454
1227,ESPINHEIRO,AV JOAO DE BARROS,-8.0526885,-34.8899603
1228,ESPINHEIRO,AV JOAO DE BARROS,-8.0446867,-34.8901105
1229,ESPINHEIRO,AV JOAO DE BARROS 1375,-8.0418794,-34.8911713
1230,ESPINHEIRO,AV JOAO DE BARROS 1545,-8.0409393,-34.8916273
1231,ESPINHEIRO,AV RUI BARBOSA,-8.0451169,-34.9020463
1232,ESPINHEIRO,RUA AFONSO BATISTA 78,-8.0408384,-34.8909339
1233,ESPINHEIRO,RUA AMELIA,-8.0462005,-34.894343
1234,ESPINHEIRO,RUA BARAO DE ITAMARACA,-8.0431795,-34.8938012
1235,ESPINHEIRO,RUA BARAO DE ITAMARACA 83,-8.0429683,-34.8940855
1236,ESPINHEIRO,RUA CONS PORTELA,-8.0414572,-34.8938119
1237,ESPINHEIRO,RUA DA HORA,-8.0421477,-34.8911351
1238,ESPINHEIRO,RUA DO ESPINHEIRO,-8.042323,-34.8925593
1239,ESPINHEIRO,RUA QUARENTA E OITO,-8.0429551,-34.8918808
1240,ESPINHEIRO,RUA QUARENTA E OITO,-8.0423017,-34.8925325
1241,ESPINHEIRO,RUA QUARENTA E OITO,-8.0407906,-34.8945576
1242,ESPINHEIRO,RUA QUARENTA E OITO 213,-8.0434012,-34.8914355
1243,ESTÂNCIA,ARRUDA,-8.0818292,-34.9331224
1244,ESTÂNCIA,ARRUDA,-8.0875837,-34.9302739
1245,ESTÂNCIA,ARRUDA,-8.0848797,-34.9286827
1246,ESTÂNCIA,AV DR JOSE RUFINO,-8.0839058,-34.9258885
1247,ESTÂNCIA,AV DR JOSE RUFINO,-8.0926345,-34.9390742
1248,ESTÂNCIA,AV DR JOSE RUFINO,-8.0862772,-34.9306387
1249,ESTÂNCIA,AV DR JOSE RUFINO,-8.0869524,-34.9312113
1250,ESTÂNCIA,AV DR JOSE RUFINO,-8.0862985,-34.9305663
1251,ESTÂNCIA,AV DR JOSE RUFINO 548,-8.0856399,-34.9300794
1252,ESTÂNCIA,AV DR JOSE RUFINO 634,-8.0862985,-34.9306011
1253,ESTÂNCIA,AV DR JOSE RUFINO 98,-8.0846812,-34.9279565
1254,ESTÂNCIA,AV DR JOSE RUFINO 98,-8.0841129,-34.926551
1255,ESTÂNCIA,AV DR JOSE RUFINO XX,-8.0895541,-34.9332833
1256,ESTÂNCIA,AV ESTANCIA 130,-8.0854839,-34.9307252
1257,ESTÂNCIA,AV JOAO CABRAL DE MELO NETO,-8.0795347,-34.9335462
1258,ESTÂNCIA,AV RECIFE,-8.0892541,-34.9298072
1259,ESTÂNCIA,AV RECIFE,-8.0971143,-34.9285895
1260,ESTÂNCIA,AV RECIFE,-8.088962,-34.9298072
1261,ESTÂNCIA,AV RECIFE,-8.0905871,-34.929437
1262,ESTÂNCIA,AV RECIFE,-8.0889938,-34.9297643
1263,ESTÂNCIA,AV RECIFE,-8.0811812,-34.9333316
1264,ESTÂNCIA,AV RECIFE,-8.0875439,-34.9303705
1265,ESTÂNCIA,AV RECIFE,-8.0925416,-34.9292064
1266,ESTÂNCIA,AV RECIFE,-8.082501,-34.9328917
1267,ESTÂNCIA,AV RECIFE,-8.0893019,-34.9298877
1268,ESTÂNCIA,AV RECIFE,-8.0892833,-34.9309123
1269,ESTÂNCIA,AV RECIFE,-8.0895462,-34.9297468
1270,ESTÂNCIA,AV RECIFE,-8.0999557,-34.928112
1271,ESTÂNCIA,AV RECIFE,-8.0979986,-34.9285626
1272,ESTÂNCIA,AV RECIFE,-8.0824984,-34.9328971
1273,ESTÂNCIA,AV RECIFE,-8.1202694,-34.9193841
1274,ESTÂNCIA,AV RECIFE,-8.0912988,-34.9294746
1275,ESTÂNCIA,AV RECIFE 3856,-8.0994565,-34.9282193
1276,ESTÂNCIA,AV RECIFE 512,-8.0824612,-34.9329185
1277,ESTÂNCIA,AV RECIFE 898,-8.0938348,-34.9291205
1278,ESTÂNCIA,AV RECIFE XX,-8.0889779,-34.929834
1279,ESTÂNCIA,AV RECIFE XX,-8.083542,-34.9327442
1280,ESTÂNCIA,AV TAPAJOS,-8.0923185,-34.9261916
1281,ESTÂNCIA,AV TAPAJOS 135,-8.09149,-34.9278653
1282,ESTÂNCIA,RUA HAVAI 149,-8.0876953,-34.9300566
1283,ESTÂNCIA,RUA MORAIS E SILVA 237,-8.0836509,-34.930687
1284,ESTÂNCIA,RUA SAO MIGUEL,-8.082663,-34.9242389
1285,FUNDÃO,ARRUDA,-8.0161144,-34.913785
1286,FUNDÃO,AV BEBERIBE,-8.0139524,-34.8895673
1287,FUNDÃO,AV BEBERIBE,-8.022927,-34.8939621
1288,FUNDÃO,AV BEBERIBE 2431,-8.0168767,-34.8918365
1289,FUNDÃO,AV BEBERIBE 2530,-8.0161542,-34.8911941
1290,FUNDÃO,AV BEBERIBE 2666,-8.0153335,-34.8905316
1291,FUNDÃO,AV BEBERIBE 2741,-8.0147598,-34.8900005
1292,GRAÇAS,ARRUDA,-8.0374309,-34.9046052
1293,GRAÇAS,ARRUDA,-8.0516355,-34.8966175
1294,GRAÇAS,AV GOVERNADOR AGAMENON MAGALHAES,-8.0524097,-34.8961401
1295,GRAÇAS,AV RUI BARBOSA,-8.0477209,-34.8997195
1296,GRAÇAS,AV RUI BARBOSA 57,-8.0516767,-34.8966135
1297,GRAÇAS,AV SANTOS DUMONT,-8.0369528,-34.8981249
1298,GRAÇAS,PRC DO ENTRONCAMENTO,-8.050046,-34.8973471
1299,GRAÇAS,RUA DA AMIZADE 46,-8.0506011,-34.9001755
1300,GRAÇAS,RUA DA HORA,-8.0486385,-34.8959899
1301,GRAÇAS,RUA DAS CREOULAS 182,-8.0519051,-34.8992059
1302,GRAÇAS,RUA DAS PERNAMBUCANAS,-8.0517006,-34.8992434
1303,GRAÇAS,RUA DAS PERNAMBUCANAS 255,-8.050795,-34.9015528
1304,GRAÇAS,RUA GUILHERME PINTO,-8.052828,-34.9022542
1305,GRAÇAS,RUA JOAQUIM NABUCO,-8.0528479,-34.9031729
1306,GRAÇAS,RUA JOAQUIM NABUCO,-8.0527868,-34.902277
1307,GRAÇAS,RUA JOAQUIM NABUCO 174,-8.0526301,-34.8979935
1308,GRAÇAS,RUA JOAQUIM NABUCO 778,-8.0528824,-34.9031876
1309,GRAÇAS,RUA TREZE DE MAIO,-8.0523991,-34.8835686
1310,GUABIRABA,AV DA RECUPERACAO 1032,-7.9873701,-34.9329507
1311,HIPÓDROMO,ARRUDA,-8.0325069,-34.8879352
1312,HIPÓDROMO,EST DE BELEM,-8.0357232,-34.8885092
1313,HIPÓDROMO,EST DE BELEM 175,-8.0363154,-34.8895231
1314,HIPÓDROMO,EST DE BELEM 672,-8.0338747,-34.885831
1315,HIPÓDROMO,EST DE BELEM 687,-8.0337605,-34.8856875
1316,HIPÓDROMO,RUA PRUDENTE DE MORAES 124,-8.0317885,-34.8853187
1317,HIPÓDROMO,RUA RETIRO SAUDOSO,-8.0347113,-34.8891288
1318,IBURA,ARRUDA,-8.1100463,-34.9366951
1319,IBURA,AV DOIS RIOS,-8.1161961,-34.9408472
1320,IBURA,AV DOIS RIOS,-8.1186523,-34.9425638
1321,IBURA,AV DOIS RIOS,-8.1142099,-34.9394685
1322,IBURA,AV DOIS RIOS,-8.1204366,-34.9437654
1323,IBURA,AV DOIS RIOS,-8.1105481,-34.9370706
1324,IBURA,AV DOIS RIOS,-8.117853,-34.9419576
1325,IBURA,AV DOIS RIOS,-8.1107579,-34.9371243
1326,IBURA,AV DOIS RIOS,-8.1105269,-34.936974
1327,IBURA,AV DOIS RIOS,-8.1135182,-34.9389911
1328,IBURA,AV DOIS RIOS,-8.1200198,-34.9434918
1329,IBURA,AV DOIS RIOS,-8.1202481,-34.9436367
1330,IBURA,AV DOIS RIOS,-8.1207759,-34.944037
1331,IBURA,AV DOIS RIOS,-8.1165944,-34.9411315
1332,IBURA,AV DOIS RIOS,-8.1130097,-34.9386907
1333,IBURA,AV DOIS RIOS,-8.1125184,-34.9383125
1334,IBURA,AV DOIS RIOS,-8.1097655,-34.9360929
1335,IBURA,AV DOIS RIOS,-8.114583,-34.9397367
1336,IBURA,AV DOIS RIOS,-8.1201154,-34.9435857
1337,IBURA,AV DOIS RIOS,-8.1198777,-34.9433926
1338,IBURA,AV DOIS RIOS 127,-8.1100091,-34.9363893
1339,IBURA,AV DOIS RIOS 350,-8.1109624,-34.9373013
1340,IBURA,AV DOIS RIOS 645,-8.111119,-34.9374139
1341,IBURA,AV DOIS RIOS 984,-8.1161589,-34.9408284
1342,IBURA,AV DOIS RIOS XX,-8.1201552,-34.943583
1343,IBURA,AV DOIS RIOS XX,-8.1205681,-34.9438633
1344,IBURA,AV DOIS RIOS XX,-8.1205747,-34.9438928
1345,IBURA,AV DOIS RIOS XX,-8.111759,-34.9378109
1346,IBURA,AV DOIS RIOS XX,-8.1203742,-34.9441785
1347,IBURA,AV DOM HELDER CAMARA,-8.1091328,-34.9352574
1348,IBURA,AV DOM HELDER CAMARA,-8.1078317,-34.9315828
1349,IBURA,AV DOM HELDER CAMARA,-8.1076113,-34.9303865
1350,IBURA,AV DOM HELDER CAMARA,-8.1083999,-34.9334872
1351,IBURA,AV DOM HELDER CAMARA,-8.1074015,-34.9283695
1352,IBURA,AV ENGENHO SERRA VERDE,-8.1135859,-34.9516296
1353,IBURA,AV ENGENHO SERRA VERDE 570,-8.1125045,-34.9518268
1354,IBURA,AV ENGENHO SERRA VERDE 710,-8.1137532,-34.9516229
1355,IBURA,AV ENGENHO SERRA VERDE 830,-8.1135991,-34.9516524
1356,IBURA,AV ENGENHO SERRA VERDE 850,-8.1150709,-34.9513708
1357,IBURA,AV JORNALISTA COSTA PORTO,-8.113793,-34.9556395
1358,IBURA,AV JORNALISTA COSTA PORTO,-8.1113766,-34.9577343
1359,IBURA,AV MARIA IRENE,-8.1405979,-34.9284822
1360,IBURA,AV RECIFE,-8.1069554,-34.9272859
1361,IBURA,AV RECIFE,-8.1081291,-34.9270016
1362,IBURA,AV RECIFE,-8.1068385,-34.927361
1363,IBURA,AV RIO SAO FRANCISCO,-8.1152428,-34.9502885
1364,IBURA,AV SANTA FE,-8.1195843,-34.9544621
1365,IBURA,AV SANTOS 210,-8.1142524,-34.9536654
1366,IBURA,LAD DA COHAB,-8.1194037,-34.9436313
1367,IBURA,LAD DA COHAB 364,-8.1185939,-34.9460372
1368,IBURA,RUA CANDIDO MENDES,-8.1193241,-34.9422178
1369,IBURA,RUA DOIS,-8.1116023,-34.9376822
1370,IBURA,RUA DOIS RIOS,-8.1196055,-34.9431914
1371,IBURA,RUA DR BENIGNO JORDAO DE VASCONCELOS 250,-8.1256822,-34.9500498
1372,IBURA,RUA DR BENIGNO JORDAO DE VASCONCELOS 375,-8.1246825,-34.950314
1373,IBURA,RUA EMILIO MONTEIRO FONSECA 31,-8.1266958,-34.9379417
1374,IBURA,RUA EXP FRANCISCO VITORIANO,-8.1333572,-34.9487329
1375,IBURA,RUA EXP FRANCISCO VITORIANO,-8.1334236,-34.9487436
1376,IBURA,RUA EXP FRANCISCO VITORIANO 78,-8.1339785,-34.9494973
1377,IBURA,RUA JORNALISTA EDSON REGIS 36,-8.116204,-34.9290991
1378,IBURA,RUA JORNALISTA EDSON REGIS 787,-8.1107194,-34.9339116
1379,IBURA,RUA RIO TAPADO S/N,-8.1172038,-34.9427247
1380,IBURA,RUA RIO XINGU,-8.1195816,-34.9391882
1381,IBURA,RUA RIO XINGU,-8.1179911,-34.9416156
1382,IBURA,RUA RIO XINGU,-8.1177627,-34.9419469
1383,IBURA,RUA RIO XINGU,-8.1166767,-34.9433041
1384,IBURA,RUA RIO XINGU,-8.1179911,-34.941625
1385,IBURA,RUA RIO XINGU,-8.1225582,-34.9351823
1386,IBURA,RUA SATIRO DIAS,-8.1248896,-34.9378136
1387,IBURA,RUA SATIRO DIAS 176,-8.1238388,-34.9371216
1388,IBURA,RUA VALE DO ITAJAI,-8.1307365,-34.9497575
1389,ILHA DO LEITE,AV BEIRA RIO,-8.0619092,-34.9005818
1390,ILHA DO LEITE,AV ENGENHEIRO ABDIAS DE CARVALHO XX,-8.0613383,-34.9046534
1391,ILHA DO LEITE,AV FREI MATIAS TEVES,-8.0651917,-34.8957244
1392,ILHA DO LEITE,AV FREI MATIAS TEVES -224,-8.0643711,-34.8960248
1393,ILHA DO LEITE,AV FREI MATIAS TEVES 280,-8.0640258,-34.8961052
1394,ILHA DO LEITE,AV FREI MATIAS TEVES 285,-8.0640072,-34.8961133
1395,ILHA DO LEITE,AV GOVERNADOR AGAMENON MAGALHAES,-8.0634416,-34.8976743
1396,ILHA DO LEITE,AV GOVERNADOR AGAMENON MAGALHAES,-8.0583227,-34.8975791
1397,ILHA DO LEITE,AV GOVERNADOR AGAMENON MAGALHAES 4575,-8.0568873,-34.897728
1398,ILHA DO LEITE,AV MANOEL BORBA,-8.0594421,-34.8940158
1399,ILHA DO LEITE,RUA DR JOAO ASFORA 285,-8.0636965,-34.8964271
1400,ILHA DO LEITE,RUA ESTADO DE ISRAEL 161,-8.0645331,-34.8943256
1401,ILHA DO LEITE,RUA ESTADO DE ISRAEL 262,-8.0639462,-34.8946327
1402,ILHA DO LEITE,RUA FRANCISCO ALVES,-8.0667413,-34.8949438
1403,ILHA DO LEITE,RUA FRANCISCO ALVES,-8.0671436,-34.8941016
1404,ILHA DO LEITE,RUA FRANCISCO ALVES,-8.0672445,-34.89393
1405,ILHA DO LEITE,RUA FRANCISCO ALVES,-8.0662832,-34.8959094
1406,ILHA DO LEITE,RUA PAISSANDU,-8.062042,-34.9000373
1407,ILHA DO RETIRO,AV BEIRA RIO,-8.0624961,-34.9014214
1408,ILHA DO RETIRO,AV BEIRA RIO 302,-8.0635106,-34.9013758
1409,ILHA DO RETIRO,AV ENGENHEIRO ABDIAS DE CARVALHO,-8.0617579,-34.907577
1410,ILHA DO RETIRO,AV ENGENHEIRO ABDIAS DE CARVALHO,-8.0614976,-34.9013114
1411,ILHA DO RETIRO,AV ENGENHEIRO ABDIAS DE CARVALHO,-8.0611922,-34.9055801
1412,ILHA DO RETIRO,AV ENGENHEIRO ABDIAS DE CARVALHO,-8.0614126,-34.9027812
1413,ILHA DO RETIRO,AV ENGENHEIRO ABDIAS DE CARVALHO,-8.0612905,-34.905324
1414,ILHA DO RETIRO,AV ENGENHEIRO ABDIAS DE CARVALHO,-8.0612267,-34.9041867
1415,ILHA DO RETIRO,AV ENGENHEIRO ABDIAS DE CARVALHO,-8.0619172,-34.9013972
1416,ILHA DO RETIRO,AV ENGENHEIRO ABDIAS DE CARVALHO,-8.0611882,-34.9037495
1417,ILHA DO RETIRO,AV ENGENHEIRO ABDIAS DE CARVALHO,-8.0613595,-34.9046749
1418,ILHA DO RETIRO,AV ENGENHEIRO ABDIAS DE CARVALHO 677,-8.0621828,-34.9102136
1419,ILHA DO RETIRO,RUA JOAO ELISIO RAMOS,-8.0631123,-34.9048358
1420,ILHA DO RETIRO,RUA JOAO ELISIO RAMOS,-8.0619863,-34.904986
1421,ILHA DO RETIRO,RUA JOAO ELISIO RAMOS 210,-8.0624802,-34.9050021
1422,ILHA DO RETIRO,RUA SPORT CLUBE DO RECIFE,-8.0614604,-34.902969
1423,ILHA DO RETIRO,RUA SPORT CLUBE DO RECIFE,-8.061471,-34.9027115
1424,ILHA DO RETIRO,RUA SPORT CLUBE DO RECIFE,-8.0615295,-34.9025452
1425,ILHA DO RETIRO,RUA SPORT CLUBE DO RECIFE,-8.061803,-34.9014455
1426,ILHA DO RETIRO,RUA SPORT CLUBE DO RECIFE,-8.061471,-34.9029744
1427,ILHA DO RETIRO,RUA SPORT CLUBE DO RECIFE,-8.0614498,-34.9029851
1428,ILHA DO RETIRO,RUA TABAIARES 110,-8.0652342,-34.9077474
1429,ILHA DO RETIRO,RUA TABAIARES 1700,-8.0652262,-34.9077514
1430,ILHA DO RETIRO,RUA TABAIARES 360,-8.0649686,-34.9050719
1431,ILHA JOANA BEZERRA,AV BEIRA RIO,-8.0698099,-34.8944342
1432,ILHA JOANA BEZERRA,AV CENTRAL,-8.0732064,-34.8953891
1433,ILHA JOANA BEZERRA,AV GOVERNADOR AGAMENON MAGALHAES,-8.0673295,-34.8968321
1434,ILHA JOANA BEZERRA,RUA CAPITAO TEMUDO,-8.0805598,-34.8923743
1435,ILHA JOANA BEZERRA,RUA DES GUERRA BARRETO,-8.0715095,-34.892031
1436,ILHA JOANA BEZERRA,RUA JAGUARI 66,-8.0586852,-34.9343911
1437,ILHA JOANA BEZERRA,VIADUTO CAPITAO TEMUDO,-8.0779069,-34.8925473
1438,ILHA JOANA BEZERRA,VIADUTO CAPITAO TEMUDO,-8.0705003,-34.8960087
1439,IMBIRIBEIRA,ARRUDA,-8.1108362,-34.906419
1440,IMBIRIBEIRA,ARRUDA,-8.1045263,-34.9111035
1441,IMBIRIBEIRA,AV ARMINDO MOURA 440,-8.1499069,-34.9106669
1442,IMBIRIBEIRA,AV ENGENHEIRO ABDIAS DE CARVALHO 570,-8.0626077,-34.9123567
1443,IMBIRIBEIRA,AV ENGENHEIRO ALVES DE SOUZA 546,-8.0973799,-34.9150068
1444,IMBIRIBEIRA,AV GENERAL MAC ARTHUR,-8.1088566,-34.9118686
1445,IMBIRIBEIRA,AV GENERAL MAC ARTHUR,-8.1095842,-34.9087277
1446,IMBIRIBEIRA,AV GENERAL MAC ARTHUR,-8.1091653,-34.9099696
1447,IMBIRIBEIRA,AV GENERAL MAC ARTHUR,-8.1104286,-34.9061769
1448,IMBIRIBEIRA,AV GENERAL MAC ARTHUR 254,-8.1095285,-34.9088323
1449,IMBIRIBEIRA,AV GENERAL MAC ARTHUR 2683,-8.1090319,-34.9113536
1450,IMBIRIBEIRA,AV MARECHAL MASCARENHAS DE MORAES,-8.1088965,-34.9117693
1451,IMBIRIBEIRA,AV MARECHAL MASCARENHAS DE MORAES,-8.0935082,-34.9091434
1452,IMBIRIBEIRA,AV MARECHAL MASCARENHAS DE MORAES,-8.1273271,-34.9152964
1453,IMBIRIBEIRA,AV MARECHAL MASCARENHAS DE MORAES,-8.0948758,-34.9094224
1454,IMBIRIBEIRA,AV MARECHAL MASCARENHAS DE MORAES,-8.1435239,-34.9181128
1455,IMBIRIBEIRA,AV MARECHAL MASCARENHAS DE MORAES,-8.1240771,-34.9147117
1456,IMBIRIBEIRA,AV MARECHAL MASCARENHAS DE MORAES,-8.1411529,-34.9177989
1457,IMBIRIBEIRA,AV MARECHAL MASCARENHAS DE MORAES,-8.1028023,-34.9105811
1458,IMBIRIBEIRA,AV MARECHAL MASCARENHAS DE MORAES,-8.0925788,-34.9087733
1459,IMBIRIBEIRA,AV MARECHAL MASCARENHAS DE MORAES,-8.1076033,-34.9116915
1460,IMBIRIBEIRA,AV MARECHAL MASCARENHAS DE MORAES,-8.1231212,-34.9123406
1461,IMBIRIBEIRA,AV MARECHAL MASCARENHAS DE MORAES,-8.0910758,-34.908375
1462,IMBIRIBEIRA,AV MARECHAL MASCARENHAS DE MORAES,-8.0970692,-34.9099535
1463,IMBIRIBEIRA,AV MARECHAL MASCARENHAS DE MORAES,-8.1099188,-34.912169
1464,IMBIRIBEIRA,AV MARECHAL MASCARENHAS DE MORAES,-8.1169051,-34.913376
1465,IMBIRIBEIRA,AV MARECHAL MASCARENHAS DE MORAES,-8.0984421,-34.9101841
1466,IMBIRIBEIRA,AV MARECHAL MASCARENHAS DE MORAES,-8.1282087,-34.9155807
1467,IMBIRIBEIRA,AV MARECHAL MASCARENHAS DE MORAES,-8.0908686,-34.9083817
1468,IMBIRIBEIRA,AV MARECHAL MASCARENHAS DE MORAES,-8.0991219,-34.9100447
1469,IMBIRIBEIRA,AV MARECHAL MASCARENHAS DE MORAES,-8.1392969,-34.9175549
1470,IMBIRIBEIRA,AV MARECHAL MASCARENHAS DE MORAES,-8.1335749,-34.9165705
1471,IMBIRIBEIRA,AV MARECHAL MASCARENHAS DE MORAES,-8.1169396,-34.9134028
1472,IMBIRIBEIRA,AV MARECHAL MASCARENHAS DE MORAES,-8.1115227,-34.9124855
1473,IMBIRIBEIRA,AV MARECHAL MASCARENHAS DE MORAES,-8.1077414,-34.9115521
1474,IMBIRIBEIRA,AV MARECHAL MASCARENHAS DE MORAES,-8.1114164,-34.9123836
1475,IMBIRIBEIRA,AV MARECHAL MASCARENHAS DE MORAES,-8.1029457,-34.9096772
1476,IMBIRIBEIRA,AV MARECHAL MASCARENHAS DE MORAES,-8.1065916,-34.9115172
1477,IMBIRIBEIRA,AV MARECHAL MASCARENHAS DE MORAES,-8.1230415,-34.9145347
1478,IMBIRIBEIRA,AV MARECHAL MASCARENHAS DE MORAES,-8.0947032,-34.9092293
1479,IMBIRIBEIRA,AV MARECHAL MASCARENHAS DE MORAES,-8.102473,-34.9105275
1480,IMBIRIBEIRA,AV MARECHAL MASCARENHAS DE MORAES,-8.1334289,-34.9165678
1481,IMBIRIBEIRA,AV MARECHAL MASCARENHAS DE MORAES,-8.1212837,-34.9142075
1482,IMBIRIBEIRA,AV MARECHAL MASCARENHAS DE MORAES,-8.1143267,-34.91303
1483,IMBIRIBEIRA,AV MARECHAL MASCARENHAS DE MORAES,-8.0964584,-34.9098288
1484,IMBIRIBEIRA,AV MARECHAL MASCARENHAS DE MORAES,-8.1253914,-34.9151838
1485,IMBIRIBEIRA,AV MARECHAL MASCARENHAS DE MORAES,-8.1340715,-34.9166536
1486,IMBIRIBEIRA,AV MARECHAL MASCARENHAS DE MORAES,-8.0951865,-34.9095029
1487,IMBIRIBEIRA,AV MARECHAL MASCARENHAS DE MORAES,-8.1190692,-34.9137568
1488,IMBIRIBEIRA,AV MARECHAL MASCARENHAS DE MORAES,-8.0853637,-34.9071425
1489,IMBIRIBEIRA,AV MARECHAL MASCARENHAS DE MORAES,-8.1048868,-34.9112195
1490,IMBIRIBEIRA,AV MARECHAL MASCARENHAS DE MORAES,-8.1191196,-34.9137488
1491,IMBIRIBEIRA,AV MARECHAL MASCARENHAS DE MORAES,-8.1297222,-34.9159133
1492,IMBIRIBEIRA,AV MARECHAL MASCARENHAS DE MORAES,-8.0884309,-34.9078131
1493,IMBIRIBEIRA,AV MARECHAL MASCARENHAS DE MORAES,-8.1027704,-34.9105382
1494,IMBIRIBEIRA,AV MARECHAL MASCARENHAS DE MORAES,-8.1117669,-34.9123836
1495,IMBIRIBEIRA,AV MARECHAL MASCARENHAS DE MORAES,-8.0948426,-34.9094103
1496,IMBIRIBEIRA,AV MARECHAL MASCARENHAS DE MORAES,-8.0891425,-34.9079633
1497,IMBIRIBEIRA,AV MARECHAL MASCARENHAS DE MORAES,-8.1313419,-34.9161923
1498,IMBIRIBEIRA,AV MARECHAL MASCARENHAS DE MORAES,-8.1315198,-34.9159375
1499,IMBIRIBEIRA,AV MARECHAL MASCARENHAS DE MORAES,-8.0984474,-34.910109
1500,IMBIRIBEIRA,AV MARECHAL MASCARENHAS DE MORAES,-8.1043903,-34.9108842
1501,IMBIRIBEIRA,AV MARECHAL MASCARENHAS DE MORAES,-8.1296319,-34.9162674
1502,IMBIRIBEIRA,AV MARECHAL MASCARENHAS DE MORAES,-8.1235779,-34.912405
1503,IMBIRIBEIRA,AV MARECHAL MASCARENHAS DE MORAES,-8.1276989,-34.9156451
1504,IMBIRIBEIRA,AV MARECHAL MASCARENHAS DE MORAES,-8.1191223,-34.9136992
1505,IMBIRIBEIRA,AV MARECHAL MASCARENHAS DE MORAES,-8.128299,-34.9154842
1506,IMBIRIBEIRA,AV MARECHAL MASCARENHAS DE MORAES,-8.1350061,-34.9166268
1507,IMBIRIBEIRA,AV MARECHAL MASCARENHAS DE MORAES,-8.0927142,-34.9087599
1508,IMBIRIBEIRA,AV MARECHAL MASCARENHAS DE MORAES,-8.1051072,-34.9112248
1509,IMBIRIBEIRA,AV MARECHAL MASCARENHAS DE MORAES,-8.1226751,-34.9147439
1510,IMBIRIBEIRA,AV MARECHAL MASCARENHAS DE MORAES,-8.1242151,-34.9148726
1511,IMBIRIBEIRA,AV MARECHAL MASCARENHAS DE MORAES,-8.1310232,-34.9160528
1512,IMBIRIBEIRA,AV MARECHAL MASCARENHAS DE MORAES,-8.1314375,-34.9161923
1513,IMBIRIBEIRA,AV MARECHAL MASCARENHAS DE MORAES,-8.0904066,-34.9082261
1514,IMBIRIBEIRA,AV MARECHAL MASCARENHAS DE MORAES,-8.1191023,-34.913734
1515,IMBIRIBEIRA,AV MARECHAL MASCARENHAS DE MORAES,-8.087443,-34.9075878
1516,IMBIRIBEIRA,AV MARECHAL MASCARENHAS DE MORAES,-8.121143,-34.9142423
1517,IMBIRIBEIRA,AV MARECHAL MASCARENHAS DE MORAES 1043,-8.0926372,-34.9087518
1518,IMBIRIBEIRA,AV MARECHAL MASCARENHAS DE MORAES 1148,-8.093086,-34.9090683
1519,IMBIRIBEIRA,AV MARECHAL MASCARENHAS DE MORAES 1482,-8.096169,-34.9097644
1520,IMBIRIBEIRA,AV MARECHAL MASCARENHAS DE MORAES 1854,-8.0981274,-34.9099843
1521,IMBIRIBEIRA,AV MARECHAL MASCARENHAS DE MORAES 1920,-8.099244,-34.9100125
1522,IMBIRIBEIRA,AV MARECHAL MASCARENHAS DE MORAES 2056,-8.1019499,-34.9106053
1523,IMBIRIBEIRA,AV MARECHAL MASCARENHAS DE MORAES 209,-8.1098604,-34.9122065
1524,IMBIRIBEIRA,AV MARECHAL MASCARENHAS DE MORAES 2716,-8.1161217,-34.9134779
1525,IMBIRIBEIRA,AV MARECHAL MASCARENHAS DE MORAES 2967,-8.0948545,-34.9094009
1526,IMBIRIBEIRA,AV MARECHAL MASCARENHAS DE MORAES 3930,-8.1187346,-34.9137086
1527,IMBIRIBEIRA,AV MARECHAL MASCARENHAS DE MORAES 4223,-8.0951705,-34.9093071
1528,IMBIRIBEIRA,AV MARECHAL MASCARENHAS DE MORAES 4651,-8.1251179,-34.9148619
1529,IMBIRIBEIRA,AV MARECHAL MASCARENHAS DE MORAES 4799,-8.0965029,-34.9096544
1530,IMBIRIBEIRA,AV MARECHAL MASCARENHAS DE MORAES 5109,-8.1408263,-34.9175978
1531,IMBIRIBEIRA,AV MARECHAL MASCARENHAS DE MORAES 5109,-8.1286893,-34.9157792
1532,IMBIRIBEIRA,AV MARECHAL MASCARENHAS DE MORAES 6211,-8.1384419,-34.9171579
1533,IMBIRIBEIRA,AV MARECHAL MASCARENHAS DE MORAES 6369,-8.1419999,-34.9177533
1534,IMBIRIBEIRA,AV MARECHAL MASCARENHAS DE MORAES 820,-8.0900348,-34.9083495
1535,IMBIRIBEIRA,AV MARECHAL MASCARENHAS DE MORAES 884,-8.0900852,-34.9081779
1536,IMBIRIBEIRA,AV MARECHAL MASCARENHAS DE MORAES XX,-8.1384512,-34.917176
1537,IMBIRIBEIRA,AV PINHEIROS,-8.0909855,-34.9106348
1538,IMBIRIBEIRA,AV PINHEIROS,-8.0904172,-34.9143228
1539,IMBIRIBEIRA,AV PINHEIROS,-8.0912006,-34.9095109
1540,IMBIRIBEIRA,AV PINHEIROS,-8.0904066,-34.9143308
1541,IMBIRIBEIRA,AV PRESIDENTE DUTRA,-8.1219661,-34.9184909
1542,IMBIRIBEIRA,AV PRESIDENTE DUTRA,-8.1217351,-34.9182254
1543,IMBIRIBEIRA,AV RECIFE,-8.1175875,-34.9227583
1544,IMBIRIBEIRA,AV RECIFE 1277,-8.1192577,-34.9214655
1545,IMBIRIBEIRA,AV SUL,-8.1215864,-34.9119115
1546,IMBIRIBEIRA,AV SUL 1272,-8.0775218,-34.8969716
1547,IMBIRIBEIRA,AVMARECHALMASCARENHASDEMORAES,-8.0984208,-34.9102029
1548,IMBIRIBEIRA,NÃO INFORMADO,-8.1337741,-34.9164391
1549,IMBIRIBEIRA,RUA ANTONIO FALCAO,-8.1114058,-34.9041867
1550,IMBIRIBEIRA,RUA ANTONIO FALCAO,-8.1132858,-34.9002653
1551,IMBIRIBEIRA,RUA ANTONIO FALCAO,-8.1149215,-34.8971272
1552,IMBIRIBEIRA,RUA ANTONIO PAES BARRETO,-8.1140293,-34.9068314
1553,IMBIRIBEIRA,RUA ARQUITETO LUIZ NUNES,-8.0909908,-34.9106777
1554,IMBIRIBEIRA,RUA ARQUITETO LUIZ NUNES,-8.0863795,-34.9096544
1555,IMBIRIBEIRA,RUA ARQUITETO LUIZ NUNES,-8.0979428,-34.9121904
1556,IMBIRIBEIRA,RUA ARQUITETO LUIZ NUNES,-8.0941243,-34.9113858
1557,IMBIRIBEIRA,RUA ARQUITETO LUIZ NUNES,-8.0980225,-34.9122548
1558,IMBIRIBEIRA,RUA ARQUITETO LUIZ NUNES,-8.0835659,-34.9090308
1559,IMBIRIBEIRA,RUA ARQUITETO LUIZ NUNES 1465,-8.0968528,-34.9120094
1560,IMBIRIBEIRA,RUA ARQUITETO LUIZ NUNES 1614,-8.0985403,-34.912346
1561,IMBIRIBEIRA,RUA ARQUITETO LUIZ NUNES 476,-8.0882317,-34.9100795
1562,IMBIRIBEIRA,RUA ARQUITETO LUIZ NUNES 476,-8.0975711,-34.912169
1563,IMBIRIBEIRA,RUA ARQUITETO LUIZ NUNES 690,-8.0900759,-34.9106602
1564,IMBIRIBEIRA,RUA ARQUITETO LUIZ NUNES 690,-8.0900972,-34.9106616
1565,IMBIRIBEIRA,RUA ARQUITETO LUIZ NUNES 956,-8.0936489,-34.9112892
1566,IMBIRIBEIRA,RUA ARQUITETO LUIZ NUNES SN,-8.0911713,-34.9106669
1567,IMBIRIBEIRA,RUA BARAO DE AGUA BRANCA 376,-8.1123777,-34.9048211
1568,IMBIRIBEIRA,RUA BARAO DE AGUA BRANCA 45,-8.1133708,-34.9027517
1569,IMBIRIBEIRA,RUA BARAO DE SOUZA LEAO,-8.1328182,-34.9143147
1570,IMBIRIBEIRA,RUA BARAO DE SOUZA LEAO,-8.1326589,-34.9099267
1571,IMBIRIBEIRA,RUA CORONEL FABRICIANO,-8.1200622,-34.9126732
1572,IMBIRIBEIRA,RUA CORONEL FABRICIANO,-8.1200676,-34.912684
1573,IMBIRIBEIRA,RUA DR VALDIR PESSOA,-8.0904756,-34.9078828
1574,IMBIRIBEIRA,RUA DUQUE ESTRADA,-8.1116408,-34.9043061
1575,IMBIRIBEIRA,RUA GENERAL GOES MONTEIRO,-8.0954467,-34.9102861
1576,IMBIRIBEIRA,RUA ITACARE,-8.1109876,-34.9144958
1577,IMBIRIBEIRA,RUA ITACARI,-8.1082459,-34.9149692
1578,IMBIRIBEIRA,RUA ITACARI 132,-8.1087637,-34.9121341
1579,IMBIRIBEIRA,RUA ITACARI 162,-8.1085261,-34.9132687
1580,IMBIRIBEIRA,RUA ITAJAI,-8.1091275,-34.9135691
1581,IMBIRIBEIRA,RUA ITAMARACA 249,-8.1081769,-34.9141753
1582,IMBIRIBEIRA,RUA JACY 100,-8.1155707,-34.9129374
1583,IMBIRIBEIRA,RUA JOAQUIM BANDEIRA,-8.1105773,-34.9089289
1584,IMBIRIBEIRA,RUA JOSE DA SILVA LUCENA,-8.1156876,-34.9049512
1585,IMBIRIBEIRA,RUA JULIO VERNE 71,-8.0847981,-34.9075744
1586,IMBIRIBEIRA,RUA MOTOCOLOMBO,-8.0839483,-34.9068904
1587,IMBIRIBEIRA,RUA PAMPULHA,-8.1097435,-34.9137139
1588,IMBIRIBEIRA,RUA PROFESSORA ROSILDA COSTA,-8.0876116,-34.9059758
1589,IMBIRIBEIRA,RUA SARGENTO SILVINO DE MACEDO,-8.1147967,-34.9073249
1590,IMBIRIBEIRA,RUA SARGENTO SILVINO DE MACEDO 273,-8.1147781,-34.9073303
1591,IMBIRIBEIRA,RUA SARGENTO SILVINO DE MACEDO 481,-8.1142962,-34.9072029
1592,IPSEP,ARRUDA,-8.1128769,-34.9242926
1593,IPSEP,ARRUDA,-8.1072634,-34.9227691
1594,IPSEP,ARRUDA,-8.0973905,-34.9286163
1595,IPSEP,ARRUDA,-8.1145498,-34.9252796
1596,IPSEP,ARRUDA,-8.1063712,-34.9235201
1597,IPSEP,ARRUDA,-8.1128079,-34.9293566
1598,IPSEP,AV MARECHAL MASCARENHAS DE MORAES,-8.1230149,-34.9146581
1599,IPSEP,AV RECIFE,-8.1169821,-34.9232036
1600,IPSEP,AV RECIFE,-8.1015543,-34.9279135
1601,IPSEP,AV RECIFE,-8.1152747,-34.9244937
1602,IPSEP,AV RECIFE,-8.115272,-34.9245715
1603,IPSEP,AV RECIFE,-8.1169661,-34.9231929
1604,IPSEP,AV RECIFE,-8.1079113,-34.9269748
1605,IPSEP,AV RECIFE,-8.1110978,-34.9265456
1606,IPSEP,AV RECIFE,-8.1137611,-34.9258
1607,IPSEP,AV RECIFE,-8.1079253,-34.927068
1608,IPSEP,AV RECIFE,-8.1208801,-34.9190006
1609,IPSEP,AV RECIFE,-8.1169449,-34.9232438
1610,IPSEP,AV RECIFE,-8.0954732,-34.9288416
1611,IPSEP,AV RECIFE,-8.1071147,-34.9270821
1612,IPSEP,AV RECIFE,-8.1085752,-34.9269587
1613,IPSEP,AV RECIFE,-8.1116607,-34.9266073
1614,IPSEP,AV RECIFE,-8.1081503,-34.926948
1615,IPSEP,AV RECIFE 2846,-8.1057624,-34.9273335
1616,IPSEP,AV RECIFE 2959,-8.1044434,-34.9276292
1617,IPSEP,AV RECIFE 2959,-8.0891611,-34.9297777
1618,IPSEP,AV RECIFE Nº 2867,-8.0897506,-34.9296811
1619,IPSEP,AV SALDANHA MARINHO 83,-8.1154473,-34.9205536
1620,IPSEP,AVRECIFE,-8.1153251,-34.9245179
1621,IPSEP,RUA ADERBAL DE MELO 403,-8.1091368,-34.9248679
1622,IPSEP,RUA BLUMENAU,-8.1064323,-34.921318
1623,IPSEP,RUA DR GONZAGA MARANHAO,-8.1091753,-34.9192876
1624,IPSEP,RUA DR GONZAGA MARANHAO,-8.1102985,-34.9204999
1625,IPSEP,RUA DR RAPOSO PINTO,-8.1121998,-34.9213904
1626,IPSEP,RUA DR RAPOSO PINTO,-8.1102109,-34.9222541
1627,IPSEP,RUA ITACARI,-8.1079591,-34.9159375
1628,IPSEP,RUA ITACARI 162,-8.1085353,-34.9132419
1629,IPSEP,RUA ITAJAI,-8.1068359,-34.9131051
1630,IPSEP,RUA ITAJAI,-8.108692,-34.9134564
1631,IPSEP,RUA JAMAICA,-8.1073962,-34.9128851
1632,IPSEP,RUA JAMAICA 71,-8.1075449,-34.9122481
1633,IPSEP,RUA JAMAICA 80,-8.10744,-34.9126652
1634,IPSEP,RUA JEAN EMILE FAVRE,-8.1069474,-34.9148539
1635,IPSEP,RUA JEAN EMILE FAVRE,-8.1147569,-34.9238178
1636,IPSEP,RUA JEAN EMILE FAVRE,-8.1143559,-34.9234155
1637,IPSEP,RUA JEAN EMILE FAVRE,-8.1071227,-34.9149799
1638,IPSEP,RUA JEAN EMILE FAVRE,-8.1068067,-34.9146634
1639,IPSEP,RUA JEAN EMILE FAVRE,-8.1135168,-34.9223748
1640,IPSEP,RUA JEAN EMILE FAVRE,-8.1096287,-34.9180484
1641,IPSEP,RUA JEAN EMILE FAVRE 107,-8.1068372,-34.914764
1642,IPSEP,RUA JEAN EMILE FAVRE 116,-8.1111323,-34.9196577
1643,IPSEP,RUA JEAN EMILE FAVRE 1464,-8.1133336,-34.9221736
1644,IPSEP,RUA JEAN EMILE FAVRE 1676,-8.1146547,-34.9237011
1645,IPSEP,RUA JEAN EMILE FAVRE 1676,-8.1078529,-34.9159133
1646,IPSEP,RUA JEAN EMILE FAVRE 1738,-8.1146361,-34.9237038
1647,IPSEP,RUA JEAN EMILE FAVRE 422,-8.1069448,-34.9148324
1648,IPSEP,RUA PINTOR ANTONIO ALBUQUERQUE 312,-8.1075343,-34.9241772
1649,IPSEP,RUA PINTOR ANTONIO ALBUQUERQUE 61 D,-8.1078901,-34.926779
1650,IPSEP,RUA PROFESSOR JOSE VICENTE 505,-8.1075767,-34.9245179
1651,IPSEP,RUA SATURNINO MEIRELES,-8.1140957,-34.921385
1652,IPUTINGA,AV CAXANGA,-8.0515811,-34.9189281
1653,IPUTINGA,AV CAXANGA,-8.0540456,-34.9143416
1654,IPUTINGA,AV CAXANGA,-8.0410216,-34.937823
1655,IPUTINGA,AV CAXANGA,-8.0427506,-34.9351287
1656,IPUTINGA,AV CAXANGA,-8.0317526,-34.9547008
1657,IPUTINGA,AV CAXANGA,-8.0569404,-34.9094532
1658,IPUTINGA,AV CAXANGA,-8.0524137,-34.9174087
1659,IPUTINGA,AV CAXANGA,-8.0396007,-34.9408928
1660,IPUTINGA,AV CAXANGA,-8.0428276,-34.9346995
1661,IPUTINGA,AV CAXANGA,-8.0459774,-34.9293029
1662,IPUTINGA,AV CAXANGA,-8.0394175,-34.9408257
1663,IPUTINGA,AV CAXANGA,-8.0434862,-34.9338251
1664,IPUTINGA,AV CAXANGA,-8.0433826,-34.9335864
1665,IPUTINGA,AV CAXANGA,-8.0422154,-34.9356303
1666,IPUTINGA,AV CAXANGA,-8.0388677,-34.9417832
1667,IPUTINGA,AV CAXANGA,-8.0434411,-34.9339056
1668,IPUTINGA,AV GENERAL SAN MARTIN,-8.058571,-34.9251938
1669,IPUTINGA,EST DO BARBALHO,-8.0325799,-34.9399057
1670,IPUTINGA,EST DO BARBALHO,-8.0375371,-34.9406648
1671,IPUTINGA,EST DO BARBALHO,-8.0316676,-34.9391949
1672,IPUTINGA,RUA GASPAR PEREZ,-8.0482401,-34.9434918
1673,IPUTINGA,RUA GASPAR PEREZ,-8.0401186,-34.9402142
1674,IPUTINGA,RUA LEAL DE BARROS X,-8.0331523,-34.9306762
1675,IPUTINGA,RUA MANOEL ESTEVAO DA COSTA 36,-8.0470304,-34.9405313
1676,IPUTINGA,RUA MAURICIO DE NASSAU,-8.1154606,-34.9577048
1677,IPUTINGA,RUA MAURICIO DE NASSAU,-8.0354921,-34.9398413
1678,IPUTINGA,RUA MAURICIO DE NASSAU,-8.0363101,-34.9370813
1679,IPUTINGA,RUA MAURICIO DE NASSAU,-8.0380842,-34.9317813
1680,IPUTINGA,RUA MAURICIO DE NASSAU 287,-8.0373539,-34.9336562
1681,IPUTINGA,RUA MAURICIO DE NASSAU 33,-8.0356223,-34.9395597
1682,IPUTINGA,RUA MINISTRO JOAO ALBERTO,-8.0294207,-34.944562
1683,IPUTINGA,RUA N S DA SAUDE,-8.0448938,-34.9295443
1684,IPUTINGA,RUA SAO MATEUS,-8.0341549,-34.9348323
1685,IPUTINGA,RUA SAO MATEUS 400,-8.0366952,-34.9353486
1686,JAQUEIRA,AV RUI BARBOSA,-8.0356169,-34.9071264
1687,JAQUEIRA,AV RUI BARBOSA,-8.0377284,-34.9057049
1688,JAQUEIRA,AV RUI BARBOSA 1601,-8.039545,-34.9042404
1689,JAQUEIRA,RUA DO FUTURO,-8.0352,-34.9047071
1690,JAQUEIRA,RUA DO FUTURO,-8.0395901,-34.9010941
1691,JAQUEIRA,RUA DO FUTURO XX,-8.0361455,-34.9039024
1692,JAQUEIRA,RUA DO FUTURO XX,-8.0343395,-34.9053052
1693,JAQUEIRA,RUA PADRE ROMA,-8.0339491,-34.9055412
1694,JARDIM SÃO PAULO,ARRUDA,-8.0838507,-34.9490467
1695,JARDIM SÃO PAULO,ARRUDA,-8.0826444,-34.9471162
1696,JARDIM SÃO PAULO,AV DR JOSE RUFINO,-8.0909536,-34.9509966
1697,JARDIM SÃO PAULO,AV LIBERDADE,-8.0821531,-34.9601161
1698,JARDIM SÃO PAULO,AV LIBERDADE,-8.0887601,-34.9512434
1699,JARDIM SÃO PAULO,AV LIBERDADE,-8.0820788,-34.960776
1700,JARDIM SÃO PAULO,AV LIBERDADE 678,-8.0851061,-34.9550843
1701,JARDIM SÃO PAULO,AV PIRACICABA,-8.0779679,-34.9434167
1702,JARDIM SÃO PAULO,AV RECIFE,-8.0826524,-34.9330902
1703,JARDIM SÃO PAULO,AV RECIFE,-8.0795135,-34.9338949
1704,JARDIM SÃO PAULO,AV RECIFE,-8.0697143,-34.940182
1705,JARDIM SÃO PAULO,AV RECIFE 5630,-8.0684276,-34.9408968
1706,JARDIM SÃO PAULO,AV SAO PAULO,-8.0817548,-34.9398226
1707,JARDIM SÃO PAULO,AV SAO PAULO,-8.0806521,-34.9403429
1708,JARDIM SÃO PAULO,AV SAO PAULO,-8.0829033,-34.9393438
1709,JARDIM SÃO PAULO,AV SAO PAULO,-8.0829233,-34.9393424
1710,JARDIM SÃO PAULO,AV SAO PAULO 257,-8.0839669,-34.9388489
1711,JARDIM SÃO PAULO,EST DO CURADO 312A,-8.0832685,-34.9539444
1712,JARDIM SÃO PAULO,EST DO CURADO 970,-8.0764005,-34.9517269
1713,JARDIM SÃO PAULO,PRC DO JARDIM SAO PAULO,-8.082031,-34.9383232
1714,JARDIM SÃO PAULO,RUA JOSE NATARIO,-8.0873501,-34.9375172
1715,JARDIM SÃO PAULO,RUA LEANDRO BARRETO,-8.0827905,-34.9473917
1716,JARDIM SÃO PAULO,RUA LEANDRO BARRETO,-8.0810298,-34.943465
1717,JARDIM SÃO PAULO,RUA LEANDRO BARRETO,-8.0839695,-34.94928
1718,JARDIM SÃO PAULO,RUA LEANDRO BARRETO,-8.0835314,-34.9485317
1719,JARDIM SÃO PAULO,RUA LEANDRO BARRETO 114,-8.0857375,-34.9524759
1720,JARDIM SÃO PAULO,RUA LEANDRO BARRETO 483,-8.0841395,-34.9495523
1721,JARDIM SÃO PAULO,RUA LEOBINA PEREIRA,-8.0823098,-34.9408203
1722,JARDIM SÃO PAULO,RUA LORENA,-8.0815078,-34.9446559
1723,JARDIM SÃO PAULO,RUA LORENA,-8.0785734,-34.9447364
1724,JARDIM SÃO PAULO,RUA LORENA 104,-8.0826949,-34.9441302
1725,JARDIM SÃO PAULO,RUA SENADOR ALBERTO PASQUALINI,-8.0803606,-34.9360541
1726,JIQUIÁ,ARRUDA,-8.1115651,-34.9123943
1727,JIQUIÁ,AV DR JOSE RUFINO,-8.0886486,-34.9329883
1728,JIQUIÁ,AV DR JOSE RUFINO,-8.0918804,-34.9363223
1729,JIQUIÁ,AV DR JOSE RUFINO,-8.0888929,-34.9331439
1730,JOANA BEZERRA,AV BEIRA RIO,-8.0455856,-34.8903264
1731,JOANA BEZERRA,AV BEIRA RIO,-8.0680571,-34.9001312
1732,JOANA BEZERRA,AV CENTRAL,-8.0730112,-34.895491
1733,JOANA BEZERRA,AV DES GUERRA BARRETO,-8.071467,-34.892031
1734,JOANA BEZERRA,AV GOVERNADOR AGAMENON MAGALHAES,-8.0722743,-34.8944557
1735,JOANA BEZERRA,AV GOVERNADOR PAULO GUERRA,-8.0810909,-34.8921543
1736,JOANA BEZERRA,AV SUL,-8.0724124,-34.894048
1737,JOANA BEZERRA,RUA CABO EUTROPIO,-8.0719636,-34.9007133
1738,JOANA BEZERRA,RUA IMPERIAL,-8.0755035,-34.8930341
1739,JORDÃO,45,-8.1341219,-34.94376
1740,JORDÃO,ARRUDA,-8.135792,-34.9355364
1741,JORDÃO,ARRUDA,-8.0810086,-34.920797
1742,JORDÃO,AV DONA CARENTINA,-8.1341179,-34.9438164
1743,JORDÃO,AV DONA CARENTINA,-8.1340768,-34.9432182
1744,JORDÃO,AV DONA CARENTINA 65,-8.1357708,-34.9372396
1745,JORDÃO,AV MARIA IRENE,-8.1412086,-34.9327683
1746,JORDÃO,AV MARIA IRENE,-8.1411662,-34.9327147
1747,JORDÃO,AV MARIA IRENE,-8.1419149,-34.9183166
1748,JORDÃO,AV MARIA IRENE,-8.1411768,-34.9326664
1749,JORDÃO,AV MARIA IRENE,-8.1411555,-34.9325752
1750,JORDÃO,AV MARIA IRENE,-8.1410493,-34.9319959
1751,JORDÃO,AV MARIA IRENE 1064,-8.1404174,-34.9232036
1752,JORDÃO,AV MARIA IRENE 1064,-8.1409458,-34.9309283
1753,JORDÃO,AV MARIA IRENE 116,-8.1402899,-34.9229515
1754,JORDÃO,AV MARIA IRENE 1225,-8.1405926,-34.9284607
1755,JORDÃO,AV MARIA IRENE 145,-8.1405502,-34.9281764
1756,JORDÃO,AV MARIA IRENE 1612,-8.1404971,-34.9257731
1757,JORDÃO,AV MARIA IRENE 1754,-8.1382654,-34.9360594
1758,JORDÃO,AV MARIA IRENE 184,-8.1404997,-34.9235013
1759,JORDÃO,AV MARIA IRENE 53,-8.1402076,-34.9226376
1760,JORDÃO,AV MARIA IRENE 805,-8.1406086,-34.9286646
1761,JORDÃO,AV MARIA IRENE 865,-8.1406444,-34.9286605
1762,JORDÃO,AV MARIA IRENE XX,-8.1405502,-34.9287128
1763,JORDÃO,AV MINISTRO APOLONIO SALES,-8.1346317,-34.946689
1764,JORDÃO,AV SANTOS DUMONT,-8.0373672,-34.8983422
1765,JORDÃO,RUA BAHIA 30,-8.1317176,-34.9368869
1766,JORDÃO,RUA CANAA,-8.1280759,-34.9386987
1767,JORDÃO,RUA DR ALVARO FERRAZ,-8.1334156,-34.937257
1768,JORDÃO,RUA DR ALVARO FERRAZ,-8.1312516,-34.938063
1769,JORDÃO,RUA DR ALVARO FERRAZ,-8.1334315,-34.9372584
1770,JORDÃO,RUA DR ALVARO FERRAZ 1,-8.133871,-34.9371108
1771,JORDÃO,RUA DR ALVARO FERRAZ 25,-8.1330306,-34.9374247
1772,JORDÃO,RUA DR ALVARO FERRAZ 42,-8.1340927,-34.9370304
1773,JORDÃO,RUA EMILIO MONTEIRO FONSECA XX,-8.1245444,-34.9364483
1774,JORDÃO,RUA NOVA CANAA,-8.1334023,-34.9372745
1775,JORDÃO,RUADRALVAROFERRAZ,-8.1311773,-34.9380684
1776,LINHA DO TIRO,RUA ALTO DA SERRINHA 478,-8.0121204,-34.9127906
1777,LINHA DO TIRO,RUA CORREGO DO EUCLIDES 1972,-8.010056,-34.9139151
1778,LINHA DO TIRO,RUA GUARUJA 170,-8.0045845,-34.8981652
1779,LINHA DO TIRO,RUA JOSE ARMANDO MACHADO,-8.1488993,-34.9162205
1780,LINHA DO TIRO,RUA URIEL DE HOLANDA 1063,-8.0086058,-34.9056378
1781,LINHA DO TIRO,RUA URIEL DE HOLANDA 1359,-8.008135,-34.9080458
1782,LINHA DO TIRO,RUA URIEL DE HOLANDA 1414,-8.0081171,-34.9087331
1783,LINHA DO TIRO,RUA URIEL DE HOLANDA 1472,-8.0080799,-34.9091998
1784,MACAXEIRA,AV NORTE,-8.0197876,-34.9266087
1785,MACAXEIRA,AV NORTE,-8.0168368,-34.9294907
1786,MACAXEIRA,AV NORTE,-8.0157479,-34.9311268
1787,MACAXEIRA,AV NORTE,-8.0118807,-34.9337018
1788,MACAXEIRA,AV NORTE,-8.0098621,-34.9358904
1789,MACAXEIRA,AV NORTE,-8.0160015,-34.9305582
1790,MACAXEIRA,AV NORTE,-8.015716,-34.9309498
1791,MACAXEIRA,AV NORTE,-8.0134478,-34.9314809
1792,MACAXEIRA,AV NORTE,-8.009214,-34.9364698
1793,MACAXEIRA,AV NORTE,-8.0142738,-34.9315345
1794,MACAXEIRA,AV NORTE,-8.0161277,-34.9304911
1795,MACAXEIRA,AV NORTE,-8.0139258,-34.9314621
1796,MACAXEIRA,AV NORTE,-8.0139099,-34.9315131
1797,MACAXEIRA,AV NORTE,-8.0146642,-34.9314272
1798,MACAXEIRA,AV NORTE,-8.0197757,-34.9266033
1799,MACAXEIRA,AV NORTE,-8.0096603,-34.9361479
1800,MACAXEIRA,AV NORTE 31,-8.016125,-34.930467
1801,MACAXEIRA,AV NORTE 7376,-8.0145474,-34.9314809
1802,MACAXEIRA,AV NORTE 8046,-8.0118674,-34.9337152
1803,MACAXEIRA,AV NORTE 8227,-8.0222391,-34.9152803
1804,MACAXEIRA,AV NORTE XX,-8.0111158,-34.9347103
1805,MACAXEIRA,RUA MARIA AMALIA 437,-8.00872,-34.9322534
1806,MACAXEIRA,RUA MARIA AMALIA XX,-8.0088621,-34.9323016
1807,MADALENA,ARRUDA,-8.0531473,-34.9068166
1808,MADALENA,AV BEIRA RIO,-8.0509596,-34.9050075
1809,MADALENA,AV BEIRA RIO,-8.0668249,-34.8963922
1810,MADALENA,AV BEIRA RIO 1041,-8.0491849,-34.9045683
1811,MADALENA,AV BEIRA RIO 855,-8.0513792,-34.9049941
1812,MADALENA,AV CAXANGA,-8.0524867,-34.9171793
1813,MADALENA,AV CAXANGA,-8.0571077,-34.9092373
1814,MADALENA,AV CAXANGA,-8.0530418,-34.9165463
1815,MADALENA,AV CAXANGA,-8.0579814,-34.9082825
1816,MADALENA,AV CAXANGA,-8.0521972,-34.9180537
1817,MADALENA,AV CAXANGA,-8.0528373,-34.916946
1818,MADALENA,AV CAXANGA 279,-8.0558303,-34.9115467
1819,MADALENA,AV CAXANGA XX,-8.055736,-34.9116882
1820,MADALENA,AV ENGENHEIRO ABDIAS DE CARVALHO,-8.0623899,-34.9164954
1821,MADALENA,AV ENGENHEIRO ABDIAS DE CARVALHO,-8.0616988,-34.9075831
1822,MADALENA,AV ENGENHEIRO ABDIAS DE CARVALHO,-8.0625015,-34.9153447
1823,MADALENA,AV ENGENHEIRO ABDIAS DE CARVALHO,-8.0617101,-34.9075931
1824,MADALENA,AV ENGENHEIRO ABDIAS DE CARVALHO,-8.0620872,-34.9097577
1825,MADALENA,AV ENGENHEIRO ABDIAS DE CARVALHO,-8.062135,-34.9096638
1826,MADALENA,AV JOSE GONCALVES DE MEDEIROS,-8.0598829,-34.9060723
1827,MADALENA,AV JOSE GONCALVES DE MEDEIROS,-8.0596851,-34.9063566
1828,MADALENA,AV JOSE GONCALVES DE MEDEIROS,-8.0599201,-34.9060589
1829,MADALENA,AV JOSE GONCALVES DE MEDEIROS,-8.0620819,-34.9059838
1830,MADALENA,AV JOSE GONCALVES DE MEDEIROS,-8.0584701,-34.90556
1831,MADALENA,AV JOSE GONCALVES DE MEDEIROS,-8.0597501,-34.9062735
1832,MADALENA,AV JOSE GONCALVES DE MEDEIROS 121,-8.0596413,-34.9064156
1833,MADALENA,AV VISCONDE DE ALBUQUERQUE,-8.0576256,-34.9070996
1834,MADALENA,AV VISCONDE DE ALBUQUERQUE,-8.0587888,-34.9072123
1835,MADALENA,AV VISCONDE DE ALBUQUERQUE,-8.0579682,-34.907164
1836,MADALENA,AV VISCONDE DE ALBUQUERQUE,-8.0574954,-34.9070808
1837,MADALENA,AV VISCONDE DE ALBUQUERQUE,-8.0540748,-34.9068072
1838,MADALENA,AV VISCONDE DE ALBUQUERQUE 400,-8.0549592,-34.9068877
1839,MADALENA,AV VISCONDE DE ALBUQUERQUE 836,-8.0508242,-34.9065498
1840,MADALENA,AVVISCONDEDEALBUQUERQUE401,-8.0546272,-34.9068716
1841,MADALENA,EST DOS REMEDIOS,-8.0589322,-34.9072337
1842,MADALENA,PRC DO INTERNACIONAL,-8.0582231,-34.9032936
1843,MADALENA,RUA ARLINDO GOUVEIA 100,-8.0570333,-34.9040124
1844,MADALENA,RUA BENFICA,-8.0581408,-34.9070191
1845,MADALENA,RUA BENFICA,-8.0581421,-34.9044053
1846,MADALENA,RUA BENFICA,-8.0581487,-34.9033928
1847,MADALENA,RUA BENFICA,-8.0581726,-34.9033123
1848,MADALENA,RUA BENFICA,-8.058077,-34.9053508
1849,MADALENA,RUA BENFICA,-8.05751,-34.9063674
1850,MADALENA,RUA BENFICA,-8.0583506,-34.904117
1851,MADALENA,RUA BENFICA,-8.0581195,-34.907054
1852,MADALENA,RUA BENFICA,-8.0581009,-34.9054661
1853,MADALENA,RUA BENFICA,-8.0587383,-34.9027839
1854,MADALENA,RUA BENFICA,-8.0601299,-34.9016896
1855,MADALENA,RUA BENFICA,-8.0580664,-34.9052811
1856,MADALENA,RUA BENFICA,-8.0584568,-34.9039695
1857,MADALENA,RUA BENFICA,-8.0580186,-34.9047768
1858,MADALENA,RUA BENFICA,-8.059304,-34.905619
1859,MADALENA,RUA BENFICA,-8.0581275,-34.9073142
1860,MADALENA,RUA BENFICA 257,-8.0595961,-34.9019551
1861,MADALENA,RUA BENFICA 286,-8.0591712,-34.9021214
1862,MADALENA,RUA BENFICA 715,-8.0584223,-34.9040258
1863,MADALENA,RUA BENFICA 870,-8.0581514,-34.9067536
1864,MADALENA,RUA BENFICA XX,-8.0581036,-34.9059141
1865,MADALENA,RUA GOMES TABORDA 1645,-8.0547361,-34.9260501
1866,MADALENA,RUA JANUARIO BARBOSA,-8.0506582,-34.9063043
1867,MADALENA,RUA JOAO IVO DA SILVA,-8.060345,-34.9100339
1868,MADALENA,RUA JOAO IVO DA SILVA XX,-8.0589136,-34.9096866
1869,MADALENA,RUA JOSE BONIFACIO,-8.0551664,-34.9068958
1870,MADALENA,RUA JOSE OSORIO,-8.0533525,-34.9068247
1871,MADALENA,RUA JOSE OSORIO,-8.0533233,-34.9067469
1872,MADALENA,RUA JOSE OSORIO,-8.0540563,-34.9132258
1873,MADALENA,RUA JOSE OSORIO,-8.0533445,-34.906987
1874,MADALENA,RUA JOSE OSORIO,-8.0535676,-34.9090147
1875,MADALENA,RUA JOSE OSORIO 464,-8.0538013,-34.9110478
1876,MADALENA,RUA JOSE OSORIO 644,-8.0537522,-34.9102861
1877,MADALENA,RUA JOSE OSORIO 865,-8.0539865,-34.9123487
1878,MADALENA,RUA JOSE OSORIO 970,-8.0540987,-34.9137568
1879,MADALENA,RUA JOSE OSORIO XX,-8.0535703,-34.9089557
1880,MADALENA,RUA NOBRE DE LACERDA 231,-8.0595138,-34.9097067
1881,MADALENA,RUA PADRE ANCHIETA,-8.047215,-34.9066329
1882,MADALENA,RUA PADRE LANDIM 302,-8.0488191,-34.9123567
1883,MADALENA,RUA REAL DA TORRE,-8.0552354,-34.9089557
1884,MADALENA,RUA REAL DA TORRE,-8.0524203,-34.90843
1885,MADALENA,RUA REAL DA TORRE,-8.0528134,-34.9085104
1886,MADALENA,RUA REAL DA TORRE,-8.0524708,-34.9084488
1887,MADALENA,RUA REAL DA TORRE,-8.0460146,-34.9096531
1888,MADALENA,RUA REAL DA TORRE 361,-8.0539341,-34.9089584
1889,MADALENA,RUA REAL DA TORRE 660,-8.0454834,-34.9098247
1890,MADALENA,RUA REAL DA TORRE 954,-8.0487075,-34.9087116
1891,MANGABEIRA,AV NORTE,-8.0121251,-34.9329722
1892,MANGABEIRA,AV NORTE,-8.0251606,-34.9080974
1893,MANGABEIRA,AV NORTE,-8.0260743,-34.9055493
1894,MANGABEIRA,AV PROFESSOR JOSE DOS ANJOS,-8.0267701,-34.8984843
1895,MANGABEIRA,AV PROFESSOR JOSE DOS ANJOS,-8.0262814,-34.9050772
1896,MANGABEIRA,RUA DA MANGABEIRA 60,-8.0249216,-34.904471
1897,MANGUEIRA,RUA SAO MIGUEL,-8.0809933,-34.9208017
1898,MANGUEIRA,RUA VINTE E UM DE ABRIL,-8.0750992,-34.918391
1899,MANGUEIRA,RUA VINTE E UM DE ABRIL 1384,-8.0750282,-34.9188074
1900,MANGUEIRA,RUA VINTE E UM DE ABRIL 1884,-8.0738205,-34.9231137
1901,MANGUEIRA,RUA VINTE E UM DE ABRIL 97,-8.071297,-34.9280155
1902,MUSTARDINHA,AV MANOEL GONCALVES DA LUZ,-8.0705003,-34.9178499
1903,MUSTARDINHA,AV MANOEL GONCALVES DA LUZ 241,-8.0662885,-34.9169326
1904,MUSTARDINHA,AV MANOEL GONCALVES DA LUZ 65,-8.0654546,-34.9167663
1905,MUSTARDINHA,AV MANOEL GONCALVES DA LUZ 740,-8.072589,-34.9182187
1906,MUSTARDINHA,RUA CARLOS GOMES 914,-8.0649241,-34.9138299
1907,MUSTARDINHA,RUA UBERABA 88,-8.0746823,-34.9165872
1908,MUSTARDINHA,RUA VINTE E UM DE ABRIL,-8.075084,-34.9183917
1909,MUSTARDINHA,RUA VINTE E UM DE ABRIL,-8.0726142,-34.924829
1910,MUSTARDINHA,RUA VINTE E UM DE ABRIL 1245,-8.0750999,-34.9183005
1911,MUSTARDINHA,RUA VINTE E UM DE ABRIL 1468,-8.0749485,-34.920162
1912,NOVA DESCOBERTA,AV DA RECUPERACAO 100,-8.0065766,-34.9377197
1913,NOVA DESCOBERTA,AV VEREADOR OTACILIO AZEVEDO,-7.9921831,-34.9286968
1914,NOVA DESCOBERTA,AV VEREADOR OTACILIO AZEVEDO,-8.0061702,-34.9135637
1915,NOVA DESCOBERTA,AV VEREADOR OTACILIO AZEVEDO,-8.0020958,-34.9200332
1916,NOVA DESCOBERTA,AV VEREADOR OTACILIO AZEVEDO,-7.993893,-34.9354606
1917,NOVA DESCOBERTA,AV VEREADOR OTACILIO AZEVEDO,-7.9985539,-34.9244991
1918,NOVA DESCOBERTA,AV VEREADOR OTACILIO AZEVEDO,-7.9987132,-34.9242255
1919,NOVA DESCOBERTA,AV VEREADOR OTACILIO AZEVEDO 238,-7.99885,-34.9240364
1920,NOVA DESCOBERTA,RUA ALTO DO RESERVATORIO,-7.9981209,-34.9376982
1921,NOVA DESCOBERTA,RUA NOVA DESCOBERTA,-8.0184835,-34.9260333
1922,NOVA DESCOBERTA,RUA NOVA DESCOBERTA,-8.019777,-34.9266207
1923,NOVA DESCOBERTA,RUA NOVA DESCOBERTA,-8.0107014,-34.9244106
1924,NOVA DESCOBERTA,RUA NOVA DESCOBERTA,-8.0012777,-34.9235684
1925,NOVA DESCOBERTA,RUA NOVA DESCOBERTA,-8.0130069,-34.9251026
1926,NOVA DESCOBERTA,RUA NOVA DESCOBERTA,-8.0006934,-34.9226296
1927,NOVA DESCOBERTA,RUA NOVA DESCOBERTA 1654,-8.0065022,-34.9241906
1928,NÃO INFORMADO,AV AFONSO OLINDENSE,-8.0359356,-34.9558327
1929,NÃO INFORMADO,AV DR JOSE RUFINO 2615,-8.0921804,-34.9477136
1930,NÃO INFORMADO,AV GOVERNADOR AGAMENON MAGALHAES,-8.0470981,-34.8914409
1931,NÃO INFORMADO,AV GOVERNADOR AGAMENON MAGALHAES,-8.0509543,-34.8948741
1932,NÃO INFORMADO,NÃO INFORMADO,-8.091246,-34.950181
1933,NÃO INFORMADO,NÃO INFORMADO,-8.116483,-34.898286
1934,NÃO INFORMADO,NÃO INFORMADO,-8.048482,-34.924826
1935,NÃO INFORMADO,NÃO INFORMADO,-8.051889,-34.921921
1936,NÃO INFORMADO,NÃO INFORMADO,-8.062459,-34.897309
1937,NÃO INFORMADO,NÃO INFORMADO,-8.11105,-34.891553
1938,NÃO INFORMADO,NÃO INFORMADO,-8.060839,-34.883952
1939,NÃO INFORMADO,NÃO INFORMADO,-8.058311,-34.886693
1940,NÃO INFORMADO,NÃO INFORMADO,-8.078488,-34.89982
1941,NÃO INFORMADO,NÃO INFORMADO,-8.034284,-34.921342
1942,NÃO INFORMADO,NÃO INFORMADO,-8.04896,-34.923941
1943,NÃO INFORMADO,NÃO INFORMADO,-8.078103,-34.906933
1944,NÃO INFORMADO,NÃO INFORMADO,-8.051645,-34.921744
1945,NÃO INFORMADO,NÃO INFORMADO,-8.036793,-34.885159
1946,NÃO INFORMADO,NÃO INFORMADO,-8.042403,-34.94089
1947,NÃO INFORMADO,NÃO INFORMADO,-8.013793,-34.889488
1948,NÃO INFORMADO,NÃO INFORMADO,-8.079614,-34.933959
1949,NÃO INFORMADO,NÃO INFORMADO,-8.012465,-34.931867
1950,NÃO INFORMADO,NÃO INFORMADO,-8.004598,-34.89378
1951,NÃO INFORMADO,NÃO INFORMADO,-8.120455,-34.959902
1952,NÃO INFORMADO,NÃO INFORMADO,-8.060935,-34.883645
1953,NÃO INFORMADO,NÃO INFORMADO,-8.118883,-34.896212
1954,NÃO INFORMADO,NÃO INFORMADO,-8.024582,-34.916224
1955,NÃO INFORMADO,NÃO INFORMADO,-8.021044,-34.919668
1956,NÃO INFORMADO,NÃO INFORMADO,-8.047182,-34.906693
1957,NÃO INFORMADO,NÃO INFORMADO,-8.062879,-34.87689
1958,NÃO INFORMADO,NÃO INFORMADO,-8.033138,-34.903469
1959,NÃO INFORMADO,NÃO INFORMADO,-8.064477,-34.926985
1960,NÃO INFORMADO,NÃO INFORMADO,-8.120285,-34.919448
1961,NÃO INFORMADO,NÃO INFORMADO,-8.062385,-34.873809
1962,NÃO INFORMADO,NÃO INFORMADO,-8.030711,-34.901724
1963,NÃO INFORMADO,NÃO INFORMADO,-8.085866,-34.888045
1964,NÃO INFORMADO,NÃO INFORMADO,-8.026659,-34.960245
1965,NÃO INFORMADO,NÃO INFORMADO,-8.094839,-34.913411
1966,NÃO INFORMADO,NÃO INFORMADO,-8.122494,-34.94369
1967,NÃO INFORMADO,NÃO INFORMADO,-8.073783,-34.918303
1968,NÃO INFORMADO,NÃO INFORMADO,-8.088749,-34.908092
1969,NÃO INFORMADO,NÃO INFORMADO,-8.065922,-34.923584
1970,NÃO INFORMADO,NÃO INFORMADO,-8.037431,-34.94457
1971,NÃO INFORMADO,NÃO INFORMADO,-8.061413,-34.92934
1972,NÃO INFORMADO,NÃO INFORMADO,-8.054173,-34.914014
1973,NÃO INFORMADO,NÃO INFORMADO,-8.035511,-34.905761
1974,NÃO INFORMADO,NÃO INFORMADO,-8.025044,-34.91782
1975,NÃO INFORMADO,NÃO INFORMADO,-8.084517,-34.90703
1976,NÃO INFORMADO,NÃO INFORMADO,-8.027303,-34.898307
1977,NÃO INFORMADO,NÃO INFORMADO,-8.036302,-34.880181
1978,NÃO INFORMADO,NÃO INFORMADO,-8.049061,-34.889945
1979,NÃO INFORMADO,NÃO INFORMADO,-7.964818,-34.924496
1980,NÃO INFORMADO,NÃO INFORMADO,-8.067128,-34.927731
1981,NÃO INFORMADO,NÃO INFORMADO,-8.042336,-34.892549
1982,NÃO INFORMADO,NÃO INFORMADO,-8.013764,-34.889512
1983,NÃO INFORMADO,NÃO INFORMADO,-8.029871,-34.925388
1984,NÃO INFORMADO,NÃO INFORMADO,-8.030433,-34.957096
1985,NÃO INFORMADO,NÃO INFORMADO,-8.05399,-34.897253
1986,NÃO INFORMADO,NÃO INFORMADO,-8.017376,-34.892256
1987,NÃO INFORMADO,NÃO INFORMADO,-8.05923,-34.898077
1988,NÃO INFORMADO,NÃO INFORMADO,-8.053182,-34.896647
1989,NÃO INFORMADO,NÃO INFORMADO,-8.051746,-34.921822
1990,NÃO INFORMADO,NÃO INFORMADO,-8.113339,-34.938889
1991,NÃO INFORMADO,NÃO INFORMADO,-8.041712,-34.872751
1992,NÃO INFORMADO,NÃO INFORMADO,-8.005101,-34.893435
1993,NÃO INFORMADO,NÃO INFORMADO,-8.080298,-34.909507
1994,NÃO INFORMADO,NÃO INFORMADO,-8.099483,-34.937977
1995,NÃO INFORMADO,NÃO INFORMADO,-8.056638,-34.89798
1996,NÃO INFORMADO,NÃO INFORMADO,-8.050784,-34.879285
1997,NÃO INFORMADO,NÃO INFORMADO,-8.036459,-34.872236
1998,NÃO INFORMADO,NÃO INFORMADO,-8.119061,-34.913934
1999,NÃO INFORMADO,NÃO INFORMADO,-8.059357,-34.883531
2000,NÃO INFORMADO,NÃO INFORMADO,-8.116201,-34.894686
2001,NÃO INFORMADO,NÃO INFORMADO,-8.048482,-34.887989
2002,NÃO INFORMADO,NÃO INFORMADO,-8.062596,-34.913155
2003,NÃO INFORMADO,NÃO INFORMADO,-8.111483,-34.912493
2004,NÃO INFORMADO,NÃO INFORMADO,-8.017219,-34.940775
2005,NÃO INFORMADO,NÃO INFORMADO,-8.034824,-34.911733
2006,NÃO INFORMADO,NÃO INFORMADO,-8.055915,-34.898484
2007,NÃO INFORMADO,NÃO INFORMADO,-8.03499,-34.879221
2008,NÃO INFORMADO,NÃO INFORMADO,-8.135431,-34.902996
2009,NÃO INFORMADO,NÃO INFORMADO,-8.034921,-34.891486
2010,NÃO INFORMADO,NÃO INFORMADO,-8.107651,-34.927071
2011,NÃO INFORMADO,NÃO INFORMADO,-8.043396,-34.933975
2012,NÃO INFORMADO,NÃO INFORMADO,-8.080698,-34.91458
2013,NÃO INFORMADO,NÃO INFORMADO,-8.051618,-34.918971
2014,NÃO INFORMADO,NÃO INFORMADO,-8.0825555,-34.9326825
2015,NÃO INFORMADO,NÃO INFORMADO,-8.1073165,-34.8905477
2016,NÃO INFORMADO,NÃO INFORMADO,-8.1088168,-34.9119115
2017,NÃO INFORMADO,NÃO INFORMADO,-8.1084982,-34.9134323
2018,NÃO INFORMADO,NÃO INFORMADO,-8.109563,-34.9086338
2019,NÃO INFORMADO,NÃO INFORMADO,-8.1368223,-34.9026257
2020,NÃO INFORMADO,NÃO INFORMADO,-8.1329085,-34.9162835
2021,NÃO INFORMADO,NÃO INFORMADO,-8.1086867,-34.9109244
2022,NÃO INFORMADO,NÃO INFORMADO,-8.0354098,-34.8790705
2023,NÃO INFORMADO,NÃO INFORMADO,-8.024085,-34.9118927
2024,NÃO INFORMADO,NÃO INFORMADO,-8.0849468,-34.9320495
2025,NÃO INFORMADO,NÃO INFORMADO,-8.0577663,-34.9094385
2026,NÃO INFORMADO,NÃO INFORMADO,-8.0621509,-34.8988062
2027,NÃO INFORMADO,NÃO INFORMADO,-8.113392,-34.9389106
2028,NÃO INFORMADO,NÃO INFORMADO,-8.0743005,-34.8893622
2029,NÃO INFORMADO,NÃO INFORMADO,-8.1046744,-34.8892736
2030,NÃO INFORMADO,NÃO INFORMADO,-8.0600449,-34.9017325
2031,NÃO INFORMADO,NÃO INFORMADO,-8.029434,-34.9217123
2032,NÃO INFORMADO,NÃO INFORMADO,-8.0321085,-34.908886
2033,NÃO INFORMADO,NÃO INFORMADO,-8.0581248,-34.9055654
2034,NÃO INFORMADO,NÃO INFORMADO,-8.0575778,-34.886924
2035,NÃO INFORMADO,NÃO INFORMADO,-8.1082671,-34.8883671
2036,NÃO INFORMADO,NÃO INFORMADO,-8.106403,-34.921288
2037,NÃO INFORMADO,NÃO INFORMADO,-8.0196575,-34.940705
2038,NÃO INFORMADO,NÃO INFORMADO,-8.062045,-34.908934
2039,NÃO INFORMADO,NÃO INFORMADO,-8.0915219,-34.959569
2040,NÃO INFORMADO,NÃO INFORMADO,-8.1405183,-34.9252743
2041,NÃO INFORMADO,NÃO INFORMADO,-8.0795082,-34.9336857
2042,NÃO INFORMADO,NÃO INFORMADO,-8.0518812,-34.8942813
2043,NÃO INFORMADO,NÃO INFORMADO,-8.0165553,-34.8915696
2044,NÃO INFORMADO,NÃO INFORMADO,-8.0456188,-34.9043691
2045,NÃO INFORMADO,NÃO INFORMADO,-8.0490063,-34.9086258
2046,NÃO INFORMADO,NÃO INFORMADO,-8.0275324,-34.9137166
2047,NÃO INFORMADO,NÃO INFORMADO,-8.1026881,-34.910565
2048,NÃO INFORMADO,NÃO INFORMADO,-8.0863277,-34.9378002
2049,NÃO INFORMADO,NÃO INFORMADO,-8.021275,-34.8930985
2050,NÃO INFORMADO,NÃO INFORMADO,-8.0296093,-34.9004209
2051,NÃO INFORMADO,NÃO INFORMADO,-8.0811068,-34.9050558
2052,NÃO INFORMADO,NÃO INFORMADO,-8.0252748,-34.893887
2053,NÃO INFORMADO,NÃO INFORMADO,-8.053958,-34.8815851
2054,NÃO INFORMADO,NÃO INFORMADO,-8.0525797,-34.9003217
2055,NÃO INFORMADO,NÃO INFORMADO,-8.071472,-34.877123
2056,NÃO INFORMADO,NÃO INFORMADO,-8.137162,-34.913564
2057,NÃO INFORMADO,NÃO INFORMADO,-8.048227,-34.896733
2058,NÃO INFORMADO,NÃO INFORMADO,-8.05246,-34.899477
2059,NÃO INFORMADO,NÃO INFORMADO,-8.033128,-34.93081
2060,NÃO INFORMADO,NÃO INFORMADO,-8.015727,-34.93993
2061,NÃO INFORMADO,NÃO INFORMADO,-8.088909,-34.929614
2062,NÃO INFORMADO,NÃO INFORMADO,-8.032151,-34.88135
2063,NÃO INFORMADO,NÃO INFORMADO,-8.090279,-34.884585
2064,NÃO INFORMADO,NÃO INFORMADO,-8.047045,-34.877692
2065,NÃO INFORMADO,NÃO INFORMADO,-8.114274,-34.921436
2066,NÃO INFORMADO,NÃO INFORMADO,-8.114513,-34.913081
2067,NÃO INFORMADO,NÃO INFORMADO,-8.02872,-34.95752
2068,NÃO INFORMADO,NÃO INFORMADO,-8.062393,-34.916747
2069,NÃO INFORMADO,NÃO INFORMADO,-8.035954,-34.989084
2070,NÃO INFORMADO,NÃO INFORMADO,-8.136642,-34.906273
2071,NÃO INFORMADO,NÃO INFORMADO,-8.135495,-34.903248
2072,NÃO INFORMADO,NÃO INFORMADO,-8.062305,-34.874151
2073,NÃO INFORMADO,NÃO INFORMADO,-8.109515,-34.908864
2074,NÃO INFORMADO,NÃO INFORMADO,-8.03626,-34.909833
2075,NÃO INFORMADO,NÃO INFORMADO,-8.081951,-34.923069
2076,NÃO INFORMADO,NÃO INFORMADO,-8.0655528,-34.8788479
2077,NÃO INFORMADO,NÃO INFORMADO,-8.046713,-34.9011585
2078,NÃO INFORMADO,NÃO INFORMADO,-8.0260849,-34.9178016
2079,NÃO INFORMADO,NÃO INFORMADO,-8.017044,-34.9293298
2080,NÃO INFORMADO,NÃO INFORMADO,-8.1114589,-34.8906523
2081,NÃO INFORMADO,NÃO INFORMADO,-8.0916334,-34.9600089
2082,NÃO INFORMADO,NÃO INFORMADO,-8.012561,-34.931781
2083,NÃO INFORMADO,NÃO INFORMADO,-8.032831,-34.88436
2084,NÃO INFORMADO,NÃO INFORMADO,-8.100683,-34.928096
2085,NÃO INFORMADO,NÃO INFORMADO,-8.106759,-34.914637
2086,NÃO INFORMADO,NÃO INFORMADO,-8.050487,-34.932661
2087,NÃO INFORMADO,NÃO INFORMADO,-8.049605,-34.954666
2088,NÃO INFORMADO,NÃO INFORMADO,-8.090784,-34.956699
2089,NÃO INFORMADO,NÃO INFORMADO,-8.084793,-34.88716
2090,NÃO INFORMADO,NÃO INFORMADO,-8.076215,-34.9091
2091,NÃO INFORMADO,NÃO INFORMADO,-8.122911,-34.914586
2092,NÃO INFORMADO,NÃO INFORMADO,-8.058937,-34.938283
2093,NÃO INFORMADO,NÃO INFORMADO,-8.069135,-34.917533
2094,NÃO INFORMADO,NÃO INFORMADO,-8.05126,-34.9198
2095,NÃO INFORMADO,NÃO INFORMADO,-8.032188,-34.878641
2096,NÃO INFORMADO,NÃO INFORMADO,-8.056178,-34.90008
2097,NÃO INFORMADO,NÃO INFORMADO,-8.094937,-34.911598
2098,NÃO INFORMADO,NÃO INFORMADO,-8.03217,-34.881332
2099,NÃO INFORMADO,NÃO INFORMADO,-8.036562,-34.89503
2100,NÃO INFORMADO,NÃO INFORMADO,-8.06516,-34.919145
2101,NÃO INFORMADO,NÃO INFORMADO,-8.053071,-34.916518
2102,NÃO INFORMADO,NÃO INFORMADO,-8.043109,-34.947156
2103,NÃO INFORMADO,NÃO INFORMADO,-8.00725,-34.890534
2104,NÃO INFORMADO,NÃO INFORMADO,-8.070718,-34.928691
2105,NÃO INFORMADO,NÃO INFORMADO,-8.075408,-34.892718
2106,NÃO INFORMADO,NÃO INFORMADO,-8.058688,-34.925145
2107,NÃO INFORMADO,NÃO INFORMADO,-8.006008,-34.892091
2108,NÃO INFORMADO,NÃO INFORMADO,-8.027272,-34.893056
2109,NÃO INFORMADO,NÃO INFORMADO,-8.020667,-34.8929
2110,NÃO INFORMADO,NÃO INFORMADO,-8.091248,-34.908478
2111,NÃO INFORMADO,NÃO INFORMADO,-8.059378,-34.906705
2112,NÃO INFORMADO,NÃO INFORMADO,-8.082666,-34.947172
2113,NÃO INFORMADO,NÃO INFORMADO,-8.14202,-34.911496
2114,NÃO INFORMADO,NÃO INFORMADO,-8.090903,-34.957311
2115,NÃO INFORMADO,NÃO INFORMADO,-8.05318,-34.905592
2116,NÃO INFORMADO,NÃO INFORMADO,-8.062411,-34.910712
2117,NÃO INFORMADO,NÃO INFORMADO,-8.041813,-34.92499
2118,NÃO INFORMADO,NÃO INFORMADO,-8.038572,-34.891985
2119,NÃO INFORMADO,NÃO INFORMADO,-8.004784,-34.921739
2120,NÃO INFORMADO,NÃO INFORMADO,-8.029623,-34.958469
2121,NÃO INFORMADO,NÃO INFORMADO,-8.119879,-34.943443
2122,NÃO INFORMADO,NÃO INFORMADO,-8.114546,-34.893678
2123,NÃO INFORMADO,NÃO INFORMADO,-8.106954,-34.927212
2124,NÃO INFORMADO,NÃO INFORMADO,-8.034472,-34.894026
2125,NÃO INFORMADO,NÃO INFORMADO,-8.127863,-34.949012
2126,NÃO INFORMADO,NÃO INFORMADO,-8.032302,-34.904282
2127,NÃO INFORMADO,NÃO INFORMADO,-8.029127,-34.908695
2128,NÃO INFORMADO,NÃO INFORMADO,-8.029791,-34.900727
2129,NÃO INFORMADO,NÃO INFORMADO,-8.052423,-34.908872
2130,NÃO INFORMADO,NÃO INFORMADO,-8.059223,-34.898114
2131,NÃO INFORMADO,NÃO INFORMADO,-8.07195,-34.907997
2132,NÃO INFORMADO,NÃO INFORMADO,-8.046692,-34.927868
2133,NÃO INFORMADO,NÃO INFORMADO,-8.091763,-34.936098
2134,NÃO INFORMADO,NÃO INFORMADO,-8.054407,-34.923367
2135,NÃO INFORMADO,NÃO INFORMADO,-8.141286,-34.917836
2136,NÃO INFORMADO,NÃO INFORMADO,-8.0574078,-34.9070781
2137,NÃO INFORMADO,NÃO INFORMADO,-8.045876,-34.879097
2138,NÃO INFORMADO,NÃO INFORMADO,-8.142849,-34.907212
2139,NÃO INFORMADO,NÃO INFORMADO,-8.131305,-34.91609
2140,NÃO INFORMADO,NÃO INFORMADO,-8.080278,-34.907679
2141,NÃO INFORMADO,NÃO INFORMADO,-8.124114,-34.903534
2142,NÃO INFORMADO,NÃO INFORMADO,-8.0552938,-34.9003351
2143,NÃO INFORMADO,NÃO INFORMADO,-8.1123086,-34.9023306
2144,NÃO INFORMADO,NÃO INFORMADO,-8.0067492,-34.9364108
2145,NÃO INFORMADO,NÃO INFORMADO,-8.00242,-34.902062
2146,NÃO INFORMADO,NÃO INFORMADO,-8.06491,-34.91657
2147,NÃO INFORMADO,NÃO INFORMADO,-8.051042,-34.8951074
2148,NÃO INFORMADO,NÃO INFORMADO,-8.0255325,-34.8934096
2149,NÃO INFORMADO,NÃO INFORMADO,-8.106876,-34.91137
2150,NÃO INFORMADO,NÃO INFORMADO,-8.049722,-34.874082
2151,NÃO INFORMADO,NÃO INFORMADO,-8.0840439,-34.9263042
2152,NÃO INFORMADO,NÃO INFORMADO,-8.1200596,-34.9502993
2153,NÃO INFORMADO,NÃO INFORMADO,-8.0072207,-34.8905396
2154,NÃO INFORMADO,NÃO INFORMADO,-8.035521,-34.912676
2155,NÃO INFORMADO,NÃO INFORMADO,-8.041446,-34.936341
2156,NÃO INFORMADO,NÃO INFORMADO,-8.085342,-34.93191
2157,NÃO INFORMADO,NÃO INFORMADO,-8.052067,-34.895193
2158,NÃO INFORMADO,NÃO INFORMADO,-8.052064,-34.949704
2159,NÃO INFORMADO,NÃO INFORMADO,-8.03759,-34.972122
2160,NÃO INFORMADO,NÃO INFORMADO,-8.068689,-34.875621
2161,NÃO INFORMADO,NÃO INFORMADO,-8.080635,-34.906421
2162,NÃO INFORMADO,NÃO INFORMADO,-8.109555,-34.90865
2163,NÃO INFORMADO,NÃO INFORMADO,-8.057161,-34.891075
2164,NÃO INFORMADO,NÃO INFORMADO,-8.048423,-34.924904
2165,NÃO INFORMADO,NÃO INFORMADO,-8.010998,-34.88918
2166,NÃO INFORMADO,NÃO INFORMADO,-8.11831,-34.945155
2167,NÃO INFORMADO,NÃO INFORMADO,-8.021023,-34.919671
2168,NÃO INFORMADO,NÃO INFORMADO,-8.111852,-34.943304
2169,NÃO INFORMADO,NÃO INFORMADO,-8.038275,-34.879392
2170,NÃO INFORMADO,NÃO INFORMADO,-8.033861,-34.885842
2171,NÃO INFORMADO,NÃO INFORMADO,-8.036916,-34.890462
2172,NÃO INFORMADO,NÃO INFORMADO,-8.113853,-34.925799
2173,NÃO INFORMADO,NÃO INFORMADO,-8.092287,-34.882171
2174,NÃO INFORMADO,NÃO INFORMADO,-8.113541,-34.897712
2175,NÃO INFORMADO,NÃO INFORMADO,-8.143274,-34.908779
2176,NÃO INFORMADO,NÃO INFORMADO,-8.151091,-34.907786
2177,NÃO INFORMADO,NÃO INFORMADO,-8.043938,-34.888359
2178,NÃO INFORMADO,NÃO INFORMADO,-8.052431,-34.922241
2179,NÃO INFORMADO,NÃO INFORMADO,-8.088667,-34.929845
2180,NÃO INFORMADO,NÃO INFORMADO,-8.081789,-34.945318
2181,NÃO INFORMADO,NÃO INFORMADO,-8.089931,-34.934225
2182,NÃO INFORMADO,NÃO INFORMADO,-8.02749,-34.913886
2183,NÃO INFORMADO,NÃO INFORMADO,-8.058592,-34.87251
2184,NÃO INFORMADO,NÃO INFORMADO,-8.039157,-34.929802
2185,NÃO INFORMADO,NÃO INFORMADO,-8.046763,-34.890196
2186,NÃO INFORMADO,NÃO INFORMADO,-8.021349,-34.893678
2187,NÃO INFORMADO,NÃO INFORMADO,-8.087371,-34.891245
2188,NÃO INFORMADO,NÃO INFORMADO,-8.031661,-34.875635
2189,NÃO INFORMADO,NÃO INFORMADO,-8.053984,-34.881556
2190,NÃO INFORMADO,NÃO INFORMADO,-8.09467,-34.909409
2191,NÃO INFORMADO,NÃO INFORMADO,-8.062454,-34.897301
2192,NÃO INFORMADO,NÃO INFORMADO,-8.076276,-34.895459
2193,NÃO INFORMADO,NÃO INFORMADO,-8.096849,-34.92875
2194,NÃO INFORMADO,NÃO INFORMADO,-8.075004,-34.945761
2195,NÃO INFORMADO,NÃO INFORMADO,-8.020927,-34.896172
2196,NÃO INFORMADO,NÃO INFORMADO,-8.056128,-34.941845
2197,NÃO INFORMADO,NÃO INFORMADO,-8.046951,-34.879856
2198,NÃO INFORMADO,NÃO INFORMADO,-8.067992,-34.882108
2199,NÃO INFORMADO,NÃO INFORMADO,-8.060783,-34.924252
2200,NÃO INFORMADO,NÃO INFORMADO,-8.004595,-34.895553
2201,NÃO INFORMADO,NÃO INFORMADO,-8.014683,-34.902296
2202,NÃO INFORMADO,NÃO INFORMADO,-8.088171,-34.879344
2203,NÃO INFORMADO,NÃO INFORMADO,-8.064082,-34.878462
2204,NÃO INFORMADO,NÃO INFORMADO,-8.118304,-34.894788
2205,NÃO INFORMADO,NÃO INFORMADO,-8.10708,-34.914977
2206,NÃO INFORMADO,NÃO INFORMADO,-8.048136,-34.892876
2207,NÃO INFORMADO,NÃO INFORMADO,-8.076714,-34.894102
2208,NÃO INFORMADO,NÃO INFORMADO,-8.051466,-34.895077
2209,NÃO INFORMADO,NÃO INFORMADO,-8.048721,-34.924024
2210,NÃO INFORMADO,NÃO INFORMADO,-8.042626,-34.87682
2211,NÃO INFORMADO,NÃO INFORMADO,-8.077548,-34.892487
2212,NÃO INFORMADO,NÃO INFORMADO,-8.080315,-34.911335
2213,NÃO INFORMADO,NÃO INFORMADO,-8.014404,-34.929587
2214,NÃO INFORMADO,NÃO INFORMADO,-8.058147,-34.906783
2215,NÃO INFORMADO,NÃO INFORMADO,-8.086057,-34.953043
2216,NÃO INFORMADO,NÃO INFORMADO,-8.047496,-34.909153
2217,NÃO INFORMADO,NÃO INFORMADO,-8.077747,-34.905871
2218,NÃO INFORMADO,NÃO INFORMADO,-8.022177,-34.919973
2219,NÃO INFORMADO,NÃO INFORMADO,-8.036938,-34.890499
2220,NÃO INFORMADO,NÃO INFORMADO,-8.141766,-34.917721
2221,NÃO INFORMADO,NÃO INFORMADO,-8.073379,-34.885164
2222,NÃO INFORMADO,NÃO INFORMADO,-8.029737,-34.907725
2223,NÃO INFORMADO,NÃO INFORMADO,-8.130391,-34.910801
2224,NÃO INFORMADO,NÃO INFORMADO,-8.020542,-34.927458
2225,NÃO INFORMADO,NÃO INFORMADO,-8.125362,-34.913709
2226,NÃO INFORMADO,NÃO INFORMADO,-8.029617,-34.900485
2227,NÃO INFORMADO,NÃO INFORMADO,-8.028024,-34.89183
2228,NÃO INFORMADO,NÃO INFORMADO,-8.046312,-34.909546
2229,NÃO INFORMADO,NÃO INFORMADO,-8.091697,-34.936067
2230,NÃO INFORMADO,NÃO INFORMADO,-8.031046,-34.898506
2231,NÃO INFORMADO,NÃO INFORMADO,-8.037229,-34.873057
2232,NÃO INFORMADO,NÃO INFORMADO,-8.036809,-34.872164
2233,NÃO INFORMADO,NÃO INFORMADO,-8.056061,-34.894254
2234,NÃO INFORMADO,NÃO INFORMADO,-8.09085,-34.951158
2235,NÃO INFORMADO,NÃO INFORMADO,-8.018762,-34.893029
2236,NÃO INFORMADO,NÃO INFORMADO,-8.135365,-34.908535
2237,NÃO INFORMADO,NÃO INFORMADO,-8.063258,-34.87958
2238,NÃO INFORMADO,NÃO INFORMADO,-8.061973,-34.900083
2239,NÃO INFORMADO,NÃO INFORMADO,-8.06389,-34.882705
2240,NÃO INFORMADO,NÃO INFORMADO,-8.04858,-34.914942
2241,NÃO INFORMADO,NÃO INFORMADO,-8.029479,-34.908135
2242,NÃO INFORMADO,NÃO INFORMADO,-8.016553,-34.891591
2243,NÃO INFORMADO,NÃO INFORMADO,-8.037978,-34.892626
2244,NÃO INFORMADO,NÃO INFORMADO,-8.050853,-34.894981
2245,NÃO INFORMADO,NÃO INFORMADO,-8.063593,-34.93485
2246,NÃO INFORMADO,NÃO INFORMADO,-8.031819,-34.939329
2247,NÃO INFORMADO,NÃO INFORMADO,-7.9966348,-34.9091756
2248,NÃO INFORMADO,NÃO INFORMADO,-8.052181,-34.918105
2249,NÃO INFORMADO,NÃO INFORMADO,-8.097704,-34.928434
2250,NÃO INFORMADO,NÃO INFORMADO,-8.051321,-34.919357
2251,NÃO INFORMADO,NÃO INFORMADO,-8.027004,-34.904315
2252,NÃO INFORMADO,NÃO INFORMADO,-8.043653,-34.897267
2253,NÃO INFORMADO,NÃO INFORMADO,-8.140927,-34.933865
2254,NÃO INFORMADO,NÃO INFORMADO,-8.127168,-34.897878
2255,NÃO INFORMADO,NÃO INFORMADO,-8.05177,-34.880013
2256,NÃO INFORMADO,NÃO INFORMADO,-8.038572,-34.892009
2257,NÃO INFORMADO,NÃO INFORMADO,-8.078709,-34.891615
2258,NÃO INFORMADO,NÃO INFORMADO,-8.111857,-34.88999
2259,NÃO INFORMADO,NÃO INFORMADO,-8.109329,-34.926398
2260,NÃO INFORMADO,NÃO INFORMADO,-8.084787,-34.955664
2261,NÃO INFORMADO,NÃO INFORMADO,-8.055538,-34.923708
2262,NÃO INFORMADO,NÃO INFORMADO,-8.048433,-34.919168
2263,NÃO INFORMADO,NÃO INFORMADO,-8.058746,-34.90721
2264,NÃO INFORMADO,NÃO INFORMADO,-8.002622,-34.897419
2265,NÃO INFORMADO,NÃO INFORMADO,-8.0318,-34.876217
2266,NÃO INFORMADO,NÃO INFORMADO,-8.049961,-34.873829
2267,NÃO INFORMADO,NÃO INFORMADO,-8.066035,-34.895465
2268,NÃO INFORMADO,NÃO INFORMADO,-8.054044,-34.87813
2269,NÃO INFORMADO,NÃO INFORMADO,-8.102707,-34.910592
2270,NÃO INFORMADO,NÃO INFORMADO,-8.061429,-34.903092
2271,NÃO INFORMADO,NÃO INFORMADO,-8.111342,-34.919958
2272,NÃO INFORMADO,NÃO INFORMADO,-8.034658,-34.880817
2273,NÃO INFORMADO,NÃO INFORMADO,-8.04524,-34.893741
2274,NÃO INFORMADO,NÃO INFORMADO,-8.061267,-34.894989
2275,NÃO INFORMADO,NÃO INFORMADO,-8.058474,-34.943773
2276,NÃO INFORMADO,NÃO INFORMADO,-8.040751,-34.941024
2277,NÃO INFORMADO,NÃO INFORMADO,-8.064015,-34.897546
2278,NÃO INFORMADO,NÃO INFORMADO,-8.104802,-34.889339
2279,NÃO INFORMADO,NÃO INFORMADO,-8.0827,-34.906043
2280,NÃO INFORMADO,NÃO INFORMADO,-8.036592,-34.89195
2281,NÃO INFORMADO,NÃO INFORMADO,-8.071507,-34.909379
2282,NÃO INFORMADO,NÃO INFORMADO,-8.039524,-34.878832
2283,NÃO INFORMADO,NÃO INFORMADO,-8.132202,-34.916128
2284,NÃO INFORMADO,NÃO INFORMADO,-8.114714,-34.906987
2285,NÃO INFORMADO,NÃO INFORMADO,-8.086075,-34.887825
2286,NÃO INFORMADO,NÃO INFORMADO,-8.053252,-34.896052
2287,NÃO INFORMADO,NÃO INFORMADO,-8.063582,-34.89555
2288,NÃO INFORMADO,NÃO INFORMADO,-8.030095,-34.892498
2289,NÃO INFORMADO,NÃO INFORMADO,-8.086936,-34.885207
2290,NÃO INFORMADO,NÃO INFORMADO,-8.095621,-34.885865
2291,NÃO INFORMADO,NÃO INFORMADO,-8.018882,-34.909755
2292,NÃO INFORMADO,NÃO INFORMADO,-8.052513,-34.908481
2293,NÃO INFORMADO,NÃO INFORMADO,-8.031699,-34.892162
2294,NÃO INFORMADO,NÃO INFORMADO,-8.006749,-34.886865
2295,NÃO INFORMADO,NÃO INFORMADO,-8.052718,-34.908513
2296,NÃO INFORMADO,NÃO INFORMADO,-8.050941,-34.879387
2297,NÃO INFORMADO,NÃO INFORMADO,-8.094095,-34.929088
2298,NÃO INFORMADO,NÃO INFORMADO,-8.053599,-34.89632
2299,NÃO INFORMADO,NÃO INFORMADO,-8.080249,-34.90689
2300,NÃO INFORMADO,NÃO INFORMADO,-8.136214,-34.902394
2301,NÃO INFORMADO,NÃO INFORMADO,-8.096132,-34.928756
2302,NÃO INFORMADO,NÃO INFORMADO,-8.051213,-34.933046
2303,NÃO INFORMADO,NÃO INFORMADO,-8.040767,-34.888152
2304,NÃO INFORMADO,NÃO INFORMADO,-8.0285,-34.926265
2305,NÃO INFORMADO,NÃO INFORMADO,-8.039396,-34.940879
2306,NÃO INFORMADO,NÃO INFORMADO,-8.05046,-34.921052
2307,NÃO INFORMADO,NÃO INFORMADO,-8.062726,-34.871432
2308,NÃO INFORMADO,NÃO INFORMADO,-8.036801,-34.919843
2309,NÃO INFORMADO,NÃO INFORMADO,-8.085159,-34.88683
2310,NÃO INFORMADO,NÃO INFORMADO,-8.119586,-34.90081
2311,NÃO INFORMADO,NÃO INFORMADO,-8.117011,-34.893182
2312,NÃO INFORMADO,NÃO INFORMADO,-8.035643,-34.920205
2313,NÃO INFORMADO,NÃO INFORMADO,-8.087108,-34.882744
2314,NÃO INFORMADO,NÃO INFORMADO,-8.029745,-34.890384
2315,NÃO INFORMADO,NÃO INFORMADO,-8.052885,-34.908548
2316,NÃO INFORMADO,NÃO INFORMADO,-8.047515,-34.92658
2317,NÃO INFORMADO,NÃO INFORMADO,-8.079752,-34.97077
2318,NÃO INFORMADO,NÃO INFORMADO,-8.019695,-34.894595
2319,NÃO INFORMADO,NÃO INFORMADO,-8.032167,-34.88135
2320,NÃO INFORMADO,NÃO INFORMADO,-8.040623,-34.943379
2321,NÃO INFORMADO,NÃO INFORMADO,-8.126671,-34.946579
2322,NÃO INFORMADO,NÃO INFORMADO,-8.088503,-34.951466
2323,NÃO INFORMADO,NÃO INFORMADO,-8.073544,-34.918311
2324,NÃO INFORMADO,NÃO INFORMADO,-8.02753,-34.913711
2325,NÃO INFORMADO,NÃO INFORMADO,-8.091657,-34.949241
2326,NÃO INFORMADO,NÃO INFORMADO,-8.071483,-34.895303
2327,NÃO INFORMADO,NÃO INFORMADO,-8.049524,-34.887541
2328,NÃO INFORMADO,NÃO INFORMADO,-8.047288,-34.909225
2329,NÃO INFORMADO,NÃO INFORMADO,-8.122983,-34.90666
2330,NÃO INFORMADO,NÃO INFORMADO,-8.049156,-34.944087
2331,NÃO INFORMADO,NÃO INFORMADO,-8.080687,-34.914122
2332,NÃO INFORMADO,NÃO INFORMADO,-8.064666,-34.904597
2333,NÃO INFORMADO,NÃO INFORMADO,-8.097162,-34.909798
2334,NÃO INFORMADO,NÃO INFORMADO,-8.127951,-34.901384
2335,NÃO INFORMADO,NÃO INFORMADO,-8.023365,-34.930537
2336,NÃO INFORMADO,NÃO INFORMADO,-8.048784,-34.892693
2337,NÃO INFORMADO,NÃO INFORMADO,-8.047082,-34.927211
2338,NÃO INFORMADO,NÃO INFORMADO,-8.080321,-34.909433
2339,NÃO INFORMADO,NÃO INFORMADO,-8.108963,-34.911961
2340,NÃO INFORMADO,NÃO INFORMADO,-8.098086,-34.886473
2341,NÃO INFORMADO,NÃO INFORMADO,-8.106769,-34.925848
2342,NÃO INFORMADO,NÃO INFORMADO,-8.122999,-34.908087
2343,NÃO INFORMADO,NÃO INFORMADO,-8.117837,-34.896746
2344,NÃO INFORMADO,NÃO INFORMADO,-8.085648,-34.952359
2345,NÃO INFORMADO,NÃO INFORMADO,-8.057599,-34.908768
2346,NÃO INFORMADO,NÃO INFORMADO,-8.015326,-34.931172
2347,NÃO INFORMADO,NÃO INFORMADO,-8.120338,-34.901075
2348,NÃO INFORMADO,NÃO INFORMADO,-8.055679,-34.900126
2349,NÃO INFORMADO,NÃO INFORMADO,-8.054263,-34.91406
2350,NÃO INFORMADO,NÃO INFORMADO,-8.074686,-34.890507
2351,NÃO INFORMADO,NÃO INFORMADO,-8.119523,-34.900973
2352,NÃO INFORMADO,NÃO INFORMADO,-8.026813,-34.897894
2353,NÃO INFORMADO,NÃO INFORMADO,-8.061729,-34.930054
2354,NÃO INFORMADO,NÃO INFORMADO,-8.031184,-34.902218
2355,NÃO INFORMADO,NÃO INFORMADO,-8.06393,-34.872939
2356,NÃO INFORMADO,NÃO INFORMADO,-8.080299,-34.910388
2357,NÃO INFORMADO,NÃO INFORMADO,-8.056523,-34.892795
2358,NÃO INFORMADO,NÃO INFORMADO,-8.067712,-34.928155
2359,NÃO INFORMADO,NÃO INFORMADO,-8.047204,-34.926857
2360,NÃO INFORMADO,NÃO INFORMADO,-8.110949,-34.926631
2361,NÃO INFORMADO,NÃO INFORMADO,-8.026011,-34.917791
2362,NÃO INFORMADO,NÃO INFORMADO,-8.079498,-34.892986
2363,NÃO INFORMADO,NÃO INFORMADO,-8.04931,-34.887629
2364,NÃO INFORMADO,NÃO INFORMADO,-8.048535,-34.887946
2365,NÃO INFORMADO,NÃO INFORMADO,-8.068392,-34.924512
2366,NÃO INFORMADO,NÃO INFORMADO,-8.143179,-34.908961
2367,NÃO INFORMADO,NÃO INFORMADO,-8.05924,-34.887149
2368,NÃO INFORMADO,NÃO INFORMADO,-8.10198,-34.888025
2369,NÃO INFORMADO,NÃO INFORMADO,-8.065457,-34.895649
2370,NÃO INFORMADO,NÃO INFORMADO,-8.04696,-34.927361
2371,NÃO INFORMADO,NÃO INFORMADO,-8.134836,-34.906247
2372,NÃO INFORMADO,NÃO INFORMADO,-8.030834,-34.901773
2373,NÃO INFORMADO,NÃO INFORMADO,-8.140054,-34.910737
2374,NÃO INFORMADO,NÃO INFORMADO,-8.067284,-34.893812
2375,NÃO INFORMADO,NÃO INFORMADO,-8.001958,-34.92366
2376,NÃO INFORMADO,NÃO INFORMADO,-8.047611,-34.92642
2377,NÃO INFORMADO,NÃO INFORMADO,-8.043237,-34.886795
2378,NÃO INFORMADO,NÃO INFORMADO,-8.011318,-34.889276
2379,NÃO INFORMADO,NÃO INFORMADO,-8.14499,-34.905066
2380,NÃO INFORMADO,NÃO INFORMADO,-8.089735,-34.929697
2381,NÃO INFORMADO,NÃO INFORMADO,-8.021958,-34.900137
2382,NÃO INFORMADO,NÃO INFORMADO,-8.092303,-34.937693
2383,NÃO INFORMADO,NÃO INFORMADO,-8.114295,-34.907201
2384,NÃO INFORMADO,NÃO INFORMADO,-8.054773,-34.935064
2385,NÃO INFORMADO,NÃO INFORMADO,-8.048038,-34.896821
2386,NÃO INFORMADO,NÃO INFORMADO,-8.1008,-34.887581
2387,NÃO INFORMADO,NÃO INFORMADO,-8.114284,-34.912405
2388,NÃO INFORMADO,NÃO INFORMADO,-8.007631,-34.890196
2389,NÃO INFORMADO,NÃO INFORMADO,-8.04819,-34.93136
2390,NÃO INFORMADO,NÃO INFORMADO,-8.082708,-34.933039
2391,NÃO INFORMADO,NÃO INFORMADO,-8.061439,-34.902749
2392,NÃO INFORMADO,NÃO INFORMADO,-8.118304,-34.894783
2393,NÃO INFORMADO,NÃO INFORMADO,-8.062592,-34.932452
2394,NÃO INFORMADO,NÃO INFORMADO,-8.046336,-34.904238
2395,NÃO INFORMADO,NÃO INFORMADO,-8.04722,-34.877389
2396,NÃO INFORMADO,NÃO INFORMADO,-8.086429,-34.909691
2397,NÃO INFORMADO,NÃO INFORMADO,-8.07899,-34.892095
2398,NÃO INFORMADO,NÃO INFORMADO,-8.041824,-34.883823
2399,NÃO INFORMADO,NÃO INFORMADO,-8.111469,-34.912271
2400,NÃO INFORMADO,NÃO INFORMADO,-8.035588,-34.948094
2401,NÃO INFORMADO,NÃO INFORMADO,-8.11131,-34.9127
2402,NÃO INFORMADO,NÃO INFORMADO,-8.073586,-34.918292
2403,NÃO INFORMADO,NÃO INFORMADO,-8.030085,-34.957734
2404,NÃO INFORMADO,NÃO INFORMADO,-8.055384,-34.924228
2405,NÃO INFORMADO,NÃO INFORMADO,-8.091274,-34.908458
2406,NÃO INFORMADO,NÃO INFORMADO,-8.061205,-34.903819
2407,NÃO INFORMADO,NÃO INFORMADO,-8.067664,-34.875219
2408,NÃO INFORMADO,NÃO INFORMADO,-8.137045,-34.936963
2409,NÃO INFORMADO,NÃO INFORMADO,-8.134106,-34.905133
2410,NÃO INFORMADO,NÃO INFORMADO,-8.109717,-34.913682
2411,NÃO INFORMADO,NÃO INFORMADO,-8.063657,-34.935054
2412,NÃO INFORMADO,NÃO INFORMADO,-8.038711,-34.932519
2413,NÃO INFORMADO,NÃO INFORMADO,-8.017777,-34.928724
2414,NÃO INFORMADO,NÃO INFORMADO,-8.035952,-34.955851
2415,NÃO INFORMADO,NÃO INFORMADO,-8.088256,-34.885712
2416,NÃO INFORMADO,NÃO INFORMADO,-8.024045,-34.912579
2417,NÃO INFORMADO,NÃO INFORMADO,-8.061322,-34.932122
2418,NÃO INFORMADO,NÃO INFORMADO,-8.085388,-34.889713
2419,NÃO INFORMADO,NÃO INFORMADO,-8.039548,-34.878931
2420,NÃO INFORMADO,NÃO INFORMADO,-8.0350898,-34.9090067
2421,NÃO INFORMADO,NÃO INFORMADO,-8.0538093,-34.8844537
2422,NÃO INFORMADO,NÃO INFORMADO,-8.0224542,-34.8894963
2423,NÃO INFORMADO,NÃO INFORMADO,-8.0251367,-34.9081537
2424,NÃO INFORMADO,NÃO INFORMADO,-8.0187823,-34.8938079
2425,NÃO INFORMADO,NÃO INFORMADO,-8.1197171,-34.9010137
2426,NÃO INFORMADO,NÃO INFORMADO,-8.0526646,-34.9172544
2427,NÃO INFORMADO,NÃO INFORMADO,-8.0980198,-34.9101238
2428,NÃO INFORMADO,NÃO INFORMADO,-8.0438501,-34.8880586
2429,NÃO INFORMADO,NÃO INFORMADO,-8.0508122,-34.906535
2430,NÃO INFORMADO,NÃO INFORMADO,-8.0581009,-34.9056056
2431,NÃO INFORMADO,NÃO INFORMADO,-8.0920556,-34.9480623
2432,NÃO INFORMADO,NÃO INFORMADO,-8.0601684,-34.8702152
2433,NÃO INFORMADO,NÃO INFORMADO,-8.0162007,-34.93053
2434,NÃO INFORMADO,NÃO INFORMADO,-8.0860196,-34.8946166
2435,NÃO INFORMADO,NÃO INFORMADO,-8.1174043,-34.8964915
2436,NÃO INFORMADO,NÃO INFORMADO,-8.060353,-34.8778501
2437,NÃO INFORMADO,NÃO INFORMADO,-8.051443,-34.9532282
2438,NÃO INFORMADO,NÃO INFORMADO,-8.0249535,-34.9170291
2439,NÃO INFORMADO,NÃO INFORMADO,-8.1073696,-34.9232036
2440,NÃO INFORMADO,NÃO INFORMADO,-8.0154531,-34.9067107
2441,NÃO INFORMADO,NÃO INFORMADO,-8.0468432,-34.9186814
2442,NÃO INFORMADO,NÃO INFORMADO,-8.1407519,-34.9301183
2443,NÃO INFORMADO,NÃO INFORMADO,-8.0314977,-34.9551004
2444,NÃO INFORMADO,NÃO INFORMADO,-8.0613967,-34.9059677
2445,NÃO INFORMADO,NÃO INFORMADO,-8.0634788,-34.9857581
2446,NÃO INFORMADO,NÃO INFORMADO,-8.0192485,-34.8940185
2447,NÃO INFORMADO,NÃO INFORMADO,-8.027721,-34.8930287
2448,NÃO INFORMADO,NÃO INFORMADO,-8.0537588,-34.9104095
2449,NÃO INFORMADO,NÃO INFORMADO,-8.0523778,-34.9049163
2450,NÃO INFORMADO,NÃO INFORMADO,-8.0834809,-34.9574661
2451,NÃO INFORMADO,NÃO INFORMADO,-8.0592642,-34.886865
2452,NÃO INFORMADO,NÃO INFORMADO,-8.1027386,-34.9130622
2453,NÃO INFORMADO,NÃO INFORMADO,-8.0612699,-34.888872
2454,NÃO INFORMADO,NÃO INFORMADO,-8.08545,-34.8866303
2455,NÃO INFORMADO,NÃO INFORMADO,-8.1487068,-34.9140143
2456,NÃO INFORMADO,NÃO INFORMADO,-8.0492732,-34.8825882
2457,NÃO INFORMADO,NÃO INFORMADO,-8.0795467,-34.904345
2458,NÃO INFORMADO,NÃO INFORMADO,-8.0043056,-34.8969233
2459,NÃO INFORMADO,NÃO INFORMADO,-8.1417025,-34.9035296
2460,NÃO INFORMADO,NÃO INFORMADO,-8.0276227,-34.928973
2461,NÃO INFORMADO,NÃO INFORMADO,-8.0423044,-34.8925889
2462,NÃO INFORMADO,NÃO INFORMADO,-8.0297129,-34.9583191
2463,NÃO INFORMADO,NÃO INFORMADO,-8.0500434,-34.9065122
2464,NÃO INFORMADO,NÃO INFORMADO,-8.0337897,-34.8857251
2465,NÃO INFORMADO,NÃO INFORMADO,-8.0844741,-34.8893005
2466,NÃO INFORMADO,NÃO INFORMADO,-8.0346794,-34.9495643
2467,NÃO INFORMADO,NÃO INFORMADO,-8.0901782,-34.9344957
2468,NÃO INFORMADO,NÃO INFORMADO,-8.0536884,-34.8968723
2469,NÃO INFORMADO,NÃO INFORMADO,-8.0900321,-34.9532363
2470,NÃO INFORMADO,NÃO INFORMADO,-8.0526434,-34.9008179
2471,NÃO INFORMADO,NÃO INFORMADO,-8.0268179,-34.8931468
2472,NÃO INFORMADO,NÃO INFORMADO,-8.0624005,-34.9167395
2473,NÃO INFORMADO,NÃO INFORMADO,-8.0363752,-34.8801447
2474,NÃO INFORMADO,NÃO INFORMADO,-8.0386792,-34.9177319
2475,NÃO INFORMADO,NÃO INFORMADO,-8.0348972,-34.934949
2476,NÃO INFORMADO,NÃO INFORMADO,-8.0056284,-34.9377519
2477,NÃO INFORMADO,NÃO INFORMADO,-8.0612294,-34.9056941
2478,NÃO INFORMADO,NÃO INFORMADO,-8.0459561,-34.8882598
2479,NÃO INFORMADO,NÃO INFORMADO,-8.0878732,-34.9078399
2480,NÃO INFORMADO,NÃO INFORMADO,-8.0405648,-34.9088752
2481,NÃO INFORMADO,NÃO INFORMADO,-8.0372822,-34.9730229
2482,NÃO INFORMADO,NÃO INFORMADO,-8.0611484,-34.8834305
2483,NÃO INFORMADO,NÃO INFORMADO,-8.117845,-34.8956224
2484,NÃO INFORMADO,NÃO INFORMADO,-8.0266373,-34.8849338
2485,NÃO INFORMADO,NÃO INFORMADO,-8.0428329,-34.9347907
2486,NÃO INFORMADO,NÃO INFORMADO,-8.067356,-34.8967651
2487,NÃO INFORMADO,NÃO INFORMADO,-8.0358533,-34.9201405
2488,NÃO INFORMADO,NÃO INFORMADO,-8.1161111,-34.9008286
2489,NÃO INFORMADO,NÃO INFORMADO,-8.0409579,-34.9087411
2490,NÃO INFORMADO,NÃO INFORMADO,-8.1363815,-34.901695
2491,NÃO INFORMADO,NÃO INFORMADO,-8.1146347,-34.8976743
2492,NÃO INFORMADO,NÃO INFORMADO,-8.1126804,-34.932189
2493,NÃO INFORMADO,NÃO INFORMADO,-8.0109192,-34.8843384
2494,NÃO INFORMADO,NÃO INFORMADO,-8.0254156,-34.8844457
2495,NÃO INFORMADO,NÃO INFORMADO,-8.1086867,-34.8913014
2496,NÃO INFORMADO,NÃO INFORMADO,-8.0580346,-34.879847
2497,NÃO INFORMADO,NÃO INFORMADO,-8.0580863,-34.9081711
2498,NÃO INFORMADO,NÃO INFORMADO,-8.0503568,-34.8868033
2499,NÃO INFORMADO,NÃO INFORMADO,-8.0436881,-34.9330902
2500,NÃO INFORMADO,NÃO INFORMADO,-8.1348242,-34.9134256
2501,NÃO INFORMADO,NÃO INFORMADO,-8.048962,-34.881248
2502,NÃO INFORMADO,NÃO INFORMADO,-8.080698,-34.914666
2503,NÃO INFORMADO,NÃO INFORMADO,-8.057465,-34.898153
2504,NÃO INFORMADO,NÃO INFORMADO,-8.044973,-34.889225
2505,NÃO INFORMADO,NÃO INFORMADO,-8.045483,-34.903586
2506,NÃO INFORMADO,NÃO INFORMADO,-8.050115,-34.882091
2507,NÃO INFORMADO,NÃO INFORMADO,-8.016987,-34.89195
2508,NÃO INFORMADO,NÃO INFORMADO,-8.049039,-34.878043
2509,NÃO INFORMADO,NÃO INFORMADO,-8.07015,-34.882328
2510,NÃO INFORMADO,NÃO INFORMADO,-8.077976,-34.897814
2511,NÃO INFORMADO,NÃO INFORMADO,-8.07834,-34.905383
2512,NÃO INFORMADO,NÃO INFORMADO,-8.131321,-34.916013
2513,NÃO INFORMADO,NÃO INFORMADO,-8.067576,-34.9007
2514,NÃO INFORMADO,NÃO INFORMADO,-8.093774,-34.964461
2515,NÃO INFORMADO,NÃO INFORMADO,-8.081672,-34.922552
2516,NÃO INFORMADO,NÃO INFORMADO,-8.038977,-34.87078
2517,NÃO INFORMADO,NÃO INFORMADO,-8.087892,-34.90781
2518,NÃO INFORMADO,NÃO INFORMADO,-8.060109,-34.883788
2519,NÃO INFORMADO,NÃO INFORMADO,-8.055899,-34.922305
2520,NÃO INFORMADO,NÃO INFORMADO,-8.033836,-34.905587
2521,NÃO INFORMADO,NÃO INFORMADO,-8.119977,-34.938664
2522,NÃO INFORMADO,NÃO INFORMADO,-8.089028,-34.88499
2523,NÃO INFORMADO,NÃO INFORMADO,-8.049053,-34.889956
2524,NÃO INFORMADO,NÃO INFORMADO,-8.128331,-34.900394
2525,NÃO INFORMADO,NÃO INFORMADO,-8.054014,-34.871013
2526,NÃO INFORMADO,NÃO INFORMADO,-8.135309,-34.945691
2527,NÃO INFORMADO,NÃO INFORMADO,-8.085021,-34.888831
2528,NÃO INFORMADO,NÃO INFORMADO,-8.042913,-34.947064
2529,NÃO INFORMADO,NÃO INFORMADO,-8.032077,-34.88031
2530,NÃO INFORMADO,NÃO INFORMADO,-8.121634,-34.899064
2531,NÃO INFORMADO,NÃO INFORMADO,-8.109175,-34.925457
2532,NÃO INFORMADO,NÃO INFORMADO,-8.060491,-34.925736
2533,NÃO INFORMADO,NÃO INFORMADO,-8.090268,-34.934581
2534,NÃO INFORMADO,NÃO INFORMADO,-8.037038,-34.945396
2535,NÃO INFORMADO,NÃO INFORMADO,-8.102558,-34.887428
2536,NÃO INFORMADO,NÃO INFORMADO,-8.117433,-34.89651
2537,NÃO INFORMADO,NÃO INFORMADO,-8.053018,-34.916611
2538,NÃO INFORMADO,NÃO INFORMADO,-8.114932,-34.907352
2539,NÃO INFORMADO,NÃO INFORMADO,-8.085847,-34.88802
2540,NÃO INFORMADO,NÃO INFORMADO,-8.126479,-34.908077
2541,NÃO INFORMADO,NÃO INFORMADO,-8.081826,-34.906327
2542,NÃO INFORMADO,NÃO INFORMADO,-8.1114164,-34.8928678
2543,NÃO INFORMADO,NÃO INFORMADO,-8.115349,-34.900555
2544,NÃO INFORMADO,NÃO INFORMADO,-8.0711589,-34.9094827
2545,NÃO INFORMADO,NÃO INFORMADO,-8.0925429,-34.911025
2546,NÃO INFORMADO,NÃO INFORMADO,-8.108145,-34.9153125
2547,NÃO INFORMADO,NÃO INFORMADO,-8.1207619,-34.8953797
2548,NÃO INFORMADO,NÃO INFORMADO,-8.1060532,-34.8890349
2549,NÃO INFORMADO,NÃO INFORMADO,-8.1213633,-34.9039561
2550,NÃO INFORMADO,NÃO INFORMADO,-8.0072831,-34.9026632
2551,NÃO INFORMADO,NÃO INFORMADO,-8.0703091,-34.8806477
2552,NÃO INFORMADO,NÃO INFORMADO,-8.0906163,-34.909232
2553,NÃO INFORMADO,NÃO INFORMADO,-8.1000752,-34.9102941
2554,NÃO INFORMADO,NÃO INFORMADO,-8.1430195,-34.9092883
2555,NÃO INFORMADO,NÃO INFORMADO,-8.0783663,-34.8925191
2556,NÃO INFORMADO,NÃO INFORMADO,-8.0514828,-34.8938468
2557,NÃO INFORMADO,NÃO INFORMADO,-8.0526009,-34.8923206
2558,NÃO INFORMADO,NÃO INFORMADO,-8.0272429,-34.8966336
2559,NÃO INFORMADO,NÃO INFORMADO,-8.0362411,-34.920001
2560,NÃO INFORMADO,NÃO INFORMADO,-8.0610833,-34.9231339
2561,NÃO INFORMADO,NÃO INFORMADO,-8.0621668,-34.9101466
2562,NÃO INFORMADO,NÃO INFORMADO,-8.0922973,-34.9378216
2563,NÃO INFORMADO,NÃO INFORMADO,-8.030217,-34.957775
2564,NÃO INFORMADO,NÃO INFORMADO,-8.027593,-34.889861
2565,NÃO INFORMADO,NÃO INFORMADO,-8.071144,-34.908103
2566,NÃO INFORMADO,NÃO INFORMADO,-8.022467,-34.955704
2567,NÃO INFORMADO,NÃO INFORMADO,-8.0716529,-34.9440014
2568,NÃO INFORMADO,NÃO INFORMADO,-8.0547839,-34.8769676
2569,NÃO INFORMADO,NÃO INFORMADO,-8.0709571,-34.9286109
2570,NÃO INFORMADO,NÃO INFORMADO,-8.0482667,-34.8967141
2571,NÃO INFORMADO,NÃO INFORMADO,-8.0762876,-34.8954467
2572,NÃO INFORMADO,NÃO INFORMADO,-8.08979,-34.892986
2573,NÃO INFORMADO,NÃO INFORMADO,-8.062613,-34.9131373
2574,NÃO INFORMADO,NÃO INFORMADO,-8.0211023,-34.9196604
2575,NÃO INFORMADO,NÃO INFORMADO,-8.0981818,-34.8878735
2576,NÃO INFORMADO,NÃO INFORMADO,-8.0439005,-34.9328461
2577,NÃO INFORMADO,NÃO INFORMADO,-8.0803474,-34.9095297
2578,NÃO INFORMADO,NÃO INFORMADO,-8.0772084,-34.9806753
2579,NÃO INFORMADO,NÃO INFORMADO,-8.0808891,-34.919419
2580,NÃO INFORMADO,NÃO INFORMADO,-8.031256,-34.916136
2581,NÃO INFORMADO,NÃO INFORMADO,-8.0354443,-34.9204114
2582,NÃO INFORMADO,NÃO INFORMADO,-8.02732,-34.903795
2583,NÃO INFORMADO,NÃO INFORMADO,-8.068312,-34.909787
2584,NÃO INFORMADO,NÃO INFORMADO,-8.044384,-34.931808
2585,NÃO INFORMADO,NÃO INFORMADO,-8.109358,-34.890548
2586,NÃO INFORMADO,NÃO INFORMADO,-8.054178,-34.923225
2587,NÃO INFORMADO,NÃO INFORMADO,-8.033715,-34.896427
2588,NÃO INFORMADO,NÃO INFORMADO,-8.1237,-34.898688
2589,NÃO INFORMADO,NÃO INFORMADO,-8.112872,-34.896886
2590,NÃO INFORMADO,NÃO INFORMADO,-8.146864,-34.906
2591,NÃO INFORMADO,NÃO INFORMADO,-8.142186,-34.917963
2592,NÃO INFORMADO,NÃO INFORMADO,-8.118559,-34.898653
2593,NÃO INFORMADO,NÃO INFORMADO,-8.119531,-34.896558
2594,NÃO INFORMADO,NÃO INFORMADO,-8.079343,-34.934099
2595,NÃO INFORMADO,NÃO INFORMADO,-8.119074,-34.904509
2596,NÃO INFORMADO,NÃO INFORMADO,-8.061099,-34.923552
2597,NÃO INFORMADO,NÃO INFORMADO,-8.051013,-34.920248
2598,NÃO INFORMADO,NÃO INFORMADO,-8.075627,-34.916039
2599,NÃO INFORMADO,NÃO INFORMADO,-8.056311,-34.898565
2600,NÃO INFORMADO,NÃO INFORMADO,-8.11345,-34.92231
2601,NÃO INFORMADO,NÃO INFORMADO,-8.032011,-34.877551
2602,NÃO INFORMADO,NÃO INFORMADO,-8.081293,-34.905163
2603,NÃO INFORMADO,NÃO INFORMADO,-8.08662,-34.894257
2604,NÃO INFORMADO,NÃO INFORMADO,-8.024948,-34.912957
2605,NÃO INFORMADO,NÃO INFORMADO,-8.035537,-34.912673
2606,NÃO INFORMADO,NÃO INFORMADO,-8.029803,-34.957925
2607,NÃO INFORMADO,NÃO INFORMADO,-8.076208,-34.892948
2608,NÃO INFORMADO,NÃO INFORMADO,-8.054075,-34.896111
2609,NÃO INFORMADO,NÃO INFORMADO,-8.124661,-34.900362
2610,NÃO INFORMADO,NÃO INFORMADO,-8.042502,-34.884625
2611,NÃO INFORMADO,NÃO INFORMADO,-8.070142,-34.882337
2612,NÃO INFORMADO,NÃO INFORMADO,-8.034488,-34.891591
2613,NÃO INFORMADO,NÃO INFORMADO,-8.111342,-34.926546
2614,NÃO INFORMADO,NÃO INFORMADO,-8.045462,-34.897025
2615,NÃO INFORMADO,NÃO INFORMADO,-8.072338,-34.944935
2616,NÃO INFORMADO,NÃO INFORMADO,-8.04491,-34.92956
2617,NÃO INFORMADO,NÃO INFORMADO,-8.061556,-34.929818
2618,NÃO INFORMADO,NÃO INFORMADO,-8.111451,-34.937594
2619,NÃO INFORMADO,NÃO INFORMADO,-8.119266,-34.939678
2620,NÃO INFORMADO,NÃO INFORMADO,-8.032383,-34.897181
2621,NÃO INFORMADO,NÃO INFORMADO,-8.061476,-34.929496
2622,NÃO INFORMADO,NÃO INFORMADO,-7.995121,-34.910425
2623,NÃO INFORMADO,NÃO INFORMADO,-8.044203,-34.88885
2624,NÃO INFORMADO,NÃO INFORMADO,-8.051363,-34.894659
2625,NÃO INFORMADO,NÃO INFORMADO,-8.012991,-34.920071
2626,NÃO INFORMADO,NÃO INFORMADO,-8.121273,-34.918534
2627,NÃO INFORMADO,NÃO INFORMADO,-8.03741,-34.972722
2628,NÃO INFORMADO,NÃO INFORMADO,-8.141166,-34.904884
2629,NÃO INFORMADO,NÃO INFORMADO,-8.081378,-34.944709
2630,NÃO INFORMADO,NÃO INFORMADO,-8.034998,-34.981542
2631,NÃO INFORMADO,NÃO INFORMADO,-8.053419,-34.896204
2632,NÃO INFORMADO,NÃO INFORMADO,-8.07041,-34.928654
2633,NÃO INFORMADO,NÃO INFORMADO,-8.027716,-34.913204
2634,NÃO INFORMADO,NÃO INFORMADO,-8.107582,-34.925741
2635,NÃO INFORMADO,NÃO INFORMADO,-8.063022,-34.89717
2636,NÃO INFORMADO,NÃO INFORMADO,-8.140545,-34.917512
2637,NÃO INFORMADO,NÃO INFORMADO,-8.127221,-34.949382
2638,NÃO INFORMADO,NÃO INFORMADO,-8.050266,-34.897696
2639,NÃO INFORMADO,NÃO INFORMADO,-8.032183,-34.885095
2640,NÃO INFORMADO,NÃO INFORMADO,-8.08803,-34.90788
2641,NÃO INFORMADO,NÃO INFORMADO,-8.050176,-34.883267
2642,NÃO INFORMADO,NÃO INFORMADO,-8.052561,-34.892323
2643,NÃO INFORMADO,NÃO INFORMADO,-8.06593,-34.878863
2644,NÃO INFORMADO,NÃO INFORMADO,-8.126918,-34.949645
2645,NÃO INFORMADO,NÃO INFORMADO,-8.038329,-34.942746
2646,NÃO INFORMADO,NÃO INFORMADO,-8.034223,-34.883577
2647,NÃO INFORMADO,NÃO INFORMADO,-8.051719,-34.921793
2648,NÃO INFORMADO,NÃO INFORMADO,-8.049276,-34.878226
2649,NÃO INFORMADO,NÃO INFORMADO,-8.022742,-34.914376
2650,NÃO INFORMADO,NÃO INFORMADO,-8.026935,-34.913668
2651,NÃO INFORMADO,NÃO INFORMADO,-8.039354,-34.894617
2652,NÃO INFORMADO,NÃO INFORMADO,-8.124989,-34.897905
2653,NÃO INFORMADO,NÃO INFORMADO,-8.051422,-34.887965
2654,NÃO INFORMADO,NÃO INFORMADO,-8.056521,-34.897438
2655,NÃO INFORMADO,NÃO INFORMADO,-8.04755,-34.876978
2656,NÃO INFORMADO,NÃO INFORMADO,-8.046917,-34.877788
2657,NÃO INFORMADO,NÃO INFORMADO,-8.07346,-34.885567
2658,NÃO INFORMADO,NÃO INFORMADO,-8.134786,-34.913545
2659,NÃO INFORMADO,NÃO INFORMADO,-8.079277,-34.903986
2660,NÃO INFORMADO,NÃO INFORMADO,-8.027485,-34.913864
2661,NÃO INFORMADO,NÃO INFORMADO,-8.032474,-34.883531
2662,NÃO INFORMADO,NÃO INFORMADO,-8.091203,-34.908639
2663,NÃO INFORMADO,NÃO INFORMADO,-8.11798,-34.94162
2664,NÃO INFORMADO,NÃO INFORMADO,-8.028637,-34.901859
2665,NÃO INFORMADO,NÃO INFORMADO,-8.056651,-34.892664
2666,NÃO INFORMADO,NÃO INFORMADO,-8.030816,-34.956432
2667,NÃO INFORMADO,NÃO INFORMADO,-8.115381,-34.924561
2668,NÃO INFORMADO,NÃO INFORMADO,-8.035829,-34.891343
2669,NÃO INFORMADO,NÃO INFORMADO,-8.03733,-34.897084
2670,NÃO INFORMADO,NÃO INFORMADO,-8.044862,-34.917855
2671,NÃO INFORMADO,NÃO INFORMADO,-8.056064,-34.911064
2672,NÃO INFORMADO,NÃO INFORMADO,-8.027798,-34.893305
2673,NÃO INFORMADO,NÃO INFORMADO,-8.062427,-34.901419
2674,NÃO INFORMADO,NÃO INFORMADO,-8.06367,-34.897605
2675,NÃO INFORMADO,NÃO INFORMADO,-8.125099,-34.909629
2676,NÃO INFORMADO,NÃO INFORMADO,-8.048394,-34.919255
2677,NÃO INFORMADO,NÃO INFORMADO,-8.116148,-34.894794
2678,NÃO INFORMADO,NÃO INFORMADO,-8.089121,-34.929788
2679,NÃO INFORMADO,NÃO INFORMADO,-8.025195,-34.89349
2680,NÃO INFORMADO,NÃO INFORMADO,-8.061386,-34.905911
2681,NÃO INFORMADO,NÃO INFORMADO,-8.055421,-34.895805
2682,NÃO INFORMADO,NÃO INFORMADO,-8.045313,-34.930456
2683,NÃO INFORMADO,NÃO INFORMADO,-8.034833,-34.908138
2684,NÃO INFORMADO,NÃO INFORMADO,-8.055865,-34.900147
2685,NÃO INFORMADO,NÃO INFORMADO,-8.141163,-34.904753
2686,NÃO INFORMADO,NÃO INFORMADO,-8.039518,-34.940633
2687,NÃO INFORMADO,NÃO INFORMADO,-8.020468,-34.924373
2688,NÃO INFORMADO,NÃO INFORMADO,-8.061668,-34.907572
2689,NÃO INFORMADO,NÃO INFORMADO,-8.060908,-34.928257
2690,NÃO INFORMADO,NÃO INFORMADO,-8.117848,-34.895633
2691,NÃO INFORMADO,NÃO INFORMADO,-8.055078,-34.882262
2692,NÃO INFORMADO,NÃO INFORMADO,-8.018967,-34.910753
2693,NÃO INFORMADO,NÃO INFORMADO,-8.051637,-34.919084
2694,NÃO INFORMADO,NÃO INFORMADO,-8.086845,-34.931065
2695,NÃO INFORMADO,NÃO INFORMADO,-8.083481,-34.888512
2696,NÃO INFORMADO,NÃO INFORMADO,-8.127412,-34.915302
2697,NÃO INFORMADO,NÃO INFORMADO,-8.026584,-34.91778
2698,NÃO INFORMADO,NÃO INFORMADO,-8.031981,-34.954628
2699,NÃO INFORMADO,NÃO INFORMADO,-8.030571,-34.899045
2700,NÃO INFORMADO,NÃO INFORMADO,-8.05105,-34.889402
2701,NÃO INFORMADO,NÃO INFORMADO,-8.085265,-34.886935
2702,NÃO INFORMADO,NÃO INFORMADO,-8.060478,-34.925725
2703,NÃO INFORMADO,NÃO INFORMADO,-8.035184,-34.948824
2704,NÃO INFORMADO,NÃO INFORMADO,-8.091867,-34.96098
2705,NÃO INFORMADO,NÃO INFORMADO,-8.056712,-34.898087
2706,NÃO INFORMADO,NÃO INFORMADO,-8.108814,-34.952145
2707,NÃO INFORMADO,NÃO INFORMADO,-8.05417,-34.914164
2708,NÃO INFORMADO,NÃO INFORMADO,-8.040119,-34.887184
2709,NÃO INFORMADO,NÃO INFORMADO,-8.004587,-34.895443
2710,NÃO INFORMADO,NÃO INFORMADO,-8.038501,-34.892244
2711,NÃO INFORMADO,NÃO INFORMADO,-8.064886,-34.907995
2712,NÃO INFORMADO,NÃO INFORMADO,-8.095213,-34.885886
2713,NÃO INFORMADO,NÃO INFORMADO,-8.056648,-34.898086
2714,NÃO INFORMADO,NÃO INFORMADO,-8.035714,-34.888535
2715,NÃO INFORMADO,NÃO INFORMADO,-8.109568,-34.888941
2716,NÃO INFORMADO,NÃO INFORMADO,-8.070091,-34.928536
2717,NÃO INFORMADO,NÃO INFORMADO,-8.054072,-34.913247
2718,NÃO INFORMADO,NÃO INFORMADO,-8.093059,-34.943063
2719,NÃO INFORMADO,NÃO INFORMADO,-8.032446,-34.934587
2720,NÃO INFORMADO,NÃO INFORMADO,-8.075041,-34.919082
2721,NÃO INFORMADO,NÃO INFORMADO,-8.025599,-34.906568
2722,NÃO INFORMADO,NÃO INFORMADO,-8.106842,-34.914764
2723,NÃO INFORMADO,NÃO INFORMADO,-8.054545,-34.880476
2724,NÃO INFORMADO,NÃO INFORMADO,-8.124048,-34.896746
2725,NÃO INFORMADO,NÃO INFORMADO,-8.082615,-34.935815
2726,NÃO INFORMADO,NÃO INFORMADO,-8.025923,-34.890062
2727,NÃO INFORMADO,NÃO INFORMADO,-8.047273,-34.914036
2728,NÃO INFORMADO,NÃO INFORMADO,-8.116897,-34.913379
2729,NÃO INFORMADO,NÃO INFORMADO,-8.118381,-34.944465
2730,NÃO INFORMADO,NÃO INFORMADO,-7.990446,-34.933959
2731,NÃO INFORMADO,NÃO INFORMADO,-8.027044,-34.893081
2732,NÃO INFORMADO,NÃO INFORMADO,-8.019772,-34.894584
2733,NÃO INFORMADO,NÃO INFORMADO,-8.006035,-34.914167
2734,NÃO INFORMADO,NÃO INFORMADO,-8.05331,-34.906751
2735,NÃO INFORMADO,NÃO INFORMADO,-8.053552,-34.919963
2736,NÃO INFORMADO,NÃO INFORMADO,-8.034645,-34.895877
2737,NÃO INFORMADO,NÃO INFORMADO,-8.140678,-34.929056
2738,NÃO INFORMADO,NÃO INFORMADO,-8.053504,-34.928938
2739,NÃO INFORMADO,NÃO INFORMADO,-8.022019,-34.915514
2740,NÃO INFORMADO,NÃO INFORMADO,-8.026844,-34.918561
2741,NÃO INFORMADO,NÃO INFORMADO,-8.03963,-34.888018
2742,NÃO INFORMADO,NÃO INFORMADO,-8.03673,-34.935316
2743,NÃO INFORMADO,NÃO INFORMADO,-8.042227,-34.876946
2744,NÃO INFORMADO,NÃO INFORMADO,-8.118219,-34.941233
2745,NÃO INFORMADO,NÃO INFORMADO,-8.034122,-34.89165
2746,NÃO INFORMADO,NÃO INFORMADO,-8.020412,-34.939519
2747,NÃO INFORMADO,NÃO INFORMADO,-8.033192,-34.910527
2748,NÃO INFORMADO,NÃO INFORMADO,-8.065675,-34.878821
2749,NÃO INFORMADO,NÃO INFORMADO,-8.049446,-34.894721
2750,NÃO INFORMADO,NÃO INFORMADO,-8.080273,-34.906708
2751,NÃO INFORMADO,NÃO INFORMADO,-8.049637,-34.924056
2752,NÃO INFORMADO,NÃO INFORMADO,-8.110535,-34.937022
2753,NÃO INFORMADO,NÃO INFORMADO,-8.035285,-34.907534
2754,NÃO INFORMADO,NÃO INFORMADO,-8.088144,-34.930022
2755,NÃO INFORMADO,NÃO INFORMADO,-8.086652,-34.907379
2756,NÃO INFORMADO,NÃO INFORMADO,-8.091649,-34.960041
2757,NÃO INFORMADO,NÃO INFORMADO,-8.097916,-34.928546
2758,NÃO INFORMADO,NÃO INFORMADO,-8.058842,-34.925226
2759,NÃO INFORMADO,NÃO INFORMADO,-8.063447,-34.934195
2760,NÃO INFORMADO,NÃO INFORMADO,-8.062055,-34.878271
2761,NÃO INFORMADO,NÃO INFORMADO,-8.091139,-34.958067
2762,NÃO INFORMADO,NÃO INFORMADO,-8.114624,-34.907255
2763,NÃO INFORMADO,NÃO INFORMADO,-8.047204,-34.954011
2764,NÃO INFORMADO,NÃO INFORMADO,-8.047289,-34.927007
2765,NÃO INFORMADO,NÃO INFORMADO,-8.043561,-34.886586
2766,NÃO INFORMADO,NÃO INFORMADO,-8.057073,-34.909235
2767,NÃO INFORMADO,NÃO INFORMADO,-8.004781,-34.893654
2768,NÃO INFORMADO,NÃO INFORMADO,-8.092127,-34.910946
2769,NÃO INFORMADO,NÃO INFORMADO,-8.10857,-34.916734
2770,NÃO INFORMADO,NÃO INFORMADO,-8.094262,-34.928992
2771,NÃO INFORMADO,NÃO INFORMADO,-8.073549,-34.929652
2772,NÃO INFORMADO,NÃO INFORMADO,-8.140529,-34.925634
2773,NÃO INFORMADO,NÃO INFORMADO,-8.011161,-34.889196
2774,NÃO INFORMADO,NÃO INFORMADO,-8.034998,-34.891484
2775,NÃO INFORMADO,NÃO INFORMADO,-8.047491,-34.909154
2776,NÃO INFORMADO,NÃO INFORMADO,-8.030993,-34.934345
2777,NÃO INFORMADO,NÃO INFORMADO,-8.080862,-34.919379
2778,NÃO INFORMADO,NÃO INFORMADO,-8.037388,-34.933519
2779,NÃO INFORMADO,NÃO INFORMADO,-8.11645,-34.923623
2780,NÃO INFORMADO,NÃO INFORMADO,-8.061492,-34.902829
2781,NÃO INFORMADO,NÃO INFORMADO,-8.116886,-34.913542
2782,NÃO INFORMADO,NÃO INFORMADO,-8.040703,-34.958947
2783,NÃO INFORMADO,NÃO INFORMADO,-8.023742,-34.91277
2784,NÃO INFORMADO,NÃO INFORMADO,-8.083513,-34.890143
2785,NÃO INFORMADO,NÃO INFORMADO,-8.085595,-34.929885
2786,NÃO INFORMADO,NÃO INFORMADO,-8.107332,-34.913204
2787,NÃO INFORMADO,NÃO INFORMADO,-8.007047,-34.902492
2788,NÃO INFORMADO,NÃO INFORMADO,-8.036597,-34.940681
2789,NÃO INFORMADO,NÃO INFORMADO,-8.003721,-34.898978
2790,NÃO INFORMADO,NÃO INFORMADO,-8.089227,-34.88481
2791,NÃO INFORMADO,NÃO INFORMADO,-8.022313,-34.907097
2792,NÃO INFORMADO,NÃO INFORMADO,-8.05915,-34.912067
2793,NÃO INFORMADO,NÃO INFORMADO,-8.049754,-34.894059
2794,NÃO INFORMADO,NÃO INFORMADO,-8.071981,-34.884621
2795,NÃO INFORMADO,NÃO INFORMADO,-8.058778,-34.883373
2796,NÃO INFORMADO,NÃO INFORMADO,-8.01714,-34.895153
2797,NÃO INFORMADO,NÃO INFORMADO,-8.03512,-34.891457
2798,NÃO INFORMADO,NÃO INFORMADO,-8.029609,-34.900389
2799,NÃO INFORMADO,NÃO INFORMADO,-8.054518,-34.906853
2800,NÃO INFORMADO,NÃO INFORMADO,-8.019424,-34.894273
2801,NÃO INFORMADO,NÃO INFORMADO,-8.027469,-34.913849
2802,NÃO INFORMADO,NÃO INFORMADO,-8.053576,-34.896325
2803,NÃO INFORMADO,NÃO INFORMADO,-8.13092,-34.900807
2804,NÃO INFORMADO,NÃO INFORMADO,-8.0856107,-34.8925298
2805,NÃO INFORMADO,NÃO INFORMADO,-8.052428,-34.898844
2806,NÃO INFORMADO,NÃO INFORMADO,-8.082589,-34.932964
2807,NÃO INFORMADO,NÃO INFORMADO,-8.081803,-34.963163
2808,NÃO INFORMADO,NÃO INFORMADO,-8.053822,-34.896966
2809,NÃO INFORMADO,NÃO INFORMADO,-8.041192,-34.877987
2810,NÃO INFORMADO,NÃO INFORMADO,-8.132383,-34.906729
2811,NÃO INFORMADO,NÃO INFORMADO,-8.045085,-34.890041
2812,NÃO INFORMADO,NÃO INFORMADO,-8.124895,-34.899093
2813,NÃO INFORMADO,NÃO INFORMADO,-8.099892,-34.928133
2814,NÃO INFORMADO,NÃO INFORMADO,-8.094602,-34.928906
2815,NÃO INFORMADO,NÃO INFORMADO,-8.117566,-34.893554
2816,NÃO INFORMADO,NÃO INFORMADO,-8.110564,-34.909747
2817,NÃO INFORMADO,NÃO INFORMADO,-8.029681,-34.95786
2818,NÃO INFORMADO,NÃO INFORMADO,-8.093991,-34.929035
2819,NÃO INFORMADO,NÃO INFORMADO,-8.073323,-34.885116
2820,NÃO INFORMADO,NÃO INFORMADO,-8.035827,-34.906821
2821,NÃO INFORMADO,NÃO INFORMADO,-8.046493,-34.940343
2822,NÃO INFORMADO,NÃO INFORMADO,-8.015642,-34.883716
2823,NÃO INFORMADO,NÃO INFORMADO,-8.054157,-34.889794
2824,NÃO INFORMADO,NÃO INFORMADO,-8.02779,-34.892943
2825,NÃO INFORMADO,NÃO INFORMADO,-8.000651,-34.937993
2826,NÃO INFORMADO,NÃO INFORMADO,-8.006744,-34.886865
2827,NÃO INFORMADO,NÃO INFORMADO,-8.136432,-34.903682
2828,NÃO INFORMADO,NÃO INFORMADO,-8.03665,-34.894059
2829,NÃO INFORMADO,NÃO INFORMADO,-8.018707,-34.927889
2830,NÃO INFORMADO,NÃO INFORMADO,-8.04444,-34.932052
2831,NÃO INFORMADO,NÃO INFORMADO,-8.086089,-34.885937
2832,NÃO INFORMADO,NÃO INFORMADO,-8.037476,-34.944648
2833,NÃO INFORMADO,NÃO INFORMADO,-8.050009,-34.921884
2834,NÃO INFORMADO,NÃO INFORMADO,-8.049575,-34.888658
2835,NÃO INFORMADO,NÃO INFORMADO,-8.061487,-34.882823
2836,NÃO INFORMADO,NÃO INFORMADO,-8.045202,-34.889282
2837,NÃO INFORMADO,NÃO INFORMADO,-8.084702,-34.954194
2838,NÃO INFORMADO,NÃO INFORMADO,-8.038694,-34.911229
2839,NÃO INFORMADO,NÃO INFORMADO,-8.053432,-34.882595
2840,NÃO INFORMADO,NÃO INFORMADO,-8.0979,-34.910093
2841,NÃO INFORMADO,NÃO INFORMADO,-8.069385,-34.933026
2842,NÃO INFORMADO,NÃO INFORMADO,-8.106449,-34.92127
2843,NÃO INFORMADO,NÃO INFORMADO,-8.104921,-34.911024
2844,NÃO INFORMADO,NÃO INFORMADO,-8.137077,-34.901832
2845,NÃO INFORMADO,NÃO INFORMADO,-8.051671,-34.918917
2846,NÃO INFORMADO,NÃO INFORMADO,-8.115421,-34.940303
2847,NÃO INFORMADO,NÃO INFORMADO,-8.083967,-34.890548
2848,NÃO INFORMADO,NÃO INFORMADO,-8.125192,-34.897693
2849,NÃO INFORMADO,NÃO INFORMADO,-8.066671,-34.897216
2850,NÃO INFORMADO,NÃO INFORMADO,-8.044883,-34.890059
2851,NÃO INFORMADO,NÃO INFORMADO,-8.04347,-34.897397
2852,NÃO INFORMADO,NÃO INFORMADO,-8.031065,-34.90185
2853,NÃO INFORMADO,NÃO INFORMADO,-8.031378,-34.915219
2854,NÃO INFORMADO,NÃO INFORMADO,-8.051775,-34.934839
2855,NÃO INFORMADO,NÃO INFORMADO,-8.065752,-34.927152
2856,NÃO INFORMADO,NÃO INFORMADO,-8.07109,-34.909492
2857,NÃO INFORMADO,NÃO INFORMADO,-8.020754,-34.921712
2858,NÃO INFORMADO,NÃO INFORMADO,-8.095824,-34.884167
2859,NÃO INFORMADO,NÃO INFORMADO,-8.021421,-34.886543
2860,NÃO INFORMADO,NÃO INFORMADO,-8.106953,-34.927192
2861,NÃO INFORMADO,NÃO INFORMADO,-8.061213,-34.904047
2862,NÃO INFORMADO,NÃO INFORMADO,-8.058359,-34.925054
2863,NÃO INFORMADO,NÃO INFORMADO,-8.025097,-34.906107
2864,NÃO INFORMADO,NÃO INFORMADO,-8.007488,-34.890325
2865,NÃO INFORMADO,NÃO INFORMADO,-8.058985,-34.907244
2866,NÃO INFORMADO,NÃO INFORMADO,-8.03592,-34.888848
2867,NÃO INFORMADO,NÃO INFORMADO,-8.019997,-34.89268
2868,NÃO INFORMADO,NÃO INFORMADO,-8.024012,-34.897265
2869,NÃO INFORMADO,NÃO INFORMADO,-8.088372,-34.940187
2870,NÃO INFORMADO,NÃO INFORMADO,-8.092518,-34.947083
2871,NÃO INFORMADO,NÃO INFORMADO,-8.048118,-34.931298
2872,NÃO INFORMADO,NÃO INFORMADO,-8.047461,-34.876834
2873,NÃO INFORMADO,NÃO INFORMADO,-8.030828,-34.901687
2874,NÃO INFORMADO,NÃO INFORMADO,-8.080416,-34.912416
2875,NÃO INFORMADO,NÃO INFORMADO,-8.110391,-34.906306
2876,NÃO INFORMADO,NÃO INFORMADO,-8.047749,-34.899706
2877,NÃO INFORMADO,NÃO INFORMADO,-8.015126,-34.949607
2878,NÃO INFORMADO,NÃO INFORMADO,-8.077805,-34.900076
2879,NÃO INFORMADO,NÃO INFORMADO,-8.046923,-34.918714
2880,NÃO INFORMADO,NÃO INFORMADO,-8.111613,-34.893058
2881,NÃO INFORMADO,NÃO INFORMADO,-8.007246,-34.912327
2882,NÃO INFORMADO,NÃO INFORMADO,-8.040042,-34.887219
2883,NÃO INFORMADO,NÃO INFORMADO,-8.062671,-34.926428
2884,NÃO INFORMADO,NÃO INFORMADO,-8.03955,-34.878899
2885,NÃO INFORMADO,NÃO INFORMADO,-8.047948,-34.923177
2886,NÃO INFORMADO,NÃO INFORMADO,-8.018051,-34.926336
2887,NÃO INFORMADO,NÃO INFORMADO,-8.062857,-34.877056
2888,NÃO INFORMADO,NÃO INFORMADO,-8.063797,-34.897556
2889,NÃO INFORMADO,NÃO INFORMADO,-8.048604,-34.893124
2890,NÃO INFORMADO,NÃO INFORMADO,-8.087215,-34.931518
2891,NÃO INFORMADO,NÃO INFORMADO,-8.052659,-34.880634
2892,NÃO INFORMADO,NÃO INFORMADO,-8.051852,-34.880041
2893,NÃO INFORMADO,NÃO INFORMADO,-8.140627,-34.917708
2894,NÃO INFORMADO,NÃO INFORMADO,-8.02402,-34.918119
2895,NÃO INFORMADO,NÃO INFORMADO,-8.053775,-34.884467
2896,NÃO INFORMADO,NÃO INFORMADO,-8.077591,-34.89183
2897,NÃO INFORMADO,NÃO INFORMADO,-8.101913,-34.888005
2898,NÃO INFORMADO,NÃO INFORMADO,-8.02984,-34.957941
2899,NÃO INFORMADO,NÃO INFORMADO,-8.036719,-34.912113
2900,NÃO INFORMADO,NÃO INFORMADO,-8.108341,-34.922265
2901,NÃO INFORMADO,NÃO INFORMADO,-8.026668,-34.916566
2902,NÃO INFORMADO,NÃO INFORMADO,-8.082031,-34.939721
2903,NÃO INFORMADO,NÃO INFORMADO,-8.005209,-34.893356
2904,NÃO INFORMADO,NÃO INFORMADO,-8.127364,-34.95009
2905,NÃO INFORMADO,NÃO INFORMADO,-8.139621,-34.907405
2906,NÃO INFORMADO,NÃO INFORMADO,-8.090967,-34.91071
2907,NÃO INFORMADO,NÃO INFORMADO,-8.1211934,-34.9039453
2908,NÃO INFORMADO,NÃO INFORMADO,-8.0701179,-34.9329829
2909,NÃO INFORMADO,NÃO INFORMADO,-8.121358,-34.901193
2910,NÃO INFORMADO,NÃO INFORMADO,-8.0596439,-34.8975563
2911,NÃO INFORMADO,NÃO INFORMADO,-8.1398067,-34.9074966
2912,NÃO INFORMADO,NÃO INFORMADO,-8.050373,-34.878982
2913,NÃO INFORMADO,NÃO INFORMADO,-8.0306929,-34.8946354
2914,NÃO INFORMADO,NÃO INFORMADO,-8.062022,-34.88164
2915,NÃO INFORMADO,NÃO INFORMADO,-8.0903535,-34.9295712
2916,NÃO INFORMADO,NÃO INFORMADO,-8.062679,-34.878278
2917,NÃO INFORMADO,NÃO INFORMADO,-8.052808,-34.880814
2918,NÃO INFORMADO,NÃO INFORMADO,-8.023179,-34.893898
2919,NÃO INFORMADO,NÃO INFORMADO,-8.1423822,-34.9106294
2920,NÃO INFORMADO,NÃO INFORMADO,-8.045536,-34.929839
2921,NÃO INFORMADO,NÃO INFORMADO,-8.0268073,-34.8982966
2922,NÃO INFORMADO,NÃO INFORMADO,-8.057939,-34.907121
2923,NÃO INFORMADO,NÃO INFORMADO,-8.0394122,-34.9407774
2924,NÃO INFORMADO,NÃO INFORMADO,-8.0238818,-34.8972559
2925,NÃO INFORMADO,NÃO INFORMADO,-8.035601,-34.9071425
2926,NÃO INFORMADO,NÃO INFORMADO,-8.0712731,-34.8833835
2927,NÃO INFORMADO,NÃO INFORMADO,-8.0539859,-34.9068059
2928,NÃO INFORMADO,NÃO INFORMADO,-8.021267,-34.9174315
2929,NÃO INFORMADO,NÃO INFORMADO,-8.112611,-34.890416
2930,NÃO INFORMADO,NÃO INFORMADO,-8.0251606,-34.930172
2931,NÃO INFORMADO,NÃO INFORMADO,-8.0320966,-34.9544393
2932,NÃO INFORMADO,NÃO INFORMADO,-8.1098869,-34.8890886
2933,NÃO INFORMADO,NÃO INFORMADO,-8.0151742,-34.8902714
2934,NÃO INFORMADO,NÃO INFORMADO,-8.060786,-34.88403
2935,NÃO INFORMADO,NÃO INFORMADO,-8.0118196,-34.8892777
2936,NÃO INFORMADO,NÃO INFORMADO,-8.117014,-34.895158
2937,NÃO INFORMADO,NÃO INFORMADO,-8.1120484,-34.9066865
2938,NÃO INFORMADO,NÃO INFORMADO,-8.0303902,-34.9249819
2939,NÃO INFORMADO,NÃO INFORMADO,-8.0651253,-34.9271464
2940,NÃO INFORMADO,NÃO INFORMADO,-8.1139019,-34.9392647
2941,NÃO INFORMADO,NÃO INFORMADO,-8.0297129,-34.9578899
2942,NÃO INFORMADO,NÃO INFORMADO,-8.051836,-34.8947614
2943,NÃO INFORMADO,NÃO INFORMADO,-8.0358002,-34.8699349
2944,NÃO INFORMADO,NÃO INFORMADO,-8.0983996,-34.8838127
2945,NÃO INFORMADO,NÃO INFORMADO,-8.1119263,-34.9265349
2946,NÃO INFORMADO,NÃO INFORMADO,-8.0330965,-34.9104953
2947,NÃO INFORMADO,NÃO INFORMADO,-8.0585976,-34.9251616
2948,NÃO INFORMADO,NÃO INFORMADO,-8.02192,-34.931738
2949,NÃO INFORMADO,NÃO INFORMADO,-8.0473,-34.926685
2950,NÃO INFORMADO,NÃO INFORMADO,-8.1049373,-34.8868409
2951,NÃO INFORMADO,NÃO INFORMADO,-8.033856,-34.922013
2952,NÃO INFORMADO,NÃO INFORMADO,-8.0717299,-34.9269024
2953,NÃO INFORMADO,NÃO INFORMADO,-8.0357577,-34.9475741
2954,NÃO INFORMADO,NÃO INFORMADO,-8.025636,-34.9116084
2955,NÃO INFORMADO,NÃO INFORMADO,-8.0048103,-34.9261325
2956,NÃO INFORMADO,NÃO INFORMADO,-8.134794,-34.91355
2957,NÃO INFORMADO,NÃO INFORMADO,-8.062432,-34.897739
2958,NÃO INFORMADO,NÃO INFORMADO,-8.06213,-34.909371
2959,NÃO INFORMADO,NÃO INFORMADO,-8.053318,-34.9067415
2960,NÃO INFORMADO,NÃO INFORMADO,-8.058443,-34.903994
2961,NÃO INFORMADO,NÃO INFORMADO,-8.131806,-34.915983
2962,NÃO INFORMADO,NÃO INFORMADO,-8.118769,-34.942612
2963,NÃO INFORMADO,NÃO INFORMADO,-8.062422,-34.897326
2964,NÃO INFORMADO,NÃO INFORMADO,-8.062937,-34.879996
2965,NÃO INFORMADO,NÃO INFORMADO,-8.124705,-34.900185
2966,NÃO INFORMADO,NÃO INFORMADO,-8.03614,-34.88918
2967,NÃO INFORMADO,NÃO INFORMADO,-8.085385,-34.909409
2968,NÃO INFORMADO,NÃO INFORMADO,-8.073329,-34.884985
2969,NÃO INFORMADO,NÃO INFORMADO,-8.053329,-34.906751
2970,NÃO INFORMADO,NÃO INFORMADO,-8.090534,-34.9077407
2971,NÃO INFORMADO,NÃO INFORMADO,-8.0384295,-34.8793441
2972,NÃO INFORMADO,NÃO INFORMADO,-8.112925,-34.892659
2973,NÃO INFORMADO,NÃO INFORMADO,-8.0652275,-34.9080317
2974,NÃO INFORMADO,NÃO INFORMADO,-8.0233493,-34.9305314
2975,NÃO INFORMADO,NÃO INFORMADO,-8.0742952,-34.9224687
2976,NÃO INFORMADO,NÃO INFORMADO,-8.0453559,-34.9304107
2977,NÃO INFORMADO,NÃO INFORMADO,-7.9937476,-34.9353433
2978,NÃO INFORMADO,NÃO INFORMADO,-8.089039,-34.907947
2979,NÃO INFORMADO,NÃO INFORMADO,-8.0439563,-34.8824126
2980,NÃO INFORMADO,NÃO INFORMADO,-8.018151,-34.940772
2981,NÃO INFORMADO,NÃO INFORMADO,-8.0624829,-34.8807603
2982,NÃO INFORMADO,NÃO INFORMADO,-8.143508,-34.9082878
2983,NÃO INFORMADO,NÃO INFORMADO,-8.0485216,-34.8776409
2984,NÃO INFORMADO,NÃO INFORMADO,-8.0190838,-34.8938495
2985,NÃO INFORMADO,NÃO INFORMADO,-8.0360365,-34.9070942
2986,NÃO INFORMADO,NÃO INFORMADO,-8.0674038,-34.8902312
2987,NÃO INFORMADO,NÃO INFORMADO,-8.1173299,-34.8966309
2988,NÃO INFORMADO,NÃO INFORMADO,-8.1266235,-34.9095136
2989,NÃO INFORMADO,NÃO INFORMADO,-8.020352,-34.9171096
2990,NÃO INFORMADO,NÃO INFORMADO,-8.1332112,-34.9373442
2991,NÃO INFORMADO,NÃO INFORMADO,-8.087905,-34.930022
2992,NÃO INFORMADO,NÃO INFORMADO,-8.0295376,-34.9257007
2993,NÃO INFORMADO,NÃO INFORMADO,-8.05007,-34.9215728
2994,NÃO INFORMADO,NÃO INFORMADO,-8.0581302,-34.9067885
2995,NÃO INFORMADO,NÃO INFORMADO,-8.0705933,-34.9282676
2996,NÃO INFORMADO,NÃO INFORMADO,-8.1264881,-34.8997101
2997,NÃO INFORMADO,NÃO INFORMADO,-8.056015,-34.895335
2998,NÃO INFORMADO,NÃO INFORMADO,-8.0080852,-34.9092937
2999,NÃO INFORMADO,NÃO INFORMADO,-8.0430719,-34.9080411
3000,NÃO INFORMADO,NÃO INFORMADO,-8.1112173,-34.8916367
3001,NÃO INFORMADO,NÃO INFORMADO,-8.0214343,-34.8864922
3002,NÃO INFORMADO,NÃO INFORMADO,-8.0455498,-34.9298608
3003,NÃO INFORMADO,NÃO INFORMADO,-8.1252241,-34.9058121
3004,NÃO INFORMADO,NÃO INFORMADO,-8.081813,-34.962895
3005,NÃO INFORMADO,NÃO INFORMADO,-8.11532,-34.89216
3006,NÃO INFORMADO,NÃO INFORMADO,-8.0272615,-34.8982403
3007,NÃO INFORMADO,NÃO INFORMADO,-8.0900454,-34.9083468
3008,NÃO INFORMADO,NÃO INFORMADO,-8.022175,-34.915388
3009,NÃO INFORMADO,NÃO INFORMADO,-8.00081,-34.922866
3010,NÃO INFORMADO,NÃO INFORMADO,-8.0775218,-34.8993158
3011,NÃO INFORMADO,NÃO INFORMADO,-8.088378,-34.929882
3012,NÃO INFORMADO,NÃO INFORMADO,-8.092924,-34.9404287
3013,NÃO INFORMADO,NÃO INFORMADO,-7.9665451,-34.9285841
3014,NÃO INFORMADO,NÃO INFORMADO,-8.117399,-34.8965009
3015,NÃO INFORMADO,NÃO INFORMADO,-8.046011,-34.907047
3016,NÃO INFORMADO,NÃO INFORMADO,-8.1132413,-34.8921644
3017,NÃO INFORMADO,NÃO INFORMADO,-8.0846812,-34.928112
3018,NÃO INFORMADO,NÃO INFORMADO,-8.0795932,-34.9339619
3019,NÃO INFORMADO,NÃO INFORMADO,-8.0413377,-34.9451092
3020,NÃO INFORMADO,NÃO INFORMADO,-8.09098,-34.910672
3021,NÃO INFORMADO,NÃO INFORMADO,-8.0566536,-34.8863098
3022,NÃO INFORMADO,NÃO INFORMADO,-8.0843307,-34.9272162
3023,NÃO INFORMADO,NÃO INFORMADO,-8.1405767,-34.9281523
3024,NÃO INFORMADO,NÃO INFORMADO,-8.0297262,-34.9005711
3025,NÃO INFORMADO,NÃO INFORMADO,-8.1309197,-34.8999944
3026,NÃO INFORMADO,NÃO INFORMADO,-8.140369,-34.917666
3027,NÃO INFORMADO,NÃO INFORMADO,-8.1031395,-34.8877046
3028,NÃO INFORMADO,NÃO INFORMADO,-8.1124149,-34.9406004
3029,NÃO INFORMADO,NÃO INFORMADO,-8.0272934,-34.8964271
3030,NÃO INFORMADO,NÃO INFORMADO,-8.1406776,-34.9290293
3031,NÃO INFORMADO,NÃO INFORMADO,-8.0139033,-34.9314313
3032,NÃO INFORMADO,NÃO INFORMADO,-8.0515705,-34.9217176
3033,NÃO INFORMADO,NÃO INFORMADO,-7.9875401,-34.9288416
3034,NÃO INFORMADO,NÃO INFORMADO,-8.0150254,-34.8901266
3035,NÃO INFORMADO,NÃO INFORMADO,-8.0503647,-34.9410242
3036,NÃO INFORMADO,NÃO INFORMADO,-8.0662194,-34.9252903
3037,NÃO INFORMADO,NÃO INFORMADO,-8.1337316,-34.9161279
3038,NÃO INFORMADO,NÃO INFORMADO,-8.1133575,-34.9044013
3039,NÃO INFORMADO,NÃO INFORMADO,-8.0484818,-34.9192929
3040,NÃO INFORMADO,NÃO INFORMADO,-8.06452,-34.926975
3041,NÃO INFORMADO,NÃO INFORMADO,-8.002824,-34.935397
3042,NÃO INFORMADO,NÃO INFORMADO,-8.1232168,-34.9120402
3043,NÃO INFORMADO,NÃO INFORMADO,-8.0294261,-34.8819029
3044,NÃO INFORMADO,NÃO INFORMADO,-8.049122,-34.923311
3045,NÃO INFORMADO,NÃO INFORMADO,-8.0261858,-34.9110103
3046,NÃO INFORMADO,NÃO INFORMADO,-8.0847981,-34.9070191
3047,NÃO INFORMADO,NÃO INFORMADO,-8.0217185,-34.9163103
3048,NÃO INFORMADO,NÃO INFORMADO,-8.0398318,-34.8847193
3049,NÃO INFORMADO,NÃO INFORMADO,-8.0346051,-34.8808515
3050,NÃO INFORMADO,NÃO INFORMADO,-8.100264,-34.928225
3051,NÃO INFORMADO,NÃO INFORMADO,-8.0517909,-34.8900032
3052,NÃO INFORMADO,NÃO INFORMADO,-8.042318,-34.892557
3053,NÃO INFORMADO,NÃO INFORMADO,-8.1173804,-34.8964834
3054,NÃO INFORMADO,NÃO INFORMADO,-8.0446335,-34.8749024
3055,NÃO INFORMADO,NÃO INFORMADO,-8.03822,-34.875149
3056,NÃO INFORMADO,NÃO INFORMADO,-8.0506622,-34.939903
3057,NÃO INFORMADO,NÃO INFORMADO,-8.0016934,-34.9236703
3058,NÃO INFORMADO,NÃO INFORMADO,-8.0518626,-34.9218947
3059,NÃO INFORMADO,NÃO INFORMADO,-8.1202481,-34.9436527
3060,NÃO INFORMADO,NÃO INFORMADO,-8.029192,-34.958898
3061,NÃO INFORMADO,NÃO INFORMADO,-8.0566031,-34.8973793
3062,NÃO INFORMADO,NÃO INFORMADO,-8.1055268,-34.9273878
3063,NÃO INFORMADO,NÃO INFORMADO,-8.1411077,-34.913553
3064,NÃO INFORMADO,NÃO INFORMADO,-8.0532489,-34.8841131
3065,NÃO INFORMADO,NÃO INFORMADO,-8.1078848,-34.9267361
3066,NÃO INFORMADO,NÃO INFORMADO,-8.1087318,-34.9122736
3067,NÃO INFORMADO,NÃO INFORMADO,-8.0314977,-34.9240297
3068,NÃO INFORMADO,NÃO INFORMADO,-8.005007,-34.893503
3069,NÃO INFORMADO,NÃO INFORMADO,-8.0792054,-34.9339646
3070,NÃO INFORMADO,NÃO INFORMADO,-8.092453,-34.947119
3071,NÃO INFORMADO,NÃO INFORMADO,-8.039508,-34.965599
3072,NÃO INFORMADO,NÃO INFORMADO,-8.036821,-34.879972
3073,NÃO INFORMADO,NÃO INFORMADO,-8.05063,-34.897395
3074,NÃO INFORMADO,NÃO INFORMADO,-8.053514,-34.888671
3075,NÃO INFORMADO,NÃO INFORMADO,-8.039611,-34.90423
3076,NÃO INFORMADO,NÃO INFORMADO,-8.047305,-34.926642
3077,NÃO INFORMADO,NÃO INFORMADO,-8.061653,-34.901665
3078,NÃO INFORMADO,NÃO INFORMADO,-8.025582,-34.906567
3079,NÃO INFORMADO,NÃO INFORMADO,-8.027317,-34.957058
3080,NÃO INFORMADO,NÃO INFORMADO,-8.077023,-34.909192
3081,NÃO INFORMADO,NÃO INFORMADO,-8.027724,-34.928404
3082,NÃO INFORMADO,NÃO INFORMADO,-8.07672,-34.911472
3083,NÃO INFORMADO,NÃO INFORMADO,-8.097783,-34.885293
3084,NÃO INFORMADO,NÃO INFORMADO,-8.061344,-34.903462
3085,NÃO INFORMADO,NÃO INFORMADO,-8.034697,-34.949458
3086,NÃO INFORMADO,NÃO INFORMADO,-8.035078,-34.934984
3087,NÃO INFORMADO,NÃO INFORMADO,-8.051695,-34.895453
3088,NÃO INFORMADO,NÃO INFORMADO,-8.060887,-34.870477
3089,NÃO INFORMADO,NÃO INFORMADO,-8.046378,-34.952818
3090,NÃO INFORMADO,NÃO INFORMADO,-8.079338,-34.893509
3091,NÃO INFORMADO,NÃO INFORMADO,-8.052558,-34.917445
3092,NÃO INFORMADO,NÃO INFORMADO,-8.043037,-34.908065
3093,NÃO INFORMADO,NÃO INFORMADO,-8.062257,-34.880178
3094,NÃO INFORMADO,NÃO INFORMADO,-8.031933,-34.934512
3095,NÃO INFORMADO,NÃO INFORMADO,-8.037487,-34.885052
3096,NÃO INFORMADO,NÃO INFORMADO,-8.046908,-34.927504
3097,NÃO INFORMADO,NÃO INFORMADO,-8.026499,-34.905045
3098,NÃO INFORMADO,NÃO INFORMADO,-8.023867,-34.89717
3099,NÃO INFORMADO,NÃO INFORMADO,-8.096041,-34.928825
3100,NÃO INFORMADO,NÃO INFORMADO,-8.091501,-34.949548
3101,NÃO INFORMADO,NÃO INFORMADO,-8.021501,-34.93081
3102,NÃO INFORMADO,NÃO INFORMADO,-8.056839,-34.903167
3103,NÃO INFORMADO,NÃO INFORMADO,-8.082153,-34.960073
3104,NÃO INFORMADO,NÃO INFORMADO,-8.072147,-34.890615
3105,NÃO INFORMADO,NÃO INFORMADO,-8.05821,-34.904305
3106,NÃO INFORMADO,NÃO INFORMADO,-8.046588,-34.891092
3107,NÃO INFORMADO,NÃO INFORMADO,-8.047571,-34.915715
3108,NÃO INFORMADO,NÃO INFORMADO,-8.020815,-34.921699
3109,NÃO INFORMADO,NÃO INFORMADO,-8.032191,-34.892055
3110,NÃO INFORMADO,NÃO INFORMADO,-8.114125,-34.908307
3111,NÃO INFORMADO,NÃO INFORMADO,-8.073634,-34.929694
3112,NÃO INFORMADO,NÃO INFORMADO,-8.014462,-34.931524
3113,NÃO INFORMADO,NÃO INFORMADO,-8.025354,-34.894246
3114,NÃO INFORMADO,NÃO INFORMADO,-8.055055,-34.879895
3115,NÃO INFORMADO,NÃO INFORMADO,-8.03393,-34.890808
3116,NÃO INFORMADO,NÃO INFORMADO,-8.091888,-34.946496
3117,NÃO INFORMADO,NÃO INFORMADO,-8.026781,-34.897921
3118,NÃO INFORMADO,NÃO INFORMADO,-8.10559,-34.926025
3119,NÃO INFORMADO,NÃO INFORMADO,-8.039184,-34.929791
3120,NÃO INFORMADO,NÃO INFORMADO,-8.079285,-34.933192
3121,NÃO INFORMADO,NÃO INFORMADO,-8.014377,-34.913124
3122,NÃO INFORMADO,NÃO INFORMADO,-8.054088,-34.906842
3123,NÃO INFORMADO,NÃO INFORMADO,-8.067895,-34.892516
3124,NÃO INFORMADO,NÃO INFORMADO,-8.045717,-34.890816
3125,NÃO INFORMADO,NÃO INFORMADO,-8.062201,-34.91023
3126,NÃO INFORMADO,NÃO INFORMADO,-8.052315,-34.908441
3127,NÃO INFORMADO,NÃO INFORMADO,-8.05387,-34.911348
3128,NÃO INFORMADO,NÃO INFORMADO,-8.079544,-34.933836
3129,NÃO INFORMADO,NÃO INFORMADO,-8.086402,-34.887526
3130,NÃO INFORMADO,NÃO INFORMADO,-8.106023,-34.91322
3131,NÃO INFORMADO,NÃO INFORMADO,-8.088064,-34.891505
3132,NÃO INFORMADO,NÃO INFORMADO,-8.126807,-34.949739
3133,NÃO INFORMADO,NÃO INFORMADO,-8.063813,-34.878443
3134,NÃO INFORMADO,NÃO INFORMADO,-8.125394,-34.914969
3135,NÃO INFORMADO,NÃO INFORMADO,-8.128341,-34.900394
3136,NÃO INFORMADO,NÃO INFORMADO,-8.060103,-34.885277
3137,NÃO INFORMADO,NÃO INFORMADO,-8.118586,-34.895641
3138,NÃO INFORMADO,NÃO INFORMADO,-8.113403,-34.897961
3139,NÃO INFORMADO,NÃO INFORMADO,-8.062229,-34.872877
3140,NÃO INFORMADO,NÃO INFORMADO,-8.05924,-34.886959
3141,NÃO INFORMADO,NÃO INFORMADO,-8.107072,-34.924593
3142,NÃO INFORMADO,NÃO INFORMADO,-8.019198,-34.894035
3143,NÃO INFORMADO,NÃO INFORMADO,-8.042689,-34.911396
3144,NÃO INFORMADO,NÃO INFORMADO,-8.108708,-34.912394
3145,NÃO INFORMADO,NÃO INFORMADO,-8.070915,-34.929083
3146,NÃO INFORMADO,NÃO INFORMADO,-8.09602,-34.911831
3147,NÃO INFORMADO,NÃO INFORMADO,-8.03784,-34.892342
3148,NÃO INFORMADO,NÃO INFORMADO,-8.026842,-34.904554
3149,NÃO INFORMADO,NÃO INFORMADO,-8.036379,-34.909959
3150,NÃO INFORMADO,NÃO INFORMADO,-8.098628,-34.929786
3151,NÃO INFORMADO,NÃO INFORMADO,-8.049321,-34.954551
3152,NÃO INFORMADO,NÃO INFORMADO,-8.036677,-34.935306
3153,NÃO INFORMADO,NÃO INFORMADO,-8.084028,-34.949368
3154,NÃO INFORMADO,NÃO INFORMADO,-8.040419,-34.886747
3155,NÃO INFORMADO,NÃO INFORMADO,-8.065247,-34.927629
3156,NÃO INFORMADO,NÃO INFORMADO,-8.15065,-34.908907
3157,NÃO INFORMADO,NÃO INFORMADO,-8.01382,-34.918467
3158,NÃO INFORMADO,NÃO INFORMADO,-8.119096,-34.897524
3159,NÃO INFORMADO,NÃO INFORMADO,-8.084426,-34.950085
3160,NÃO INFORMADO,NÃO INFORMADO,-8.057996,-34.889034
3161,NÃO INFORMADO,NÃO INFORMADO,-8.077025,-34.909201
3162,NÃO INFORMADO,NÃO INFORMADO,-8.077017,-34.90917
3163,NÃO INFORMADO,NÃO INFORMADO,-8.140688,-34.929196
3164,NÃO INFORMADO,NÃO INFORMADO,-8.108955,-34.91715
3165,NÃO INFORMADO,NÃO INFORMADO,-8.088537,-34.929818
3166,NÃO INFORMADO,NÃO INFORMADO,-8.061583,-34.911388
3167,NÃO INFORMADO,NÃO INFORMADO,-8.021166,-34.933938
3168,NÃO INFORMADO,NÃO INFORMADO,-8.051621,-34.894917
3169,NÃO INFORMADO,NÃO INFORMADO,-8.04057,-34.881066
3170,NÃO INFORMADO,NÃO INFORMADO,-8.086434,-34.930692
3171,NÃO INFORMADO,NÃO INFORMADO,-8.064783,-34.937722
3172,NÃO INFORMADO,NÃO INFORMADO,-8.045818,-34.921192
3173,NÃO INFORMADO,NÃO INFORMADO,-8.072934,-34.885405
3174,NÃO INFORMADO,NÃO INFORMADO,-8.043954,-34.898275
3175,NÃO INFORMADO,NÃO INFORMADO,-8.085451,-34.888394
3176,NÃO INFORMADO,NÃO INFORMADO,-8.0615,-34.902838
3177,NÃO INFORMADO,NÃO INFORMADO,-8.091708,-34.936057
3178,NÃO INFORMADO,NÃO INFORMADO,-8.030163,-34.906874
3179,NÃO INFORMADO,NÃO INFORMADO,-8.025838,-34.90615
3180,NÃO INFORMADO,NÃO INFORMADO,-8.037659,-34.891342
3181,NÃO INFORMADO,NÃO INFORMADO,-8.077771,-34.897264
3182,NÃO INFORMADO,NÃO INFORMADO,-8.021873,-34.929029
3183,NÃO INFORMADO,NÃO INFORMADO,-8.061482,-34.902929
3184,NÃO INFORMADO,NÃO INFORMADO,-8.038557,-34.964113
3185,NÃO INFORMADO,NÃO INFORMADO,-8.060889,-34.924319
3186,NÃO INFORMADO,NÃO INFORMADO,-8.048144,-34.931341
3187,NÃO INFORMADO,NÃO INFORMADO,-8.036719,-34.935247
3188,NÃO INFORMADO,NÃO INFORMADO,-8.117216,-34.894794
3189,NÃO INFORMADO,NÃO INFORMADO,-8.013591,-34.95738
3190,NÃO INFORMADO,NÃO INFORMADO,-8.128851,-34.902867
3191,NÃO INFORMADO,NÃO INFORMADO,-8.081718,-34.963732
3192,NÃO INFORMADO,NÃO INFORMADO,-8.057307,-34.953432
3193,NÃO INFORMADO,NÃO INFORMADO,-8.115376,-34.894147
3194,NÃO INFORMADO,NÃO INFORMADO,-8.029771,-34.892551
3195,NÃO INFORMADO,NÃO INFORMADO,-8.025923,-34.890057
3196,NÃO INFORMADO,NÃO INFORMADO,-8.097226,-34.885105
3197,NÃO INFORMADO,NÃO INFORMADO,-8.085871,-34.890969
3198,NÃO INFORMADO,NÃO INFORMADO,-8.124372,-34.902057
3199,NÃO INFORMADO,NÃO INFORMADO,-8.040687,-34.927168
3200,NÃO INFORMADO,NÃO INFORMADO,-8.074696,-34.890529
3201,NÃO INFORMADO,NÃO INFORMADO,-8.115757,-34.895541
3202,NÃO INFORMADO,NÃO INFORMADO,-8.067229,-34.928209
3203,NÃO INFORMADO,NÃO INFORMADO,-8.062074,-34.897183
3204,NÃO INFORMADO,NÃO INFORMADO,-8.121347,-34.918612
3205,NÃO INFORMADO,NÃO INFORMADO,-8.051539,-34.895512
3206,NÃO INFORMADO,NÃO INFORMADO,-8.088208,-34.885787
3207,NÃO INFORMADO,NÃO INFORMADO,-8.023153,-34.89389
3208,NÃO INFORMADO,NÃO INFORMADO,-8.026605,-34.897857
3209,NÃO INFORMADO,NÃO INFORMADO,-8.118904,-34.897503
3210,NÃO INFORMADO,NÃO INFORMADO,-8.03855,-34.877575
3211,NÃO INFORMADO,NÃO INFORMADO,-8.026876,-34.956956
3212,NÃO INFORMADO,NÃO INFORMADO,-8.014484,-34.929711
3213,NÃO INFORMADO,NÃO INFORMADO,-8.030523,-34.900493
3214,NÃO INFORMADO,NÃO INFORMADO,-8.14205,-34.911501
3215,NÃO INFORMADO,NÃO INFORMADO,-8.051199,-34.933055
3216,NÃO INFORMADO,NÃO INFORMADO,-8.036576,-34.910088
3217,NÃO INFORMADO,NÃO INFORMADO,-8.09601,-34.928643
3218,NÃO INFORMADO,NÃO INFORMADO,-8.060387,-34.905565
3219,NÃO INFORMADO,NÃO INFORMADO,-8.053963,-34.881589
3220,NÃO INFORMADO,NÃO INFORMADO,-8.030781,-34.956425
3221,NÃO INFORMADO,NÃO INFORMADO,-8.138458,-34.935976
3222,NÃO INFORMADO,NÃO INFORMADO,-8.023896,-34.912287
3223,NÃO INFORMADO,NÃO INFORMADO,-8.101684,-34.92801
3224,NÃO INFORMADO,NÃO INFORMADO,-8.084854,-34.955511
3225,NÃO INFORMADO,NÃO INFORMADO,-8.090789,-34.956812
3226,NÃO INFORMADO,NÃO INFORMADO,-8.119844,-34.943352
3227,NÃO INFORMADO,NÃO INFORMADO,-8.011291,-34.928241
3228,NÃO INFORMADO,NÃO INFORMADO,-8.140226,-34.910812
3229,NÃO INFORMADO,NÃO INFORMADO,-8.083144,-34.924848
3230,NÃO INFORMADO,NÃO INFORMADO,-8.00812,-34.887249
3231,NÃO INFORMADO,NÃO INFORMADO,-8.045223,-34.880004
3232,NÃO INFORMADO,NÃO INFORMADO,-8.046652,-34.919583
3233,NÃO INFORMADO,NÃO INFORMADO,-8.074553,-34.890169
3234,NÃO INFORMADO,NÃO INFORMADO,-8.069791,-34.931945
3235,NÃO INFORMADO,NÃO INFORMADO,-8.13217,-34.916332
3236,NÃO INFORMADO,NÃO INFORMADO,-8.054036,-34.878124
3237,NÃO INFORMADO,NÃO INFORMADO,-8.134454,-34.914991
3238,NÃO INFORMADO,NÃO INFORMADO,-8.048176,-34.925373
3239,NÃO INFORMADO,NÃO INFORMADO,-8.05353,-34.908655
3240,NÃO INFORMADO,NÃO INFORMADO,-8.057729,-34.882903
3241,NÃO INFORMADO,NÃO INFORMADO,-8.014707,-34.914588
3242,NÃO INFORMADO,NÃO INFORMADO,-8.026892,-34.893136
3243,NÃO INFORMADO,NÃO INFORMADO,-8.027761,-34.92804
3244,NÃO INFORMADO,NÃO INFORMADO,-8.079328,-34.902076
3245,NÃO INFORMADO,NÃO INFORMADO,-8.035638,-34.91285
3246,NÃO INFORMADO,NÃO INFORMADO,-8.025554,-34.884746
3247,NÃO INFORMADO,NÃO INFORMADO,-8.035965,-34.920119
3248,NÃO INFORMADO,NÃO INFORMADO,-8.063505,-34.986734
3249,NÃO INFORMADO,NÃO INFORMADO,-8.061798,-34.907775
3250,NÃO INFORMADO,NÃO INFORMADO,-8.025479,-34.907003
3251,NÃO INFORMADO,NÃO INFORMADO,-8.055567,-34.885623
3252,NÃO INFORMADO,NÃO INFORMADO,-8.076683,-34.893227
3253,NÃO INFORMADO,NÃO INFORMADO,-8.060085,-34.905952
3254,NÃO INFORMADO,NÃO INFORMADO,-8.061305,-34.888808
3255,NÃO INFORMADO,NÃO INFORMADO,-8.122423,-34.903916
3256,NÃO INFORMADO,NÃO INFORMADO,-8.111435,-34.890676
3257,NÃO INFORMADO,NÃO INFORMADO,-8.093012,-34.943025
3258,NÃO INFORMADO,NÃO INFORMADO,-8.114531,-34.893659
3259,NÃO INFORMADO,NÃO INFORMADO,-8.030063,-34.957718
3260,NÃO INFORMADO,NÃO INFORMADO,-8.092467,-34.947161
3261,NÃO INFORMADO,NÃO INFORMADO,-8.002011,-34.920259
3262,NÃO INFORMADO,NÃO INFORMADO,-8.12173,-34.909852
3263,NÃO INFORMADO,NÃO INFORMADO,-8.061885,-34.901381
3264,NÃO INFORMADO,NÃO INFORMADO,-8.08031,-34.909675
3265,NÃO INFORMADO,NÃO INFORMADO,-8.025633,-34.897543
3266,NÃO INFORMADO,NÃO INFORMADO,-8.038036,-34.931905
3267,NÃO INFORMADO,NÃO INFORMADO,-8.051345,-34.872099
3268,NÃO INFORMADO,NÃO INFORMADO,-8.095627,-34.928744
3269,NÃO INFORMADO,NÃO INFORMADO,-8.054818,-34.906896
3270,NÃO INFORMADO,NÃO INFORMADO,-8.058394,-34.902119
3271,NÃO INFORMADO,NÃO INFORMADO,-8.108108,-34.915707
3272,NÃO INFORMADO,NÃO INFORMADO,-8.12327,-34.899659
3273,NÃO INFORMADO,NÃO INFORMADO,-8.05975,-34.908822
3274,NÃO INFORMADO,NÃO INFORMADO,-8.055373,-34.943014
3275,NÃO INFORMADO,NÃO INFORMADO,-8.062432,-34.910721
3276,NÃO INFORMADO,NÃO INFORMADO,-8.037279,-34.919465
3277,NÃO INFORMADO,NÃO INFORMADO,-8.029123,-34.917324
3278,NÃO INFORMADO,NÃO INFORMADO,-8.045595,-34.896341
3279,NÃO INFORMADO,NÃO INFORMADO,-8.07501,-34.889499
3280,NÃO INFORMADO,NÃO INFORMADO,-8.034399,-34.905273
3281,NÃO INFORMADO,NÃO INFORMADO,-8.125474,-34.937092
3282,NÃO INFORMADO,NÃO INFORMADO,-8.056006,-34.894718
3283,NÃO INFORMADO,NÃO INFORMADO,-8.045143,-34.930454
3284,NÃO INFORMADO,NÃO INFORMADO,-8.032464,-34.923381
3285,NÃO INFORMADO,NÃO INFORMADO,-8.115261,-34.896073
3286,NÃO INFORMADO,NÃO INFORMADO,-8.111257,-34.897948
3287,NÃO INFORMADO,NÃO INFORMADO,-8.062411,-34.916487
3288,NÃO INFORMADO,NÃO INFORMADO,-8.123902,-34.899144
3289,NÃO INFORMADO,NÃO INFORMADO,-8.023519,-34.892777
3290,NÃO INFORMADO,NÃO INFORMADO,-8.002213,-34.919722
3291,NÃO INFORMADO,NÃO INFORMADO,-8.071305,-34.892068
3292,NÃO INFORMADO,NÃO INFORMADO,-8.080269,-34.909815
3293,NÃO INFORMADO,NÃO INFORMADO,-8.108708,-34.926932
3294,NÃO INFORMADO,NÃO INFORMADO,-8.07548,-34.892919
3295,NÃO INFORMADO,NÃO INFORMADO,-8.062329,-34.89776
3296,NÃO INFORMADO,NÃO INFORMADO,-8.055753,-34.898058
3297,NÃO INFORMADO,NÃO INFORMADO,-8.105001,-34.886862
3298,NÃO INFORMADO,NÃO INFORMADO,-8.057001,-34.882793
3299,NÃO INFORMADO,NÃO INFORMADO,-8.091732,-34.936065
3300,NÃO INFORMADO,NÃO INFORMADO,-8.085738,-34.930054
3301,NÃO INFORMADO,NÃO INFORMADO,-8.107646,-34.924974
3302,NÃO INFORMADO,NÃO INFORMADO,-8.091742,-34.883759
3303,NÃO INFORMADO,NÃO INFORMADO,-8.085297,-34.929598
3304,NÃO INFORMADO,NÃO INFORMADO,-8.052607,-34.883756
3305,NÃO INFORMADO,NÃO INFORMADO,-8.030212,-34.95763
3306,NÃO INFORMADO,NÃO INFORMADO,-8.023764,-34.893764
3307,NÃO INFORMADO,NÃO INFORMADO,-8.068283,-34.909801
3308,NÃO INFORMADO,NÃO INFORMADO,-8.064849,-34.913797
3309,NÃO INFORMADO,NÃO INFORMADO,-8.012901,-34.905099
3310,NÃO INFORMADO,NÃO INFORMADO,-8.042266,-34.884745
3311,NÃO INFORMADO,NÃO INFORMADO,-8.062199,-34.909658
3312,NÃO INFORMADO,NÃO INFORMADO,-8.012685,-34.920098
3313,NÃO INFORMADO,NÃO INFORMADO,-8.067425,-34.911547
3314,NÃO INFORMADO,NÃO INFORMADO,-8.043677,-34.933197
3315,NÃO INFORMADO,NÃO INFORMADO,-8.117404,-34.89651
3316,NÃO INFORMADO,NÃO INFORMADO,-8.052314,-34.895935
3317,NÃO INFORMADO,NÃO INFORMADO,-8.089998,-34.934308
3318,NÃO INFORMADO,NÃO INFORMADO,-8.078488,-34.934244
3319,NÃO INFORMADO,NÃO INFORMADO,-8.041393,-34.885891
3320,NÃO INFORMADO,NÃO INFORMADO,-8.084644,-34.927913
3321,NÃO INFORMADO,NÃO INFORMADO,-8.017905,-34.940702
3322,NÃO INFORMADO,NÃO INFORMADO,-8.029672,-34.900371
3323,NÃO INFORMADO,NÃO INFORMADO,-8.025198,-34.921975
3324,NÃO INFORMADO,NÃO INFORMADO,-8.030743,-34.90158
3325,NÃO INFORMADO,NÃO INFORMADO,-8.032281,-34.919548
3326,NÃO INFORMADO,NÃO INFORMADO,-8.126977,-34.949613
3327,NÃO INFORMADO,NÃO INFORMADO,-8.03661,-34.975601
3328,NÃO INFORMADO,NÃO INFORMADO,-8.075697,-34.915707
3329,NÃO INFORMADO,NÃO INFORMADO,-8.029394,-34.900265
3330,NÃO INFORMADO,NÃO INFORMADO,-8.035014,-34.879231
3331,NÃO INFORMADO,NÃO INFORMADO,-8.092297,-34.883834
3332,NÃO INFORMADO,NÃO INFORMADO,-8.04973,-34.881817
3333,NÃO INFORMADO,NÃO INFORMADO,-8.023185,-34.893898
3334,NÃO INFORMADO,NÃO INFORMADO,-8.086354,-34.909626
3335,NÃO INFORMADO,NÃO INFORMADO,-8.11167,-34.889884
3336,NÃO INFORMADO,NÃO INFORMADO,-8.016422,-34.951627
3337,NÃO INFORMADO,NÃO INFORMADO,-8.054552,-34.926505
3338,NÃO INFORMADO,NÃO INFORMADO,-8.067292,-34.893812
3339,NÃO INFORMADO,NÃO INFORMADO,-8.109473,-34.90913
3340,NÃO INFORMADO,NÃO INFORMADO,-8.03252,-34.906906
3341,NÃO INFORMADO,NÃO INFORMADO,-8.066424,-34.897602
3342,NÃO INFORMADO,NÃO INFORMADO,-8.100003,-34.887139
3343,NÃO INFORMADO,NÃO INFORMADO,-8.102802,-34.909079
3344,NÃO INFORMADO,NÃO INFORMADO,-8.051778,-34.959792
3345,NÃO INFORMADO,NÃO INFORMADO,-8.065518,-34.908087
3346,NÃO INFORMADO,NÃO INFORMADO,-8.079495,-34.904345
3347,NÃO INFORMADO,NÃO INFORMADO,-8.056595,-34.89776
3348,NÃO INFORMADO,NÃO INFORMADO,-8.023681,-34.91833
3349,NÃO INFORMADO,NÃO INFORMADO,-8.039229,-34.871027
3350,NÃO INFORMADO,NÃO INFORMADO,-8.134225,-34.941282
3351,NÃO INFORMADO,NÃO INFORMADO,-8.092083,-34.961485
3352,NÃO INFORMADO,NÃO INFORMADO,-8.080905,-34.919937
3353,NÃO INFORMADO,NÃO INFORMADO,-8.054188,-34.923226
3354,NÃO INFORMADO,NÃO INFORMADO,-8.021596,-34.893238
3355,NÃO INFORMADO,NÃO INFORMADO,-8.056691,-34.892661
3356,NÃO INFORMADO,NÃO INFORMADO,-8.025288,-34.907491
3357,NÃO INFORMADO,NÃO INFORMADO,-8.115774,-34.895531
3358,NÃO INFORMADO,NÃO INFORMADO,-8.057142,-34.897728
3359,NÃO INFORMADO,NÃO INFORMADO,-8.051589,-34.89493
3360,NÃO INFORMADO,NÃO INFORMADO,-8.045175,-34.935107
3361,NÃO INFORMADO,NÃO INFORMADO,-8.065786,-34.892785
3362,NÃO INFORMADO,NÃO INFORMADO,-8.019716,-34.907572
3363,NÃO INFORMADO,NÃO INFORMADO,-8.021294,-34.917566
3364,NÃO INFORMADO,NÃO INFORMADO,-8.082642,-34.932969
3365,NÃO INFORMADO,NÃO INFORMADO,-8.130285,-34.915833
3366,NÃO INFORMADO,NÃO INFORMADO,-8.132063,-34.901537
3367,NÃO INFORMADO,NÃO INFORMADO,-8.043838,-34.892821
3368,NÃO INFORMADO,NÃO INFORMADO,-8.062778,-34.907714
3369,NÃO INFORMADO,NÃO INFORMADO,-8.003793,-34.897234
3370,NÃO INFORMADO,NÃO INFORMADO,-8.05661,-34.892634
3371,NÃO INFORMADO,NÃO INFORMADO,-8.06359,-34.930574
3372,NÃO INFORMADO,NÃO INFORMADO,-8.019197,-34.921325
3373,NÃO INFORMADO,NÃO INFORMADO,-8.013251,-34.914819
3374,NÃO INFORMADO,NÃO INFORMADO,-8.037776,-34.874183
3375,NÃO INFORMADO,NÃO INFORMADO,-8.017931,-34.952365
3376,NÃO INFORMADO,NÃO INFORMADO,-8.046265,-34.890815
3377,NÃO INFORMADO,NÃO INFORMADO,-8.032993,-34.884558
3378,NÃO INFORMADO,NÃO INFORMADO,-8.032504,-34.907306
3379,NÃO INFORMADO,NÃO INFORMADO,-8.02506,-34.90593
3380,NÃO INFORMADO,NÃO INFORMADO,-8.063505,-34.897617
3381,NÃO INFORMADO,NÃO INFORMADO,-8.053063,-34.904707
3382,NÃO INFORMADO,NÃO INFORMADO,-8.109385,-34.890558
3383,NÃO INFORMADO,NÃO INFORMADO,-8.052311,-34.934965
3384,NÃO INFORMADO,NÃO INFORMADO,-8.109783,-34.918402
3385,NÃO INFORMADO,NÃO INFORMADO,-8.041043,-34.879832
3386,NÃO INFORMADO,NÃO INFORMADO,-8.098904,-34.910216
3387,NÃO INFORMADO,NÃO INFORMADO,-8.109008,-34.92429
3388,NÃO INFORMADO,NÃO INFORMADO,-8.047547,-34.877051
3389,NÃO INFORMADO,NÃO INFORMADO,-8.034916,-34.891494
3390,NÃO INFORMADO,NÃO INFORMADO,-8.052702,-34.943025
3391,NÃO INFORMADO,NÃO INFORMADO,-8.088033,-34.907894
3392,NÃO INFORMADO,NÃO INFORMADO,-8.09867,-34.910173
3393,NÃO INFORMADO,NÃO INFORMADO,-8.048503,-34.877646
3394,NÃO INFORMADO,NÃO INFORMADO,-8.093754,-34.929004
3395,NÃO INFORMADO,NÃO INFORMADO,-8.0758647,-34.8920283
3396,NÃO INFORMADO,NÃO INFORMADO,-8.087772,-34.909106
3397,NÃO INFORMADO,NÃO INFORMADO,-8.062905,-34.88006
3398,NÃO INFORMADO,NÃO INFORMADO,-8.020598,-34.895754
3399,NÃO INFORMADO,NÃO INFORMADO,-8.060619,-34.905254
3400,NÃO INFORMADO,NÃO INFORMADO,-8.041022,-34.908704
3401,NÃO INFORMADO,NÃO INFORMADO,-8.056168,-34.878212
3402,NÃO INFORMADO,NÃO INFORMADO,-8.0471645,-34.8987298
3403,NÃO INFORMADO,NÃO INFORMADO,-8.066862,-34.912663
3404,NÃO INFORMADO,NÃO INFORMADO,-8.0484181,-34.9191856
3405,NÃO INFORMADO,NÃO INFORMADO,-8.0521627,-34.9066409
3406,NÃO INFORMADO,NÃO INFORMADO,-8.014728,-34.929737
3407,NÃO INFORMADO,NÃO INFORMADO,-8.0395503,-34.9405843
3408,NÃO INFORMADO,NÃO INFORMADO,-8.125123,-34.897929
3409,NÃO INFORMADO,NÃO INFORMADO,-8.0591871,-34.8871869
3410,NÃO INFORMADO,NÃO INFORMADO,-8.0919202,-34.935936
3411,NÃO INFORMADO,NÃO INFORMADO,-8.074906,-34.9089289
3412,NÃO INFORMADO,NÃO INFORMADO,-8.0561437,-34.8940453
3413,NÃO INFORMADO,NÃO INFORMADO,-8.0264249,-34.898479
3414,NÃO INFORMADO,NÃO INFORMADO,-8.0975259,-34.8863769
3415,NÃO INFORMADO,NÃO INFORMADO,-8.0658211,-34.9145186
3416,NÃO INFORMADO,NÃO INFORMADO,-8.122983,-34.90586
3417,NÃO INFORMADO,NÃO INFORMADO,-8.054324,-34.914022
3418,NÃO INFORMADO,NÃO INFORMADO,-8.0002471,-34.9287933
3419,NÃO INFORMADO,NÃO INFORMADO,-8.099988,-34.928152
3420,NÃO INFORMADO,NÃO INFORMADO,-8.075684,-34.92293
3421,NÃO INFORMADO,NÃO INFORMADO,-8.048256,-34.959539
3422,NÃO INFORMADO,NÃO INFORMADO,-8.069969,-34.897473
3423,NÃO INFORMADO,NÃO INFORMADO,-8.087432,-34.907749
3424,NÃO INFORMADO,NÃO INFORMADO,-8.046347,-34.891277
3425,NÃO INFORMADO,NÃO INFORMADO,-8.079099,-34.901558
3426,NÃO INFORMADO,NÃO INFORMADO,-8.0611258,-34.9045971
3427,NÃO INFORMADO,NÃO INFORMADO,-8.058667,-34.90718
3428,NÃO INFORMADO,NÃO INFORMADO,-8.066963,-34.889966
3429,NÃO INFORMADO,NÃO INFORMADO,-8.017039,-34.940815
3430,NÃO INFORMADO,NÃO INFORMADO,-8.104929,-34.911002
3431,NÃO INFORMADO,NÃO INFORMADO,-8.119085,-34.94281
3432,NÃO INFORMADO,NÃO INFORMADO,-8.032921,-34.9032
3433,NÃO INFORMADO,NÃO INFORMADO,-8.072593,-34.944205
3434,NÃO INFORMADO,NÃO INFORMADO,-8.00693,-34.88694
3435,NÃO INFORMADO,NÃO INFORMADO,-8.028544,-34.918145
3436,NÃO INFORMADO,NÃO INFORMADO,-8.0354788,-34.9479926
3437,NÃO INFORMADO,NÃO INFORMADO,-8.0744254,-34.8896948
3438,NÃO INFORMADO,NÃO INFORMADO,-8.0401638,-34.8871064
3439,NÃO INFORMADO,NÃO INFORMADO,-8.1406457,-34.9288362
3440,NÃO INFORMADO,NÃO INFORMADO,-8.0541837,-34.9232277
3441,NÃO INFORMADO,NÃO INFORMADO,-8.0641055,-34.9120885
3442,NÃO INFORMADO,NÃO INFORMADO,-8.0429391,-34.9024057
3443,NÃO INFORMADO,NÃO INFORMADO,-8.038599,-34.890711
3444,NÃO INFORMADO,NÃO INFORMADO,-8.0924832,-34.9087411
3445,NÃO INFORMADO,NÃO INFORMADO,-8.0379196,-34.9184239
3446,NÃO INFORMADO,NÃO INFORMADO,-8.063768,-34.878438
3447,NÃO INFORMADO,NÃO INFORMADO,-8.0077081,-34.8962098
3448,NÃO INFORMADO,NÃO INFORMADO,-8.0514217,-34.8719278
3449,NÃO INFORMADO,NÃO INFORMADO,-7.9906851,-34.9147439
3450,NÃO INFORMADO,NÃO INFORMADO,-8.129685,-34.9496126
3451,NÃO INFORMADO,NÃO INFORMADO,-8.006911,-34.890918
3452,NÃO INFORMADO,NÃO INFORMADO,-8.020438,-34.903339
3453,NÃO INFORMADO,NÃO INFORMADO,-8.034818,-34.949516
3454,NÃO INFORMADO,NÃO INFORMADO,-8.016449,-34.941486
3455,NÃO INFORMADO,NÃO INFORMADO,-8.115814,-34.895518
3456,NÃO INFORMADO,NÃO INFORMADO,-8.053252,-34.896591
3457,NÃO INFORMADO,NÃO INFORMADO,-8.140062,-34.922544
3458,NÃO INFORMADO,NÃO INFORMADO,-8.068843,-34.88234
3459,NÃO INFORMADO,NÃO INFORMADO,-8.054518,-34.880573
3460,NÃO INFORMADO,NÃO INFORMADO,-8.0393112,-34.9436903
3461,NÃO INFORMADO,NÃO INFORMADO,-8.0029935,-34.9184507
3462,NÃO INFORMADO,NÃO INFORMADO,-8.121751,-34.9098569
3463,NÃO INFORMADO,NÃO INFORMADO,-8.0914714,-34.9495938
3464,NÃO INFORMADO,NÃO INFORMADO,-8.049324,-34.906527
3465,NÃO INFORMADO,NÃO INFORMADO,-8.0873474,-34.9625757
3466,NÃO INFORMADO,NÃO INFORMADO,-8.087884,-34.907674
3467,NÃO INFORMADO,NÃO INFORMADO,-8.092425,-34.947156
3468,NÃO INFORMADO,NÃO INFORMADO,-8.020547,-34.888823
3469,NÃO INFORMADO,NÃO INFORMADO,-8.0272376,-34.8982336
3470,NÃO INFORMADO,NÃO INFORMADO,-8.1151632,-34.940131
3471,NÃO INFORMADO,NÃO INFORMADO,-8.0185685,-34.893305
3472,NÃO INFORMADO,NÃO INFORMADO,-8.071573,-34.927334
3473,NÃO INFORMADO,NÃO INFORMADO,-8.062382,-34.8738
3474,NÃO INFORMADO,NÃO INFORMADO,-8.0513474,-34.8947936
3475,NÃO INFORMADO,NÃO INFORMADO,-8.0908872,-34.9510664
3476,NÃO INFORMADO,NÃO INFORMADO,-8.068259,-34.909744
3477,NÃO INFORMADO,NÃO INFORMADO,-8.037524,-34.896725
3478,NÃO INFORMADO,NÃO INFORMADO,-8.053005,-34.916659
3479,NÃO INFORMADO,NÃO INFORMADO,-8.061646,-34.876549
3480,NÃO INFORMADO,NÃO INFORMADO,-8.061099,-34.887385
3481,NÃO INFORMADO,NÃO INFORMADO,-8.129451,-34.89871
3482,NÃO INFORMADO,NÃO INFORMADO,-8.071326,-34.883338
3483,NÃO INFORMADO,NÃO INFORMADO,-8.140826,-34.913135
3484,NÃO INFORMADO,NÃO INFORMADO,-8.084299,-34.967551
3485,NÃO INFORMADO,NÃO INFORMADO,-8.039502,-34.940649
3486,NÃO INFORMADO,NÃO INFORMADO,-8.072975,-34.924078
3487,NÃO INFORMADO,NÃO INFORMADO,-8.120357,-34.91954
3488,NÃO INFORMADO,NÃO INFORMADO,-8.027057,-34.893069
3489,NÃO INFORMADO,NÃO INFORMADO,-8.000661,-34.907266
3490,NÃO INFORMADO,NÃO INFORMADO,-8.020741,-34.935775
3491,NÃO INFORMADO,NÃO INFORMADO,-8.082137,-34.908902
3492,NÃO INFORMADO,NÃO INFORMADO,-8.008048,-34.88984
3493,NÃO INFORMADO,NÃO INFORMADO,-8.026664,-34.917102
3494,NÃO INFORMADO,NÃO INFORMADO,-8.089546,-34.936196
3495,NÃO INFORMADO,NÃO INFORMADO,-8.058855,-34.942263
3496,NÃO INFORMADO,NÃO INFORMADO,-8.071685,-34.909374
3497,NÃO INFORMADO,NÃO INFORMADO,-8.030111,-34.892482
3498,NÃO INFORMADO,NÃO INFORMADO,-8.035933,-34.909589
3499,NÃO INFORMADO,NÃO INFORMADO,-8.06466,-34.920519
3500,NÃO INFORMADO,NÃO INFORMADO,-8.057657,-34.930859
3501,NÃO INFORMADO,NÃO INFORMADO,-8.062343,-34.897751
3502,NÃO INFORMADO,NÃO INFORMADO,-8.025591,-34.906573
3503,NÃO INFORMADO,NÃO INFORMADO,-8.00927,-34.888861
3504,NÃO INFORMADO,NÃO INFORMADO,-8.062124,-34.909685
3505,NÃO INFORMADO,NÃO INFORMADO,-8.049871,-34.898023
3506,NÃO INFORMADO,NÃO INFORMADO,-8.111825,-34.889968
3507,NÃO INFORMADO,NÃO INFORMADO,-8.0266,-34.91778
3508,NÃO INFORMADO,NÃO INFORMADO,-8.064435,-34.912169
3509,NÃO INFORMADO,NÃO INFORMADO,-8.026571,-34.917769
3510,NÃO INFORMADO,NÃO INFORMADO,-8.05451,-34.881924
3511,NÃO INFORMADO,NÃO INFORMADO,-8.068944,-34.909852
3512,NÃO INFORMADO,NÃO INFORMADO,-8.052234,-34.894912
3513,NÃO INFORMADO,NÃO INFORMADO,-8.059947,-34.882198
3514,NÃO INFORMADO,NÃO INFORMADO,-8.046976,-34.891194
3515,NÃO INFORMADO,NÃO INFORMADO,-8.029644,-34.900472
3516,NÃO INFORMADO,NÃO INFORMADO,-8.008598,-34.905549
3517,NÃO INFORMADO,NÃO INFORMADO,-8.061067,-34.887337
3518,NÃO INFORMADO,NÃO INFORMADO,-8.038228,-34.943269
3519,NÃO INFORMADO,NÃO INFORMADO,-8.025548,-34.915382
3520,NÃO INFORMADO,NÃO INFORMADO,-8.14226,-34.908585
3521,NÃO INFORMADO,NÃO INFORMADO,-8.053807,-34.896972
3522,NÃO INFORMADO,NÃO INFORMADO,-8.025819,-34.911622
3523,NÃO INFORMADO,NÃO INFORMADO,-8.057705,-34.90711
3524,NÃO INFORMADO,NÃO INFORMADO,-8.064169,-34.897041
3525,NÃO INFORMADO,NÃO INFORMADO,-8.14252,-34.917812
3526,NÃO INFORMADO,NÃO INFORMADO,-8.111416,-34.912475
3527,NÃO INFORMADO,NÃO INFORMADO,-8.043576,-34.887573
3528,NÃO INFORMADO,NÃO INFORMADO,-8.065319,-34.872723
3529,NÃO INFORMADO,NÃO INFORMADO,-8.066857,-34.896837
3530,NÃO INFORMADO,NÃO INFORMADO,-8.052452,-34.880508
3531,NÃO INFORMADO,NÃO INFORMADO,-8.030125,-34.892487
3532,NÃO INFORMADO,NÃO INFORMADO,-8.04117,-34.909489
3533,NÃO INFORMADO,NÃO INFORMADO,-8.065771,-34.895547
3534,NÃO INFORMADO,NÃO INFORMADO,-8.0438687,-34.9327254
3535,NÃO INFORMADO,NÃO INFORMADO,-8.003519,-34.897315
3536,NÃO INFORMADO,NÃO INFORMADO,-8.027025,-34.893115
3537,NÃO INFORMADO,NÃO INFORMADO,-8.071682,-34.877662
3538,NÃO INFORMADO,NÃO INFORMADO,-8.072582,-34.929281
3539,NÃO INFORMADO,NÃO INFORMADO,-8.06231,-34.897309
3540,NÃO INFORMADO,NÃO INFORMADO,-8.091118,-34.964671
3541,NÃO INFORMADO,NÃO INFORMADO,-8.023918,-34.897202
3542,NÃO INFORMADO,NÃO INFORMADO,-8.034817,-34.90814
3543,NÃO INFORMADO,NÃO INFORMADO,-8.034499,-34.908537
3544,NÃO INFORMADO,NÃO INFORMADO,-8.046503,-34.876284
3545,NÃO INFORMADO,NÃO INFORMADO,-8.053315,-34.896513
3546,NÃO INFORMADO,NÃO INFORMADO,-8.073188,-34.896441
3547,NÃO INFORMADO,NÃO INFORMADO,-8.008056,-34.90335
3548,NÃO INFORMADO,NÃO INFORMADO,-8.058945,-34.907228
3549,NÃO INFORMADO,NÃO INFORMADO,-8.118427,-34.944463
3550,NÃO INFORMADO,NÃO INFORMADO,-8.039513,-34.878901
3551,NÃO INFORMADO,NÃO INFORMADO,-8.042238,-34.884682
3552,NÃO INFORMADO,NÃO INFORMADO,-8.020934,-34.882748
3553,NÃO INFORMADO,NÃO INFORMADO,-8.054178,-34.914224
3554,NÃO INFORMADO,NÃO INFORMADO,-8.031381,-34.955744
3555,NÃO INFORMADO,NÃO INFORMADO,-8.044681,-34.893871
3556,NÃO INFORMADO,NÃO INFORMADO,-8.0272,-34.904031
3557,NÃO INFORMADO,NÃO INFORMADO,-8.05429,-34.880401
3558,NÃO INFORMADO,NÃO INFORMADO,-8.069693,-34.894799
3559,NÃO INFORMADO,NÃO INFORMADO,-7.98941,-34.930344
3560,NÃO INFORMADO,NÃO INFORMADO,-8.10755,-34.924518
3561,NÃO INFORMADO,NÃO INFORMADO,-8.034297,-34.908864
3562,NÃO INFORMADO,NÃO INFORMADO,-8.027102,-34.918346
3563,NÃO INFORMADO,NÃO INFORMADO,-8.076454,-34.895947
3564,NÃO INFORMADO,NÃO INFORMADO,-8.039885,-34.878733
3565,NÃO INFORMADO,NÃO INFORMADO,-8.071552,-34.892042
3566,NÃO INFORMADO,NÃO INFORMADO,-8.053971,-34.880186
3567,NÃO INFORMADO,NÃO INFORMADO,-8.058916,-34.907247
3568,NÃO INFORMADO,NÃO INFORMADO,-8.08407,-34.949398
3569,NÃO INFORMADO,NÃO INFORMADO,-8.076406,-34.913124
3570,NÃO INFORMADO,NÃO INFORMADO,-8.133647,-34.916439
3571,NÃO INFORMADO,NÃO INFORMADO,-8.084787,-34.928606
3572,NÃO INFORMADO,NÃO INFORMADO,-8.074967,-34.891436
3573,NÃO INFORMADO,NÃO INFORMADO,-8.065168,-34.9191
3574,NÃO INFORMADO,NÃO INFORMADO,-8.070596,-34.895968
3575,NÃO INFORMADO,NÃO INFORMADO,-8.064817,-34.901376
3576,NÃO INFORMADO,NÃO INFORMADO,-8.013379,-34.914835
3577,NÃO INFORMADO,NÃO INFORMADO,-8.10541,-34.889681
3578,NÃO INFORMADO,NÃO INFORMADO,-8.141039,-34.911268
3579,NÃO INFORMADO,NÃO INFORMADO,-8.069725,-34.982915
3580,NÃO INFORMADO,NÃO INFORMADO,-8.115739,-34.89555
3581,NÃO INFORMADO,NÃO INFORMADO,-7.986642,-34.931878
3582,NÃO INFORMADO,NÃO INFORMADO,-8.002842,-34.897666
3583,NÃO INFORMADO,NÃO INFORMADO,-8.089344,-34.929786
3584,NÃO INFORMADO,NÃO INFORMADO,-8.046864,-34.904197
3585,NÃO INFORMADO,NÃO INFORMADO,-8.115336,-34.924534
3586,NÃO INFORMADO,NÃO INFORMADO,-8.081282,-34.905185
3587,NÃO INFORMADO,NÃO INFORMADO,-8.087485,-34.907641
3588,NÃO INFORMADO,NÃO INFORMADO,-8.077224,-34.918692
3589,NÃO INFORMADO,NÃO INFORMADO,-8.07561,-34.916096
3590,NÃO INFORMADO,NÃO INFORMADO,-8.080374,-34.904321
3591,NÃO INFORMADO,NÃO INFORMADO,-8.036942,-34.890516
3592,NÃO INFORMADO,NÃO INFORMADO,-8.080491,-34.905831
3593,NÃO INFORMADO,NÃO INFORMADO,-8.029761,-34.958306
3594,NÃO INFORMADO,NÃO INFORMADO,-8.119914,-34.914063
3595,NÃO INFORMADO,NÃO INFORMADO,-8.109547,-34.935772
3596,NÃO INFORMADO,NÃO INFORMADO,-8.052272,-34.934737
3597,NÃO INFORMADO,NÃO INFORMADO,-8.024465,-34.89363
3598,NÃO INFORMADO,NÃO INFORMADO,-8.051921,-34.908768
3599,NÃO INFORMADO,NÃO INFORMADO,-8.0477,-34.910696
3600,NÃO INFORMADO,NÃO INFORMADO,-8.080231,-34.906147
3601,NÃO INFORMADO,NÃO INFORMADO,-8.033426,-34.885175
3602,NÃO INFORMADO,NÃO INFORMADO,-8.065455,-34.918166
3603,NÃO INFORMADO,NÃO INFORMADO,-8.058274,-34.913843
3604,NÃO INFORMADO,NÃO INFORMADO,-8.051709,-34.932125
3605,NÃO INFORMADO,NÃO INFORMADO,-8.088261,-34.932586
3606,NÃO INFORMADO,NÃO INFORMADO,-8.048681,-34.892948
3607,NÃO INFORMADO,NÃO INFORMADO,-8.02685,-34.904552
3608,NÃO INFORMADO,NÃO INFORMADO,-8.038716,-34.883502
3609,NÃO INFORMADO,NÃO INFORMADO,-8.070224,-34.93059
3610,NÃO INFORMADO,NÃO INFORMADO,-8.109048,-34.9261
3611,NÃO INFORMADO,NÃO INFORMADO,-8.016415,-34.950876
3612,NÃO INFORMADO,NÃO INFORMADO,-8.031819,-34.892165
3613,NÃO INFORMADO,NÃO INFORMADO,-8.072572,-34.896516
3614,NÃO INFORMADO,NÃO INFORMADO,-8.001235,-34.919325
3615,NÃO INFORMADO,NÃO INFORMADO,-8.052819,-34.923531
3616,NÃO INFORMADO,NÃO INFORMADO,-8.026266,-34.90364
3617,NÃO INFORMADO,NÃO INFORMADO,-8.09063,-34.956629
3618,NÃO INFORMADO,NÃO INFORMADO,-8.059997,-34.882112
3619,NÃO INFORMADO,NÃO INFORMADO,-8.026863,-34.893101
3620,NÃO INFORMADO,NÃO INFORMADO,-8.036884,-34.962852
3621,NÃO INFORMADO,NÃO INFORMADO,-8.092627,-34.938991
3622,NÃO INFORMADO,NÃO INFORMADO,-8.055984,-34.910817
3623,NÃO INFORMADO,NÃO INFORMADO,-8.060781,-34.886795
3624,NÃO INFORMADO,NÃO INFORMADO,-8.025809,-34.911633
3625,NÃO INFORMADO,NÃO INFORMADO,-8.053408,-34.937924
3626,NÃO INFORMADO,NÃO INFORMADO,-8.080278,-34.906767
3627,NÃO INFORMADO,NÃO INFORMADO,-8.069536,-34.875441
3628,NÃO INFORMADO,NÃO INFORMADO,-8.112048,-34.926422
3629,NÃO INFORMADO,NÃO INFORMADO,-8.038355,-34.900357
3630,NÃO INFORMADO,NÃO INFORMADO,-8.131475,-34.916192
3631,NÃO INFORMADO,NÃO INFORMADO,-8.037914,-34.916965
3632,NÃO INFORMADO,NÃO INFORMADO,-8.114613,-34.91299
3633,NÃO INFORMADO,NÃO INFORMADO,-8.078329,-34.892251
3634,NÃO INFORMADO,NÃO INFORMADO,-8.056569,-34.898103
3635,NÃO INFORMADO,NÃO INFORMADO,-8.065193,-34.895735
3636,NÃO INFORMADO,NÃO INFORMADO,-8.077798,-34.905831
3637,NÃO INFORMADO,NÃO INFORMADO,-8.05174,-34.934759
3638,NÃO INFORMADO,NÃO INFORMADO,-8.0214,-34.886484
3639,NÃO INFORMADO,NÃO INFORMADO,-8.118119,-34.893833
3640,NÃO INFORMADO,NÃO INFORMADO,-8.089392,-34.933739
3641,NÃO INFORMADO,NÃO INFORMADO,-8.061264,-34.905404
3642,NÃO INFORMADO,NÃO INFORMADO,-8.139169,-34.914556
3643,NÃO INFORMADO,NÃO INFORMADO,-8.067484,-34.9007
3644,NÃO INFORMADO,NÃO INFORMADO,-8.061758,-34.908248
3645,NÃO INFORMADO,NÃO INFORMADO,-8.037431,-34.919336
3646,NÃO INFORMADO,NÃO INFORMADO,-8.013934,-34.910265
3647,NÃO INFORMADO,NÃO INFORMADO,-8.043712,-34.887916
3648,NÃO INFORMADO,NÃO INFORMADO,-8.11866,-34.942607
3649,NÃO INFORMADO,NÃO INFORMADO,-8.034881,-34.961361
3650,NÃO INFORMADO,NÃO INFORMADO,-8.087029,-34.907518
3651,NÃO INFORMADO,NÃO INFORMADO,-8.026388,-34.897825
3652,NÃO INFORMADO,NÃO INFORMADO,-8.062533,-34.911665
3653,NÃO INFORMADO,NÃO INFORMADO,-8.13327,-34.948443
3654,NÃO INFORMADO,NÃO INFORMADO,-8.10327,-34.910785
3655,NÃO INFORMADO,NÃO INFORMADO,-8.039694,-34.879253
3656,NÃO INFORMADO,NÃO INFORMADO,-8.067622,-34.928316
3657,NÃO INFORMADO,NÃO INFORMADO,-8.036079,-34.938511
3658,NÃO INFORMADO,NÃO INFORMADO,-8.03214,-34.88134
3659,NÃO INFORMADO,NÃO INFORMADO,-8.067473,-34.911429
3660,NÃO INFORMADO,NÃO INFORMADO,-8.132221,-34.899992
3661,NÃO INFORMADO,NÃO INFORMADO,-8.0979906,-34.9394497
3662,NÃO INFORMADO,NÃO INFORMADO,-8.078228,-34.89908
3663,NÃO INFORMADO,NÃO INFORMADO,-8.066262,-34.882665
3664,NÃO INFORMADO,NÃO INFORMADO,-8.039858,-34.878695
3665,NÃO INFORMADO,NÃO INFORMADO,-8.034456,-34.949956
3666,NÃO INFORMADO,NÃO INFORMADO,-8.02311,-34.918655
3667,NÃO INFORMADO,NÃO INFORMADO,-8.082605,-34.932878
3668,NÃO INFORMADO,NÃO INFORMADO,-8.055097,-34.879913
3669,NÃO INFORMADO,NÃO INFORMADO,-8.108453,-34.890121
3670,NÃO INFORMADO,NÃO INFORMADO,-8.031423,-34.904986
3671,NÃO INFORMADO,NÃO INFORMADO,-8.08602,-34.937929
3672,NÃO INFORMADO,NÃO INFORMADO,-8.00336,-34.917952
3673,NÃO INFORMADO,NÃO INFORMADO,-8.013851,-34.931467
3674,NÃO INFORMADO,NÃO INFORMADO,-8.018478,-34.926068
3675,NÃO INFORMADO,NÃO INFORMADO,-8.016332,-34.930183
3676,NÃO INFORMADO,NÃO INFORMADO,-8.036257,-34.88017
3677,NÃO INFORMADO,NÃO INFORMADO,-8.04739,-34.891752
3678,NÃO INFORMADO,NÃO INFORMADO,-8.020715,-34.888351
3679,NÃO INFORMADO,NÃO INFORMADO,-8.022048,-34.915473
3680,NÃO INFORMADO,NÃO INFORMADO,-8.090821,-34.956983
3681,NÃO INFORMADO,NÃO INFORMADO,-8.053962,-34.912105
3682,NÃO INFORMADO,NÃO INFORMADO,-8.086923,-34.89098
3683,NÃO INFORMADO,NÃO INFORMADO,-8.053201,-34.905775
3684,NÃO INFORMADO,NÃO INFORMADO,-8.033665,-34.896427
3685,NÃO INFORMADO,NÃO INFORMADO,-8.055676,-34.90402
3686,NÃO INFORMADO,NÃO INFORMADO,-8.00021,-34.904552
3687,NÃO INFORMADO,NÃO INFORMADO,-8.12515,-34.93691
3688,NÃO INFORMADO,NÃO INFORMADO,-8.047109,-34.918756
3689,NÃO INFORMADO,NÃO INFORMADO,-8.045266,-34.889976
3690,NÃO INFORMADO,NÃO INFORMADO,-8.030133,-34.892567
3691,NÃO INFORMADO,NÃO INFORMADO,-8.148091,-34.918832
3692,NÃO INFORMADO,NÃO INFORMADO,-8.062438,-34.897261
3693,NÃO INFORMADO,NÃO INFORMADO,-8.121018,-34.895571
3694,NÃO INFORMADO,NÃO INFORMADO,-8.039303,-34.889274
3695,NÃO INFORMADO,NÃO INFORMADO,-8.039619,-34.89224
3696,NÃO INFORMADO,NÃO INFORMADO,-8.097491,-34.914647
3697,NÃO INFORMADO,NÃO INFORMADO,-7.989006,-34.931427
3698,NÃO INFORMADO,NÃO INFORMADO,-8.112808,-34.89054
3699,NÃO INFORMADO,NÃO INFORMADO,-8.006797,-34.886886
3700,NÃO INFORMADO,NÃO INFORMADO,-8.06367,-34.897669
3701,NÃO INFORMADO,NÃO INFORMADO,-8.02421,-34.893678
3702,NÃO INFORMADO,NÃO INFORMADO,-8.079556,-34.89342
3703,NÃO INFORMADO,NÃO INFORMADO,-8.086083,-34.909599
3704,NÃO INFORMADO,NÃO INFORMADO,-8.020736,-34.935826
3705,NÃO INFORMADO,NÃO INFORMADO,-8.038711,-34.879293
3706,NÃO INFORMADO,NÃO INFORMADO,-8.052949,-34.880902
3707,NÃO INFORMADO,NÃO INFORMADO,-8.063702,-34.935172
3708,NÃO INFORMADO,NÃO INFORMADO,-8.021134,-34.886355
3709,NÃO INFORMADO,NÃO INFORMADO,-8.043454,-34.887428
3710,NÃO INFORMADO,NÃO INFORMADO,-8.077086,-34.943036
3711,NÃO INFORMADO,NÃO INFORMADO,-8.016662,-34.917855
3712,NÃO INFORMADO,NÃO INFORMADO,-8.036645,-34.975491
3713,NÃO INFORMADO,NÃO INFORMADO,-8.060834,-34.924196
3714,NÃO INFORMADO,NÃO INFORMADO,-8.039582,-34.904235
3715,NÃO INFORMADO,NÃO INFORMADO,-8.134788,-34.913537
3716,NÃO INFORMADO,NÃO INFORMADO,-8.109855,-34.918199
3717,NÃO INFORMADO,NÃO INFORMADO,-8.010106,-34.91322
3718,NÃO INFORMADO,NÃO INFORMADO,-8.056701,-34.892642
3719,NÃO INFORMADO,NÃO INFORMADO,-8.140826,-34.930365
3720,NÃO INFORMADO,NÃO INFORMADO,-8.07578,-34.893168
3721,NÃO INFORMADO,NÃO INFORMADO,-8.106727,-34.911531
3722,NÃO INFORMADO,NÃO INFORMADO,-8.089514,-34.93382
3723,NÃO INFORMADO,NÃO INFORMADO,-8.046026,-34.90729
3724,NÃO INFORMADO,NÃO INFORMADO,-8.049961,-34.87387
3725,NÃO INFORMADO,NÃO INFORMADO,-8.071563,-34.892047
3726,NÃO INFORMADO,NÃO INFORMADO,-8.091659,-34.908553
3727,NÃO INFORMADO,NÃO INFORMADO,-8.031803,-34.954918
3728,NÃO INFORMADO,NÃO INFORMADO,-8.061503,-34.929518
3729,NÃO INFORMADO,NÃO INFORMADO,-8.049996,-34.921693
3730,NÃO INFORMADO,NÃO INFORMADO,-8.027094,-34.877633
3731,NÃO INFORMADO,NÃO INFORMADO,-8.04457,-34.890229
3732,NÃO INFORMADO,NÃO INFORMADO,-8.107994,-34.891548
3733,NÃO INFORMADO,NÃO INFORMADO,-8.054972,-34.900552
3734,NÃO INFORMADO,NÃO INFORMADO,-8.034906,-34.901121
3735,NÃO INFORMADO,NÃO INFORMADO,-8.047613,-34.877037
3736,NÃO INFORMADO,NÃO INFORMADO,-8.090789,-34.954891
3737,NÃO INFORMADO,NÃO INFORMADO,-8.033431,-34.88517
3738,NÃO INFORMADO,NÃO INFORMADO,-8.029689,-34.889853
3739,NÃO INFORMADO,NÃO INFORMADO,-8.027362,-34.903782
3740,NÃO INFORMADO,NÃO INFORMADO,-8.106732,-34.927337
3741,NÃO INFORMADO,NÃO INFORMADO,-8.030823,-34.885969
3742,NÃO INFORMADO,NÃO INFORMADO,-8.048049,-34.877308
3743,NÃO INFORMADO,NÃO INFORMADO,-8.02289,-34.914063
3744,NÃO INFORMADO,NÃO INFORMADO,-8.100789,-34.928091
3745,NÃO INFORMADO,NÃO INFORMADO,-8.095702,-34.886023
3746,NÃO INFORMADO,NÃO INFORMADO,-8.065954,-34.879042
3747,NÃO INFORMADO,NÃO INFORMADO,-8.045574,-34.959317
3748,NÃO INFORMADO,NÃO INFORMADO,-8.055193,-34.897878
3749,NÃO INFORMADO,NÃO INFORMADO,-8.0375,-34.944618
3750,NÃO INFORMADO,NÃO INFORMADO,-8.062172,-34.909723
3751,NÃO INFORMADO,NÃO INFORMADO,-8.109948,-34.926747
3752,NÃO INFORMADO,NÃO INFORMADO,-8.066186,-34.877263
3753,NÃO INFORMADO,NÃO INFORMADO,-8.04249,-34.884358
3754,NÃO INFORMADO,NÃO INFORMADO,-8.047475,-34.876938
3755,NÃO INFORMADO,NÃO INFORMADO,-8.06333,-34.897627
3756,NÃO INFORMADO,NÃO INFORMADO,-8.058068,-34.905357
3757,NÃO INFORMADO,NÃO INFORMADO,-8.062584,-34.913894
3758,NÃO INFORMADO,NÃO INFORMADO,-8.024497,-34.910576
3759,NÃO INFORMADO,NÃO INFORMADO,-7.99957,-34.928021
3760,NÃO INFORMADO,NÃO INFORMADO,-8.033585,-34.89651
3761,NÃO INFORMADO,NÃO INFORMADO,-8.052257,-34.871568
3762,NÃO INFORMADO,NÃO INFORMADO,-8.061774,-34.920189
3763,NÃO INFORMADO,NÃO INFORMADO,-8.034972,-34.891478
3764,NÃO INFORMADO,NÃO INFORMADO,-8.076799,-34.894692
3765,NÃO INFORMADO,NÃO INFORMADO,-8.110247,-34.892819
3766,NÃO INFORMADO,NÃO INFORMADO,-8.021693,-34.894206
3767,NÃO INFORMADO,NÃO INFORMADO,-8.055889,-34.911506
3768,NÃO INFORMADO,NÃO INFORMADO,-8.052674,-34.897947
3769,NÃO INFORMADO,NÃO INFORMADO,-8.053371,-34.955674
3770,NÃO INFORMADO,NÃO INFORMADO,-8.060034,-34.872735
3771,NÃO INFORMADO,NÃO INFORMADO,-8.019875,-34.907397
3772,NÃO INFORMADO,NÃO INFORMADO,-8.1149,-34.925065
3773,NÃO INFORMADO,NÃO INFORMADO,-8.037188,-34.890969
3774,NÃO INFORMADO,NÃO INFORMADO,-8.109627,-34.926774
3775,NÃO INFORMADO,NÃO INFORMADO,-8.070672,-34.929712
3776,NÃO INFORMADO,NÃO INFORMADO,-8.071138,-34.909272
3777,NÃO INFORMADO,NÃO INFORMADO,-8.062847,-34.926508
3778,NÃO INFORMADO,NÃO INFORMADO,-8.112282,-34.902325
3779,NÃO INFORMADO,NÃO INFORMADO,-8.140513,-34.91771
3780,NÃO INFORMADO,NÃO INFORMADO,-8.14139,-34.908167
3781,NÃO INFORMADO,NÃO INFORMADO,-8.044586,-34.897073
3782,NÃO INFORMADO,NÃO INFORMADO,-8.101671,-34.910552
3783,NÃO INFORMADO,NÃO INFORMADO,-8.008545,-34.904712
3784,NÃO INFORMADO,NÃO INFORMADO,-8.109892,-34.892007
3785,NÃO INFORMADO,NÃO INFORMADO,-8.043412,-34.887211
3786,NÃO INFORMADO,NÃO INFORMADO,-8.140561,-34.92381
3787,NÃO INFORMADO,NÃO INFORMADO,-8.099934,-34.887176
3788,NÃO INFORMADO,NÃO INFORMADO,-8.058101,-34.889114
3789,NÃO INFORMADO,NÃO INFORMADO,-8.093065,-34.943124
3790,NÃO INFORMADO,NÃO INFORMADO,-8.054865,-34.8973
3791,NÃO INFORMADO,NÃO INFORMADO,-8.062001,-34.919756
3792,NÃO INFORMADO,NÃO INFORMADO,-8.062774,-34.895433
3793,NÃO INFORMADO,NÃO INFORMADO,-8.075992,-34.914604
3794,NÃO INFORMADO,NÃO INFORMADO,-8.102611,-34.888378
3795,NÃO INFORMADO,NÃO INFORMADO,-8.053799,-34.906818
3796,NÃO INFORMADO,NÃO INFORMADO,-8.045528,-34.875513
3797,NÃO INFORMADO,NÃO INFORMADO,-8.141007,-34.905131
3798,NÃO INFORMADO,NÃO INFORMADO,-8.06214,-34.898844
3799,NÃO INFORMADO,NÃO INFORMADO,-8.053084,-34.904735
3800,NÃO INFORMADO,NÃO INFORMADO,-8.052947,-34.897009
3801,NÃO INFORMADO,NÃO INFORMADO,-8.039917,-34.887415
3802,NÃO INFORMADO,NÃO INFORMADO,-8.064193,-34.876815
3803,NÃO INFORMADO,NÃO INFORMADO,-8.028831,-34.909422
3804,NÃO INFORMADO,NÃO INFORMADO,-8.024765,-34.917802
3805,NÃO INFORMADO,NÃO INFORMADO,-8.0504922,-34.8835069
3806,NÃO INFORMADO,NÃO INFORMADO,-8.113206,-34.955932
3807,NÃO INFORMADO,NÃO INFORMADO,-8.077171,-34.89422
3808,NÃO INFORMADO,NÃO INFORMADO,-8.074409,-34.889719
3809,NÃO INFORMADO,NÃO INFORMADO,-8.122962,-34.903886
3810,NÃO INFORMADO,NÃO INFORMADO,-8.051576,-34.887729
3811,NÃO INFORMADO,NÃO INFORMADO,-8.0638984,-34.9014348
3812,NÃO INFORMADO,NÃO INFORMADO,-8.109972,-34.912137
3813,NÃO INFORMADO,NÃO INFORMADO,-8.033585,-34.951367
3814,NÃO INFORMADO,NÃO INFORMADO,-8.039534,-34.878899
3815,NÃO INFORMADO,NÃO INFORMADO,-8.120036,-34.913086
3816,NÃO INFORMADO,NÃO INFORMADO,-8.120484,-34.943822
3817,NÃO INFORMADO,NÃO INFORMADO,-8.091803,-34.948797
3818,NÃO INFORMADO,NÃO INFORMADO,-8.022335,-34.879006
3819,NÃO INFORMADO,NÃO INFORMADO,-8.056234,-34.895255
3820,NÃO INFORMADO,NÃO INFORMADO,-8.133036,-34.902835
3821,NÃO INFORMADO,NÃO INFORMADO,-8.067723,-34.875157
3822,NÃO INFORMADO,NÃO INFORMADO,-8.052627,-34.883743
3823,NÃO INFORMADO,NÃO INFORMADO,-8.066481,-34.883837
3824,NÃO INFORMADO,NÃO INFORMADO,-8.059028,-34.939254
3825,NÃO INFORMADO,NÃO INFORMADO,-8.056717,-34.899445
3826,NÃO INFORMADO,NÃO INFORMADO,-8.06947,-34.908328
3827,NÃO INFORMADO,NÃO INFORMADO,-8.068896,-34.908521
3828,NÃO INFORMADO,NÃO INFORMADO,-8.056847,-34.88558
3829,NÃO INFORMADO,NÃO INFORMADO,-8.070707,-34.88421
3830,NÃO INFORMADO,NÃO INFORMADO,-8.134953,-34.912695
3831,NÃO INFORMADO,NÃO INFORMADO,-8.033256,-34.910645
3832,NÃO INFORMADO,NÃO INFORMADO,-8.034581,-34.880845
3833,NÃO INFORMADO,NÃO INFORMADO,-8.09252,-34.938658
3834,NÃO INFORMADO,NÃO INFORMADO,-8.039194,-34.899262
3835,NÃO INFORMADO,NÃO INFORMADO,-8.058879,-34.897926
3836,NÃO INFORMADO,NÃO INFORMADO,-8.121586,-34.918419
3837,NÃO INFORMADO,NÃO INFORMADO,-8.077285,-34.906298
3838,NÃO INFORMADO,NÃO INFORMADO,-8.011105,-34.884076
3839,NÃO INFORMADO,NÃO INFORMADO,-8.113408,-34.92227
3840,NÃO INFORMADO,NÃO INFORMADO,-8.143078,-34.909176
3841,NÃO INFORMADO,NÃO INFORMADO,-8.080034,-34.903798
3842,NÃO INFORMADO,NÃO INFORMADO,-8.108448,-34.913676
3843,NÃO INFORMADO,NÃO INFORMADO,-8.05276,-34.940059
3844,NÃO INFORMADO,NÃO INFORMADO,-8.102946,-34.927731
3845,NÃO INFORMADO,NÃO INFORMADO,-8.118405,-34.944538
3846,NÃO INFORMADO,NÃO INFORMADO,-8.034985,-34.908934
3847,NÃO INFORMADO,NÃO INFORMADO,-8.027427,-34.914012
3848,NÃO INFORMADO,NÃO INFORMADO,-8.064197,-34.876834
3849,NÃO INFORMADO,NÃO INFORMADO,-8.036957,-34.898138
3850,NÃO INFORMADO,NÃO INFORMADO,-8.016223,-34.941209
3851,NÃO INFORMADO,NÃO INFORMADO,-8.127869,-34.901907
3852,NÃO INFORMADO,NÃO INFORMADO,-8.027121,-34.89309
3853,NÃO INFORMADO,NÃO INFORMADO,-8.025554,-34.89341
3854,NÃO INFORMADO,NÃO INFORMADO,-8.053352,-34.8968
3855,NÃO INFORMADO,NÃO INFORMADO,-8.03535,-34.95156
3856,NÃO INFORMADO,NÃO INFORMADO,-8.052752,-34.917083
3857,NÃO INFORMADO,NÃO INFORMADO,-8.133235,-34.916498
3858,NÃO INFORMADO,NÃO INFORMADO,-8.052596,-34.88372
3859,NÃO INFORMADO,NÃO INFORMADO,-8.037829,-34.894123
3860,NÃO INFORMADO,NÃO INFORMADO,-8.080294,-34.908671
3861,NÃO INFORMADO,NÃO INFORMADO,-8.026882,-34.89312
3862,NÃO INFORMADO,NÃO INFORMADO,-8.030186,-34.957541
3863,NÃO INFORMADO,NÃO INFORMADO,-8.051624,-34.879897
3864,NÃO INFORMADO,NÃO INFORMADO,-8.056744,-34.919068
3865,NÃO INFORMADO,NÃO INFORMADO,-8.090436,-34.96371
3866,NÃO INFORMADO,NÃO INFORMADO,-8.056614,-34.931505
3867,NÃO INFORMADO,NÃO INFORMADO,-8.121573,-34.936408
3868,NÃO INFORMADO,NÃO INFORMADO,-8.073581,-34.909074
3869,NÃO INFORMADO,NÃO INFORMADO,-8.093583,-34.88554
3870,NÃO INFORMADO,NÃO INFORMADO,-8.04049,-34.90887
3871,NÃO INFORMADO,NÃO INFORMADO,-8.035901,-34.955803
3872,NÃO INFORMADO,NÃO INFORMADO,-8.069481,-34.932779
3873,NÃO INFORMADO,NÃO INFORMADO,-8.015822,-34.900979
3874,NÃO INFORMADO,NÃO INFORMADO,-8.10857,-34.916702
3875,NÃO INFORMADO,NÃO INFORMADO,-8.071478,-34.90939
3876,NÃO INFORMADO,NÃO INFORMADO,-8.080709,-34.914025
3877,NÃO INFORMADO,NÃO INFORMADO,-8.028496,-34.910447
3878,NÃO INFORMADO,NÃO INFORMADO,-8.03989,-34.878706
3879,NÃO INFORMADO,NÃO INFORMADO,-8.047109,-34.926932
3880,NÃO INFORMADO,NÃO INFORMADO,-8.086997,-34.931309
3881,NÃO INFORMADO,NÃO INFORMADO,-8.038581,-34.891999
3882,NÃO INFORMADO,NÃO INFORMADO,-8.061338,-34.929153
3883,NÃO INFORMADO,NÃO INFORMADO,-8.079949,-34.894305
3884,NÃO INFORMADO,NÃO INFORMADO,-8.115994,-34.940686
3885,NÃO INFORMADO,NÃO INFORMADO,-8.033564,-34.960349
3886,NÃO INFORMADO,NÃO INFORMADO,-8.046641,-34.919604
3887,NÃO INFORMADO,NÃO INFORMADO,-8.084883,-34.928766
3888,NÃO INFORMADO,NÃO INFORMADO,-8.029678,-34.889805
3889,NÃO INFORMADO,NÃO INFORMADO,-8.058093,-34.905654
3890,NÃO INFORMADO,NÃO INFORMADO,-8.09055,-34.929576
3891,NÃO INFORMADO,NÃO INFORMADO,-8.088622,-34.929882
3892,NÃO INFORMADO,NÃO INFORMADO,-8.075827,-34.893962
3893,NÃO INFORMADO,NÃO INFORMADO,-8.100258,-34.930424
3894,NÃO INFORMADO,NÃO INFORMADO,-8.026042,-34.91984
3895,NÃO INFORMADO,NÃO INFORMADO,-8.045478,-34.903505
3896,NÃO INFORMADO,NÃO INFORMADO,-8.019227,-34.894033
3897,NÃO INFORMADO,NÃO INFORMADO,-8.062488,-34.910973
3898,NÃO INFORMADO,NÃO INFORMADO,-8.016122,-34.93047
3899,NÃO INFORMADO,NÃO INFORMADO,-8.054741,-34.870203
3900,NÃO INFORMADO,NÃO INFORMADO,-8.073159,-34.929051
3901,NÃO INFORMADO,NÃO INFORMADO,-8.052792,-34.934541
3902,NÃO INFORMADO,NÃO INFORMADO,-8.045924,-34.879079
3903,NÃO INFORMADO,NÃO INFORMADO,-8.027747,-34.9131
3904,NÃO INFORMADO,NÃO INFORMADO,-8.049924,-34.873985
3905,NÃO INFORMADO,NÃO INFORMADO,-8.059219,-34.898077
3906,NÃO INFORMADO,NÃO INFORMADO,-8.047932,-34.914599
3907,NÃO INFORMADO,NÃO INFORMADO,-8.037484,-34.944667
3908,NÃO INFORMADO,NÃO INFORMADO,-8.080703,-34.914181
3909,NÃO INFORMADO,NÃO INFORMADO,-8.115938,-34.940662
3910,NÃO INFORMADO,NÃO INFORMADO,-8.059325,-34.931765
3911,NÃO INFORMADO,NÃO INFORMADO,-8.088064,-34.907733
3912,NÃO INFORMADO,NÃO INFORMADO,-8.084458,-34.927522
3913,NÃO INFORMADO,NÃO INFORMADO,-8.109568,-34.9116
3914,NÃO INFORMADO,NÃO INFORMADO,-8.051857,-34.904959
3915,NÃO INFORMADO,NÃO INFORMADO,-8.000449,-34.917877
3916,NÃO INFORMADO,NÃO INFORMADO,-8.073841,-34.918295
3917,NÃO INFORMADO,NÃO INFORMADO,-8.04675,-34.913341
3918,NÃO INFORMADO,NÃO INFORMADO,-8.05173,-34.91892
3919,NÃO INFORMADO,NÃO INFORMADO,-8.046269,-34.890824
3920,NÃO INFORMADO,NÃO INFORMADO,-8.031928,-34.954355
3921,NÃO INFORMADO,NÃO INFORMADO,-8.092958,-34.942899
3922,NÃO INFORMADO,NÃO INFORMADO,-8.051023,-34.905007
3923,NÃO INFORMADO,NÃO INFORMADO,-8.033442,-34.922699
3924,NÃO INFORMADO,NÃO INFORMADO,-8.104072,-34.88812
3925,NÃO INFORMADO,NÃO INFORMADO,-8.070617,-34.90953
3926,NÃO INFORMADO,NÃO INFORMADO,-8.055282,-34.90001
3927,NÃO INFORMADO,NÃO INFORMADO,-8.093179,-34.945246
3928,NÃO INFORMADO,NÃO INFORMADO,-8.057708,-34.869653
3929,NÃO INFORMADO,NÃO INFORMADO,-8.052322,-34.904914
3930,NÃO INFORMADO,NÃO INFORMADO,-8.119069,-34.946217
3931,NÃO INFORMADO,NÃO INFORMADO,-8.024582,-34.908763
3932,NÃO INFORMADO,NÃO INFORMADO,-8.06051,-34.925717
3933,NÃO INFORMADO,NÃO INFORMADO,-8.021471,-34.91719
3934,NÃO INFORMADO,NÃO INFORMADO,-8.106758,-34.914633
3935,NÃO INFORMADO,NÃO INFORMADO,-8.091793,-34.960602
3936,NÃO INFORMADO,NÃO INFORMADO,-8.04692,-34.953907
3937,NÃO INFORMADO,NÃO INFORMADO,-8.04739,-34.906574
3938,NÃO INFORMADO,NÃO INFORMADO,-8.119539,-34.895491
3939,NÃO INFORMADO,NÃO INFORMADO,-8.052303,-34.922184
3940,NÃO INFORMADO,NÃO INFORMADO,-8.06256,-34.932379
3941,NÃO INFORMADO,NÃO INFORMADO,-8.111756,-34.950133
3942,NÃO INFORMADO,NÃO INFORMADO,-8.054104,-34.923163
3943,NÃO INFORMADO,NÃO INFORMADO,-8.095569,-34.885996
3944,NÃO INFORMADO,NÃO INFORMADO,-8.084931,-34.928042
3945,NÃO INFORMADO,NÃO INFORMADO,-8.097024,-34.883389
3946,NÃO INFORMADO,NÃO INFORMADO,-8.055761,-34.911649
3947,NÃO INFORMADO,NÃO INFORMADO,-8.040448,-34.957911
3948,NÃO INFORMADO,NÃO INFORMADO,-8.085409,-34.929699
3949,NÃO INFORMADO,NÃO INFORMADO,-8.066331,-34.897047
3950,NÃO INFORMADO,NÃO INFORMADO,-8.031545,-34.955041
3951,NÃO INFORMADO,NÃO INFORMADO,-8.024244,-34.887514
3952,NÃO INFORMADO,NÃO INFORMADO,-8.011573,-34.904246
3953,NÃO INFORMADO,NÃO INFORMADO,-8.033734,-34.887868
3954,NÃO INFORMADO,NÃO INFORMADO,-8.049897,-34.873862
3955,NÃO INFORMADO,NÃO INFORMADO,-8.029636,-34.900453
3956,NÃO INFORMADO,NÃO INFORMADO,-8.028988,-34.892723
3957,NÃO INFORMADO,NÃO INFORMADO,-8.061171,-34.878639
3958,NÃO INFORMADO,NÃO INFORMADO,-8.022645,-34.919137
3959,NÃO INFORMADO,NÃO INFORMADO,-8.10922,-34.925837
3960,NÃO INFORMADO,NÃO INFORMADO,-8.080762,-34.915345
3961,NÃO INFORMADO,NÃO INFORMADO,-8.093179,-34.908435
3962,NÃO INFORMADO,NÃO INFORMADO,-8.059423,-34.912209
3963,NÃO INFORMADO,NÃO INFORMADO,-8.079495,-34.904391
3964,NÃO INFORMADO,NÃO INFORMADO,-8.069666,-34.897379
3965,NÃO INFORMADO,NÃO INFORMADO,-8.044825,-34.886144
3966,NÃO INFORMADO,NÃO INFORMADO,-8.113854,-34.925462
3967,NÃO INFORMADO,NÃO INFORMADO,-8.058003,-34.894606
3968,NÃO INFORMADO,NÃO INFORMADO,-8.062416,-34.91652
3969,NÃO INFORMADO,NÃO INFORMADO,-8.105463,-34.889601
3970,NÃO INFORMADO,NÃO INFORMADO,-8.021432,-34.886511
3971,NÃO INFORMADO,NÃO INFORMADO,-8.003796,-34.897224
3972,NÃO INFORMADO,NÃO INFORMADO,-8.057033,-34.900032
3973,NÃO INFORMADO,NÃO INFORMADO,-8.080767,-34.916359
3974,NÃO INFORMADO,NÃO INFORMADO,-8.031306,-34.90151
3975,NÃO INFORMADO,NÃO INFORMADO,-8.032241,-34.880503
3976,NÃO INFORMADO,NÃO INFORMADO,-8.148906,-34.918893
3977,NÃO INFORMADO,NÃO INFORMADO,-8.045425,-34.889995
3978,NÃO INFORMADO,NÃO INFORMADO,-8.123928,-34.897524
3979,NÃO INFORMADO,NÃO INFORMADO,-8.107816,-34.931492
3980,NÃO INFORMADO,NÃO INFORMADO,-8.040424,-34.908926
3981,NÃO INFORMADO,NÃO INFORMADO,-8.016072,-34.94211
3982,NÃO INFORMADO,NÃO INFORMADO,-8.09268,-34.946405
3983,NÃO INFORMADO,NÃO INFORMADO,-8.13277,-34.910624
3984,NÃO INFORMADO,NÃO INFORMADO,-8.013049,-34.889483
3985,NÃO INFORMADO,NÃO INFORMADO,-8.066346,-34.927544
3986,NÃO INFORMADO,NÃO INFORMADO,-8.108926,-34.911772
3987,NÃO INFORMADO,NÃO INFORMADO,-8.085313,-34.907282
3988,NÃO INFORMADO,NÃO INFORMADO,-8.107609,-34.911493
3989,NÃO INFORMADO,NÃO INFORMADO,-8.131983,-34.906109
3990,NÃO INFORMADO,NÃO INFORMADO,-8.038897,-34.941067
3991,NÃO INFORMADO,NÃO INFORMADO,-8.056417,-34.897028
3992,NÃO INFORMADO,NÃO INFORMADO,-8.027652,-34.889858
3993,NÃO INFORMADO,NÃO INFORMADO,-8.058766,-34.887729
3994,NÃO INFORMADO,NÃO INFORMADO,-8.037942,-34.918098
3995,NÃO INFORMADO,NÃO INFORMADO,-8.059644,-34.906391
3996,NÃO INFORMADO,NÃO INFORMADO,-8.088465,-34.929911
3997,NÃO INFORMADO,NÃO INFORMADO,-8.105086,-34.911205
3998,NÃO INFORMADO,NÃO INFORMADO,-8.046333,-34.90954
3999,NÃO INFORMADO,NÃO INFORMADO,-8.040097,-34.884167
4000,NÃO INFORMADO,NÃO INFORMADO,-8.032162,-34.881334
4001,NÃO INFORMADO,NÃO INFORMADO,-8.040243,-34.909744
4002,NÃO INFORMADO,NÃO INFORMADO,-8.028608,-34.887903
4003,NÃO INFORMADO,NÃO INFORMADO,-8.096132,-34.928777
4004,NÃO INFORMADO,NÃO INFORMADO,-8.054757,-34.897782
4005,NÃO INFORMADO,NÃO INFORMADO,-8.068177,-34.880414
4006,NÃO INFORMADO,NÃO INFORMADO,-8.041531,-34.945182
4007,NÃO INFORMADO,NÃO INFORMADO,-8.049972,-34.873824
4008,NÃO INFORMADO,NÃO INFORMADO,-8.091586,-34.936191
4009,NÃO INFORMADO,NÃO INFORMADO,-8.086381,-34.909637
4010,NÃO INFORMADO,NÃO INFORMADO,-8.034531,-34.908521
4011,NÃO INFORMADO,NÃO INFORMADO,-8.049109,-34.882482
4012,NÃO INFORMADO,NÃO INFORMADO,-8.07255,-34.890625
4013,NÃO INFORMADO,NÃO INFORMADO,-8.021429,-34.917308
4014,NÃO INFORMADO,NÃO INFORMADO,-8.116547,-34.894887
4015,NÃO INFORMADO,NÃO INFORMADO,-8.112447,-34.893544
4016,NÃO INFORMADO,NÃO INFORMADO,-8.080857,-34.918697
4017,NÃO INFORMADO,NÃO INFORMADO,-8.120354,-34.914186
4018,NÃO INFORMADO,NÃO INFORMADO,-8.019155,-34.893959
4019,NÃO INFORMADO,NÃO INFORMADO,-8.11575,-34.895545
4020,NÃO INFORMADO,NÃO INFORMADO,-8.091394,-34.908682
4021,NÃO INFORMADO,NÃO INFORMADO,-8.042477,-34.884773
4022,NÃO INFORMADO,NÃO INFORMADO,-8.082148,-34.908891
4023,NÃO INFORMADO,NÃO INFORMADO,-8.119605,-34.95443
4024,NÃO INFORMADO,NÃO INFORMADO,-8.03154,-34.955041
4025,NÃO INFORMADO,NÃO INFORMADO,-8.06384,-34.935075
4026,NÃO INFORMADO,NÃO INFORMADO,-8.072399,-34.893343
4027,NÃO INFORMADO,NÃO INFORMADO,-8.143248,-34.90629
4028,NÃO INFORMADO,NÃO INFORMADO,-8.054011,-34.914816
4029,NÃO INFORMADO,NÃO INFORMADO,-8.060812,-34.924217
4030,NÃO INFORMADO,NÃO INFORMADO,-7.983503,-34.929324
4031,NÃO INFORMADO,NÃO INFORMADO,-8.041144,-34.882297
4032,NÃO INFORMADO,NÃO INFORMADO,-8.109196,-34.917415
4033,NÃO INFORMADO,NÃO INFORMADO,-8.062616,-34.932511
4034,NÃO INFORMADO,NÃO INFORMADO,-8.037991,-34.893235
4035,NÃO INFORMADO,NÃO INFORMADO,-8.021084,-34.919684
4036,NÃO INFORMADO,NÃO INFORMADO,-8.037039,-34.894358
4037,NÃO INFORMADO,NÃO INFORMADO,-8.015865,-34.943696
4038,NÃO INFORMADO,NÃO INFORMADO,-8.108737,-34.9169
4039,NÃO INFORMADO,NÃO INFORMADO,-8.010632,-34.935145
4040,NÃO INFORMADO,NÃO INFORMADO,-8.056648,-34.898339
4041,NÃO INFORMADO,NÃO INFORMADO,-8.062002,-34.881554
4042,NÃO INFORMADO,NÃO INFORMADO,-8.140101,-34.912915
4043,NÃO INFORMADO,NÃO INFORMADO,-8.074611,-34.893418
4044,NÃO INFORMADO,NÃO INFORMADO,-8.056032,-34.911128
4045,NÃO INFORMADO,NÃO INFORMADO,-8.018478,-34.926049
4046,NÃO INFORMADO,NÃO INFORMADO,-8.124035,-34.896762
4047,NÃO INFORMADO,NÃO INFORMADO,-8.053615,-34.881281
4048,NÃO INFORMADO,NÃO INFORMADO,-8.139095,-34.9145
4049,NÃO INFORMADO,NÃO INFORMADO,-8.080256,-34.895282
4050,NÃO INFORMADO,NÃO INFORMADO,-8.080277,-34.908678
4051,NÃO INFORMADO,NÃO INFORMADO,-8.122334,-34.916931
4052,NÃO INFORMADO,NÃO INFORMADO,-8.042599,-34.935424
4053,NÃO INFORMADO,NÃO INFORMADO,-8.019952,-34.906126
4054,NÃO INFORMADO,NÃO INFORMADO,-8.048514,-34.877595
4055,NÃO INFORMADO,NÃO INFORMADO,-8.048738,-34.902453
4056,NÃO INFORMADO,NÃO INFORMADO,-8.065582,-34.897084
4057,NÃO INFORMADO,NÃO INFORMADO,-8.123842,-34.896695
4058,NÃO INFORMADO,NÃO INFORMADO,-8.128323,-34.900403
4059,NÃO INFORMADO,NÃO INFORMADO,-8.106971,-34.927235
4060,NÃO INFORMADO,NÃO INFORMADO,-8.089554,-34.933873
4061,NÃO INFORMADO,NÃO INFORMADO,-8.052315,-34.895935
4062,NÃO INFORMADO,NÃO INFORMADO,-7.991434,-34.913891
4063,NÃO INFORMADO,NÃO INFORMADO,-8.023169,-34.955926
4064,NÃO INFORMADO,NÃO INFORMADO,-8.080326,-34.911536
4065,NÃO INFORMADO,NÃO INFORMADO,-8.080472,-34.912805
4066,NÃO INFORMADO,NÃO INFORMADO,-8.088797,-34.951222
4067,NÃO INFORMADO,NÃO INFORMADO,-8.039213,-34.892219
4068,NÃO INFORMADO,NÃO INFORMADO,-8.073331,-34.886323
4069,NÃO INFORMADO,NÃO INFORMADO,-8.076321,-34.909143
4070,NÃO INFORMADO,NÃO INFORMADO,-8.033551,-34.896475
4071,NÃO INFORMADO,NÃO INFORMADO,-8.035072,-34.90012
4072,NÃO INFORMADO,NÃO INFORMADO,-8.09144,-34.949682
4073,NÃO INFORMADO,NÃO INFORMADO,-8.082206,-34.891253
4074,NÃO INFORMADO,NÃO INFORMADO,-8.04424,-34.88812
4075,NÃO INFORMADO,NÃO INFORMADO,-8.12747,-34.901298
4076,NÃO INFORMADO,NÃO INFORMADO,-8.116788,-34.897765
4077,NÃO INFORMADO,NÃO INFORMADO,-8.121159,-34.918636
4078,NÃO INFORMADO,NÃO INFORMADO,-8.076794,-34.909178
4079,NÃO INFORMADO,NÃO INFORMADO,-8.030621,-34.881613
4080,NÃO INFORMADO,NÃO INFORMADO,-8.075079,-34.918384
4081,NÃO INFORMADO,NÃO INFORMADO,-8.025564,-34.89341
4082,NÃO INFORMADO,NÃO INFORMADO,-8.03938,-34.888563
4083,NÃO INFORMADO,NÃO INFORMADO,-8.067449,-34.928268
4084,NÃO INFORMADO,NÃO INFORMADO,-8.092085,-34.929314
4085,NÃO INFORMADO,NÃO INFORMADO,-8.042934,-34.934764
4086,NÃO INFORMADO,NÃO INFORMADO,-8.004478,-34.895158
4087,NÃO INFORMADO,NÃO INFORMADO,-8.092913,-34.941603
4088,NÃO INFORMADO,NÃO INFORMADO,-8.065311,-34.897224
4089,NÃO INFORMADO,NÃO INFORMADO,-8.086367,-34.907531
4090,NÃO INFORMADO,NÃO INFORMADO,-8.040761,-34.883228
4091,NÃO INFORMADO,NÃO INFORMADO,-8.053414,-34.881216
4092,NÃO INFORMADO,NÃO INFORMADO,-8.049571,-34.888665
4093,NÃO INFORMADO,NÃO INFORMADO,-8.004521,-34.895314
4094,NÃO INFORMADO,NÃO INFORMADO,-8.044851,-34.890017
4095,NÃO INFORMADO,NÃO INFORMADO,-8.03209,-34.886876
4096,NÃO INFORMADO,NÃO INFORMADO,-8.019673,-34.894558
4097,NÃO INFORMADO,NÃO INFORMADO,-8.014385,-34.920033
4098,NÃO INFORMADO,NÃO INFORMADO,-8.062209,-34.910278
4099,NÃO INFORMADO,NÃO INFORMADO,-8.03731,-34.891005
4100,NÃO INFORMADO,NÃO INFORMADO,-8.05079,-34.906566
4101,NÃO INFORMADO,NÃO INFORMADO,-8.122707,-34.91457
4102,NÃO INFORMADO,NÃO INFORMADO,-8.052967,-34.916659
4103,NÃO INFORMADO,NÃO INFORMADO,-8.09175,-34.884971
4104,NÃO INFORMADO,NÃO INFORMADO,-8.037943,-34.917971
4105,NÃO INFORMADO,NÃO INFORMADO,-8.061192,-34.905559
4106,NÃO INFORMADO,NÃO INFORMADO,-8.082639,-34.932967
4107,NÃO INFORMADO,NÃO INFORMADO,-8.136429,-34.903709
4108,NÃO INFORMADO,NÃO INFORMADO,-8.083778,-34.925666
4109,NÃO INFORMADO,NÃO INFORMADO,-8.089006,-34.885017
4110,NÃO INFORMADO,NÃO INFORMADO,-8.061304,-34.903621
4111,NÃO INFORMADO,NÃO INFORMADO,-8.032162,-34.881358
4112,NÃO INFORMADO,NÃO INFORMADO,-8.055719,-34.898055
4113,NÃO INFORMADO,NÃO INFORMADO,-8.078204,-34.905501
4114,NÃO INFORMADO,NÃO INFORMADO,-8.047512,-34.931009
4115,NÃO INFORMADO,NÃO INFORMADO,-8.046838,-34.932913
4116,NÃO INFORMADO,NÃO INFORMADO,-8.002096,-34.923606
4117,NÃO INFORMADO,NÃO INFORMADO,-8.048426,-34.91645
4118,NÃO INFORMADO,NÃO INFORMADO,-8.01417,-34.931486
4119,NÃO INFORMADO,NÃO INFORMADO,-8.100585,-34.928171
4120,NÃO INFORMADO,NÃO INFORMADO,-8.036831,-34.872217
4121,NÃO INFORMADO,NÃO INFORMADO,-8.037877,-34.916654
4122,NÃO INFORMADO,NÃO INFORMADO,-8.009998,-34.935799
4123,NÃO INFORMADO,NÃO INFORMADO,-8.03808,-34.910031
4124,NÃO INFORMADO,NÃO INFORMADO,-8.125337,-34.90378
4125,NÃO INFORMADO,NÃO INFORMADO,-8.073528,-34.907743
4126,NÃO INFORMADO,NÃO INFORMADO,-8.023758,-34.918274
4127,NÃO INFORMADO,NÃO INFORMADO,-8.084769,-34.928294
4128,NÃO INFORMADO,NÃO INFORMADO,-8.019562,-34.940761
4129,NÃO INFORMADO,NÃO INFORMADO,-8.111337,-34.926519
4130,NÃO INFORMADO,NÃO INFORMADO,-8.049087,-34.956559
4131,NÃO INFORMADO,NÃO INFORMADO,-8.070936,-34.881157
4132,NÃO INFORMADO,NÃO INFORMADO,-8.056473,-34.898087
4133,NÃO INFORMADO,NÃO INFORMADO,-8.030109,-34.957965
4134,NÃO INFORMADO,NÃO INFORMADO,-8.045467,-34.890776
4135,NÃO INFORMADO,NÃO INFORMADO,-8.108562,-34.913118
4136,NÃO INFORMADO,NÃO INFORMADO,-8.015503,-34.957278
4137,NÃO INFORMADO,NÃO INFORMADO,-8.031612,-34.954914
4138,NÃO INFORMADO,NÃO INFORMADO,-8.036273,-34.937983
4139,NÃO INFORMADO,NÃO INFORMADO,-8.117978,-34.894579
4140,NÃO INFORMADO,NÃO INFORMADO,-8.042501,-34.935212
4141,NÃO INFORMADO,NÃO INFORMADO,-8.046604,-34.891076
4142,NÃO INFORMADO,NÃO INFORMADO,-8.054019,-34.881608
4143,NÃO INFORMADO,NÃO INFORMADO,-8.04969,-34.935386
4144,NÃO INFORMADO,NÃO INFORMADO,-8.053387,-34.896435
4145,NÃO INFORMADO,NÃO INFORMADO,-8.107359,-34.915323
4146,NÃO INFORMADO,NÃO INFORMADO,-8.018032,-34.917651
4147,NÃO INFORMADO,NÃO INFORMADO,-8.051966,-34.896344
4148,NÃO INFORMADO,NÃO INFORMADO,-8.109892,-34.920044
4149,NÃO INFORMADO,NÃO INFORMADO,-8.006903,-34.890904
4150,NÃO INFORMADO,NÃO INFORMADO,-8.059336,-34.886294
4151,NÃO INFORMADO,NÃO INFORMADO,-8.031755,-34.954673
4152,NÃO INFORMADO,NÃO INFORMADO,-8.051528,-34.919304
4153,NÃO INFORMADO,NÃO INFORMADO,-8.074914,-34.92043
4154,NÃO INFORMADO,NÃO INFORMADO,-8.029317,-34.900906
4155,NÃO INFORMADO,NÃO INFORMADO,-8.015833,-34.943572
4156,NÃO INFORMADO,NÃO INFORMADO,-8.090906,-34.951082
4157,NÃO INFORMADO,NÃO INFORMADO,-8.100181,-34.886398
4158,NÃO INFORMADO,NÃO INFORMADO,-8.066031,-34.872926
4159,NÃO INFORMADO,NÃO INFORMADO,-8.053945,-34.881581
4160,NÃO INFORMADO,NÃO INFORMADO,-8.016492,-34.913735
4161,NÃO INFORMADO,NÃO INFORMADO,-8.024119,-34.911611
4162,NÃO INFORMADO,NÃO INFORMADO,-8.082743,-34.890808
4163,NÃO INFORMADO,NÃO INFORMADO,-8.095901,-34.883118
4164,NÃO INFORMADO,NÃO INFORMADO,-8.069119,-34.917549
4165,NÃO INFORMADO,NÃO INFORMADO,-8.09098,-34.910699
4166,NÃO INFORMADO,NÃO INFORMADO,-8.143837,-34.907596
4167,NÃO INFORMADO,NÃO INFORMADO,-8.032167,-34.886809
4168,NÃO INFORMADO,NÃO INFORMADO,-8.039646,-34.940783
4169,NÃO INFORMADO,NÃO INFORMADO,-8.10169,-34.887876
4170,NÃO INFORMADO,NÃO INFORMADO,-8.033588,-34.922568
4171,NÃO INFORMADO,NÃO INFORMADO,-8.053668,-34.896301
4172,NÃO INFORMADO,NÃO INFORMADO,-8.046078,-34.940246
4173,NÃO INFORMADO,NÃO INFORMADO,-8.098195,-34.883724
4174,NÃO INFORMADO,NÃO INFORMADO,-8.053068,-34.904745
4175,NÃO INFORMADO,NÃO INFORMADO,-8.118958,-34.921514
4176,NÃO INFORMADO,NÃO INFORMADO,-8.053918,-34.911681
4177,NÃO INFORMADO,NÃO INFORMADO,-8.036323,-34.880176
4178,NÃO INFORMADO,NÃO INFORMADO,-8.026961,-34.893131
4179,NÃO INFORMADO,NÃO INFORMADO,-8.027551,-34.889586
4180,NÃO INFORMADO,NÃO INFORMADO,-8.018815,-34.926108
4181,NÃO INFORMADO,NÃO INFORMADO,-8.007195,-34.902553
4182,NÃO INFORMADO,NÃO INFORMADO,-8.061832,-34.930623
4183,NÃO INFORMADO,NÃO INFORMADO,-8.043782,-34.888041
4184,NÃO INFORMADO,NÃO INFORMADO,-8.039104,-34.890564
4185,NÃO INFORMADO,NÃO INFORMADO,-8.030674,-34.918022
4186,NÃO INFORMADO,NÃO INFORMADO,-8.14072,-34.912105
4187,NÃO INFORMADO,NÃO INFORMADO,-8.062929,-34.876423
4188,NÃO INFORMADO,NÃO INFORMADO,-8.061306,-34.901832
4189,NÃO INFORMADO,NÃO INFORMADO,-8.066033,-34.882576
4190,NÃO INFORMADO,NÃO INFORMADO,-8.023997,-34.893729
4191,NÃO INFORMADO,NÃO INFORMADO,-8.007092,-34.890676
4192,NÃO INFORMADO,NÃO INFORMADO,-8.046354,-34.922286
4193,NÃO INFORMADO,NÃO INFORMADO,-8.119552,-34.897744
4194,NÃO INFORMADO,NÃO INFORMADO,-8.092557,-34.911048
4195,NÃO INFORMADO,NÃO INFORMADO,-8.090815,-34.956865
4196,NÃO INFORMADO,NÃO INFORMADO,-8.039449,-34.878952
4197,NÃO INFORMADO,NÃO INFORMADO,-8.002021,-34.920189
4198,NÃO INFORMADO,NÃO INFORMADO,-8.031264,-34.901977
4199,NÃO INFORMADO,NÃO INFORMADO,-8.120992,-34.914138
4200,NÃO INFORMADO,NÃO INFORMADO,-8.023822,-34.912528
4201,NÃO INFORMADO,NÃO INFORMADO,-8.116977,-34.893168
4202,NÃO INFORMADO,NÃO INFORMADO,-8.056956,-34.918467
4203,NÃO INFORMADO,NÃO INFORMADO,-8.050269,-34.942692
4204,NÃO INFORMADO,NÃO INFORMADO,-8.133498,-34.916482
4205,NÃO INFORMADO,NÃO INFORMADO,-8.040937,-34.898415
4206,NÃO INFORMADO,NÃO INFORMADO,-8.065497,-34.918215
4207,NÃO INFORMADO,NÃO INFORMADO,-8.040618,-34.957981
4208,NÃO INFORMADO,NÃO INFORMADO,-8.077169,-34.943208
4209,NÃO INFORMADO,NÃO INFORMADO,-8.109961,-34.912244
4210,NÃO INFORMADO,NÃO INFORMADO,-8.115251,-34.959408
4211,NÃO INFORMADO,NÃO INFORMADO,-8.109271,-34.917466
4212,NÃO INFORMADO,NÃO INFORMADO,-8.035381,-34.880508
4213,NÃO INFORMADO,NÃO INFORMADO,-8.09098,-34.910613
4214,NÃO INFORMADO,NÃO INFORMADO,-8.039816,-34.879532
4215,NÃO INFORMADO,NÃO INFORMADO,-8.091384,-34.935783
4216,NÃO INFORMADO,NÃO INFORMADO,-8.073836,-34.923128
4217,NÃO INFORMADO,NÃO INFORMADO,-8.063261,-34.87157
4218,NÃO INFORMADO,NÃO INFORMADO,-8.093062,-34.943111
4219,NÃO INFORMADO,NÃO INFORMADO,-8.032502,-34.919738
4220,NÃO INFORMADO,NÃO INFORMADO,-8.026011,-34.905742
4221,NÃO INFORMADO,NÃO INFORMADO,-8.070946,-34.883856
4222,NÃO INFORMADO,NÃO INFORMADO,-8.022207,-34.884167
4223,NÃO INFORMADO,NÃO INFORMADO,-8.053801,-34.90457
4224,NÃO INFORMADO,NÃO INFORMADO,-8.073321,-34.885218
4225,NÃO INFORMADO,NÃO INFORMADO,-8.02413,-34.911547
4226,NÃO INFORMADO,NÃO INFORMADO,-8.033166,-34.890132
4227,NÃO INFORMADO,NÃO INFORMADO,-8.071164,-34.876335
4228,NÃO INFORMADO,NÃO INFORMADO,-8.045441,-34.897036
4229,NÃO INFORMADO,NÃO INFORMADO,-8.092828,-34.946319
4230,NÃO INFORMADO,NÃO INFORMADO,-8.029612,-34.900399
4231,NÃO INFORMADO,NÃO INFORMADO,-8.054566,-34.88054
4232,NÃO INFORMADO,NÃO INFORMADO,-8.09883,-34.910216
4233,NÃO INFORMADO,NÃO INFORMADO,-8.009315,-34.889043
4234,NÃO INFORMADO,NÃO INFORMADO,-8.087162,-34.884945
4235,NÃO INFORMADO,NÃO INFORMADO,-8.031105,-34.902143
4236,NÃO INFORMADO,NÃO INFORMADO,-8.135473,-34.910538
4237,NÃO INFORMADO,NÃO INFORMADO,-8.03163,-34.954886
4238,NÃO INFORMADO,NÃO INFORMADO,-8.115729,-34.940536
4239,NÃO INFORMADO,NÃO INFORMADO,-8.022499,-34.931138
4240,NÃO INFORMADO,NÃO INFORMADO,-8.095856,-34.88318
4241,NÃO INFORMADO,NÃO INFORMADO,-8.023918,-34.89378
4242,NÃO INFORMADO,NÃO INFORMADO,-8.0809,-34.920688
4243,NÃO INFORMADO,NÃO INFORMADO,-8.04032,-34.915044
4244,NÃO INFORMADO,NÃO INFORMADO,-8.021564,-34.916643
4245,NÃO INFORMADO,NÃO INFORMADO,-8.1243,-34.908521
4246,NÃO INFORMADO,NÃO INFORMADO,-8.080666,-34.914701
4247,NÃO INFORMADO,NÃO INFORMADO,-8.084224,-34.889553
4248,NÃO INFORMADO,NÃO INFORMADO,-8.048708,-34.908761
4249,NÃO INFORMADO,NÃO INFORMADO,-8.023546,-34.897143
4250,NÃO INFORMADO,NÃO INFORMADO,-8.035821,-34.906799
4251,NÃO INFORMADO,NÃO INFORMADO,-8.080926,-34.919913
4252,NÃO INFORMADO,NÃO INFORMADO,-8.027153,-34.904063
4253,NÃO INFORMADO,NÃO INFORMADO,-8.037633,-34.91016
4254,NÃO INFORMADO,NÃO INFORMADO,-8.064113,-34.935542
4255,NÃO INFORMADO,NÃO INFORMADO,-8.084288,-34.953888
4256,NÃO INFORMADO,NÃO INFORMADO,-8.081006,-34.921036
4257,NÃO INFORMADO,NÃO INFORMADO,-8.144448,-34.906386
4258,NÃO INFORMADO,NÃO INFORMADO,-8.117354,-34.941716
4259,NÃO INFORMADO,NÃO INFORMADO,-8.072981,-34.888064
4260,NÃO INFORMADO,NÃO INFORMADO,-8.033444,-34.891787
4261,NÃO INFORMADO,NÃO INFORMADO,-8.143179,-34.908999
4262,NÃO INFORMADO,NÃO INFORMADO,-8.1023,-34.913003
4263,NÃO INFORMADO,NÃO INFORMADO,-8.053493,-34.928949
4264,NÃO INFORMADO,NÃO INFORMADO,-8.117773,-34.941936
4265,NÃO INFORMADO,NÃO INFORMADO,-8.115267,-34.949076
4266,NÃO INFORMADO,NÃO INFORMADO,-8.132754,-34.902776
4267,NÃO INFORMADO,NÃO INFORMADO,-8.062321,-34.910324
4268,NÃO INFORMADO,NÃO INFORMADO,-8.111183,-34.917458
4269,NÃO INFORMADO,NÃO INFORMADO,-8.141113,-34.904755
4270,NÃO INFORMADO,NÃO INFORMADO,-7.998749,-34.924132
4271,NÃO INFORMADO,NÃO INFORMADO,-8.140508,-34.925666
4272,NÃO INFORMADO,NÃO INFORMADO,-8.036894,-34.8904
4273,NÃO INFORMADO,NÃO INFORMADO,-8.07263,-34.92669
4274,NÃO INFORMADO,NÃO INFORMADO,-8.095617,-34.885942
4275,NÃO INFORMADO,NÃO INFORMADO,-8.0188,-34.940976
4276,NÃO INFORMADO,NÃO INFORMADO,-8.041627,-34.93706
4277,NÃO INFORMADO,NÃO INFORMADO,-8.04432,-34.888249
4278,NÃO INFORMADO,NÃO INFORMADO,-8.034329,-34.950106
4279,NÃO INFORMADO,NÃO INFORMADO,-8.083741,-34.948846
4280,NÃO INFORMADO,NÃO INFORMADO,-8.130503,-34.901204
4281,NÃO INFORMADO,NÃO INFORMADO,-8.071826,-34.878505
4282,NÃO INFORMADO,NÃO INFORMADO,-8.106244,-34.912249
4283,NÃO INFORMADO,NÃO INFORMADO,-8.03657,-34.914024
4284,NÃO INFORMADO,NÃO INFORMADO,-8.075684,-34.907368
4285,NÃO INFORMADO,NÃO INFORMADO,-8.066586,-34.895496
4286,NÃO INFORMADO,NÃO INFORMADO,-8.107141,-34.914266
4287,NÃO INFORMADO,NÃO INFORMADO,-8.030058,-34.901011
4288,NÃO INFORMADO,NÃO INFORMADO,-8.029872,-34.957922
4289,NÃO INFORMADO,NÃO INFORMADO,-8.006314,-34.909444
4290,NÃO INFORMADO,NÃO INFORMADO,-8.080268,-34.906896
4291,NÃO INFORMADO,NÃO INFORMADO,-8.059283,-34.893707
4292,NÃO INFORMADO,NÃO INFORMADO,-8.058922,-34.907244
4293,NÃO INFORMADO,NÃO INFORMADO,-8.064084,-34.878411
4294,NÃO INFORMADO,NÃO INFORMADO,-8.065274,-34.876195
4295,NÃO INFORMADO,NÃO INFORMADO,-8.096546,-34.886001
4296,NÃO INFORMADO,NÃO INFORMADO,-8.110567,-34.937038
4297,NÃO INFORMADO,NÃO INFORMADO,-8.110522,-34.892364
4298,NÃO INFORMADO,NÃO INFORMADO,-8.090661,-34.956468
4299,NÃO INFORMADO,NÃO INFORMADO,-8.03111,-34.895673
4300,NÃO INFORMADO,NÃO INFORMADO,-8.043935,-34.882304
4301,NÃO INFORMADO,NÃO INFORMADO,-8.04713,-34.939989
4302,NÃO INFORMADO,NÃO INFORMADO,-8.067245,-34.923193
4303,NÃO INFORMADO,NÃO INFORMADO,-8.109961,-34.936352
4304,NÃO INFORMADO,NÃO INFORMADO,-8.043757,-34.88627
4305,NÃO INFORMADO,NÃO INFORMADO,-8.062007,-34.887922
4306,NÃO INFORMADO,NÃO INFORMADO,-8.109489,-34.908907
4307,NÃO INFORMADO,NÃO INFORMADO,-8.119117,-34.897535
4308,NÃO INFORMADO,NÃO INFORMADO,-8.119839,-34.909798
4309,NÃO INFORMADO,NÃO INFORMADO,-8.036135,-34.989964
4310,NÃO INFORMADO,NÃO INFORMADO,-8.077819,-34.90026
4311,NÃO INFORMADO,NÃO INFORMADO,-8.061715,-34.876217
4312,NÃO INFORMADO,NÃO INFORMADO,-8.095959,-34.911858
4313,NÃO INFORMADO,NÃO INFORMADO,-8.056723,-34.879929
4314,NÃO INFORMADO,NÃO INFORMADO,-8.019902,-34.890389
4315,NÃO INFORMADO,NÃO INFORMADO,-8.097728,-34.928455
4316,NÃO INFORMADO,NÃO INFORMADO,-8.049945,-34.873803
4317,NÃO INFORMADO,NÃO INFORMADO,-8.04236,-34.924003
4318,NÃO INFORMADO,NÃO INFORMADO,-8.024194,-34.881871
4319,NÃO INFORMADO,NÃO INFORMADO,-8.013846,-34.914851
4320,NÃO INFORMADO,NÃO INFORMADO,-8.018287,-34.888834
4321,NÃO INFORMADO,NÃO INFORMADO,-8.062416,-34.916289
4322,NÃO INFORMADO,NÃO INFORMADO,-8.011427,-34.924636
4323,NÃO INFORMADO,NÃO INFORMADO,-8.029113,-34.925988
4324,NÃO INFORMADO,NÃO INFORMADO,-8.115803,-34.895561
4325,NÃO INFORMADO,NÃO INFORMADO,-8.029315,-34.92584
4326,NÃO INFORMADO,NÃO INFORMADO,-8.108846,-34.911847
4327,NÃO INFORMADO,NÃO INFORMADO,-8.041027,-34.908669
4328,NÃO INFORMADO,NÃO INFORMADO,-8.059925,-34.882177
4329,NÃO INFORMADO,NÃO INFORMADO,-8.044623,-34.874886
4330,NÃO INFORMADO,NÃO INFORMADO,-8.022271,-34.883968
4331,NÃO INFORMADO,NÃO INFORMADO,-8.087124,-34.931417
4332,NÃO INFORMADO,NÃO INFORMADO,-8.085499,-34.886664
4333,NÃO INFORMADO,NÃO INFORMADO,-8.088965,-34.8851
4334,NÃO INFORMADO,NÃO INFORMADO,-8.032194,-34.912984
4335,NÃO INFORMADO,NÃO INFORMADO,-8.069831,-34.897723
4336,NÃO INFORMADO,NÃO INFORMADO,-8.05668,-34.919422
4337,NÃO INFORMADO,NÃO INFORMADO,-8.084554,-34.927812
4338,NÃO INFORMADO,NÃO INFORMADO,-8.129834,-34.89952
4339,NÃO INFORMADO,NÃO INFORMADO,-8.080908,-34.920245
4340,NÃO INFORMADO,NÃO INFORMADO,-8.049945,-34.904873
4341,NÃO INFORMADO,NÃO INFORMADO,-8.10421,-34.888185
4342,NÃO INFORMADO,NÃO INFORMADO,-8.061418,-34.882659
4343,NÃO INFORMADO,NÃO INFORMADO,-8.028029,-34.916916
4344,NÃO INFORMADO,NÃO INFORMADO,-8.004986,-34.910227
4345,NÃO INFORMADO,NÃO INFORMADO,-8.049459,-34.881664
4346,NÃO INFORMADO,NÃO INFORMADO,-8.10686,-34.911375
4347,NÃO INFORMADO,NÃO INFORMADO,-8.118097,-34.942102
4348,NÃO INFORMADO,NÃO INFORMADO,-8.123594,-34.899799
4349,NÃO INFORMADO,NÃO INFORMADO,-8.054237,-34.927447
4350,NÃO INFORMADO,NÃO INFORMADO,-8.040809,-34.93854
4351,NÃO INFORMADO,NÃO INFORMADO,-8.072752,-34.894187
4352,NÃO INFORMADO,NÃO INFORMADO,-8.074165,-34.929936
4353,NÃO INFORMADO,NÃO INFORMADO,-8.112447,-34.893512
4354,NÃO INFORMADO,NÃO INFORMADO,-8.001203,-34.914025
4355,NÃO INFORMADO,NÃO INFORMADO,-8.114847,-34.897229
4356,NÃO INFORMADO,NÃO INFORMADO,-8.042296,-34.902599
4357,NÃO INFORMADO,NÃO INFORMADO,-8.060048,-34.889166
4358,NÃO INFORMADO,NÃO INFORMADO,-8.116886,-34.913435
4359,NÃO INFORMADO,NÃO INFORMADO,-8.06309,-34.893631
4360,NÃO INFORMADO,NÃO INFORMADO,-8.037909,-34.917372
4361,NÃO INFORMADO,NÃO INFORMADO,-8.06128,-34.888785
4362,NÃO INFORMADO,NÃO INFORMADO,-8.099541,-34.910066
4363,NÃO INFORMADO,NÃO INFORMADO,-8.141129,-34.911144
4364,NÃO INFORMADO,NÃO INFORMADO,-8.105723,-34.889826
4365,NÃO INFORMADO,NÃO INFORMADO,-8.04466,-34.943985
4366,NÃO INFORMADO,NÃO INFORMADO,-8.092273,-34.908854
4367,NÃO INFORMADO,NÃO INFORMADO,-8.008895,-34.938806
4368,NÃO INFORMADO,NÃO INFORMADO,-8.08534,-34.891366
4369,NÃO INFORMADO,NÃO INFORMADO,-8.124651,-34.915063
4370,NÃO INFORMADO,NÃO INFORMADO,-8.064206,-34.87682
4371,NÃO INFORMADO,NÃO INFORMADO,-8.029227,-34.924893
4372,NÃO INFORMADO,NÃO INFORMADO,-8.116839,-34.913537
4373,NÃO INFORMADO,NÃO INFORMADO,-8.0243,-34.911018
4374,NÃO INFORMADO,NÃO INFORMADO,-8.075546,-34.916385
4375,NÃO INFORMADO,NÃO INFORMADO,-8.106775,-34.927189
4376,NÃO INFORMADO,NÃO INFORMADO,-8.059203,-34.887085
4377,NÃO INFORMADO,NÃO INFORMADO,-8.114911,-34.901429
4378,NÃO INFORMADO,NÃO INFORMADO,-8.112972,-34.894638
4379,NÃO INFORMADO,NÃO INFORMADO,-8.048899,-34.89349
4380,NÃO INFORMADO,NÃO INFORMADO,-8.042774,-34.945487
4381,NÃO INFORMADO,NÃO INFORMADO,-8.056765,-34.898216
4382,NÃO INFORMADO,NÃO INFORMADO,-8.066273,-34.889389
4383,NÃO INFORMADO,NÃO INFORMADO,-8.044039,-34.882249
4384,NÃO INFORMADO,NÃO INFORMADO,-8.056677,-34.897715
4385,NÃO INFORMADO,NÃO INFORMADO,-8.007716,-34.895915
4386,NÃO INFORMADO,NÃO INFORMADO,-8.047587,-34.876992
4387,NÃO INFORMADO,NÃO INFORMADO,-8.02681,-34.90453
4388,NÃO INFORMADO,NÃO INFORMADO,-8.037431,-34.972497
4389,NÃO INFORMADO,NÃO INFORMADO,-8.137056,-34.936953
4390,NÃO INFORMADO,NÃO INFORMADO,-8.041728,-34.937044
4391,NÃO INFORMADO,NÃO INFORMADO,-8.133365,-34.917517
4392,NÃO INFORMADO,NÃO INFORMADO,-8.054648,-34.899761
4393,NÃO INFORMADO,NÃO INFORMADO,-8.020731,-34.935818
4394,NÃO INFORMADO,NÃO INFORMADO,-8.115761,-34.895523
4395,NÃO INFORMADO,NÃO INFORMADO,-8.034884,-34.911807
4396,NÃO INFORMADO,NÃO INFORMADO,-8.032353,-34.881307
4397,NÃO INFORMADO,NÃO INFORMADO,-8.122972,-34.90586
4398,NÃO INFORMADO,NÃO INFORMADO,-8.056861,-34.909497
4399,NÃO INFORMADO,NÃO INFORMADO,-8.111953,-34.894544
4400,NÃO INFORMADO,NÃO INFORMADO,-8.052601,-34.883732
4401,NÃO INFORMADO,NÃO INFORMADO,-8.004083,-34.89975
4402,NÃO INFORMADO,NÃO INFORMADO,-8.061174,-34.90482
4403,NÃO INFORMADO,NÃO INFORMADO,-8.079513,-34.902658
4404,NÃO INFORMADO,NÃO INFORMADO,-8.022855,-34.891666
4405,NÃO INFORMADO,NÃO INFORMADO,-8.04841,-34.912357
4406,NÃO INFORMADO,NÃO INFORMADO,-8.047592,-34.918746
4407,NÃO INFORMADO,NÃO INFORMADO,-8.041457,-34.893807
4408,NÃO INFORMADO,NÃO INFORMADO,-8.105054,-34.910989
4409,NÃO INFORMADO,NÃO INFORMADO,-8.050391,-34.921374
4410,NÃO INFORMADO,NÃO INFORMADO,-8.150512,-34.909197
4411,NÃO INFORMADO,NÃO INFORMADO,-8.019296,-34.89412
4412,NÃO INFORMADO,NÃO INFORMADO,-8.009732,-34.920626
4413,NÃO INFORMADO,NÃO INFORMADO,-8.090067,-34.882167
4414,NÃO INFORMADO,NÃO INFORMADO,-8.043287,-34.897473
4415,NÃO INFORMADO,NÃO INFORMADO,-8.047034,-34.877716
4416,NÃO INFORMADO,NÃO INFORMADO,-8.092844,-34.942537
4417,NÃO INFORMADO,NÃO INFORMADO,-8.051606,-34.919143
4418,NÃO INFORMADO,NÃO INFORMADO,-8.103445,-34.887847
4419,NÃO INFORMADO,NÃO INFORMADO,-8.062241,-34.910391
4420,NÃO INFORMADO,NÃO INFORMADO,-8.123026,-34.943814
4421,NÃO INFORMADO,NÃO INFORMADO,-8.052317,-34.88874
4422,NÃO INFORMADO,NÃO INFORMADO,-8.052625,-34.883735
4423,NÃO INFORMADO,NÃO INFORMADO,-8.052542,-34.883684
4424,NÃO INFORMADO,NÃO INFORMADO,-8.126191,-34.900716
4425,NÃO INFORMADO,NÃO INFORMADO,-8.099074,-34.885862
4426,NÃO INFORMADO,NÃO INFORMADO,-8.020396,-34.924856
4427,NÃO INFORMADO,NÃO INFORMADO,-8.037734,-34.915667
4428,NÃO INFORMADO,NÃO INFORMADO,-8.03435,-34.949902
4429,NÃO INFORMADO,NÃO INFORMADO,-8.03,-34.958013
4430,NÃO INFORMADO,NÃO INFORMADO,-8.100513,-34.928187
4431,NÃO INFORMADO,NÃO INFORMADO,-8.04713,-34.918767
4432,NÃO INFORMADO,NÃO INFORMADO,-8.069783,-34.87538
4433,NÃO INFORMADO,NÃO INFORMADO,-8.045101,-34.898645
4434,NÃO INFORMADO,NÃO INFORMADO,-8.057089,-34.879054
4435,NÃO INFORMADO,NÃO INFORMADO,-8.110402,-34.906284
4436,NÃO INFORMADO,NÃO INFORMADO,-8.13212,-34.90705
4437,NÃO INFORMADO,NÃO INFORMADO,-8.09495,-34.885771
4438,NÃO INFORMADO,NÃO INFORMADO,-8.107439,-34.921541
4439,NÃO INFORMADO,NÃO INFORMADO,-8.066982,-34.881773
4440,NÃO INFORMADO,NÃO INFORMADO,-8.024066,-34.893721
4441,NÃO INFORMADO,NÃO INFORMADO,-8.032236,-34.959295
4442,NÃO INFORMADO,NÃO INFORMADO,-8.121687,-34.936175
4443,NÃO INFORMADO,NÃO INFORMADO,-8.055374,-34.924282
4444,NÃO INFORMADO,NÃO INFORMADO,-8.113971,-34.912818
4445,NÃO INFORMADO,NÃO INFORMADO,-8.113105,-34.921916
4446,NÃO INFORMADO,NÃO INFORMADO,-8.032794,-34.884687
4447,NÃO INFORMADO,NÃO INFORMADO,-8.119595,-34.913853
4448,NÃO INFORMADO,NÃO INFORMADO,-8.019997,-34.926744
4449,NÃO INFORMADO,NÃO INFORMADO,-8.06265,-34.926417
4450,NÃO INFORMADO,NÃO INFORMADO,-8.058,-34.91079
4451,NÃO INFORMADO,NÃO INFORMADO,-8.095266,-34.939291
4452,NÃO INFORMADO,NÃO INFORMADO,-8.100232,-34.92823
4453,NÃO INFORMADO,NÃO INFORMADO,-8.03418,-34.92146
4454,NÃO INFORMADO,NÃO INFORMADO,-8.122627,-34.943698
4455,NÃO INFORMADO,NÃO INFORMADO,-8.114959,-34.901376
4456,NÃO INFORMADO,NÃO INFORMADO,-8.107736,-34.925789
4457,NÃO INFORMADO,NÃO INFORMADO,-8.062119,-34.93103
4458,NÃO INFORMADO,NÃO INFORMADO,-8.113939,-34.894343
4459,NÃO INFORMADO,NÃO INFORMADO,-8.037511,-34.972277
4460,NÃO INFORMADO,NÃO INFORMADO,-8.060454,-34.878692
4461,NÃO INFORMADO,NÃO INFORMADO,-8.088638,-34.883491
4462,NÃO INFORMADO,NÃO INFORMADO,-8.140996,-34.920462
4463,NÃO INFORMADO,NÃO INFORMADO,-8.125113,-34.897964
4464,NÃO INFORMADO,NÃO INFORMADO,-8.072463,-34.918225
4465,NÃO INFORMADO,NÃO INFORMADO,-8.025663,-34.9063
4466,NÃO INFORMADO,NÃO INFORMADO,-8.044944,-34.88878
4467,NÃO INFORMADO,NÃO INFORMADO,-8.05667,-34.898887
4468,NÃO INFORMADO,NÃO INFORMADO,-8.080793,-34.916975
4469,NÃO INFORMADO,NÃO INFORMADO,-8.08629,-34.930596
4470,NÃO INFORMADO,NÃO INFORMADO,-8.026308,-34.893984
4471,NÃO INFORMADO,NÃO INFORMADO,-8.025888,-34.914465
4472,NÃO INFORMADO,NÃO INFORMADO,-8.020837,-34.921637
4473,NÃO INFORMADO,NÃO INFORMADO,-8.123079,-34.908795
4474,NÃO INFORMADO,NÃO INFORMADO,-8.006967,-34.887047
4475,NÃO INFORMADO,NÃO INFORMADO,-8.047162,-34.898785
4476,NÃO INFORMADO,NÃO INFORMADO,-8.046418,-34.880626
4477,NÃO INFORMADO,NÃO INFORMADO,-8.138622,-34.935848
4478,NÃO INFORMADO,NÃO INFORMADO,-8.062409,-34.916466
4479,NÃO INFORMADO,NÃO INFORMADO,-8.021591,-34.932457
4480,NÃO INFORMADO,NÃO INFORMADO,-8.141156,-34.911139
4481,NÃO INFORMADO,NÃO INFORMADO,-8.123928,-34.897513
4482,NÃO INFORMADO,NÃO INFORMADO,-8.075397,-34.91697
4483,NÃO INFORMADO,NÃO INFORMADO,-8.008003,-34.889853
4484,NÃO INFORMADO,NÃO INFORMADO,-8.122335,-34.896124
4485,NÃO INFORMADO,NÃO INFORMADO,-8.132128,-34.9163
4486,NÃO INFORMADO,NÃO INFORMADO,-8.152158,-34.908264
4487,NÃO INFORMADO,NÃO INFORMADO,-8.032873,-34.884644
4488,NÃO INFORMADO,NÃO INFORMADO,-8.04807,-34.913424
4489,NÃO INFORMADO,NÃO INFORMADO,-8.075543,-34.916367
4490,NÃO INFORMADO,NÃO INFORMADO,-8.090396,-34.934785
4491,NÃO INFORMADO,NÃO INFORMADO,-8.051879,-34.895732
4492,NÃO INFORMADO,NÃO INFORMADO,-8.051464,-34.893815
4493,NÃO INFORMADO,NÃO INFORMADO,-8.030366,-34.88628
4494,NÃO INFORMADO,NÃO INFORMADO,-8.051833,-34.893825
4495,NÃO INFORMADO,NÃO INFORMADO,-8.014505,-34.920017
4496,NÃO INFORMADO,NÃO INFORMADO,-8.062624,-34.911697
4497,NÃO INFORMADO,NÃO INFORMADO,-8.109093,-34.917313
4498,NÃO INFORMADO,NÃO INFORMADO,-8.048787,-34.935654
4499,NÃO INFORMADO,NÃO INFORMADO,-8.051281,-34.882898
4500,NÃO INFORMADO,NÃO INFORMADO,-8.085977,-34.931572
4501,NÃO INFORMADO,NÃO INFORMADO,-8.057835,-34.882901
4502,NÃO INFORMADO,NÃO INFORMADO,-8.016954,-34.887428
4503,NÃO INFORMADO,NÃO INFORMADO,-8.083343,-34.89025
4504,NÃO INFORMADO,NÃO INFORMADO,-8.110301,-34.912115
4505,NÃO INFORMADO,NÃO INFORMADO,-8.053764,-34.910423
4506,NÃO INFORMADO,NÃO INFORMADO,-8.016271,-34.93026
4507,NÃO INFORMADO,NÃO INFORMADO,-8.019631,-34.894563
4508,NÃO INFORMADO,NÃO INFORMADO,-8.11293,-34.953116
4509,NÃO INFORMADO,NÃO INFORMADO,-8.06214,-34.895153
4510,NÃO INFORMADO,NÃO INFORMADO,-8.087565,-34.931883
4511,NÃO INFORMADO,NÃO INFORMADO,-8.099467,-34.910034
4512,NÃO INFORMADO,NÃO INFORMADO,-8.057796,-34.906075
4513,NÃO INFORMADO,NÃO INFORMADO,-8.029394,-34.916715
4514,NÃO INFORMADO,NÃO INFORMADO,-8.082334,-34.959483
4515,NÃO INFORMADO,NÃO INFORMADO,-8.082297,-34.923627
4516,NÃO INFORMADO,NÃO INFORMADO,-8.004385,-34.894059
4517,NÃO INFORMADO,NÃO INFORMADO,-8.047916,-34.912362
4518,NÃO INFORMADO,NÃO INFORMADO,-8.085,-34.888802
4519,NÃO INFORMADO,NÃO INFORMADO,-8.021979,-34.913215
4520,NÃO INFORMADO,NÃO INFORMADO,-8.054396,-34.895958
4521,NÃO INFORMADO,NÃO INFORMADO,-8.10909,-34.935257
4522,NÃO INFORMADO,NÃO INFORMADO,-8.080886,-34.919558
4523,NÃO INFORMADO,NÃO INFORMADO,-8.081256,-34.908972
4524,NÃO INFORMADO,NÃO INFORMADO,-8.019572,-34.891226
4525,NÃO INFORMADO,NÃO INFORMADO,-8.077527,-34.907057
4526,NÃO INFORMADO,NÃO INFORMADO,-8.088819,-34.910211
4527,NÃO INFORMADO,NÃO INFORMADO,-8.045653,-34.896108
4528,NÃO INFORMADO,NÃO INFORMADO,-8.02174,-34.894204
4529,NÃO INFORMADO,NÃO INFORMADO,-8.034318,-34.950374
4530,NÃO INFORMADO,NÃO INFORMADO,-8.054518,-34.923424
4531,NÃO INFORMADO,NÃO INFORMADO,-8.06264,-34.932532
4532,NÃO INFORMADO,RUA NOVA DESCOBERTA,-8.0056257,-34.9237642
4533,PAISSANDU,ARRUDA,-8.0650456,-34.8970789
4534,PAISSANDU,AV ENGENHEIRO ABDIAS DE CARVALHO,-8.062613,-34.8990194
4535,PAISSANDU,AV FREI MATIAS TEVES,-8.0656139,-34.8956198
4536,PAISSANDU,AV GOVERNADOR AGAMENON MAGALHAES,-8.0620673,-34.8972465
4537,PAISSANDU,AV GOVERNADOR AGAMENON MAGALHAES,-8.0395343,-34.8779547
4538,PAISSANDU,AV GOVERNADOR AGAMENON MAGALHAES,-8.0630432,-34.8977923
4539,PAISSANDU,AV GOVERNADOR AGAMENON MAGALHAES,-8.0623315,-34.8973363
4540,PAISSANDU,AV GOVERNADOR AGAMENON MAGALHAES,-8.0630114,-34.8977065
4541,PAISSANDU,AV GOVERNADOR AGAMENON MAGALHAES,-8.0620991,-34.8972358
4542,PAISSANDU,AV GOVERNADOR AGAMENON MAGALHAES,-8.062119,-34.8974302
4543,PAISSANDU,AV GOVERNADOR AGAMENON MAGALHAES,-8.0620606,-34.8972774
4544,PAISSANDU,AV GOVERNADOR AGAMENON MAGALHAES,-8.062119,-34.8972559
4545,PAISSANDU,AV GOVERNADOR AGAMENON MAGALHAES,-8.0646154,-34.8969796
4546,PAISSANDU,RUA PAISSANDU 738,-8.0619942,-34.900142
4547,PARNAMIRIM,AV FLOR DE SANTANA 113,-8.0348069,-34.9133706
4548,PARNAMIRIM,AV GOVERNADOR AGAMENON MAGALHAES,-8.0519635,-34.8957968
4549,PARNAMIRIM,AV PARNAMIRIM,-8.0347458,-34.9081913
4550,PARNAMIRIM,AV PARNAMIRIM,-8.0353779,-34.9074402
4551,PARNAMIRIM,AV PARNAMIRIM,-8.0349742,-34.9079552
4552,PARNAMIRIM,AV PARNAMIRIM 222,-8.034613,-34.9084353
4553,PARNAMIRIM,EST DO ENCANAMENTO 236,-8.0325945,-34.9119303
4554,PARNAMIRIM,RUA CONEGO BARATA 291,-8.0321059,-34.9026264
4555,PARNAMIRIM,RUA DR JOSE DE GOES,-8.0361295,-34.9103343
4556,PARNAMIRIM,RUA JOAO TUDE DE MELO,-8.0371016,-34.9104309
4557,PARNAMIRIM,RUA LEONARDO BEZERRA CAVALCANTE 250,-8.0360525,-34.9070889
4558,PARNAMIRIM,RUA MIZAEL MONTENEGRO 55,-8.0321497,-34.9088806
4559,PARNAMIRIM,RUA PADRE ROMA 489,-8.0325813,-34.9071532
4560,PARNAMIRIM,RUA SEBASTIAO MALTA ARCOVERDE 129,-8.0335347,-34.9078372
4561,PASSARINHO,EST DE PASSARINHO,-7.9851203,-34.915916
4562,PASSARINHO,EST DE PASSARINHO,-7.9785967,-34.9186411
4563,PASSARINHO,RUA ANDORINHA 230,-7.9788377,-34.9165691
4564,PASSARINHO,RUA GRAUNA 35,-7.9792474,-34.9149853
4565,PASSARINHO,RUA GRAUNA 35,-7.9792103,-34.914988
4566,PASSARINHO,RUA PEREIRA BARRETO,-7.9806845,-34.9196845
4567,PASSARINHO,RUA PEREIRA BARRETO,-7.9779552,-34.9247244
4568,PASSARINHO,RUAALTODABICA57,-7.984536,-34.9284312
4569,PINA,ARRUDA,-8.084922,-34.8870454
4570,PINA,AV ANTONIO DE GOES,-8.0865773,-34.8856473
4571,PINA,AV ANTONIO DE GOES,-8.084182,-34.8879862
4572,PINA,AV ANTONIO DE GOES,-8.0860568,-34.885937
4573,PINA,AV ANTONIO DE GOES,-8.0844276,-34.8875222
4574,PINA,AV ANTONIO DE GOES,-8.0899179,-34.8822623
4575,PINA,AV ANTONIO DE GOES,-8.0865839,-34.8856506
4576,PINA,AV ANTONIO DE GOES,-8.0838315,-34.888072
4577,PINA,AV ANTONIO DE GOES,-8.0892195,-34.8831367
4578,PINA,AV ANTONIO DE GOES 275,-8.0887515,-34.8837402
4579,PINA,AV ANTONIO DE GOES 617,-8.0865999,-34.8857144
4580,PINA,AV ANTONIO DE GOES 917,-8.0866131,-34.8856299
4581,PINA,AV BOA VIAGEM,-8.0909722,-34.8819968
4582,PINA,AV BOA VIAGEM 634,-8.0987023,-34.8839307
4583,PINA,AV BOA VIAGEM 940,-8.0997592,-34.8844779
4584,PINA,AV DR DIRCEU VELLOSO TOSCANO DE BRITO,-8.0886552,-34.8941123
4585,PINA,AV ENGENHEIRO DOMINGOS FERREIRA,-8.0908288,-34.8847353
4586,PINA,AV ENGENHEIRO DOMINGOS FERREIRA,-8.0890456,-34.8850586
4587,PINA,AV ENGENHEIRO DOMINGOS FERREIRA,-8.0902101,-34.8845288
4588,PINA,AV ENGENHEIRO DOMINGOS FERREIRA,-8.1019048,-34.8881096
4589,PINA,AV ENGENHEIRO DOMINGOS FERREIRA,-8.0895674,-34.8845342
4590,PINA,AV ENGENHEIRO DOMINGOS FERREIRA,-8.0956558,-34.8860087
4591,PINA,AV ENGENHEIRO DOMINGOS FERREIRA,-8.1016711,-34.8879164
4592,PINA,AV ENGENHEIRO DOMINGOS FERREIRA 604,-8.0948466,-34.8858404
4593,PINA,AV ENGENHEIRO DOMINGOS FERREIRA 672,-8.0955051,-34.8859933
4594,PINA,AV HERCULANO BANDEIRA,-8.0851592,-34.8887104
4595,PINA,AV HERCULANO BANDEIRA,-8.0845325,-34.8892629
4596,PINA,AV HERCULANO BANDEIRA,-8.0883777,-34.8856473
4597,PINA,AV HERCULANO BANDEIRA,-8.0889832,-34.8850572
4598,PINA,AV HERCULANO BANDEIRA,-8.0824107,-34.8910493
4599,PINA,AV HERCULANO BANDEIRA,-8.0887986,-34.8852731
4600,PINA,AV HERCULANO BANDEIRA,-8.0872624,-34.8867738
4601,PINA,AV HERCULANO BANDEIRA 588,-8.088079,-34.8858947
4602,PINA,AV REPUBLICA DO LIBANO,-8.0871867,-34.8884194
4603,PINA,PTE GOVERNADOR PAULO GUERRA,-8.0846547,-34.8891932
4604,PINA,RUA BEM TE VI 20,-8.089278,-34.8803204
4605,PINA,RUA BRUNO VELOSO,-8.1216023,-34.8991549
4606,PINA,RUA DELFIM,-8.0830773,-34.8825413
4607,PINA,RUA IRENE RAMOS GOMES DE MATTOS 133,-8.1004921,-34.8882571
4608,PINA,RUA MANGUITO,-8.0863861,-34.8936939
4609,PINA,RUA MANOEL DE BRITO,-8.0881175,-34.8894614
4610,PINA,RUA MANOEL DE BRITO,-8.0889991,-34.8910171
4611,PINA,RUA MANOEL DE BRITO,-8.0868402,-34.8882195
4612,PINA,RUA MANOEL DE BRITO 67B,-8.0871655,-34.888583
4613,PINA,VIA MANGUE,-8.0830029,-34.8906255
4614,PONTO DE PARADA,AV BEBERIBE,-8.0287993,-34.8927578
4615,PORTO DA MADEIRA,AV BEBERIBE,-8.0156337,-34.890765
4616,PORTO DA MADEIRA,AV BEBERIBE,-8.0072619,-34.8904967
4617,PORTO DA MADEIRA,AV BEBERIBE 3530,-8.0078674,-34.8899952
4618,PORTO DA MADEIRA,AV BEBERIBE 3530,-8.0078674,-34.8899657
4619,PORTO DA MADEIRA,AV BEBERIBE 3586,-8.0078422,-34.890022
4620,PORTO DA MADEIRA,AV BEBERIBE 3710,-8.0072658,-34.8905155
4621,PORTO DA MADEIRA,AV BEBERIBE 3910,-8.0053003,-34.8932688
4622,PORTO DA MADEIRA,AV CIDADE DE MONTEIRO,-8.0077745,-34.8876321
4623,PORTO DA MADEIRA,AV CIDADE DE MONTEIRO,-8.0075221,-34.8874605
4624,POÇO DA PANELA,AV DEZESSETE DE AGOSTO 1316,-8.0365292,-34.9200077
4625,POÇO DA PANELA,RUA ALVARO MACEDO,-8.0368997,-34.9252743
4626,PRADO,AV CAXANGA 489,-8.0547388,-34.913384
4627,PRADO,AV ENGENHEIRO ABDIAS DE CARVALHO,-8.0630074,-34.9330956
4628,PRADO,AV ENGENHEIRO ABDIAS DE CARVALHO,-8.0630366,-34.9331358
4629,PRADO,AV ENGENHEIRO ABDIAS DE CARVALHO,-8.0623873,-34.9159321
4630,PRADO,AV ENGENHEIRO ABDIAS DE CARVALHO,-8.0624112,-34.9167448
4631,PRADO,AV ENGENHEIRO ABDIAS DE CARVALHO,-8.0623793,-34.9166858
4632,PRADO,AV ENGENHEIRO ABDIAS DE CARVALHO,-8.0615906,-34.9209183
4633,PRADO,AV ENGENHEIRO ABDIAS DE CARVALHO,-8.062783,-34.9329293
4634,PRADO,AV ENGENHEIRO ABDIAS DE CARVALHO,-8.0620978,-34.9095726
4635,PRADO,AV ENGENHEIRO ABDIAS DE CARVALHO,-8.0625333,-34.9160984
4636,PRADO,AV ENGENHEIRO ABDIAS DE CARVALHO,-8.0629582,-34.9330902
4637,PRADO,AV ENGENHEIRO ABDIAS DE CARVALHO,-8.0629768,-34.9330688
4638,PRADO,AV ENGENHEIRO ABDIAS DE CARVALHO,-8.0623899,-34.9169487
4639,PRADO,AV ENGENHEIRO ABDIAS DE CARVALHO,-8.0624483,-34.9167717
4640,PRADO,AV ENGENHEIRO ABDIAS DE CARVALHO,-8.062204,-34.9102432
4641,PRADO,AV ENGENHEIRO ABDIAS DE CARVALHO,-8.0623846,-34.9163157
4642,PRADO,AV ENGENHEIRO ABDIAS DE CARVALHO,-8.0625652,-34.9130997
4643,PRADO,AV ENGENHEIRO ABDIAS DE CARVALHO 1079,-8.0622817,-34.9099904
4644,PRADO,AV ENGENHEIRO ABDIAS DE CARVALHO 1480,-8.0624271,-34.914642
4645,PRADO,AV ENGENHEIRO ABDIAS DE CARVALHO 350,-8.0632663,-34.9340558
4646,PRADO,AV ENGENHEIRO ABDIAS DE CARVALHO XX,-8.0623899,-34.9163425
4647,PRADO,AVENGENHEIROABDIASDECARVALHO,-8.0624165,-34.9107635
4648,PRADO,RUA CARLOS GOMES,-8.0649713,-34.9138494
4649,PRADO,RUA GOMES TABORDA 354,-8.0583134,-34.9137434
4650,PRADO,RUA GOMES TABORDA 767,-8.0569484,-34.9185111
4651,PRADO,RUA GOMES TABORDA XX,-8.0574078,-34.9169916
4652,PRADO,RUA JOAO IVO DA SILVA 37,-8.0619385,-34.9096128
4653,PRADO,RUA SANTA EDWIRGES,-8.0641971,-34.9121381
4654,PRADO,RUA SANTA EDWIRGES 93,-8.0614737,-34.9113482
4655,ROSARINHO,AV NORTE,-8.0337711,-34.8964137
4656,ROSARINHO,AV NORTE,-8.0334843,-34.8964539
4657,ROSARINHO,AV NORTE,-8.0328708,-34.8969153
4658,ROSARINHO,AV NORTE,-8.0336064,-34.8965049
4659,ROSARINHO,AV NORTE,-8.0336861,-34.8964351
4660,ROSARINHO,AV NORTE,-8.0336489,-34.8963761
4661,ROSARINHO,AV NORTE,-8.0344988,-34.8958826
4662,ROSARINHO,AV NORTE 3026,-8.0099471,-34.9359012
4663,ROSARINHO,AV NORTE 3388,-8.0315056,-34.8980324
4664,ROSARINHO,AV NORTE XX,-8.0324272,-34.8972023
4665,ROSARINHO,AV NORTE XX,-8.0357896,-34.8951209
4666,ROSARINHO,AV SANTOS DUMONT,-8.0351469,-34.8973203
4667,ROSARINHO,RUA AMARO COUTINHO 210,-8.0350725,-34.893423
4668,ROSARINHO,RUA AMARO COUTINHO 210,-8.03469,-34.8938254
4669,ROSARINHO,RUA COUTO MAGALHAES 156,-8.0304406,-34.8949009
4670,ROSARINHO,RUA DR JOSE MARIA,-8.035431,-34.8983341
4671,ROSARINHO,RUA DR JOSE MARIA 657,-8.0356302,-34.8974597
4672,ROSARINHO,RUA GENERAL ABREU E LIMA 236,-8.0331695,-34.8990208
4673,ROSARINHO,RUA HIPOLITO BRAGA 181,-8.031981,-34.8966524
4674,ROSARINHO,RUA SALVADOR DE SA 502,-8.031248,-34.8973498
4675,ROSARINHO,RUA SAO SALVADOR 105,-8.0493582,-34.8948795
4676,SAN MARTIN,ARRUDA,-8.0620819,-34.9244884
4677,SAN MARTIN,ARRUDA,-8.0712121,-34.9288416
4678,SAN MARTIN,ARRUDA,-8.0646366,-34.9270177
4679,SAN MARTIN,AV CAXANGA,-8.0503488,-34.9209881
4680,SAN MARTIN,AV CONSUL VILARES FRAGOSO,-8.0653696,-34.9270579
4681,SAN MARTIN,AV CONSUL VILARES FRAGOSO 368,-8.0658158,-34.9261916
4682,SAN MARTIN,AV CONSUL VILARES FRAGOSO 380,-8.0668674,-34.9239948
4683,SAN MARTIN,AV ENGENHEIRO ABDIAS DE CARVALHO,-8.0602096,-34.9257651
4684,SAN MARTIN,AV ENGENHEIRO ABDIAS DE CARVALHO,-8.0624165,-34.9318027
4685,SAN MARTIN,AV ENGENHEIRO ABDIAS DE CARVALHO,-8.0605309,-34.9258107
4686,SAN MARTIN,AV ENGENHEIRO ABDIAS DE CARVALHO,-8.0614737,-34.9216291
4687,SAN MARTIN,AV ENGENHEIRO ABDIAS DE CARVALHO,-8.0605416,-34.9257705
4688,SAN MARTIN,AV ENGENHEIRO ABDIAS DE CARVALHO,-8.061811,-34.9204302
4689,SAN MARTIN,AV GENERAL SAN MARTIN,-8.0605894,-34.9258375
4690,SAN MARTIN,AV GENERAL SAN MARTIN,-8.0614923,-34.9260789
4691,SAN MARTIN,AV GENERAL SAN MARTIN,-8.0616198,-34.9261594
4692,SAN MARTIN,AV GENERAL SAN MARTIN,-8.0649606,-34.9271384
4693,SAN MARTIN,AV GENERAL SAN MARTIN,-8.058571,-34.9251616
4694,SAN MARTIN,AV GENERAL SAN MARTIN,-8.0623209,-34.9263632
4695,SAN MARTIN,AV GENERAL SAN MARTIN,-8.0683214,-34.9280369
4696,SAN MARTIN,AV GENERAL SAN MARTIN,-8.0705933,-34.9286699
4697,SAN MARTIN,AV GENERAL SAN MARTIN,-8.0613861,-34.9260521
4698,SAN MARTIN,AV GENERAL SAN MARTIN,-8.0649234,-34.9271491
4699,SAN MARTIN,AV GENERAL SAN MARTIN 134,-8.051034,-34.921428
4700,SAN MARTIN,AV GENERAL SAN MARTIN 144,-8.0510606,-34.9214172
4701,SAN MARTIN,AV GENERAL SAN MARTIN 2387,-8.0724071,-34.9292265
4702,SAN MARTIN,AV GENERAL SAN MARTIN 2482,-8.0746166,-34.9301143
4703,SAN MARTIN,AV GENERAL SAN MARTIN 2497,-8.0734189,-34.9295872
4704,SAN MARTIN,AV GENERAL SAN MARTIN 330,-8.0522078,-34.9221307
4705,SAN MARTIN,AV GENERAL SAN MARTIN 477,-8.0541944,-34.9232599
4706,SAN MARTIN,AV JOAO CABRAL DE MELO NETO,-8.0795719,-34.9338788
4707,SAN MARTIN,AV JOAO CABRAL DE MELO NETO,-8.0794046,-34.9335033
4708,SAN MARTIN,RUA ARSENIO CALACA,-8.0645941,-34.9294209
4709,SAN MARTIN,RUA CLOTILDE DE OLIVEIRA,-8.0523114,-34.9229756
4710,SAN MARTIN,RUA COMENDADOR FRANCO FERREIRA 16,-8.0658689,-34.926948
4711,SAN MARTIN,RUA JOSE VELOSO,-8.065768,-34.9271733
4712,SAN MARTIN,RUA JOSE VELOSO,-8.0657255,-34.9272028
4713,SAN MARTIN,RUA OUREM,-8.0661344,-34.9256149
4714,SAN MARTIN,RUA QUINZE DE MARCO,-8.0641321,-34.9310464
4715,SAN MARTIN,RUA VINTE E UM DE ABRIL,-8.0695178,-34.9326664
4716,SAN MARTIN,RUA VINTE E UM DE ABRIL,-8.0707871,-34.9293673
4717,SAN MARTIN,RUA VINTE E UM DE ABRIL,-8.0694912,-34.9327335
4718,SAN MARTIN,RUA VINTE E UM DE ABRIL,-8.1129061,-34.9518093
4719,SAN MARTIN,RUA VINTE E UM DE ABRIL 2909,-8.0703171,-34.9306065
4720,SAN MARTIN,RUA VINTE E UM DE ABRIL 3010,-8.0701007,-34.9311201
4721,SAN MARTIN,RUA VISCONDE PARNAIBA 435,-8.0685949,-34.9301867
4722,SANCHO,ARRUDA,-8.0814766,-34.9657025
4723,SANCHO,AV LIBERDADE 1485,-8.0816167,-34.9645525
4724,SANCHO,AV LIBERDADE 598,-8.0853398,-34.9546659
4725,SANCHO,AV LIBERDADE 824,-8.0842218,-34.9564576
4726,SANCHO,RUA APRIGIO GUIMARAES,-8.0873102,-34.9628198
4727,SANCHO,RUA APRIGIO GUIMARAES,-8.0872359,-34.9630022
4728,SANTANA,RUA JORGE GOMES DE SA,-8.0404055,-34.9156237
4729,SANTANA,RUA SAMUEL FARIAS 197,-8.0395463,-34.9153192
4730,SANTO AMARO,ARRUDA,-8.0359117,-34.8701441
4731,SANTO AMARO,ARRUDA,-8.041491,-34.8726553
4732,SANTO AMARO,ARRUDA,-8.046466,-34.8761845
4733,SANTO AMARO,ARRUDA,-8.0495083,-34.8784094
4734,SANTO AMARO,AV CRUZ CABUGA,-8.0485057,-34.8776436
4735,SANTO AMARO,AV CRUZ CABUGA,-8.0389129,-34.8708683
4736,SANTO AMARO,AV CRUZ CABUGA,-8.0524761,-34.880527
4737,SANTO AMARO,AV CRUZ CABUGA,-8.0523088,-34.8804277
4738,SANTO AMARO,AV CRUZ CABUGA,-8.0504298,-34.8790544
4739,SANTO AMARO,AV CRUZ CABUGA,-8.0485137,-34.8776369
4740,SANTO AMARO,AV CRUZ CABUGA,-8.0514961,-34.8797679
4741,SANTO AMARO,AV CRUZ CABUGA,-8.0385676,-34.8722309
4742,SANTO AMARO,AV CRUZ CABUGA,-8.0417945,-34.8728827
4743,SANTO AMARO,AV CRUZ CABUGA,-8.0540669,-34.8813021
4744,SANTO AMARO,AV CRUZ CABUGA,-8.0508215,-34.8793173
4745,SANTO AMARO,AV CRUZ CABUGA,-8.044676,-34.8749185
4746,SANTO AMARO,AV CRUZ CABUGA,-8.04551,-34.8754884
4747,SANTO AMARO,AV CRUZ CABUGA,-8.0381002,-34.8702943
4748,SANTO AMARO,AV CRUZ CABUGA,-8.045409,-34.8754723
4749,SANTO AMARO,AV CRUZ CABUGA,-8.0504896,-34.879159
4750,SANTO AMARO,AV CRUZ CABUGA,-8.047462,-34.8769408
4751,SANTO AMARO,AV CRUZ CABUGA,-8.0446415,-34.8749802
4752,SANTO AMARO,AV CRUZ CABUGA,-8.0437093,-34.8743069
4753,SANTO AMARO,AV CRUZ CABUGA,-8.0533445,-34.8813558
4754,SANTO AMARO,AV CRUZ CABUGA,-8.0443148,-34.8746932
4755,SANTO AMARO,AV CRUZ CABUGA,-8.0393325,-34.8711526
4756,SANTO AMARO,AV CRUZ CABUGA,-8.0539009,-34.881577
4757,SANTO AMARO,AV CRUZ CABUGA,-8.0417679,-34.8728827
4758,SANTO AMARO,AV CRUZ CABUGA,-8.0445831,-34.8748595
4759,SANTO AMARO,AV CRUZ CABUGA,-8.0441874,-34.8745899
4760,SANTO AMARO,AV CRUZ CABUGA,-8.0416431,-34.8726681
4761,SANTO AMARO,AV CRUZ CABUGA,-8.0517086,-34.879961
4762,SANTO AMARO,AV CRUZ CABUGA,-8.0493927,-34.8782873
4763,SANTO AMARO,AV CRUZ CABUGA,-8.0452895,-34.8753168
4764,SANTO AMARO,AV CRUZ CABUGA,-8.0454621,-34.8754817
4765,SANTO AMARO,AV CRUZ CABUGA,-8.0525531,-34.880594
4766,SANTO AMARO,AV CRUZ CABUGA,-8.0442644,-34.8746637
4767,SANTO AMARO,AV CRUZ CABUGA 165,-8.0525186,-34.8806021
4768,SANTO AMARO,AV CRUZ CABUGA 400,-8.0509703,-34.8794568
4769,SANTO AMARO,AV CRUZ CABUGA 767,-8.0481233,-34.8773968
4770,SANTO AMARO,AV CRUZ CABUGA XX,-8.051836,-34.8800415
4771,SANTO AMARO,AV DR JAYME DA FONTE,-8.0390191,-34.8790759
4772,SANTO AMARO,AV DR JAYME DA FONTE,-8.0406949,-34.8784536
4773,SANTO AMARO,AV DR JAYME DA FONTE 38,-8.0405409,-34.8785341
4774,SANTO AMARO,AV ENGENHEIRO AGAMENON DE MAGALHAES MELO,-8.0437784,-34.8870367
4775,SANTO AMARO,AV ENGENHEIRO AGAMENON DE MAGALHAES MELO 1268,-8.060592,-34.8979104
4776,SANTO AMARO,AV GOVERNADOR AGAMENON MAGALHAES,-8.0434968,-34.8873532
4777,SANTO AMARO,AV GOVERNADOR AGAMENON MAGALHAES,-8.0375053,-34.8735881
4778,SANTO AMARO,AV GOVERNADOR AGAMENON MAGALHAES,-8.0437306,-34.8877716
4779,SANTO AMARO,AV GOVERNADOR AGAMENON MAGALHAES,-8.0433003,-34.8869348
4780,SANTO AMARO,AV GOVERNADOR AGAMENON MAGALHAES,-8.0431596,-34.8874417
4781,SANTO AMARO,AV GOVERNADOR AGAMENON MAGALHAES,-8.0361614,-34.8708254
4782,SANTO AMARO,AV GOVERNADOR AGAMENON MAGALHAES,-8.0424637,-34.8847353
4783,SANTO AMARO,AV GOVERNADOR AGAMENON MAGALHAES,-8.0366395,-34.8728585
4784,SANTO AMARO,AV GOVERNADOR AGAMENON MAGALHAES,-8.0418077,-34.8838234
4785,SANTO AMARO,AV GOVERNADOR AGAMENON MAGALHAES,-8.0434968,-34.8865271
4786,SANTO AMARO,AV GOVERNADOR AGAMENON MAGALHAES,-8.0397893,-34.8794246
4787,SANTO AMARO,AV GOVERNADOR AGAMENON MAGALHAES,-8.0396565,-34.8712277
4788,SANTO AMARO,AV GOVERNADOR AGAMENON MAGALHAES,-8.0411332,-34.8822838
4789,SANTO AMARO,AV GOVERNADOR AGAMENON MAGALHAES,-8.0364429,-34.8725367
4790,SANTO AMARO,AV GOVERNADOR AGAMENON MAGALHAES,-8.0420361,-34.8843437
4791,SANTO AMARO,AV GOVERNADOR AGAMENON MAGALHAES,-8.0395184,-34.87886
4792,SANTO AMARO,AV GOVERNADOR AGAMENON MAGALHAES,-8.0363898,-34.8714638
4793,SANTO AMARO,AV GOVERNADOR AGAMENON MAGALHAES,-8.0434437,-34.8862749
4794,SANTO AMARO,AV GOVERNADOR AGAMENON MAGALHAES,-8.0487713,-34.892782
4795,SANTO AMARO,AV GOVERNADOR AGAMENON MAGALHAES,-8.0414359,-34.8820746
4796,SANTO AMARO,AV GOVERNADOR AGAMENON MAGALHAES,-8.0431542,-34.8874377
4797,SANTO AMARO,AV GOVERNADOR AGAMENON MAGALHAES,-8.0434318,-34.88635
4798,SANTO AMARO,AV GOVERNADOR AGAMENON MAGALHAES,-8.0468644,-34.8911096
4799,SANTO AMARO,AV GOVERNADOR AGAMENON MAGALHAES,-8.037006,-34.8727083
4800,SANTO AMARO,AV GOVERNADOR AGAMENON MAGALHAES 1234,-8.0373672,-34.8732984
4801,SANTO AMARO,AV GOVERNADOR AGAMENON MAGALHAES 2997,-8.0486133,-34.8924695
4802,SANTO AMARO,AV GOVERNADOR AGAMENON MAGALHAES XX,-8.0429736,-34.8875919
4803,SANTO AMARO,AV GOVERNADOR AGAMENON MAGALHAES XX,-8.0408224,-34.8825252
4804,SANTO AMARO,AV JOAO DE BARROS,-8.0456109,-34.889971
4805,SANTO AMARO,AV JOAO DE BARROS,-8.0537747,-34.8898745
4806,SANTO AMARO,AV JOAO DE BARROS 915,-8.0537535,-34.8898369
4807,SANTO AMARO,AV MARIO MELO,-8.0541917,-34.8813705
4808,SANTO AMARO,AV MARIO MELO,-8.0548955,-34.8806477
4809,SANTO AMARO,AV MARIO MELO,-8.0560454,-34.8784241
4810,SANTO AMARO,AV MARIO MELO,-8.0539195,-34.8815569
4811,SANTO AMARO,AV MILITAR,-8.0468219,-34.8743954
4812,SANTO AMARO,AV NORTE,-8.0444211,-34.8812699
4813,SANTO AMARO,AV NORTE,-8.0414784,-34.8855722
4814,SANTO AMARO,AV NORTE,-8.0473743,-34.8769569
4815,SANTO AMARO,AV NORTE 1624,-8.0361667,-34.8948888
4816,SANTO AMARO,AV NORTE 866,-8.0276652,-34.8911351
4817,SANTO AMARO,AV PREFEITO ARTUR LIMA CAVALCANTI,-8.0443361,-34.8753691
4818,SANTO AMARO,AV VISCONDE DE SUASSUNA,-8.053804,-34.8844604
4819,SANTO AMARO,AV VISCONDE DE SUASSUNA,-8.0550442,-34.8822731
4820,SANTO AMARO,AV VISCONDE DE SUASSUNA,-8.051196,-34.8883134
4821,SANTO AMARO,AV VISCONDE DE SUASSUNA 305,-8.0536964,-34.8846227
4822,SANTO AMARO,AV VISCONDE DE SUASSUNA 440,-8.0529913,-34.8856822
4823,SANTO AMARO,AV VISCONDE DE SUASSUNA 747,-8.0512518,-34.8882169
4824,SANTO AMARO,PTE AGAMENON MAGALHAES,-8.039938,-34.8788023
4825,SANTO AMARO,PTE DO LIMOEIRO,-8.0508215,-34.8727512
4826,SANTO AMARO,PTE DO LIMOEIRO,-8.0505878,-34.8730087
4827,SANTO AMARO,PTE DO LIMOEIRO,-8.0505453,-34.873057
4828,SANTO AMARO,RUA ALVARES DE AZEVEDO,-8.0495919,-34.8887748
4829,SANTO AMARO,RUA AURORA 1443,-8.0524289,-34.8754958
4830,SANTO AMARO,RUA BARROS BARRETO 698,-8.0459681,-34.8845167
4831,SANTO AMARO,RUA CAPITAO LIMA,-8.053557,-34.8788533
4832,SANTO AMARO,RUA CAPITAO LIMA,-8.0536526,-34.8787098
4833,SANTO AMARO,RUA CAPITAO LIMA 326,-8.0531321,-34.879501
4834,SANTO AMARO,RUA DA AURORA,-8.0499611,-34.8737812
4835,SANTO AMARO,RUA DA AURORA,-8.0568076,-34.8782605
4836,SANTO AMARO,RUA DA SAUDADE,-8.0593876,-34.8815529
4837,SANTO AMARO,RUA DO HOSPICIO,-8.0567757,-34.8827612
4838,SANTO AMARO,RUA DO POMBAL,-8.0492121,-34.8825198
4839,SANTO AMARO,RUA DO POMBAL,-8.0490103,-34.8823965
4840,SANTO AMARO,RUA DO PRINCIPE 415,-8.0570254,-34.8856795
4841,SANTO AMARO,RUA DOM MANOEL PEREIRA 170,-8.052739,-34.8881471
4842,SANTO AMARO,RUA DOS PALMARES,-8.0510446,-34.8858833
4843,SANTO AMARO,RUA DOS PALMARES,-8.0512146,-34.8856688
4844,SANTO AMARO,RUA DR MARIO MELO FILHO,-8.0541944,-34.8811895
4845,SANTO AMARO,RUA FREI CASSIMIRO,-8.0463917,-34.8805457
4846,SANTO AMARO,RUA FREI CASSIMIRO,-8.0464182,-34.8805618
4847,SANTO AMARO,RUA GERVASIO PIRES,-8.0545184,-34.883303
4848,SANTO AMARO,RUA ODORICO MENDES,-8.0328973,-34.8811895
4849,SANTO AMARO,RUA ODORICO MENDES,-8.0356973,-34.880411
4850,SANTO AMARO,RUA PALMARES,-8.05088,-34.886165
4851,SANTO AMARO,RUA PRINCESA IZABEL,-8.059454,-34.8801354
4852,SANTO AMARO,RUA SAO GERALDO,-8.0545476,-34.8805591
4853,SANTO AMARO,RUA TREZE DE MAIO,-8.0505613,-34.8823965
4854,SANTO AMARO,RUA TREZE DE MAIO,-8.0498681,-34.8819378
4855,SANTO AMARO,RUA TREZE DE MAIO,-8.0461022,-34.87921
4856,SANTO AMARO,RUA TREZE DE MAIO,-8.0480091,-34.8806208
4857,SANTO AMARO,RUA TREZE DE MAIO,-8.0500248,-34.88208
4858,SANTO AMARO,RUA TREZE DE MAIO,-8.0494724,-34.881632
4859,SANTO AMARO,RUA TREZE DE MAIO,-8.0504869,-34.8823375
4860,SANTO AMARO,RUA TREZE DE MAIO,-8.0497725,-34.8818627
4861,SANTO AMARO,RUA TREZE DE MAIO 455,-8.0498336,-34.8819083
4862,SANTO AMARO,RUA TREZE DE MAIO 776,-8.0479931,-34.8805833
4863,SANTO AMARO,RUA TREZE DE MAIO 970,-8.0467794,-34.8796874
4864,SANTO AMARO,RUA VINTE E QUATRO DE AGOSTO,-8.0493555,-34.8764098
4865,SANTO ANTÔNIO,AV DANTAS BARRETO,-8.0659326,-34.8788989
4866,SANTO ANTÔNIO,AV DANTAS BARRETO,-8.0659167,-34.8791295
4867,SANTO ANTÔNIO,AV DANTAS BARRETO,-8.0659326,-34.8789471
4868,SANTO ANTÔNIO,AV DANTAS BARRETO,-8.0661119,-34.8792073
4869,SANTO ANTÔNIO,AV GUARARAPES,-8.063014,-34.8800495
4870,SANTO ANTÔNIO,AV GUARARAPES,-8.0630293,-34.8799925
4871,SANTO ANTÔNIO,AV GUARARAPES,-8.0638346,-34.8785448
4872,SANTO ANTÔNIO,AV GUARARAPES,-8.0638293,-34.8784697
4873,SANTO ANTÔNIO,AV GUARARAPES,-8.0633898,-34.8793817
4874,SANTO ANTÔNIO,AV MARTINS DE BARROS,-8.0630432,-34.876399
4875,SANTO ANTÔNIO,AV MARTINS DE BARROS,-8.0656777,-34.8761469
4876,SANTO ANTÔNIO,AV MARTINS DE BARROS,-8.0603769,-34.8779064
4877,SANTO ANTÔNIO,AV MARTINS DE BARROS 593,-8.0657241,-34.8763052
4878,SANTO ANTÔNIO,AV SUL,-8.0714989,-34.8772842
4879,SANTO ANTÔNIO,C SANTA RITA,-8.0705216,-34.875868
4880,SANTO ANTÔNIO,C SANTA RITA,-8.070272,-34.8757339
4881,SANTO ANTÔNIO,PTE DUARTE COELHO,-8.0623527,-34.8809615
4882,SANTO ANTÔNIO,PTE PRINCESA IZABEL,-8.0601352,-34.8789927
4883,SANTO ANTÔNIO,RUA DA CONCORDIA 334,-8.066874,-34.8817849
4884,SANTO ANTÔNIO,RUA DO SOL,-8.062698,-34.8804492
4885,SANTO ANTÔNIO,RUA DO SOL,-8.0628706,-34.8800361
4886,SANTO ANTÔNIO,RUA DO SOL NASCENTE,-8.0411265,-34.8770683
4887,SANTO ANTÔNIO,RUA FLORIANO PEIXOTO,-8.0664744,-34.8826754
4888,SANTO ANTÔNIO,RUA FLORIANO PEIXOTO,-8.0664212,-34.8826352
4889,SANTO ANTÔNIO,RUA PRINCESA IZABEL,-8.0581275,-34.8822087
4890,SANTO ANTÔNIO,RUA SIQUEIRA CAMPOS,-8.0628733,-34.8766565
4891,SANTO ANTÔNIO,RUA SIQUEIRA CAMPOS 244,-8.0627179,-34.8780714
4892,SANTOANTÔNIO,AVMARTINSDEBARROS,-8.0641028,-34.8763749
4893,SOLEDADE,AV JOAO DE BARROS,-8.0514058,-34.8900193
4894,SOLEDADE,RUA DO PROGRESSO 269,-8.0585956,-34.8910131
4895,SOLEDADE,RUA JOAO FERNANDES VIEIRA,-8.052415,-34.8924279
4896,SÃO JOSÉ,ARRUDA,-8.0722185,-34.8854086
4897,SÃO JOSÉ,AV CENTRAL,-8.0725452,-34.8918486
4898,SÃO JOSÉ,AV DANTAS BARRETO,-8.0714856,-34.8830885
4899,SÃO JOSÉ,AV DANTAS BARRETO,-8.0708774,-34.8829168
4900,SÃO JOSÉ,AV DANTAS BARRETO,-8.0637788,-34.8783597
4901,SÃO JOSÉ,AV DANTAS BARRETO,-8.0659167,-34.8789471
4902,SÃO JOSÉ,AV DANTAS BARRETO,-8.063812,-34.8783638
4903,SÃO JOSÉ,AV DANTAS BARRETO,-8.0701179,-34.882375
4904,SÃO JOSÉ,AV DANTAS BARRETO,-8.0616835,-34.8781157
4905,SÃO JOSÉ,AV DANTAS BARRETO 1410,-8.0722159,-34.8841895
4906,SÃO JOSÉ,AV ENGENHEIRO JOSE ESTELITA,-8.0719822,-34.8801059
4907,SÃO JOSÉ,AV GUARARAPES,-8.0637842,-34.8785394
4908,SÃO JOSÉ,AV MARTINS DE BARROS,-8.0616384,-34.8765171
4909,SÃO JOSÉ,AV MARTINS DE BARROS,-8.06802,-34.8747253
4910,SÃO JOSÉ,AV SUL,-8.0751955,-34.8901749
4911,SÃO JOSÉ,AV SUL,-8.0759417,-34.8923233
4912,SÃO JOSÉ,AV SUL,-8.078823,-34.9007535
4913,SÃO JOSÉ,AV SUL,-8.0749459,-34.8895445
4914,SÃO JOSÉ,AV SUL,-8.0733153,-34.8849392
4915,SÃO JOSÉ,AV SUL,-8.0779892,-34.8977816
4916,SÃO JOSÉ,AV SUL,-8.07331,-34.8850304
4917,SÃO JOSÉ,AV SUL,-8.0724336,-34.8808354
4918,SÃO JOSÉ,AV SUL,-8.0717219,-34.8781264
4919,SÃO JOSÉ,AV SUL,-8.0887495,-34.9073517
4920,SÃO JOSÉ,AV SUL 1220,-8.0772669,-34.8964807
4921,SÃO JOSÉ,AV SUL 1450,-8.077879,-34.8980203
4922,SÃO JOSÉ,AV SUL 294,-8.1083428,-34.9088417
4923,SÃO JOSÉ,C SANTA RITA,-8.069608,-34.8753208
4924,SÃO JOSÉ,C SANTA RITA,-8.0713156,-34.8767263
4925,SÃO JOSÉ,C SANTA RITA,-8.0693159,-34.8752135
4926,SÃO JOSÉ,C SANTA RITA,-8.0696983,-34.8758787
4927,SÃO JOSÉ,C SANTA RITA,-8.0720565,-34.8790169
4928,SÃO JOSÉ,C SANTA RITA,-8.0686786,-34.8750123
4929,SÃO JOSÉ,C SANTA RITA XX,-8.0699427,-34.8754549
4930,SÃO JOSÉ,PRC DAS CINCO PONTAS,-8.0734215,-34.8815542
4931,SÃO JOSÉ,RUA DA CONCORDIA,-8.0682537,-34.8821604
4932,SÃO JOSÉ,RUA DA CONCORDIA,-8.0709359,-34.8838824
4933,SÃO JOSÉ,RUA DA CONCORDIA,-8.0696532,-34.8829463
4934,SÃO JOSÉ,RUA DO PEIXOTO,-8.0712545,-34.8834103
4935,SÃO JOSÉ,RUA FLORIANO PEIXOTO,-8.0662247,-34.8826164
4936,SÃO JOSÉ,RUA IMPERIAL,-8.0752645,-34.8922455
4937,SÃO JOSÉ,RUA IMPERIAL,-8.0770757,-34.8978138
4938,SÃO JOSÉ,RUA IMPERIAL,-8.0720247,-34.8823535
4939,SÃO JOSÉ,RUA IMPERIAL,-8.0778139,-34.9001473
4940,SÃO JOSÉ,RUA IMPERIAL,-8.0720672,-34.8946488
4941,SÃO JOSÉ,RUA IMPERIAL,-8.0745528,-34.8901749
4942,SÃO JOSÉ,RUA IMPERIAL,-8.0745475,-34.8901749
4943,SÃO JOSÉ,RUA IMPERIAL 1173,-8.0751371,-34.8919357
4944,SÃO JOSÉ,RUA IMPERIAL 1220,-8.0756469,-34.8933962
4945,SÃO JOSÉ,RUA IMPERIAL 1220,-8.0752831,-34.8923957
4946,SÃO JOSÉ,RUA IMPERIAL 1243,-8.0754611,-34.8928839
4947,SÃO JOSÉ,RUA IMPERIAL 1638,-8.0764675,-34.896065
4948,SÃO JOSÉ,RUA IMPERIAL 684,-8.0737508,-34.8876375
4949,SÃO JOSÉ,RUA SANTA RITA XX,-8.071706,-34.8782739
4950,SÃO JOSÉ,RUA SAO JOAO,-8.0708761,-34.881274
4951,SÃO JOSÉ,RUA TOBIAS BARRETO 351,-8.0669935,-34.8818037
4952,SÃO JOSÉ,RUA TOBIAS BARRETO 351,-8.066886,-34.8821121
4953,SÃO JOSÉ,RUA VIDAL DE NEGREIROS,-8.0692442,-34.8805591
4954,SÃO JOSÉ,VDO DAS CINCO PONTAS,-8.0716662,-34.8797062
4955,SÍTIO DOS PINTOS,AV LUIZ ANTONIO DE ARAUJO 500,-8.0152592,-34.9547517
4956,SÍTIO DOS PINTOS,EST DOS PINTOS,-8.0154823,-34.9518013
4957,SÍTIO DOS PINTOS,RUA DO SITIO SAO BRAZ 590,-8.016619,-34.9596334
4958,TAMARINEIRA,AV CONS ROSA E SILVA 2130,-8.0340739,-34.9028939
4959,TAMARINEIRA,AV NORTE,-8.0307885,-34.8987499
4960,TAMARINEIRA,AV NORTE,-8.0307965,-34.8987123
4961,TAMARINEIRA,AV NORTE,-8.0272509,-34.9039453
4962,TAMARINEIRA,AV NORTE,-8.0296863,-34.9005711
4963,TAMARINEIRA,AV NORTE,-8.0298935,-34.9001849
4964,TAMARINEIRA,AV NORTE,-8.0222391,-34.9150229
4965,TAMARINEIRA,AV NORTE,-8.0298085,-34.9005872
4966,TAMARINEIRA,AV PROFESSOR JOSE DOS ANJOS,-8.0260942,-34.9041787
4967,TAMARINEIRA,EST DO ARRAIAL 2224,-8.0308523,-34.9055949
4968,TAMARINEIRA,EST VELHA DE AGUA FRIA,-8.0267542,-34.8978782
4969,TAMARINEIRA,EST VELHA DE AGUA FRIA 715,-8.0275404,-34.8985863
4970,TAMARINEIRA,RUA CONEGO BARATA,-8.0296332,-34.900496
4971,TAMARINEIRA,RUA CONEGO BARATA,-8.0325282,-34.9027035
4972,TAMARINEIRA,RUA CONEGO BARATA,-8.0314924,-34.9023789
4973,TAMARINEIRA,RUA CONEGO BARATA,-8.0312852,-34.9022609
4974,TAMARINEIRA,RUA CONEGO BARATA,-8.0313131,-34.9020316
4975,TAMARINEIRA,RUA CONEGO BARATA,-8.0273624,-34.898361
4976,TAMARINEIRA,RUA CONEGO BARATA 596,-8.0301272,-34.9011062
4977,TAMARINEIRA,RUA GUIMARAES PEIXOTO,-8.0274394,-34.9069601
4978,TAMARINEIRA,RUA JOSE CARVALHEIRA 109,-8.0308257,-34.9038273
4979,TAMARINEIRA,RUA PADRE ROMA,-8.0338534,-34.9053401
4980,TAMARINEIRA,RUA PADRE ROMA 34,-8.0332452,-34.9037978
4981,TAMARINEIRA,RUA SEBASTIAO MALTA ARCOVERDE 173,-8.0335958,-34.90786
4982,TAMARINEIRA,RUA SILVEIRA LIRA 114,-8.0303218,-34.9000796
4983,TAMARINEIRA,RUADRJOSEMARIA1038,-8.0349769,-34.9007025
4984,TEJIPIÓ,ARRUDA,-8.0900208,-34.9531431
4985,TEJIPIÓ,ARRUDA,-8.0880027,-34.9519321
4986,TEJIPIÓ,AV DR JOSE RUFINO,-8.0908421,-34.9511254
4987,TEJIPIÓ,AV DR JOSE RUFINO,-8.0906562,-34.956404
4988,TEJIPIÓ,AV DR JOSE RUFINO,-8.0900056,-34.9531075
4989,TEJIPIÓ,AV DR JOSE RUFINO,-8.090704,-34.9562538
4990,TEJIPIÓ,AV DR JOSE RUFINO,-8.0908115,-34.9512018
4991,TEJIPIÓ,AV DR JOSE RUFINO,-8.0900242,-34.9531518
4992,TEJIPIÓ,AV DR JOSE RUFINO,-8.0905871,-34.9560446
4993,TEJIPIÓ,AV DR JOSE RUFINO,-8.0908633,-34.9569511
4994,TEJIPIÓ,AV DR JOSE RUFINO,-8.0907146,-34.9563932
4995,TEJIPIÓ,AV DR JOSE RUFINO,-8.0910386,-34.9576538
4996,TEJIPIÓ,AV DR JOSE RUFINO,-8.0911182,-34.950546
4997,TEJIPIÓ,AV DR JOSE RUFINO,-8.0915033,-34.9495992
4998,TEJIPIÓ,AV DR JOSE RUFINO,-8.0901623,-34.9528661
4999,TEJIPIÓ,AV DR JOSE RUFINO 3030,-8.0914874,-34.9496461
5000,TEJIPIÓ,AV DR JOSE RUFINO 3306,-8.0905845,-34.951808
5001,TEJIPIÓ,AV DR JOSE RUFINO 3545,-8.0900348,-34.9539042
5002,TEJIPIÓ,AV DR JOSE RUFINO 603,-8.0861683,-34.9304402
5003,TEJIPIÓ,AV LIBERDADE,-8.081537,-34.9647188
5004,TEJIPIÓ,AV LIBERDADE,-8.0904915,-34.9510127
5005,TEJIPIÓ,RUA APRIGIO GUIMARAES,-8.0873129,-34.9629311
5006,TEJIPIÓ,RUA DOUTOR LEONIDAS CRAVO GAMA,-8.0791948,-34.9029422
5007,TEJIPIÓ,RUA FALCAO DE LACERDA,-8.0923677,-34.9619561
5008,TEJIPIÓ,RUA FALCAO DE LACERDA,-8.0934445,-34.9638605
5009,TEJIPIÓ,RUA FALCAO DE LACERDA,-8.0908421,-34.9569136
5010,TEJIPIÓ,RUA FALCAO DE LACERDA 181,-8.091482,-34.9593008
5011,TEJIPIÓ,RUA FALCAO DE LACERDA 299,-8.0917449,-34.9604219
5012,TEJIPIÓ,RUA FALCAO DE LACERDA 328,-8.0917715,-34.9605936
5013,TEJIPIÓ,RUA FALCAO DE LACERDA 338,-8.0908527,-34.9569726
5014,TORRE,ARRUDA,-8.0534826,-34.9086285
5015,TORRE,AV BEIRA RIO,-8.0530657,-34.9047527
5016,TORRE,AV BEIRA RIO,-8.0572405,-34.9027786
5017,TORRE,AV BEIRA RIO,-8.0438926,-34.9048868
5018,TORRE,AV BEIRA RIO,-8.0472309,-34.904184
5019,TORRE,AV BEIRA RIO,-8.0666974,-34.8969434
5020,TORRE,AV BEIRA RIO,-8.0456427,-34.9043906
5021,TORRE,AV JOSE GONCALVES DE MEDEIROS,-8.0589216,-34.9072418
5022,TORRE,AV PROFESSOR ESTEVAO FRANCISCO DA COSTA,-8.0483995,-34.9192701
5023,TORRE,AV PROFESSOR ESTEVAO FRANCISCO DA COSTA 36,-8.0477767,-34.919024
5024,TORRE,PRC PROFESSOR BARRETO CAMPELLO,-8.0467741,-34.9133867
5025,TORRE,PRC PROFESSOR BARRETO CAMPELLO,-8.0471566,-34.9137676
5026,TORRE,PRC PROFESSOR BARRETO CAMPELLO 1238,-8.0473398,-34.9146152
5027,TORRE,RUA 10 DE NOVEMBRO 192,-8.0480516,-34.919875
5028,TORRE,RUA 10 DE NOVEMBRO 412,-8.048272,-34.9194968
5029,TORRE,RUA ANA NERY 200,-8.0408357,-34.9073906
5030,TORRE,RUA BEIRA RIO,-8.0480569,-34.9042296
5031,TORRE,RUA CONDE DE IRAJA,-8.0467064,-34.9130461
5032,TORRE,RUA CONDE DE IRAJA,-8.0467051,-34.9128985
5033,TORRE,RUA CONDE DE IRAJA 301,-8.0459057,-34.9064505
5034,TORRE,RUA CONDE DE IRAJA 811,-8.0464846,-34.9109741
5035,TORRE,RUA DIANOPOLIS 7,-8.0471167,-34.9187806
5036,TORRE,RUA DIOGO ALVARES,-8.0484473,-34.9151087
5037,TORRE,RUA DIOGO ALVARES 14,-8.0484101,-34.9153233
5038,TORRE,RUA DOM MANOEL DA COSTA,-8.0479055,-34.9123728
5039,TORRE,RUA JORNALISTA LUIZ TEIXEIRA,-8.0451541,-34.9143523
5040,TORRE,RUA JOSE BONIFACIO,-8.0439815,-34.907742
5041,TORRE,RUA JOSE BONIFACIO,-8.0383286,-34.9098247
5042,TORRE,RUA JOSE BONIFACIO,-8.0407481,-34.9088645
5043,TORRE,RUA JOSE BONIFACIO,-8.0382648,-34.9099642
5044,TORRE,RUA JOSE BONIFACIO,-8.0386526,-34.9095511
5045,TORRE,RUA JOSE BONIFACIO,-8.0380152,-34.910109
5046,TORRE,RUA JOSE BONIFACIO 1141,-8.0409194,-34.9087907
5047,TORRE,RUA JOSE BONIFACIO 1315,-8.0408569,-34.9104309
5048,TORRE,RUA JOSE DE HOLANDA,-8.0448726,-34.9098194
5049,TORRE,RUA LEONARDO BEZERRA CAVALCANTE 672,-8.037496,-34.9099575
5050,TORRE,RUA MANOEL ESTEVAO DA COSTA,-8.0477541,-34.9406433
5051,TORRE,RUA MARCOS ANDRE,-8.0409951,-34.9086607
5052,TORRE,RUA MARQUES DE MARICA,-8.0476027,-34.9160367
5053,TORRE,RUA MARQUES DE MARICA,-8.0475682,-34.9171123
5054,TORRE,RUA MARQUES DE MARICA,-8.0475815,-34.9173886
5055,TORRE,RUA MARQUES DE MARICA,-8.0475523,-34.9169299
5056,TORRE,RUA MARQUES DE MARICA 103,-8.0475735,-34.9148163
5057,TORRE,RUA MARQUES DE MARICA 48,-8.0475735,-34.9154386
5058,TORRE,RUA PADRE ANCHIETA,-8.0471778,-34.9066544
5059,TORRE,RUA PADRE ANCHIETA 578,-8.0474474,-34.9085829
5060,TORRE,RUA PADRE LANDIM,-8.0468711,-34.9123795
5061,TORRE,RUA PADRE LANDIM,-8.0479241,-34.9123675
5062,TORRE,RUA PROFESSOR TRAJANO DE MENDONCA XX,-8.0426284,-34.9085051
5063,TORRE,RUA REAL DA TORRE,-8.0429444,-34.9106991
5064,TORRE,RUA REAL DA TORRE,-8.0410163,-34.9086767
5065,TORRE,RUA REAL DA TORRE,-8.0535357,-34.9086124
5066,TORRE,RUA REAL DA TORRE M,-8.0416484,-34.9110961
5067,TORRE,RUA SOUZA BANDEIRA,-8.0475841,-34.9173483
5068,TORRE,RUA SOUZA BANDEIRA 11,-8.0456879,-34.9167261
5069,TORRE,RUA SOUZA BANDEIRA 362,-8.0486013,-34.9178016
5070,TORRE,RUA SOUZA BANDEIRA 415,-8.0481956,-34.9177091
5071,TORRE,RUA SOUZA BANDEIRA 463,-8.0477222,-34.9174771
5072,TORRE,RUA TOMAZ GONZAGA 167,-8.0490621,-34.9166925
5073,TORREÃO,AV GOVERNADOR AGAMENON MAGALHAES,-8.0408516,-34.8825413
5074,TORREÃO,AV NORTE,-8.0399061,-34.8873907
5075,TORREÃO,AV NORTE,-8.0398477,-34.8870018
5076,TORREÃO,RUA MARECHAL DEODORO 662,-8.0358268,-34.8832333
5077,TORREÃO,RUA OTHON PARAISO,-8.0405542,-34.8832735
5078,TORRÕES,1020,-8.0567173,-34.9313924
5079,TORRÕES,ARRUDA,-8.0632231,-34.9381039
5080,TORRÕES,AV BICENTENARIO DA REVOLUCAO FRANCESA,-8.0590384,-34.9378055
5081,TORRÕES,AV BICENTENARIO DA REVOLUCAO FRANCESA 255,-8.0587948,-34.9385633
5082,TORRÕES,AV ENGENHEIRO ABDIAS DE CARVALHO,-8.0637018,-34.9347156
5083,TORRÕES,AV ENGENHEIRO ABDIAS DE CARVALHO,-8.0632942,-34.9341349
5084,TORRÕES,AV ENGENHEIRO ABDIAS DE CARVALHO,-8.0632397,-34.9340987
5085,TORRÕES,AV ENGENHEIRO ABDIAS DE CARVALHO,-8.0634363,-34.9345332
5086,TORRÕES,AV ENGENHEIRO ABDIAS DE CARVALHO,-8.0625997,-34.9325189
5087,TORRÕES,AV ENGENHEIRO ABDIAS DE CARVALHO,-8.0611736,-34.9288899
5088,TORRÕES,AV ENGENHEIRO ABDIAS DE CARVALHO 962,-8.0646419,-34.9374086
5089,TORRÕES,EST DO FORTE DO ARRAIAL N. DO B. JESUS,-8.058988,-34.9315909
5090,TORRÕES,RUA DO FORTE 963,-8.0546565,-34.9295953
5091,TORRÕES,RUA GOMES TABORDA,-8.0534985,-34.9289435
5092,TORRÕES,RUA MAESTRO JONES JOHNSON,-8.0596917,-34.9360353
5093,TORRÕES,RUA OCIDENTAL 339,-8.0530099,-34.9373764
5094,TORRÕES,RUA TOTA VENTURA,-8.0571714,-34.9365261
5095,TOTÓ,1TR ALTO DA BELA VISTA XX,-8.087131,-34.9656241
5096,TOTÓ,AV LIBERDADE,-8.0821425,-34.9604273
5097,TOTÓ,AV LIBERDADE,-8.0810405,-34.9685195
5098,TOTÓ,RUA ONZE DE AGOSTO,-8.0436967,-34.9303772
5099,TOTÓ,RUA ONZE DE AGOSTO,-8.0795401,-34.9708664
5100,TOTÓ,RUA ONZE DE AGOSTO 573,-8.0794843,-34.9708906
5101,VASCO DA GAMA,ARRUDA,-8.0207305,-34.9218464
5102,VASCO DA GAMA,AV NORTE,-8.0206455,-34.9231178
5103,VASCO DA GAMA,RUA ALTO DO EUCALIPTO 355,-8.0108249,-34.9193157
5104,VASCO DA GAMA,RUA ALTO DO EUCALIPTO XX,-8.0079577,-34.9197865
5105,VASCO DA GAMA,RUA LUIZ CESARIO DE MELO,-8.0190625,-34.9222273
5106,VASCO DA GAMA,RUA VASCO DA GAMA,-8.0127838,-34.9200869
5107,VASCO DA GAMA,RUA VASCO DA GAMA,-8.0074132,-34.9209371
5108,VASCO DA GAMA,RUA VASCO DA GAMA,-8.0176841,-34.9214146
5109,VASCO DA GAMA,RUA VASCO DA GAMA,-8.0192551,-34.9212965
5110,VASCO DA GAMA,RUA VASCO DA GAMA,-8.0192857,-34.9213368
5111,VASCO DA GAMA,RUA VASCO DA GAMA 252,-8.015546,-34.918381
5112,VASCO DA GAMA,RUA VASCO DA GAMA 935,-8.0173574,-34.9212818
5113,VÁRZEA,ARRUDA,-8.0463731,-34.9536493
5114,VÁRZEA,ARRUDA,-8.0358646,-34.9556932
5115,VÁRZEA,AV AFONSO OLINDENSE,-8.0440785,-34.9589199
5116,VÁRZEA,AV AFONSO OLINDENSE,-8.0401824,-34.9578309
5117,VÁRZEA,AV AFONSO OLINDENSE,-8.0381639,-34.9570477
5118,VÁRZEA,AV AFONSO OLINDENSE 708,-8.0371122,-34.9565005
5119,VÁRZEA,AV CAXANGA,-8.0320766,-34.9544165
5120,VÁRZEA,AV CAXANGA,-8.030005,-34.9578202
5121,VÁRZEA,AV CAXANGA,-8.0306478,-34.9566454
5122,VÁRZEA,AV CAXANGA,-8.030005,-34.9578255
5123,VÁRZEA,AV CAXANGA,-8.0316331,-34.9548
5124,VÁRZEA,AV CAXANGA,-8.0411066,-34.9380469
5125,VÁRZEA,AV CAXANGA,-8.037006,-34.9455383
5126,VÁRZEA,AV CAXANGA,-8.0313224,-34.9553928
5127,VÁRZEA,AV CAXANGA,-8.0350725,-34.9487758
5128,VÁRZEA,AV CAXANGA,-8.0300847,-34.9580294
5129,VÁRZEA,AV CAXANGA,-8.0432206,-34.9339425
5130,VÁRZEA,AV CAXANGA 5612 A,-8.0321922,-34.9538773
5131,VÁRZEA,AV CAXANGA XX,-8.0298988,-34.9579865
5132,VÁRZEA,AV CAXANGA XX,-8.0308284,-34.9563825
5133,VÁRZEA,AV JOAQUIM RIBEIRO,-8.0238884,-34.9621493
5134,VÁRZEA,AV JOAQUIM RIBEIRO,-8.0236414,-34.9621224
5135,VÁRZEA,AV JOAQUIM RIBEIRO,-8.030005,-34.9579972
5136,VÁRZEA,AV PROFESSOR ARTUR DE SA,-8.0464076,-34.94582
5137,VÁRZEA,RUA CONEGO JOSE FERNANDES MACHADO,-8.0369688,-34.9737793
5138,VÁRZEA,RUA DOM ANTONIO DE MACEDO,-8.036836,-34.9898994
5139,VÁRZEA,RUA ELOI MENDES,-8.0375053,-34.9664193
5140,VÁRZEA,RUA FRANCISCO LACERDA 265,-8.04892,-34.957733
5141,VÁRZEA,RUA FRANCISCO LEOPOLDINO,-8.0260849,-34.9609838
5142,VÁRZEA,RUA GASTAO VIDIGAL,-8.0303556,-34.9581742
5143,VÁRZEA,RUA GASTAO VIDIGAL,-8.036411,-34.9625301
5144,VÁRZEA,RUA GASTAO VIDIGAL,-8.0315289,-34.9587046
5145,VÁRZEA,RUA GASTAO VIDIGAL 562,-8.0346967,-34.9612212
5146,VÁRZEA,RUA GASTAO VIDIGAL 725,-8.0371175,-34.963029
5147,VÁRZEA,RUA GENERAL CANDIDO BORGES CASTELO BRANCO 420,-8.0426337,-34.9374005
5148,VÁRZEA,RUA GENERAL POLIDORO 220,-8.0389806,-34.9461257
5149,VÁRZEA,RUA GENERAL POLIDORO 422,-8.0372344,-34.9456027
5150,VÁRZEA,RUA MARECHAL MANOEL LUIS OSORIO,-8.041335,-34.945069
5151,VÁRZEA,RUA PROFESSOR ANTONIO COELHO,-8.0413775,-34.9451333
5152,VÁRZEA,RUA PROFESSOR ANTONIO COELHO 522,-8.0420043,-34.9452996
5153,VÁRZEA,RUA TAPIRAMA,-8.0372901,-34.9816462
5154,VÁRZEA,RUA VALE DO SIRIJI 150,-8.0374521,-34.9726045
5155,ÁGUA FRIA,AV ANIBAL BENEVOLO 1201,-8.0102951,-34.8998791
5156,ÁGUA FRIA,AV BEBERIBE,-8.0192272,-34.8939782
5157,ÁGUA FRIA,AV BEBERIBE,-8.019206,-34.8939849
5158,ÁGUA FRIA,AV BEBERIBE,-8.0250597,-34.8935115
5159,ÁGUA FRIA,AV BEBERIBE,-8.0188089,-34.8935558
5160,ÁGUA FRIA,AV BEBERIBE,-8.0165566,-34.8915683
5161,ÁGUA FRIA,AV BEBERIBE,-8.021028,-34.8943591
5162,ÁGUA FRIA,AV BEBERIBE,-8.0179032,-34.8927833
5163,ÁGUA FRIA,AV BEBERIBE,-8.0205074,-34.8944865
5164,ÁGUA FRIA,AV BEBERIBE 1701,-8.0223214,-34.8940855
5165,ÁGUA FRIA,AV BEBERIBE 1701,-8.0223387,-34.8940627
5166,ÁGUA FRIA,AV BEBERIBE 1781,-8.0233572,-34.8938656
5167,ÁGUA FRIA,AV BEBERIBE 1781,-8.0215963,-34.8942512
5168,ÁGUA FRIA,AV BEBERIBE 2672,-8.0152432,-34.8902929
5169,ÁGUA FRIA,EST VELHA DE AGUA FRIA,-8.0193361,-34.8941311
5170,ÁGUA FRIA,EST VELHA DE AGUA FRIA,-8.0251181,-34.8975027
5171,ÁGUA FRIA,EST VELHA DE AGUA FRIA,-8.0238964,-34.8972881
5172,ÁGUA FRIA,EST VELHA DE AGUA FRIA,-8.0238486,-34.897221
5173,ÁGUA FRIA,EST VELHA DE AGUA FRIA,-8.025559,-34.8975322
5174,ÁGUA FRIA,RUA BELO JARDIM,-8.0173096,-34.8949599
5175,ÁGUA FRIA,RUA CONEGO BARATA,-8.030013,-34.9007937
5176,ÁGUA FRIA,RUA DA REGENERACAO 1179,-8.0222683,-34.8834935
5177,ÁGUA FRIA,RUA DAS MOCAS,-8.0260212,-34.8926908
5178,ÁGUA FRIA,RUA DAS MOCAS,-8.0214423,-34.8865378
5179,ÁGUA FRIA,RUA DAS MOCAS,-8.0218566,-34.8866236
5180,ÁGUA FRIA,RUA DR EUDES COSTA,-8.018441,-34.8944288
5181,ÁGUA FRIA,RUA JAPARANDUBA,-8.0194503,-34.8936161
5182,ÁGUA FRIA,RUA JULIO RAMOS,-8.0198408,-34.8943343
5183,ÁGUA FRIA,RUA LADEIRA DE PEDRA 185,-8.0188713,-34.8968804
5184,ÁGUA FRIA,RUA LADEIRA DE PEDRA 710,-8.0146536,-34.9022716
5185,ÁGUA FRIA,RUA MANOEL SILVA 113,-8.0183614,-34.889338
5186,ÁGUA FRIA,RUA SAO BENTO,-8.0237849,-34.896926
5187,ÁGUA FRIA,RUA SAO SEBASTIAO,-8.0067599,-34.901129
5188,ÁGUA FRIA,RUA SAO SEBASTIAO 166,-8.0230618,-34.8985447
5189,ÁGUA FRIA,RUA SAO SEBASTIAO 250,-8.0221103,-34.8979466
