sk_tempo,data_acidente,ano,mes,dia,hora_acidente,dia_semana,fim_de_semana
1,2014-02-24,2014,2,24,,Segunda-feira,Não
2,2014-02-25,2014,2,25,,Terça-feira,Não
3,2014-02-28,2014,2,28,,Sexta-feira,Não
4,2014-03-01,2014,3,1,,Sábado,Sim
5,2014-03-02,2014,3,2,,Domingo,Sim
6,2014-03-03,2014,3,3,,Segunda-feira,Não
7,2014-03-04,2014,3,4,,Terça-feira,Não
8,2014-03-05,2014,3,5,,Quarta-feira,Não
9,2014-03-06,2014,3,6,,Quinta-feira,Não
10,2014-03-07,2014,3,7,,Sexta-feira,Não
11,2014-03-09,2014,3,9,,Domingo,Sim
12,2014-03-10,2014,3,10,,Segunda-feira,Não
13,2014-03-11,2014,3,11,,Terça-feira,Não
14,2014-03-12,2014,3,12,,Quarta-feira,Não
15,2014-03-13,2014,3,13,,Quinta-feira,Não
16,2014-03-14,2014,3,14,,Sexta-feira,Não
17,2014-03-15,2014,3,15,,Sábado,Sim
18,2014-03-16,2014,3,16,,Domingo,Sim
19,2014-03-17,2014,3,17,,Segunda-feira,Não
20,2014-03-18,2014,3,18,,Terça-feira,Não
21,2014-03-19,2014,3,19,,Quarta-feira,Não
22,2014-03-20,2014,3,20,,Quinta-feira,Não
23,2014-03-21,2014,3,21,,Sexta-feira,Não
24,2014-03-22,2014,3,22,,Sábado,Sim
25,2014-03-23,2014,3,23,,Domingo,Sim
26,2014-03-25,2014,3,25,,Terça-feira,Não
27,2014-03-26,2014,3,26,,Quarta-feira,Não
28,2014-03-28,2014,3,28,,Sexta-feira,Não
29,2014-03-29,2014,3,29,,Sábado,Sim
30,2014-03-30,2014,3,30,,Domingo,Sim
31,2014-03-31,2014,3,31,,Segunda-feira,Não
32,2014-04-01,2014,4,1,,Terça-feira,Não
33,2014-04-02,2014,4,2,,Quarta-feira,Não
34,2014-04-03,2014,4,3,,Quinta-feira,Não
35,2014-04-04,2014,4,4,,Sexta-feira,Não
36,2014-04-05,2014,4,5,,Sábado,Sim
37,2014-04-06,2014,4,6,,Domingo,Sim
38,2014-04-07,2014,4,7,,Segunda-feira,Não
39,2014-04-08,2014,4,8,,Terça-feira,Não
40,2014-04-09,2014,4,9,,Quarta-feira,Não
41,2014-04-10,2014,4,10,,Quinta-feira,Não
42,2014-04-11,2014,4,11,,Sexta-feira,Não
43,2014-04-12,2014,4,12,,Sábado,Sim
44,2014-04-13,2014,4,13,,Domingo,Sim
45,2014-04-14,2014,4,14,,Segunda-feira,Não
46,2014-04-15,2014,4,15,,Terça-feira,Não
47,2014-04-16,2014,4,16,,Quarta-feira,Não
48,2014-04-17,2014,4,17,,Quinta-feira,Não
49,2014-04-18,2014,4,18,,Sexta-feira,Não
50,2014-04-19,2014,4,19,,Sábado,Sim
51,2014-04-20,2014,4,20,,Domingo,Sim
52,2014-04-21,2014,4,21,,Segunda-feira,Não
53,2014-04-22,2014,4,22,,Terça-feira,Não
54,2014-04-23,2014,4,23,,Quarta-feira,Não
55,2014-04-24,2014,4,24,,Quinta-feira,Não
56,2014-04-25,2014,4,25,,Sexta-feira,Não
57,2014-04-26,2014,4,26,,Sábado,Sim
58,2014-04-27,2014,4,27,,Domingo,Sim
59,2014-04-28,2014,4,28,,Segunda-feira,Não
60,2014-04-29,2014,4,29,,Terça-feira,Não
61,2014-04-30,2014,4,30,,Quarta-feira,Não
62,2014-05-01,2014,5,1,,Quinta-feira,Não
63,2014-05-02,2014,5,2,,Sexta-feira,Não
64,2014-05-03,2014,5,3,,Sábado,Sim
65,2014-05-04,2014,5,4,,Domingo,Sim
66,2014-05-05,2014,5,5,,Segunda-feira,Não
67,2014-05-06,2014,5,6,,Terça-feira,Não
68,2014-05-07,2014,5,7,,Quarta-feira,Não
69,2014-05-08,2014,5,8,,Quinta-feira,Não
70,2014-05-09,2014,5,9,,Sexta-feira,Não
71,2014-05-10,2014,5,10,,Sábado,Sim
72,2014-05-11,2014,5,11,,Domingo,Sim
73,2014-05-12,2014,5,12,,Segunda-feira,Não
74,2014-05-13,2014,5,13,,Terça-feira,Não
75,2014-05-14,2014,5,14,,Quarta-feira,Não
76,2014-05-15,2014,5,15,,Quinta-feira,Não
77,2014-05-16,2014,5,16,,Sexta-feira,Não
78,2014-05-17,2014,5,17,,Sábado,Sim
79,2014-05-18,2014,5,18,,Domingo,Sim
80,2014-05-19,2014,5,19,,Segunda-feira,Não
81,2014-05-20,2014,5,20,,Terça-feira,Não
82,2014-05-21,2014,5,21,,Quarta-feira,Não
83,2014-05-22,2014,5,22,,Quinta-feira,Não
84,2014-05-23,2014,5,23,,Sexta-feira,Não
85,2014-05-24,2014,5,24,,Sábado,Sim
86,2014-05-25,2014,5,25,,Domingo,Sim
87,2014-05-26,2014,5,26,,Segunda-feira,Não
88,2014-05-27,2014,5,27,,Terça-feira,Não
89,2014-05-28,2014,5,28,,Quarta-feira,Não
90,2014-05-29,2014,5,29,,Quinta-feira,Não
91,2014-05-30,2014,5,30,,Sexta-feira,Não
92,2014-05-31,2014,5,31,,Sábado,Sim
93,2014-06-01,2014,6,1,,Domingo,Sim
94,2014-06-02,2014,6,2,,Segunda-feira,Não
95,2014-06-03,2014,6,3,,Terça-feira,Não
96,2014-06-04,2014,6,4,,Quarta-feira,Não
97,2014-06-05,2014,6,5,,Quinta-feira,Não
98,2014-06-06,2014,6,6,,Sexta-feira,Não
99,2014-06-07,2014,6,7,,Sábado,Sim
100,2014-06-08,2014,6,8,,Domingo,Sim
101,2014-06-09,2014,6,9,,Segunda-feira,Não
102,2014-06-10,2014,6,10,,Terça-feira,Não
103,2014-06-11,2014,6,11,,Quarta-feira,Não
104,2014-06-12,2014,6,12,,Quinta-feira,Não
105,2014-06-13,2014,6,13,,Sexta-feira,Não
106,2014-06-14,2014,6,14,,Sábado,Sim
107,2014-06-15,2014,6,15,,Domingo,Sim
108,2014-06-16,2014,6,16,,Segunda-feira,Não
109,2014-06-17,2014,6,17,,Terça-feira,Não
110,2014-06-18,2014,6,18,,Quarta-feira,Não
111,2014-06-19,2014,6,19,,Quinta-feira,Não
112,2014-06-20,2014,6,20,,Sexta-feira,Não
113,2014-06-21,2014,6,21,,Sábado,Sim
114,2014-06-22,2014,6,22,,Domingo,Sim
115,2014-06-23,2014,6,23,,Segunda-feira,Não
116,2014-06-24,2014,6,24,13:41:00,Terça-feira,Não
117,2014-06-24,2014,6,24,,Terça-feira,Não
118,2014-06-25,2014,6,25,,Quarta-feira,Não
119,2014-06-27,2014,6,27,,Sexta-feira,Não
120,2014-06-28,2014,6,28,,Sábado,Sim
121,2014-06-29,2014,6,29,,Domingo,Sim
122,2014-06-30,2014,6,30,,Segunda-feira,Não
123,2014-07-01,2014,7,1,,Terça-feira,Não
124,2014-07-02,2014,7,2,,Quarta-feira,Não
125,2014-07-03,2014,7,3,,Quinta-feira,Não
126,2014-07-04,2014,7,4,,Sexta-feira,Não
127,2014-07-05,2014,7,5,,Sábado,Sim
128,2014-07-06,2014,7,6,,Domingo,Sim
129,2014-07-07,2014,7,7,,Segunda-feira,Não
130,2014-07-08,2014,7,8,,Terça-feira,Não
131,2014-07-09,2014,7,9,,Quarta-feira,Não
132,2014-07-10,2014,7,10,,Quinta-feira,Não
133,2014-07-11,2014,7,11,23:51:00,Sexta-feira,Não
134,2014-07-11,2014,7,11,,Sexta-feira,Não
135,2014-07-12,2014,7,12,,Sábado,Sim
136,2014-07-13,2014,7,13,,Domingo,Sim
137,2014-07-14,2014,7,14,,Segunda-feira,Não
138,2014-07-15,2014,7,15,,Terça-feira,Não
139,2014-07-16,2014,7,16,,Quarta-feira,Não
140,2014-07-17,2014,7,17,,Quinta-feira,Não
141,2014-07-18,2014,7,18,,Sexta-feira,Não
142,2014-07-19,2014,7,19,,Sábado,Sim
143,2014-07-20,2014,7,20,,Domingo,Sim
144,2014-07-21,2014,7,21,,Segunda-feira,Não
145,2014-07-22,2014,7,22,,Terça-feira,Não
146,2014-07-23,2014,7,23,,Quarta-feira,Não
147,2014-07-24,2014,7,24,,Quinta-feira,Não
148,2014-07-25,2014,7,25,,Sexta-feira,Não
149,2014-07-26,2014,7,26,,Sábado,Sim
150,2014-07-27,2014,7,27,,Domingo,Sim
151,2014-07-28,2014,7,28,,Segunda-feira,Não
152,2014-07-29,2014,7,29,,Terça-feira,Não
153,2014-07-30,2014,7,30,,Quarta-feira,Não
154,2014-07-31,2014,7,31,,Quinta-feira,Não
155,2014-08-01,2014,8,1,,Sexta-feira,Não
156,2014-08-02,2014,8,2,,Sábado,Sim
157,2014-08-03,2014,8,3,,Domingo,Sim
158,2014-08-04,2014,8,4,,Segunda-feira,Não
159,2014-08-05,2014,8,5,,Terça-feira,Não
160,2014-08-06,2014,8,6,,Quarta-feira,Não
161,2014-08-07,2014,8,7,,Quinta-feira,Não
162,2014-08-08,2014,8,8,,Sexta-feira,Não
163,2014-08-09,2014,8,9,,Sábado,Sim
164,2014-08-10,2014,8,10,,Domingo,Sim
165,2014-08-11,2014,8,11,,Segunda-feira,Não
166,2014-08-12,2014,8,12,,Terça-feira,Não
167,2014-08-13,2014,8,13,,Quarta-feira,Não
168,2014-08-14,2014,8,14,,Quinta-feira,Não
169,2014-08-15,2014,8,15,,Sexta-feira,Não
170,2014-08-16,2014,8,16,,Sábado,Sim
171,2014-08-17,2014,8,17,,Domingo,Sim
172,2014-08-18,2014,8,18,,Segunda-feira,Não
173,2014-08-19,2014,8,19,,Terça-feira,Não
174,2014-08-20,2014,8,20,,Quarta-feira,Não
175,2014-08-21,2014,8,21,,Quinta-feira,Não
176,2014-08-22,2014,8,22,,Sexta-feira,Não
177,2014-08-23,2014,8,23,,Sábado,Sim
178,2014-08-24,2014,8,24,,Domingo,Sim
179,2014-08-25,2014,8,25,,Segunda-feira,Não
180,2014-08-26,2014,8,26,,Terça-feira,Não
181,2014-08-27,2014,8,27,,Quarta-feira,Não
182,2014-08-28,2014,8,28,,Quinta-feira,Não
183,2014-08-29,2014,8,29,,Sexta-feira,Não
184,2014-08-30,2014,8,30,,Sábado,Sim
185,2014-08-31,2014,8,31,,Domingo,Sim
186,2014-09-01,2014,9,1,,Segunda-feira,Não
187,2014-09-02,2014,9,2,,Terça-feira,Não
188,2014-09-03,2014,9,3,,Quarta-feira,Não
189,2014-09-04,2014,9,4,,Quinta-feira,Não
190,2014-09-05,2014,9,5,,Sexta-feira,Não
191,2014-09-06,2014,9,6,,Sábado,Sim
192,2014-09-07,2014,9,7,,Domingo,Sim
193,2014-09-08,2014,9,8,,Segunda-feira,Não
194,2014-09-09,2014,9,9,,Terça-feira,Não
195,2014-09-10,2014,9,10,,Quarta-feira,Não
196,2014-09-11,2014,9,11,,Quinta-feira,Não
197,2014-09-12,2014,9,12,,Sexta-feira,Não
198,2014-09-14,2014,9,14,,Domingo,Sim
199,2014-09-15,2014,9,15,,Segunda-feira,Não
200,2014-09-16,2014,9,16,,Terça-feira,Não
201,2014-09-17,2014,9,17,,Quarta-feira,Não
202,2014-09-18,2014,9,18,,Quinta-feira,Não
203,2014-09-19,2014,9,19,,Sexta-feira,Não
204,2014-09-20,2014,9,20,,Sábado,Sim
205,2014-09-21,2014,9,21,,Domingo,Sim
206,2014-09-22,2014,9,22,,Segunda-feira,Não
207,2014-09-23,2014,9,23,,Terça-feira,Não
208,2014-09-24,2014,9,24,,Quarta-feira,Não
209,2014-09-25,2014,9,25,,Quinta-feira,Não
210,2014-09-26,2014,9,26,,Sexta-feira,Não
211,2014-09-27,2014,9,27,,Sábado,Sim
212,2014-09-28,2014,9,28,,Domingo,Sim
213,2014-09-29,2014,9,29,,Segunda-feira,Não
214,2014-09-30,2014,9,30,,Terça-feira,Não
215,2014-10-01,2014,10,1,,Quarta-feira,Não
216,2014-10-02,2014,10,2,,Quinta-feira,Não
217,2014-10-03,2014,10,3,,Sexta-feira,Não
218,2014-10-04,2014,10,4,,Sábado,Sim
219,2014-10-05,2014,10,5,,Domingo,Sim
220,2014-10-06,2014,10,6,,Segunda-feira,Não
221,2014-10-07,2014,10,7,,Terça-feira,Não
222,2014-10-08,2014,10,8,,Quarta-feira,Não
223,2014-10-09,2014,10,9,,Quinta-feira,Não
224,2014-10-10,2014,10,10,,Sexta-feira,Não
225,2014-10-11,2014,10,11,,Sábado,Sim
226,2014-10-12,2014,10,12,,Domingo,Sim
227,2014-10-13,2014,10,13,,Segunda-feira,Não
228,2014-10-14,2014,10,14,,Terça-feira,Não
229,2014-10-15,2014,10,15,,Quarta-feira,Não
230,2014-10-16,2014,10,16,,Quinta-feira,Não
231,2014-10-17,2014,10,17,,Sexta-feira,Não
232,2014-10-18,2014,10,18,,Sábado,Sim
233,2014-10-19,2014,10,19,,Domingo,Sim
234,2014-10-20,2014,10,20,,Segunda-feira,Não
235,2014-10-21,2014,10,21,,Terça-feira,Não
236,2014-10-22,2014,10,22,,Quarta-feira,Não
237,2014-10-23,2014,10,23,,Quinta-feira,Não
238,2014-10-24,2014,10,24,,Sexta-feira,Não
239,2014-10-25,2014,10,25,,Sábado,Sim
240,2014-10-26,2014,10,26,,Domingo,Sim
241,2014-10-27,2014,10,27,,Segunda-feira,Não
242,2014-10-28,2014,10,28,,Terça-feira,Não
243,2014-10-29,2014,10,29,,Quarta-feira,Não
244,2014-10-30,2014,10,30,,Quinta-feira,Não
245,2014-10-31,2014,10,31,,Sexta-feira,Não
246,2014-11-01,2014,11,1,,Sábado,Sim
247,2014-11-02,2014,11,2,,Domingo,Sim
248,2014-11-03,2014,11,3,,Segunda-feira,Não
249,2014-11-04,2014,11,4,,Terça-feira,Não
250,2014-11-05,2014,11,5,,Quarta-feira,Não
251,2014-11-06,2014,11,6,,Quinta-feira,Não
252,2014-11-07,2014,11,7,,Sexta-feira,Não
253,2014-11-08,2014,11,8,,Sábado,Sim
254,2014-11-09,2014,11,9,,Domingo,Sim
255,2014-11-10,2014,11,10,,Segunda-feira,Não
256,2014-11-11,2014,11,11,,Terça-feira,Não
257,2014-11-12,2014,11,12,,Quarta-feira,Não
258,2014-11-13,2014,11,13,,Quinta-feira,Não
259,2014-11-14,2014,11,14,,Sexta-feira,Não
260,2014-11-15,2014,11,15,,Sábado,Sim
261,2014-11-16,2014,11,16,,Domingo,Sim
262,2014-11-17,2014,11,17,,Segunda-feira,Não
263,2014-11-18,2014,11,18,,Terça-feira,Não
264,2014-11-19,2014,11,19,,Quarta-feira,Não
265,2014-11-20,2014,11,20,,Quinta-feira,Não
266,2014-11-21,2014,11,21,,Sexta-feira,Não
267,2014-11-22,2014,11,22,,Sábado,Sim
268,2014-11-23,2014,11,23,,Domingo,Sim
269,2014-11-24,2014,11,24,,Segunda-feira,Não
270,2014-11-25,2014,11,25,,Terça-feira,Não
271,2014-11-26,2014,11,26,,Quarta-feira,Não
272,2014-11-27,2014,11,27,,Quinta-feira,Não
273,2014-11-28,2014,11,28,,Sexta-feira,Não
274,2014-11-29,2014,11,29,,Sábado,Sim
275,2014-11-30,2014,11,30,,Domingo,Sim
276,2014-12-01,2014,12,1,,Segunda-feira,Não
277,2014-12-02,2014,12,2,,Terça-feira,Não
278,2014-12-03,2014,12,3,,Quarta-feira,Não
279,2014-12-04,2014,12,4,,Quinta-feira,Não
280,2014-12-05,2014,12,5,,Sexta-feira,Não
281,2014-12-06,2014,12,6,,Sábado,Sim
282,2014-12-07,2014,12,7,,Domingo,Sim
283,2014-12-08,2014,12,8,,Segunda-feira,Não
284,2014-12-09,2014,12,9,,Terça-feira,Não
285,2014-12-10,2014,12,10,,Quarta-feira,Não
286,2014-12-11,2014,12,11,,Quinta-feira,Não
287,2014-12-12,2014,12,12,,Sexta-feira,Não
288,2014-12-13,2014,12,13,,Sábado,Sim
289,2014-12-14,2014,12,14,,Domingo,Sim
290,2015-01-01,2015,1,1,,Quinta-feira,Não
291,2015-01-02,2015,1,2,,Sexta-feira,Não
292,2015-01-03,2015,1,3,,Sábado,Sim
293,2015-01-04,2015,1,4,,Domingo,Sim
294,2015-01-05,2015,1,5,,Segunda-feira,Não
295,2015-01-06,2015,1,6,,Terça-feira,Não
296,2015-01-07,2015,1,7,,Quarta-feira,Não
297,2015-01-08,2015,1,8,,Quinta-feira,Não
298,2015-01-09,2015,1,9,,Sexta-feira,Não
299,2015-01-10,2015,1,10,,Sábado,Sim
300,2015-01-11,2015,1,11,,Domingo,Sim
301,2015-01-12,2015,1,12,,Segunda-feira,Não
302,2015-01-13,2015,1,13,,Terça-feira,Não
303,2015-01-14,2015,1,14,,Quarta-feira,Não
304,2015-01-15,2015,1,15,,Quinta-feira,Não
305,2015-01-16,2015,1,16,,Sexta-feira,Não
306,2015-01-17,2015,1,17,,Sábado,Sim
307,2015-01-18,2015,1,18,,Domingo,Sim
308,2015-01-19,2015,1,19,,Segunda-feira,Não
309,2015-01-20,2015,1,20,,Terça-feira,Não
310,2015-01-21,2015,1,21,,Quarta-feira,Não
311,2015-01-22,2015,1,22,,Quinta-feira,Não
312,2015-01-23,2015,1,23,,Sexta-feira,Não
313,2015-01-24,2015,1,24,,Sábado,Sim
314,2015-01-25,2015,1,25,,Domingo,Sim
315,2015-01-26,2015,1,26,16:09:00,Segunda-feira,Não
316,2015-01-26,2015,1,26,,Segunda-feira,Não
317,2015-01-27,2015,1,27,,Terça-feira,Não
318,2015-01-28,2015,1,28,,Quarta-feira,Não
319,2015-01-29,2015,1,29,,Quinta-feira,Não
320,2015-01-30,2015,1,30,10:30:00,Sexta-feira,Não
321,2015-01-30,2015,1,30,,Sexta-feira,Não
322,2015-01-31,2015,1,31,,Sábado,Sim
323,2015-02-01,2015,2,1,,Domingo,Sim
324,2015-02-02,2015,2,2,,Segunda-feira,Não
325,2015-02-03,2015,2,3,,Terça-feira,Não
326,2015-02-04,2015,2,4,,Quarta-feira,Não
327,2015-02-05,2015,2,5,,Quinta-feira,Não
328,2015-02-06,2015,2,6,,Sexta-feira,Não
329,2015-02-07,2015,2,7,,Sábado,Sim
330,2015-02-08,2015,2,8,,Domingo,Sim
331,2015-02-09,2015,2,9,,Segunda-feira,Não
332,2015-02-10,2015,2,10,,Terça-feira,Não
333,2015-02-11,2015,2,11,,Quarta-feira,Não
334,2015-02-12,2015,2,12,,Quinta-feira,Não
335,2015-02-13,2015,2,13,,Sexta-feira,Não
336,2015-02-14,2015,2,14,,Sábado,Sim
337,2015-02-15,2015,2,15,,Domingo,Sim
338,2015-02-16,2015,2,16,,Segunda-feira,Não
339,2015-02-17,2015,2,17,,Terça-feira,Não
340,2015-02-18,2015,2,18,,Quarta-feira,Não
341,2015-02-19,2015,2,19,,Quinta-feira,Não
342,2015-02-20,2015,2,20,,Sexta-feira,Não
343,2015-02-21,2015,2,21,,Sábado,Sim
344,2015-02-22,2015,2,22,,Domingo,Sim
345,2015-02-23,2015,2,23,,Segunda-feira,Não
346,2015-02-24,2015,2,24,,Terça-feira,Não
347,2015-02-25,2015,2,25,,Quarta-feira,Não
348,2015-02-26,2015,2,26,,Quinta-feira,Não
349,2015-02-27,2015,2,27,,Sexta-feira,Não
350,2015-02-28,2015,2,28,,Sábado,Sim
351,2015-03-01,2015,3,1,,Domingo,Sim
352,2015-03-02,2015,3,2,,Segunda-feira,Não
353,2015-03-03,2015,3,3,,Terça-feira,Não
354,2015-03-04,2015,3,4,,Quarta-feira,Não
355,2015-03-05,2015,3,5,,Quinta-feira,Não
356,2015-03-06,2015,3,6,,Sexta-feira,Não
357,2015-03-07,2015,3,7,,Sábado,Sim
358,2015-03-08,2015,3,8,,Domingo,Sim
359,2015-03-09,2015,3,9,,Segunda-feira,Não
360,2015-03-10,2015,3,10,,Terça-feira,Não
361,2015-03-11,2015,3,11,,Quarta-feira,Não
362,2015-03-12,2015,3,12,,Quinta-feira,Não
363,2015-03-13,2015,3,13,,Sexta-feira,Não
364,2015-03-14,2015,3,14,,Sábado,Sim
365,2015-03-15,2015,3,15,,Domingo,Sim
366,2015-03-16,2015,3,16,,Segunda-feira,Não
367,2015-03-17,2015,3,17,,Terça-feira,Não
368,2015-03-18,2015,3,18,,Quarta-feira,Não
369,2015-03-19,2015,3,19,,Quinta-feira,Não
370,2015-03-20,2015,3,20,,Sexta-feira,Não
371,2015-03-21,2015,3,21,,Sábado,Sim
372,2015-03-22,2015,3,22,,Domingo,Sim
373,2015-03-23,2015,3,23,,Segunda-feira,Não
374,2015-03-24,2015,3,24,,Terça-feira,Não
375,2015-03-25,2015,3,25,,Quarta-feira,Não
376,2015-03-26,2015,3,26,,Quinta-feira,Não
377,2015-03-27,2015,3,27,,Sexta-feira,Não
378,2015-03-28,2015,3,28,,Sábado,Sim
379,2015-03-29,2015,3,29,,Domingo,Sim
380,2015-03-30,2015,3,30,,Segunda-feira,Não
381,2015-03-31,2015,3,31,,Terça-feira,Não
382,2015-04-01,2015,4,1,,Quarta-feira,Não
383,2015-04-02,2015,4,2,,Quinta-feira,Não
384,2015-04-03,2015,4,3,,Sexta-feira,Não
385,2015-04-04,2015,4,4,,Sábado,Sim
386,2015-04-05,2015,4,5,,Domingo,Sim
387,2015-04-06,2015,4,6,,Segunda-feira,Não
388,2015-04-07,2015,4,7,,Terça-feira,Não
389,2015-04-08,2015,4,8,,Quarta-feira,Não
390,2015-04-09,2015,4,9,,Quinta-feira,Não
391,2015-04-10,2015,4,10,,Sexta-feira,Não
392,2015-04-11,2015,4,11,,Sábado,Sim
393,2015-04-12,2015,4,12,,Domingo,Sim
394,2015-04-13,2015,4,13,,Segunda-feira,Não
395,2015-04-14,2015,4,14,,Terça-feira,Não
396,2015-04-15,2015,4,15,,Quarta-feira,Não
397,2015-04-16,2015,4,16,,Quinta-feira,Não
398,2015-04-17,2015,4,17,,Sexta-feira,Não
399,2015-04-18,2015,4,18,,Sábado,Sim
400,2015-04-19,2015,4,19,,Domingo,Sim
401,2015-04-20,2015,4,20,,Segunda-feira,Não
402,2015-04-21,2015,4,21,,Terça-feira,Não
403,2015-04-22,2015,4,22,,Quarta-feira,Não
404,2015-04-23,2015,4,23,,Quinta-feira,Não
405,2015-04-24,2015,4,24,,Sexta-feira,Não
406,2015-04-25,2015,4,25,,Sábado,Sim
407,2015-04-26,2015,4,26,,Domingo,Sim
408,2015-04-27,2015,4,27,,Segunda-feira,Não
409,2015-04-28,2015,4,28,,Terça-feira,Não
410,2015-04-29,2015,4,29,,Quarta-feira,Não
411,2015-04-30,2015,4,30,,Quinta-feira,Não
412,2015-05-01,2015,5,1,,Sexta-feira,Não
413,2015-05-02,2015,5,2,,Sábado,Sim
414,2015-05-03,2015,5,3,,Domingo,Sim
415,2015-05-04,2015,5,4,,Segunda-feira,Não
416,2015-05-05,2015,5,5,,Terça-feira,Não
417,2015-05-06,2015,5,6,,Quarta-feira,Não
418,2015-05-07,2015,5,7,,Quinta-feira,Não
419,2015-05-08,2015,5,8,,Sexta-feira,Não
420,2015-05-09,2015,5,9,,Sábado,Sim
421,2015-05-10,2015,5,10,,Domingo,Sim
422,2015-05-11,2015,5,11,,Segunda-feira,Não
423,2015-05-12,2015,5,12,,Terça-feira,Não
424,2015-05-13,2015,5,13,,Quarta-feira,Não
425,2015-05-14,2015,5,14,,Quinta-feira,Não
426,2015-05-15,2015,5,15,,Sexta-feira,Não
427,2015-05-16,2015,5,16,,Sábado,Sim
428,2015-05-17,2015,5,17,,Domingo,Sim
429,2015-05-18,2015,5,18,,Segunda-feira,Não
430,2015-05-20,2015,5,20,,Quarta-feira,Não
431,2015-05-21,2015,5,21,,Quinta-feira,Não
432,2015-05-22,2015,5,22,,Sexta-feira,Não
433,2015-05-23,2015,5,23,,Sábado,Sim
434,2015-05-24,2015,5,24,,Domingo,Sim
435,2015-05-25,2015,5,25,,Segunda-feira,Não
436,2015-06-01,2015,6,1,09:10:00,Segunda-feira,Não
437,2015-06-01,2015,6,1,10:30:00,Segunda-feira,Não
438,2015-06-01,2015,6,1,11:37:00,Segunda-feira,Não
439,2015-06-01,2015,6,1,15:50:00,Segunda-feira,Não
440,2015-06-01,2015,6,1,18:41:00,Segunda-feira,Não
441,2015-06-02,2015,6,2,07:46:00,Terça-feira,Não
442,2015-06-02,2015,6,2,09:35:00,Terça-feira,Não
443,2015-06-02,2015,6,2,09:38:00,Terça-feira,Não
444,2015-06-02,2015,6,2,10:02:00,Terça-feira,Não
445,2015-06-02,2015,6,2,10:48:00,Terça-feira,Não
446,2015-06-02,2015,6,2,15:01:00,Terça-feira,Não
447,2015-06-02,2015,6,2,21:30:00,Terça-feira,Não
448,2015-06-03,2015,6,3,07:39:00,Quarta-feira,Não
449,2015-06-03,2015,6,3,11:15:00,Quarta-feira,Não
450,2015-06-03,2015,6,3,14:25:00,Quarta-feira,Não
451,2015-06-03,2015,6,3,17:26:00,Quarta-feira,Não
452,2015-06-03,2015,6,3,18:03:00,Quarta-feira,Não
453,2015-06-04,2015,6,4,08:10:00,Quinta-feira,Não
454,2015-06-04,2015,6,4,08:58:00,Quinta-feira,Não
455,2015-06-04,2015,6,4,11:30:00,Quinta-feira,Não
456,2015-06-04,2015,6,4,16:26:00,Quinta-feira,Não
457,2015-06-04,2015,6,4,21:37:00,Quinta-feira,Não
458,2015-06-05,2015,6,5,12:02:00,Sexta-feira,Não
459,2015-06-05,2015,6,5,12:05:00,Sexta-feira,Não
460,2015-06-05,2015,6,5,15:08:00,Sexta-feira,Não
461,2015-06-05,2015,6,5,15:09:00,Sexta-feira,Não
462,2015-06-05,2015,6,5,15:47:00,Sexta-feira,Não
463,2015-06-05,2015,6,5,16:45:00,Sexta-feira,Não
464,2015-06-05,2015,6,5,17:14:00,Sexta-feira,Não
465,2015-06-05,2015,6,5,18:04:00,Sexta-feira,Não
466,2015-06-05,2015,6,5,21:11:00,Sexta-feira,Não
467,2015-06-06,2015,6,6,00:36:00,Sábado,Sim
468,2015-06-06,2015,6,6,03:40:00,Sábado,Sim
469,2015-06-06,2015,6,6,04:38:00,Sábado,Sim
470,2015-06-06,2015,6,6,10:57:00,Sábado,Sim
471,2015-06-06,2015,6,6,15:56:00,Sábado,Sim
472,2015-06-06,2015,6,6,20:05:00,Sábado,Sim
473,2015-06-06,2015,6,6,21:02:00,Sábado,Sim
474,2015-06-06,2015,6,6,21:23:00,Sábado,Sim
475,2015-06-06,2015,6,6,22:03:00,Sábado,Sim
476,2015-06-07,2015,6,7,00:45:00,Domingo,Sim
477,2015-06-07,2015,6,7,09:02:00,Domingo,Sim
478,2015-06-07,2015,6,7,12:12:00,Domingo,Sim
479,2015-06-07,2015,6,7,18:09:00,Domingo,Sim
480,2015-06-07,2015,6,7,21:46:00,Domingo,Sim
481,2015-06-08,2015,6,8,07:54:00,Segunda-feira,Não
482,2015-06-08,2015,6,8,08:56:00,Segunda-feira,Não
483,2015-06-08,2015,6,8,09:03:00,Segunda-feira,Não
484,2015-06-08,2015,6,8,12:17:00,Segunda-feira,Não
485,2015-06-08,2015,6,8,15:09:00,Segunda-feira,Não
486,2015-06-08,2015,6,8,18:22:00,Segunda-feira,Não
487,2015-06-08,2015,6,8,18:43:00,Segunda-feira,Não
488,2015-06-08,2015,6,8,19:36:00,Segunda-feira,Não
489,2015-06-08,2015,6,8,22:45:00,Segunda-feira,Não
490,2015-06-09,2015,6,9,07:03:00,Terça-feira,Não
491,2015-06-09,2015,6,9,07:47:00,Terça-feira,Não
492,2015-06-09,2015,6,9,08:54:00,Terça-feira,Não
493,2015-06-09,2015,6,9,09:13:00,Terça-feira,Não
494,2015-06-09,2015,6,9,10:15:00,Terça-feira,Não
495,2015-06-09,2015,6,9,14:25:00,Terça-feira,Não
496,2015-06-09,2015,6,9,14:58:00,Terça-feira,Não
497,2015-06-09,2015,6,9,19:07:00,Terça-feira,Não
498,2015-06-09,2015,6,9,21:03:00,Terça-feira,Não
499,2015-06-09,2015,6,9,22:33:00,Terça-feira,Não
500,2015-06-09,2015,6,9,22:44:00,Terça-feira,Não
501,2015-06-10,2015,6,10,09:04:00,Quarta-feira,Não
502,2015-06-10,2015,6,10,09:09:00,Quarta-feira,Não
503,2015-06-10,2015,6,10,10:14:00,Quarta-feira,Não
504,2015-06-10,2015,6,10,21:37:00,Quarta-feira,Não
505,2015-06-11,2015,6,11,01:33:00,Quinta-feira,Não
506,2015-06-11,2015,6,11,06:30:00,Quinta-feira,Não
507,2015-06-11,2015,6,11,12:05:00,Quinta-feira,Não
508,2015-06-11,2015,6,11,13:03:00,Quinta-feira,Não
509,2015-06-11,2015,6,11,13:08:00,Quinta-feira,Não
510,2015-06-11,2015,6,11,14:07:00,Quinta-feira,Não
511,2015-06-11,2015,6,11,16:40:00,Quinta-feira,Não
512,2015-06-11,2015,6,11,18:55:00,Quinta-feira,Não
513,2015-06-11,2015,6,11,19:12:00,Quinta-feira,Não
514,2015-06-11,2015,6,11,19:27:00,Quinta-feira,Não
515,2015-06-11,2015,6,11,21:44:00,Quinta-feira,Não
516,2015-06-12,2015,6,12,00:38:00,Sexta-feira,Não
517,2015-06-12,2015,6,12,10:20:00,Sexta-feira,Não
518,2015-06-12,2015,6,12,11:01:00,Sexta-feira,Não
519,2015-06-12,2015,6,12,12:19:00,Sexta-feira,Não
520,2015-06-12,2015,6,12,12:53:00,Sexta-feira,Não
521,2015-06-12,2015,6,12,16:00:00,Sexta-feira,Não
522,2015-06-12,2015,6,12,20:53:00,Sexta-feira,Não
523,2015-06-12,2015,6,12,21:35:00,Sexta-feira,Não
524,2015-06-13,2015,6,13,06:15:00,Sábado,Sim
525,2015-06-13,2015,6,13,07:13:00,Sábado,Sim
526,2015-06-13,2015,6,13,07:37:00,Sábado,Sim
527,2015-06-13,2015,6,13,10:10:00,Sábado,Sim
528,2015-06-13,2015,6,13,13:13:00,Sábado,Sim
529,2015-06-13,2015,6,13,17:59:00,Sábado,Sim
530,2015-06-13,2015,6,13,21:35:00,Sábado,Sim
531,2015-06-13,2015,6,13,23:18:00,Sábado,Sim
532,2015-06-14,2015,6,14,13:52:00,Domingo,Sim
533,2015-06-14,2015,6,14,22:49:00,Domingo,Sim
534,2015-06-15,2015,6,15,07:02:00,Segunda-feira,Não
535,2015-06-15,2015,6,15,07:35:00,Segunda-feira,Não
536,2015-06-15,2015,6,15,09:25:00,Segunda-feira,Não
537,2015-06-15,2015,6,15,10:08:00,Segunda-feira,Não
538,2015-06-15,2015,6,15,11:42:00,Segunda-feira,Não
539,2015-06-15,2015,6,15,14:21:00,Segunda-feira,Não
540,2015-06-15,2015,6,15,14:45:00,Segunda-feira,Não
541,2015-06-15,2015,6,15,16:17:00,Segunda-feira,Não
542,2015-06-15,2015,6,15,16:44:00,Segunda-feira,Não
543,2015-06-15,2015,6,15,17:25:00,Segunda-feira,Não
544,2015-06-15,2015,6,15,22:10:00,Segunda-feira,Não
545,2015-06-15,2015,6,15,22:38:00,Segunda-feira,Não
546,2015-06-15,2015,6,15,23:18:00,Segunda-feira,Não
547,2015-06-15,2015,6,15,23:24:00,Segunda-feira,Não
548,2015-06-15,2015,6,15,23:59:00,Segunda-feira,Não
549,2015-06-16,2015,6,16,07:03:00,Terça-feira,Não
550,2015-06-16,2015,6,16,21:53:00,Terça-feira,Não
551,2015-06-17,2015,6,17,08:27:00,Quarta-feira,Não
552,2015-06-17,2015,6,17,08:45:00,Quarta-feira,Não
553,2015-06-17,2015,6,17,11:36:00,Quarta-feira,Não
554,2015-06-17,2015,6,17,14:45:00,Quarta-feira,Não
555,2015-06-17,2015,6,17,17:20:00,Quarta-feira,Não
556,2015-06-17,2015,6,17,19:20:00,Quarta-feira,Não
557,2015-06-18,2015,6,18,07:27:00,Quinta-feira,Não
558,2015-06-18,2015,6,18,07:54:00,Quinta-feira,Não
559,2015-06-18,2015,6,18,07:56:00,Quinta-feira,Não
560,2015-06-18,2015,6,18,09:48:00,Quinta-feira,Não
561,2015-06-18,2015,6,18,14:14:00,Quinta-feira,Não
562,2015-06-18,2015,6,18,14:25:00,Quinta-feira,Não
563,2015-06-18,2015,6,18,16:03:00,Quinta-feira,Não
564,2015-06-18,2015,6,18,16:04:00,Quinta-feira,Não
565,2015-06-19,2015,6,19,08:17:00,Sexta-feira,Não
566,2015-06-19,2015,6,19,12:25:00,Sexta-feira,Não
567,2015-06-19,2015,6,19,19:11:00,Sexta-feira,Não
568,2015-06-19,2015,6,19,23:00:00,Sexta-feira,Não
569,2015-06-20,2015,6,20,04:43:00,Sábado,Sim
570,2015-06-20,2015,6,20,05:43:00,Sábado,Sim
571,2015-06-20,2015,6,20,11:00:00,Sábado,Sim
572,2015-06-20,2015,6,20,17:07:00,Sábado,Sim
573,2015-06-20,2015,6,20,22:00:00,Sábado,Sim
574,2015-06-21,2015,6,21,00:00:00,Domingo,Sim
575,2015-06-21,2015,6,21,00:08:00,Domingo,Sim
576,2015-06-21,2015,6,21,03:47:00,Domingo,Sim
577,2015-06-21,2015,6,21,03:58:00,Domingo,Sim
578,2015-06-21,2015,6,21,09:41:00,Domingo,Sim
579,2015-06-21,2015,6,21,13:28:00,Domingo,Sim
580,2015-06-21,2015,6,21,22:24:00,Domingo,Sim
581,2015-06-22,2015,6,22,01:01:00,Segunda-feira,Não
582,2015-06-22,2015,6,22,06:29:00,Segunda-feira,Não
583,2015-06-22,2015,6,22,08:37:00,Segunda-feira,Não
584,2015-06-22,2015,6,22,14:26:00,Segunda-feira,Não
585,2015-06-22,2015,6,22,16:00:00,Segunda-feira,Não
586,2015-06-22,2015,6,22,17:30:00,Segunda-feira,Não
587,2015-06-22,2015,6,22,18:08:00,Segunda-feira,Não
588,2015-06-22,2015,6,22,21:52:00,Segunda-feira,Não
589,2015-06-23,2015,6,23,02:23:00,Terça-feira,Não
590,2015-06-23,2015,6,23,09:04:00,Terça-feira,Não
591,2015-06-23,2015,6,23,09:34:00,Terça-feira,Não
592,2015-06-23,2015,6,23,10:13:00,Terça-feira,Não
593,2015-06-23,2015,6,23,13:54:00,Terça-feira,Não
594,2015-06-23,2015,6,23,15:55:00,Terça-feira,Não
595,2015-06-23,2015,6,23,19:32:00,Terça-feira,Não
596,2015-06-24,2015,6,24,02:22:00,Quarta-feira,Não
597,2015-06-24,2015,6,24,17:56:00,Quarta-feira,Não
598,2015-06-25,2015,6,25,04:43:00,Quinta-feira,Não
599,2015-06-25,2015,6,25,08:20:00,Quinta-feira,Não
600,2015-06-25,2015,6,25,12:35:00,Quinta-feira,Não
601,2015-06-25,2015,6,25,14:54:00,Quinta-feira,Não
602,2015-06-25,2015,6,25,17:51:00,Quinta-feira,Não
603,2015-06-25,2015,6,25,18:59:00,Quinta-feira,Não
604,2015-06-25,2015,6,25,20:20:00,Quinta-feira,Não
605,2015-06-25,2015,6,25,21:41:00,Quinta-feira,Não
606,2015-06-26,2015,6,26,19:37:00,Sexta-feira,Não
607,2015-06-26,2015,6,26,20:54:00,Sexta-feira,Não
608,2015-06-26,2015,6,26,23:34:00,Sexta-feira,Não
609,2015-06-26,2015,6,26,23:53:00,Sexta-feira,Não
610,2015-06-27,2015,6,27,08:36:00,Sábado,Sim
611,2015-06-27,2015,6,27,08:49:00,Sábado,Sim
612,2015-06-27,2015,6,27,08:54:00,Sábado,Sim
613,2015-06-27,2015,6,27,19:25:00,Sábado,Sim
614,2015-06-28,2015,6,28,08:28:00,Domingo,Sim
615,2015-06-28,2015,6,28,12:35:00,Domingo,Sim
616,2015-06-29,2015,6,29,08:10:00,Segunda-feira,Não
617,2015-06-29,2015,6,29,09:15:00,Segunda-feira,Não
618,2015-06-29,2015,6,29,15:14:00,Segunda-feira,Não
619,2015-06-29,2015,6,29,16:10:00,Segunda-feira,Não
620,2015-06-30,2015,6,30,08:18:00,Terça-feira,Não
621,2015-06-30,2015,6,30,10:37:00,Terça-feira,Não
622,2015-06-30,2015,6,30,13:59:00,Terça-feira,Não
623,2015-06-30,2015,6,30,16:25:00,Terça-feira,Não
624,2015-06-30,2015,6,30,19:30:00,Terça-feira,Não
625,2015-07-01,2015,7,1,05:40:00,Quarta-feira,Não
626,2015-07-01,2015,7,1,06:00:00,Quarta-feira,Não
627,2015-07-01,2015,7,1,09:05:00,Quarta-feira,Não
628,2015-07-01,2015,7,1,09:34:00,Quarta-feira,Não
629,2015-07-01,2015,7,1,12:56:00,Quarta-feira,Não
630,2015-07-01,2015,7,1,13:50:00,Quarta-feira,Não
631,2015-07-01,2015,7,1,15:50:00,Quarta-feira,Não
632,2015-07-01,2015,7,1,17:04:00,Quarta-feira,Não
633,2015-07-02,2015,7,2,08:25:00,Quinta-feira,Não
634,2015-07-02,2015,7,2,09:50:00,Quinta-feira,Não
635,2015-07-02,2015,7,2,11:21:00,Quinta-feira,Não
636,2015-07-02,2015,7,2,13:10:00,Quinta-feira,Não
637,2015-07-02,2015,7,2,17:18:00,Quinta-feira,Não
638,2015-07-02,2015,7,2,21:07:00,Quinta-feira,Não
639,2015-07-02,2015,7,2,21:30:00,Quinta-feira,Não
640,2015-07-02,2015,7,2,,Quinta-feira,Não
641,2015-07-03,2015,7,3,05:35:00,Sexta-feira,Não
642,2015-07-03,2015,7,3,08:23:00,Sexta-feira,Não
643,2015-07-03,2015,7,3,10:10:00,Sexta-feira,Não
644,2015-07-03,2015,7,3,12:43:00,Sexta-feira,Não
645,2015-07-03,2015,7,3,12:52:00,Sexta-feira,Não
646,2015-07-03,2015,7,3,22:07:00,Sexta-feira,Não
647,2015-07-03,2015,7,3,23:16:00,Sexta-feira,Não
648,2015-07-03,2015,7,3,,Sexta-feira,Não
649,2015-07-04,2015,7,4,02:50:00,Sábado,Sim
650,2015-07-04,2015,7,4,07:40:00,Sábado,Sim
651,2015-07-04,2015,7,4,12:12:00,Sábado,Sim
652,2015-07-04,2015,7,4,13:05:00,Sábado,Sim
653,2015-07-04,2015,7,4,13:26:00,Sábado,Sim
654,2015-07-04,2015,7,4,22:45:00,Sábado,Sim
655,2015-07-04,2015,7,4,23:43:00,Sábado,Sim
656,2015-07-05,2015,7,5,14:17:00,Domingo,Sim
657,2015-07-05,2015,7,5,18:03:00,Domingo,Sim
658,2015-07-05,2015,7,5,19:50:00,Domingo,Sim
659,2015-07-05,2015,7,5,23:36:00,Domingo,Sim
660,2015-07-06,2015,7,6,07:34:00,Segunda-feira,Não
661,2015-07-06,2015,7,6,14:07:00,Segunda-feira,Não
662,2015-07-06,2015,7,6,18:04:00,Segunda-feira,Não
663,2015-07-06,2015,7,6,18:32:00,Segunda-feira,Não
664,2015-07-06,2015,7,6,19:45:00,Segunda-feira,Não
665,2015-07-06,2015,7,6,21:55:00,Segunda-feira,Não
666,2015-07-07,2015,7,7,01:03:00,Terça-feira,Não
667,2015-07-07,2015,7,7,07:07:00,Terça-feira,Não
668,2015-07-07,2015,7,7,08:12:00,Terça-feira,Não
669,2015-07-07,2015,7,7,13:54:00,Terça-feira,Não
670,2015-07-07,2015,7,7,13:59:00,Terça-feira,Não
671,2015-07-08,2015,7,8,10:51:00,Quarta-feira,Não
672,2015-07-08,2015,7,8,11:20:00,Quarta-feira,Não
673,2015-07-08,2015,7,8,11:44:00,Quarta-feira,Não
674,2015-07-08,2015,7,8,15:14:00,Quarta-feira,Não
675,2015-07-09,2015,7,9,07:08:00,Quinta-feira,Não
676,2015-07-09,2015,7,9,07:49:00,Quinta-feira,Não
677,2015-07-09,2015,7,9,07:50:00,Quinta-feira,Não
678,2015-07-09,2015,7,9,08:36:00,Quinta-feira,Não
679,2015-07-09,2015,7,9,08:54:00,Quinta-feira,Não
680,2015-07-09,2015,7,9,09:53:00,Quinta-feira,Não
681,2015-07-09,2015,7,9,13:44:00,Quinta-feira,Não
682,2015-07-09,2015,7,9,16:46:00,Quinta-feira,Não
683,2015-07-09,2015,7,9,16:56:00,Quinta-feira,Não
684,2015-07-09,2015,7,9,19:03:00,Quinta-feira,Não
685,2015-07-09,2015,7,9,19:07:00,Quinta-feira,Não
686,2015-07-09,2015,7,9,20:40:00,Quinta-feira,Não
687,2015-07-09,2015,7,9,23:03:00,Quinta-feira,Não
688,2015-07-10,2015,7,10,07:25:00,Sexta-feira,Não
689,2015-07-10,2015,7,10,13:03:00,Sexta-feira,Não
690,2015-07-10,2015,7,10,14:13:00,Sexta-feira,Não
691,2015-07-10,2015,7,10,16:06:00,Sexta-feira,Não
692,2015-07-10,2015,7,10,16:56:00,Sexta-feira,Não
693,2015-07-10,2015,7,10,23:41:00,Sexta-feira,Não
694,2015-07-11,2015,7,11,10:09:00,Sábado,Sim
695,2015-07-11,2015,7,11,18:10:00,Sábado,Sim
696,2015-07-11,2015,7,11,19:40:00,Sábado,Sim
697,2015-07-11,2015,7,11,,Sábado,Sim
698,2015-07-12,2015,7,12,02:47:00,Domingo,Sim
699,2015-07-13,2015,7,13,03:30:00,Segunda-feira,Não
700,2015-07-13,2015,7,13,07:47:00,Segunda-feira,Não
701,2015-07-13,2015,7,13,08:41:00,Segunda-feira,Não
702,2015-07-13,2015,7,13,09:45:00,Segunda-feira,Não
703,2015-07-13,2015,7,13,16:49:00,Segunda-feira,Não
704,2015-07-13,2015,7,13,17:46:00,Segunda-feira,Não
705,2015-07-13,2015,7,13,18:10:00,Segunda-feira,Não
706,2015-07-13,2015,7,13,18:24:00,Segunda-feira,Não
707,2015-07-13,2015,7,13,19:37:00,Segunda-feira,Não
708,2015-07-13,2015,7,13,20:28:00,Segunda-feira,Não
709,2015-07-14,2015,7,14,06:45:00,Terça-feira,Não
710,2015-07-14,2015,7,14,06:51:00,Terça-feira,Não
711,2015-07-14,2015,7,14,09:24:00,Terça-feira,Não
712,2015-07-14,2015,7,14,15:15:00,Terça-feira,Não
713,2015-07-14,2015,7,14,15:48:00,Terça-feira,Não
714,2015-07-14,2015,7,14,17:08:00,Terça-feira,Não
715,2015-07-14,2015,7,14,17:51:00,Terça-feira,Não
716,2015-07-14,2015,7,14,18:20:00,Terça-feira,Não
717,2015-07-14,2015,7,14,19:21:00,Terça-feira,Não
718,2015-07-15,2015,7,15,00:31:00,Quarta-feira,Não
719,2015-07-15,2015,7,15,01:02:00,Quarta-feira,Não
720,2015-07-15,2015,7,15,09:19:00,Quarta-feira,Não
721,2015-07-15,2015,7,15,09:22:00,Quarta-feira,Não
722,2015-07-15,2015,7,15,10:53:00,Quarta-feira,Não
723,2015-07-15,2015,7,15,10:55:00,Quarta-feira,Não
724,2015-07-15,2015,7,15,11:20:00,Quarta-feira,Não
725,2015-07-15,2015,7,15,15:31:00,Quarta-feira,Não
726,2015-07-15,2015,7,15,15:54:00,Quarta-feira,Não
727,2015-07-15,2015,7,15,16:03:00,Quarta-feira,Não
728,2015-07-15,2015,7,15,16:04:00,Quarta-feira,Não
729,2015-07-15,2015,7,15,,Quarta-feira,Não
730,2015-07-16,2015,7,16,08:28:00,Quinta-feira,Não
731,2015-07-16,2015,7,16,10:48:00,Quinta-feira,Não
732,2015-07-16,2015,7,16,16:00:00,Quinta-feira,Não
733,2015-07-16,2015,7,16,20:15:00,Quinta-feira,Não
734,2015-07-16,2015,7,16,20:19:00,Quinta-feira,Não
735,2015-07-17,2015,7,17,08:54:00,Sexta-feira,Não
736,2015-07-17,2015,7,17,09:34:00,Sexta-feira,Não
737,2015-07-17,2015,7,17,09:49:00,Sexta-feira,Não
738,2015-07-17,2015,7,17,12:28:00,Sexta-feira,Não
739,2015-07-17,2015,7,17,14:43:00,Sexta-feira,Não
740,2015-07-17,2015,7,17,16:28:00,Sexta-feira,Não
741,2015-07-17,2015,7,17,19:23:00,Sexta-feira,Não
742,2015-07-17,2015,7,17,19:24:00,Sexta-feira,Não
743,2015-07-17,2015,7,17,20:21:00,Sexta-feira,Não
744,2015-07-18,2015,7,18,00:05:00,Sábado,Sim
745,2015-07-18,2015,7,18,01:53:00,Sábado,Sim
746,2015-07-18,2015,7,18,03:28:00,Sábado,Sim
747,2015-07-18,2015,7,18,08:20:00,Sábado,Sim
748,2015-07-18,2015,7,18,22:03:00,Sábado,Sim
749,2015-07-19,2015,7,19,17:21:00,Domingo,Sim
750,2015-07-19,2015,7,19,18:30:00,Domingo,Sim
751,2015-07-19,2015,7,19,23:40:00,Domingo,Sim
752,2015-07-20,2015,7,20,06:57:00,Segunda-feira,Não
753,2015-07-20,2015,7,20,07:43:00,Segunda-feira,Não
754,2015-07-20,2015,7,20,08:01:00,Segunda-feira,Não
755,2015-07-20,2015,7,20,09:07:00,Segunda-feira,Não
756,2015-07-20,2015,7,20,09:49:00,Segunda-feira,Não
757,2015-07-20,2015,7,20,19:00:00,Segunda-feira,Não
758,2015-07-20,2015,7,20,,Segunda-feira,Não
759,2015-07-21,2015,7,21,07:55:00,Terça-feira,Não
760,2015-07-21,2015,7,21,11:28:00,Terça-feira,Não
761,2015-07-21,2015,7,21,18:08:00,Terça-feira,Não
762,2015-07-22,2015,7,22,08:00:00,Quarta-feira,Não
763,2015-07-22,2015,7,22,08:34:00,Quarta-feira,Não
764,2015-07-22,2015,7,22,13:33:00,Quarta-feira,Não
765,2015-07-22,2015,7,22,18:38:00,Quarta-feira,Não
766,2015-07-22,2015,7,22,21:56:00,Quarta-feira,Não
767,2015-07-23,2015,7,23,03:07:00,Quinta-feira,Não
768,2015-07-23,2015,7,23,06:40:00,Quinta-feira,Não
769,2015-07-23,2015,7,23,12:13:00,Quinta-feira,Não
770,2015-07-23,2015,7,23,12:23:00,Quinta-feira,Não
771,2015-07-23,2015,7,23,13:56:00,Quinta-feira,Não
772,2015-07-23,2015,7,23,16:05:00,Quinta-feira,Não
773,2015-07-23,2015,7,23,18:27:00,Quinta-feira,Não
774,2015-07-23,2015,7,23,19:25:00,Quinta-feira,Não
775,2015-07-24,2015,7,24,12:41:00,Sexta-feira,Não
776,2015-07-24,2015,7,24,16:25:00,Sexta-feira,Não
777,2015-07-24,2015,7,24,20:33:00,Sexta-feira,Não
778,2015-07-24,2015,7,24,22:32:00,Sexta-feira,Não
779,2015-07-25,2015,7,25,07:09:00,Sábado,Sim
780,2015-07-25,2015,7,25,11:27:00,Sábado,Sim
781,2015-07-25,2015,7,25,13:14:00,Sábado,Sim
782,2015-07-25,2015,7,25,20:20:00,Sábado,Sim
783,2015-07-26,2015,7,26,05:11:00,Domingo,Sim
784,2015-07-26,2015,7,26,08:16:00,Domingo,Sim
785,2015-07-26,2015,7,26,23:03:00,Domingo,Sim
786,2015-07-26,2015,7,26,,Domingo,Sim
787,2015-07-27,2015,7,27,10:48:00,Segunda-feira,Não
788,2015-07-27,2015,7,27,13:24:00,Segunda-feira,Não
789,2015-07-27,2015,7,27,15:15:00,Segunda-feira,Não
790,2015-07-27,2015,7,27,17:53:00,Segunda-feira,Não
791,2015-07-28,2015,7,28,18:17:00,Terça-feira,Não
792,2015-07-28,2015,7,28,19:22:00,Terça-feira,Não
793,2015-07-28,2015,7,28,22:32:00,Terça-feira,Não
794,2015-07-29,2015,7,29,00:00:00,Quarta-feira,Não
795,2015-07-29,2015,7,29,21:58:00,Quarta-feira,Não
796,2015-07-30,2015,7,30,08:29:00,Quinta-feira,Não
797,2015-07-30,2015,7,30,09:50:00,Quinta-feira,Não
798,2015-07-30,2015,7,30,11:57:00,Quinta-feira,Não
799,2015-07-30,2015,7,30,12:31:00,Quinta-feira,Não
800,2015-07-30,2015,7,30,15:22:00,Quinta-feira,Não
801,2015-07-30,2015,7,30,20:36:00,Quinta-feira,Não
802,2015-07-30,2015,7,30,21:24:00,Quinta-feira,Não
803,2015-07-31,2015,7,31,02:45:00,Sexta-feira,Não
804,2015-07-31,2015,7,31,07:48:00,Sexta-feira,Não
805,2015-07-31,2015,7,31,09:23:00,Sexta-feira,Não
806,2015-07-31,2015,7,31,15:52:00,Sexta-feira,Não
807,2015-07-31,2015,7,31,22:24:00,Sexta-feira,Não
808,2015-08-01,2015,8,1,08:37:00,Sábado,Sim
809,2015-08-01,2015,8,1,20:41:00,Sábado,Sim
810,2015-08-02,2015,8,2,16:16:00,Domingo,Sim
811,2015-08-02,2015,8,2,16:22:00,Domingo,Sim
812,2015-08-03,2015,8,3,00:18:00,Segunda-feira,Não
813,2015-08-03,2015,8,3,08:30:00,Segunda-feira,Não
814,2015-08-03,2015,8,3,10:28:00,Segunda-feira,Não
815,2015-08-03,2015,8,3,11:11:00,Segunda-feira,Não
816,2015-08-03,2015,8,3,12:31:00,Segunda-feira,Não
817,2015-08-03,2015,8,3,13:39:00,Segunda-feira,Não
818,2015-08-03,2015,8,3,14:28:00,Segunda-feira,Não
819,2015-08-03,2015,8,3,15:42:00,Segunda-feira,Não
820,2015-08-03,2015,8,3,17:16:00,Segunda-feira,Não
821,2015-08-03,2015,8,3,18:58:00,Segunda-feira,Não
822,2015-08-03,2015,8,3,20:38:00,Segunda-feira,Não
823,2015-08-03,2015,8,3,21:23:00,Segunda-feira,Não
824,2015-08-03,2015,8,3,22:49:00,Segunda-feira,Não
825,2015-08-03,2015,8,3,22:57:00,Segunda-feira,Não
826,2015-08-04,2015,8,4,08:04:00,Terça-feira,Não
827,2015-08-04,2015,8,4,19:20:00,Terça-feira,Não
828,2015-08-05,2015,8,5,07:00:00,Quarta-feira,Não
829,2015-08-05,2015,8,5,08:41:00,Quarta-feira,Não
830,2015-08-05,2015,8,5,13:57:00,Quarta-feira,Não
831,2015-08-05,2015,8,5,15:46:00,Quarta-feira,Não
832,2015-08-05,2015,8,5,17:17:00,Quarta-feira,Não
833,2015-08-05,2015,8,5,19:55:00,Quarta-feira,Não
834,2015-08-06,2015,8,6,07:13:00,Quinta-feira,Não
835,2015-08-06,2015,8,6,08:12:00,Quinta-feira,Não
836,2015-08-06,2015,8,6,15:14:00,Quinta-feira,Não
837,2015-08-06,2015,8,6,16:53:00,Quinta-feira,Não
838,2015-08-06,2015,8,6,18:18:00,Quinta-feira,Não
839,2015-08-06,2015,8,6,,Quinta-feira,Não
840,2015-08-07,2015,8,7,08:14:00,Sexta-feira,Não
841,2015-08-07,2015,8,7,13:38:00,Sexta-feira,Não
842,2015-08-07,2015,8,7,13:55:00,Sexta-feira,Não
843,2015-08-07,2015,8,7,15:57:00,Sexta-feira,Não
844,2015-08-07,2015,8,7,20:08:00,Sexta-feira,Não
845,2015-08-08,2015,8,8,10:20:00,Sábado,Sim
846,2015-08-08,2015,8,8,15:30:00,Sábado,Sim
847,2015-08-08,2015,8,8,15:40:00,Sábado,Sim
848,2015-08-08,2015,8,8,16:52:00,Sábado,Sim
849,2015-08-08,2015,8,8,19:15:00,Sábado,Sim
850,2015-08-08,2015,8,8,21:07:00,Sábado,Sim
851,2015-08-09,2015,8,9,07:59:00,Domingo,Sim
852,2015-08-09,2015,8,9,19:29:00,Domingo,Sim
853,2015-08-09,2015,8,9,23:20:00,Domingo,Sim
854,2015-08-10,2015,8,10,06:33:00,Segunda-feira,Não
855,2015-08-10,2015,8,10,14:56:00,Segunda-feira,Não
856,2015-08-10,2015,8,10,17:09:00,Segunda-feira,Não
857,2015-08-10,2015,8,10,19:26:00,Segunda-feira,Não
858,2015-08-11,2015,8,11,16:36:00,Terça-feira,Não
859,2015-08-11,2015,8,11,19:49:00,Terça-feira,Não
860,2015-08-11,2015,8,11,21:10:00,Terça-feira,Não
861,2015-08-12,2015,8,12,07:43:00,Quarta-feira,Não
862,2015-08-12,2015,8,12,08:54:00,Quarta-feira,Não
863,2015-08-12,2015,8,12,11:37:00,Quarta-feira,Não
864,2015-08-12,2015,8,12,16:50:00,Quarta-feira,Não
865,2015-08-12,2015,8,12,17:35:00,Quarta-feira,Não
866,2015-08-12,2015,8,12,18:34:00,Quarta-feira,Não
867,2015-08-12,2015,8,12,19:47:00,Quarta-feira,Não
868,2015-08-13,2015,8,13,08:26:00,Quinta-feira,Não
869,2015-08-13,2015,8,13,10:43:00,Quinta-feira,Não
870,2015-08-13,2015,8,13,13:41:00,Quinta-feira,Não
871,2015-08-13,2015,8,13,14:17:00,Quinta-feira,Não
872,2015-08-13,2015,8,13,16:49:00,Quinta-feira,Não
873,2015-08-13,2015,8,13,17:26:00,Quinta-feira,Não
874,2015-08-13,2015,8,13,18:04:00,Quinta-feira,Não
875,2015-08-13,2015,8,13,20:56:00,Quinta-feira,Não
876,2015-08-13,2015,8,13,21:06:00,Quinta-feira,Não
877,2015-08-13,2015,8,13,23:21:00,Quinta-feira,Não
878,2015-08-14,2015,8,14,07:57:00,Sexta-feira,Não
879,2015-08-14,2015,8,14,08:54:00,Sexta-feira,Não
880,2015-08-14,2015,8,14,09:02:00,Sexta-feira,Não
881,2015-08-14,2015,8,14,09:32:00,Sexta-feira,Não
882,2015-08-14,2015,8,14,15:09:00,Sexta-feira,Não
883,2015-08-14,2015,8,14,17:08:00,Sexta-feira,Não
884,2015-08-15,2015,8,15,00:52:00,Sábado,Sim
885,2015-08-15,2015,8,15,07:46:00,Sábado,Sim
886,2015-08-15,2015,8,15,12:22:00,Sábado,Sim
887,2015-08-15,2015,8,15,13:02:00,Sábado,Sim
888,2015-08-15,2015,8,15,18:28:00,Sábado,Sim
889,2015-08-16,2015,8,16,00:14:00,Domingo,Sim
890,2015-08-16,2015,8,16,08:31:00,Domingo,Sim
891,2015-08-16,2015,8,16,10:45:00,Domingo,Sim
892,2015-08-16,2015,8,16,16:47:00,Domingo,Sim
893,2015-08-17,2015,8,17,09:51:00,Segunda-feira,Não
894,2015-08-17,2015,8,17,09:54:00,Segunda-feira,Não
895,2015-08-17,2015,8,17,19:22:00,Segunda-feira,Não
896,2015-08-17,2015,8,17,21:18:00,Segunda-feira,Não
897,2015-08-18,2015,8,18,08:34:00,Terça-feira,Não
898,2015-08-18,2015,8,18,13:01:00,Terça-feira,Não
899,2015-08-19,2015,8,19,07:20:00,Quarta-feira,Não
900,2015-08-19,2015,8,19,12:06:00,Quarta-feira,Não
901,2015-08-19,2015,8,19,16:45:00,Quarta-feira,Não
902,2015-08-19,2015,8,19,18:35:00,Quarta-feira,Não
903,2015-08-19,2015,8,19,19:44:00,Quarta-feira,Não
904,2015-08-20,2015,8,20,00:46:00,Quinta-feira,Não
905,2015-08-20,2015,8,20,05:38:00,Quinta-feira,Não
906,2015-08-20,2015,8,20,13:29:00,Quinta-feira,Não
907,2015-08-20,2015,8,20,17:26:00,Quinta-feira,Não
908,2015-08-21,2015,8,21,09:01:00,Sexta-feira,Não
909,2015-08-21,2015,8,21,11:49:00,Sexta-feira,Não
910,2015-08-21,2015,8,21,14:15:00,Sexta-feira,Não
911,2015-08-21,2015,8,21,15:04:00,Sexta-feira,Não
912,2015-08-21,2015,8,21,22:50:00,Sexta-feira,Não
913,2015-08-22,2015,8,22,03:30:00,Sábado,Sim
914,2015-08-22,2015,8,22,07:22:00,Sábado,Sim
915,2015-08-22,2015,8,22,08:04:00,Sábado,Sim
916,2015-08-22,2015,8,22,13:31:00,Sábado,Sim
917,2015-08-22,2015,8,22,18:57:00,Sábado,Sim
918,2015-08-23,2015,8,23,05:43:00,Domingo,Sim
919,2015-08-23,2015,8,23,10:21:00,Domingo,Sim
920,2015-08-23,2015,8,23,11:05:00,Domingo,Sim
921,2015-08-23,2015,8,23,11:59:00,Domingo,Sim
922,2015-08-23,2015,8,23,14:01:00,Domingo,Sim
923,2015-08-23,2015,8,23,14:12:00,Domingo,Sim
924,2015-08-23,2015,8,23,15:08:00,Domingo,Sim
925,2015-08-23,2015,8,23,15:11:00,Domingo,Sim
926,2015-08-23,2015,8,23,15:39:00,Domingo,Sim
927,2015-08-23,2015,8,23,22:32:00,Domingo,Sim
928,2015-08-24,2015,8,24,15:03:00,Segunda-feira,Não
929,2015-08-24,2015,8,24,16:01:00,Segunda-feira,Não
930,2015-08-25,2015,8,25,11:39:00,Terça-feira,Não
931,2015-08-25,2015,8,25,13:55:00,Terça-feira,Não
932,2015-08-25,2015,8,25,16:30:00,Terça-feira,Não
933,2015-08-25,2015,8,25,18:54:00,Terça-feira,Não
934,2015-08-25,2015,8,25,23:06:00,Terça-feira,Não
935,2015-08-26,2015,8,26,07:29:00,Quarta-feira,Não
936,2015-08-26,2015,8,26,08:52:00,Quarta-feira,Não
937,2015-08-26,2015,8,26,09:05:00,Quarta-feira,Não
938,2015-08-26,2015,8,26,14:52:00,Quarta-feira,Não
939,2015-08-26,2015,8,26,15:06:00,Quarta-feira,Não
940,2015-08-26,2015,8,26,20:58:00,Quarta-feira,Não
941,2015-08-27,2015,8,27,06:54:00,Quinta-feira,Não
942,2015-08-27,2015,8,27,09:17:00,Quinta-feira,Não
943,2015-08-27,2015,8,27,11:17:00,Quinta-feira,Não
944,2015-08-27,2015,8,27,13:20:00,Quinta-feira,Não
945,2015-08-27,2015,8,27,22:16:00,Quinta-feira,Não
946,2015-08-28,2015,8,28,06:59:00,Sexta-feira,Não
947,2015-08-28,2015,8,28,07:53:00,Sexta-feira,Não
948,2015-08-28,2015,8,28,08:00:00,Sexta-feira,Não
949,2015-08-28,2015,8,28,11:17:00,Sexta-feira,Não
950,2015-08-28,2015,8,28,14:33:00,Sexta-feira,Não
951,2015-08-28,2015,8,28,14:37:00,Sexta-feira,Não
952,2015-08-28,2015,8,28,14:44:00,Sexta-feira,Não
953,2015-08-28,2015,8,28,15:57:00,Sexta-feira,Não
954,2015-08-28,2015,8,28,21:02:00,Sexta-feira,Não
955,2015-08-28,2015,8,28,23:59:00,Sexta-feira,Não
956,2015-08-29,2015,8,29,08:45:00,Sábado,Sim
957,2015-08-29,2015,8,29,12:29:00,Sábado,Sim
958,2015-08-29,2015,8,29,15:25:00,Sábado,Sim
959,2015-08-29,2015,8,29,15:33:00,Sábado,Sim
960,2015-08-30,2015,8,30,08:59:00,Domingo,Sim
961,2015-08-30,2015,8,30,15:27:00,Domingo,Sim
962,2015-08-30,2015,8,30,16:23:00,Domingo,Sim
963,2015-08-30,2015,8,30,17:19:00,Domingo,Sim
964,2015-08-30,2015,8,30,18:51:00,Domingo,Sim
965,2015-08-31,2015,8,31,08:32:00,Segunda-feira,Não
966,2015-08-31,2015,8,31,09:41:00,Segunda-feira,Não
967,2015-08-31,2015,8,31,09:47:00,Segunda-feira,Não
968,2015-08-31,2015,8,31,09:58:00,Segunda-feira,Não
969,2015-08-31,2015,8,31,18:20:00,Segunda-feira,Não
970,2015-09-01,2015,9,1,09:09:00,Terça-feira,Não
971,2015-09-01,2015,9,1,09:47:00,Terça-feira,Não
972,2015-09-01,2015,9,1,10:06:00,Terça-feira,Não
973,2015-09-01,2015,9,1,12:29:00,Terça-feira,Não
974,2015-09-01,2015,9,1,22:10:00,Terça-feira,Não
975,2015-09-01,2015,9,1,22:20:00,Terça-feira,Não
976,2015-09-01,2015,9,1,22:55:00,Terça-feira,Não
977,2015-09-02,2015,9,2,06:24:00,Quarta-feira,Não
978,2015-09-02,2015,9,2,10:51:00,Quarta-feira,Não
979,2015-09-02,2015,9,2,14:36:00,Quarta-feira,Não
980,2015-09-02,2015,9,2,14:58:00,Quarta-feira,Não
981,2015-09-02,2015,9,2,18:16:00,Quarta-feira,Não
982,2015-09-02,2015,9,2,19:32:00,Quarta-feira,Não
983,2015-09-02,2015,9,2,20:10:00,Quarta-feira,Não
984,2015-09-03,2015,9,3,07:24:00,Quinta-feira,Não
985,2015-09-03,2015,9,3,07:27:00,Quinta-feira,Não
986,2015-09-03,2015,9,3,08:00:00,Quinta-feira,Não
987,2015-09-03,2015,9,3,09:06:00,Quinta-feira,Não
988,2015-09-03,2015,9,3,10:28:00,Quinta-feira,Não
989,2015-09-03,2015,9,3,14:33:00,Quinta-feira,Não
990,2015-09-03,2015,9,3,20:48:00,Quinta-feira,Não
991,2015-09-03,2015,9,3,21:51:00,Quinta-feira,Não
992,2015-09-04,2015,9,4,08:58:00,Sexta-feira,Não
993,2015-09-04,2015,9,4,12:52:00,Sexta-feira,Não
994,2015-09-04,2015,9,4,12:56:00,Sexta-feira,Não
995,2015-09-04,2015,9,4,18:54:00,Sexta-feira,Não
996,2015-09-05,2015,9,5,11:20:00,Sábado,Sim
997,2015-09-05,2015,9,5,12:08:00,Sábado,Sim
998,2015-09-05,2015,9,5,13:39:00,Sábado,Sim
999,2015-09-05,2015,9,5,13:40:00,Sábado,Sim
1000,2015-09-05,2015,9,5,14:43:00,Sábado,Sim
1001,2015-09-05,2015,9,5,19:54:00,Sábado,Sim
1002,2015-09-05,2015,9,5,21:26:00,Sábado,Sim
1003,2015-09-05,2015,9,5,22:08:00,Sábado,Sim
1004,2015-09-05,2015,9,5,22:26:00,Sábado,Sim
1005,2015-09-06,2015,9,6,04:06:00,Domingo,Sim
1006,2015-09-06,2015,9,6,12:35:00,Domingo,Sim
1007,2015-09-06,2015,9,6,15:27:00,Domingo,Sim
1008,2015-09-06,2015,9,6,18:52:00,Domingo,Sim
1009,2015-09-06,2015,9,6,20:46:00,Domingo,Sim
1010,2015-09-06,2015,9,6,21:10:00,Domingo,Sim
1011,2015-09-06,2015,9,6,23:59:00,Domingo,Sim
1012,2015-09-07,2015,9,7,04:38:00,Segunda-feira,Não
1013,2015-09-07,2015,9,7,12:58:00,Segunda-feira,Não
1014,2015-09-07,2015,9,7,13:14:00,Segunda-feira,Não
1015,2015-09-08,2015,9,8,07:26:00,Terça-feira,Não
1016,2015-09-08,2015,9,8,08:32:00,Terça-feira,Não
1017,2015-09-08,2015,9,8,08:58:00,Terça-feira,Não
1018,2015-09-08,2015,9,8,11:57:00,Terça-feira,Não
1019,2015-09-08,2015,9,8,12:06:00,Terça-feira,Não
1020,2015-09-08,2015,9,8,17:15:00,Terça-feira,Não
1021,2015-09-08,2015,9,8,17:41:00,Terça-feira,Não
1022,2015-09-08,2015,9,8,21:29:00,Terça-feira,Não
1023,2015-09-09,2015,9,9,02:03:00,Quarta-feira,Não
1024,2015-09-09,2015,9,9,09:20:00,Quarta-feira,Não
1025,2015-09-09,2015,9,9,09:35:00,Quarta-feira,Não
1026,2015-09-09,2015,9,9,16:01:00,Quarta-feira,Não
1027,2015-09-09,2015,9,9,21:40:00,Quarta-feira,Não
1028,2015-09-09,2015,9,9,22:43:00,Quarta-feira,Não
1029,2015-09-10,2015,9,10,07:15:00,Quinta-feira,Não
1030,2015-09-10,2015,9,10,11:04:00,Quinta-feira,Não
1031,2015-09-10,2015,9,10,14:25:00,Quinta-feira,Não
1032,2015-09-10,2015,9,10,23:41:00,Quinta-feira,Não
1033,2015-09-11,2015,9,11,07:37:00,Sexta-feira,Não
1034,2015-09-11,2015,9,11,09:00:00,Sexta-feira,Não
1035,2015-09-11,2015,9,11,09:07:00,Sexta-feira,Não
1036,2015-09-11,2015,9,11,09:10:00,Sexta-feira,Não
1037,2015-09-11,2015,9,11,12:41:00,Sexta-feira,Não
1038,2015-09-11,2015,9,11,16:56:00,Sexta-feira,Não
1039,2015-09-11,2015,9,11,19:15:00,Sexta-feira,Não
1040,2015-09-11,2015,9,11,19:41:00,Sexta-feira,Não
1041,2015-09-11,2015,9,11,21:11:00,Sexta-feira,Não
1042,2015-09-12,2015,9,12,01:42:00,Sábado,Sim
1043,2015-09-12,2015,9,12,10:27:00,Sábado,Sim
1044,2015-09-12,2015,9,12,18:02:00,Sábado,Sim
1045,2015-09-13,2015,9,13,14:04:00,Domingo,Sim
1046,2015-09-13,2015,9,13,16:15:00,Domingo,Sim
1047,2015-09-13,2015,9,13,22:03:00,Domingo,Sim
1048,2015-09-14,2015,9,14,12:38:00,Segunda-feira,Não
1049,2015-09-14,2015,9,14,13:33:00,Segunda-feira,Não
1050,2015-09-14,2015,9,14,15:40:00,Segunda-feira,Não
1051,2015-09-14,2015,9,14,18:34:00,Segunda-feira,Não
1052,2015-09-14,2015,9,14,18:43:00,Segunda-feira,Não
1053,2015-09-14,2015,9,14,18:59:00,Segunda-feira,Não
1054,2015-09-14,2015,9,14,20:01:00,Segunda-feira,Não
1055,2015-09-14,2015,9,14,21:58:00,Segunda-feira,Não
1056,2015-09-15,2015,9,15,08:03:00,Terça-feira,Não
1057,2015-09-15,2015,9,15,08:15:00,Terça-feira,Não
1058,2015-09-15,2015,9,15,09:05:00,Terça-feira,Não
1059,2015-09-15,2015,9,15,10:59:00,Terça-feira,Não
1060,2015-09-15,2015,9,15,11:19:00,Terça-feira,Não
1061,2015-09-15,2015,9,15,12:27:00,Terça-feira,Não
1062,2015-09-15,2015,9,15,13:30:00,Terça-feira,Não
1063,2015-09-15,2015,9,15,13:49:00,Terça-feira,Não
1064,2015-09-15,2015,9,15,14:30:00,Terça-feira,Não
1065,2015-09-15,2015,9,15,14:43:00,Terça-feira,Não
1066,2015-09-15,2015,9,15,15:48:00,Terça-feira,Não
1067,2015-09-15,2015,9,15,16:31:00,Terça-feira,Não
1068,2015-09-15,2015,9,15,16:57:00,Terça-feira,Não
1069,2015-09-15,2015,9,15,17:58:00,Terça-feira,Não
1070,2015-09-15,2015,9,15,20:08:00,Terça-feira,Não
1071,2015-09-15,2015,9,15,21:25:00,Terça-feira,Não
1072,2015-09-15,2015,9,15,22:06:00,Terça-feira,Não
1073,2015-09-15,2015,9,15,22:28:00,Terça-feira,Não
1074,2015-09-16,2015,9,16,06:29:00,Quarta-feira,Não
1075,2015-09-16,2015,9,16,10:43:00,Quarta-feira,Não
1076,2015-09-16,2015,9,16,13:00:00,Quarta-feira,Não
1077,2015-09-16,2015,9,16,14:34:00,Quarta-feira,Não
1078,2015-09-16,2015,9,16,15:55:00,Quarta-feira,Não
1079,2015-09-16,2015,9,16,16:52:00,Quarta-feira,Não
1080,2015-09-16,2015,9,16,18:15:00,Quarta-feira,Não
1081,2015-09-16,2015,9,16,21:57:00,Quarta-feira,Não
1082,2015-09-17,2015,9,17,00:00:00,Quinta-feira,Não
1083,2015-09-17,2015,9,17,08:00:00,Quinta-feira,Não
1084,2015-09-17,2015,9,17,08:39:00,Quinta-feira,Não
1085,2015-09-17,2015,9,17,09:10:00,Quinta-feira,Não
1086,2015-09-17,2015,9,17,10:07:00,Quinta-feira,Não
1087,2015-09-17,2015,9,17,12:04:00,Quinta-feira,Não
1088,2015-09-17,2015,9,17,12:57:00,Quinta-feira,Não
1089,2015-09-17,2015,9,17,21:22:00,Quinta-feira,Não
1090,2015-09-18,2015,9,18,00:40:00,Sexta-feira,Não
1091,2015-09-18,2015,9,18,00:45:00,Sexta-feira,Não
1092,2015-09-18,2015,9,18,09:23:00,Sexta-feira,Não
1093,2015-09-18,2015,9,18,11:57:00,Sexta-feira,Não
1094,2015-09-18,2015,9,18,12:41:00,Sexta-feira,Não
1095,2015-09-18,2015,9,18,12:48:00,Sexta-feira,Não
1096,2015-09-18,2015,9,18,,Sexta-feira,Não
1097,2015-09-19,2015,9,19,07:18:00,Sábado,Sim
1098,2015-09-19,2015,9,19,08:34:00,Sábado,Sim
1099,2015-09-19,2015,9,19,10:08:00,Sábado,Sim
1100,2015-09-19,2015,9,19,13:00:00,Sábado,Sim
1101,2015-09-19,2015,9,19,14:04:00,Sábado,Sim
1102,2015-09-19,2015,9,19,17:31:00,Sábado,Sim
1103,2015-09-20,2015,9,20,05:49:00,Domingo,Sim
1104,2015-09-20,2015,9,20,07:02:00,Domingo,Sim
1105,2015-09-20,2015,9,20,07:04:00,Domingo,Sim
1106,2015-09-20,2015,9,20,12:44:00,Domingo,Sim
1107,2015-09-20,2015,9,20,21:42:00,Domingo,Sim
1108,2015-09-21,2015,9,21,10:35:00,Segunda-feira,Não
1109,2015-09-21,2015,9,21,10:38:00,Segunda-feira,Não
1110,2015-09-21,2015,9,21,12:15:00,Segunda-feira,Não
1111,2015-09-21,2015,9,21,12:17:00,Segunda-feira,Não
1112,2015-09-21,2015,9,21,23:16:00,Segunda-feira,Não
1113,2015-09-22,2015,9,22,06:02:00,Terça-feira,Não
1114,2015-09-22,2015,9,22,16:55:00,Terça-feira,Não
1115,2015-09-22,2015,9,22,18:21:00,Terça-feira,Não
1116,2015-09-22,2015,9,22,19:07:00,Terça-feira,Não
1117,2015-09-22,2015,9,22,19:53:00,Terça-feira,Não
1118,2015-09-22,2015,9,22,20:45:00,Terça-feira,Não
1119,2015-09-22,2015,9,22,22:21:00,Terça-feira,Não
1120,2015-09-23,2015,9,23,10:04:00,Quarta-feira,Não
1121,2015-09-23,2015,9,23,13:51:00,Quarta-feira,Não
1122,2015-09-23,2015,9,23,15:28:00,Quarta-feira,Não
1123,2015-09-23,2015,9,23,16:37:00,Quarta-feira,Não
1124,2015-09-23,2015,9,23,16:44:00,Quarta-feira,Não
1125,2015-09-23,2015,9,23,19:56:00,Quarta-feira,Não
1126,2015-09-24,2015,9,24,00:31:00,Quinta-feira,Não
1127,2015-09-24,2015,9,24,06:23:00,Quinta-feira,Não
1128,2015-09-24,2015,9,24,07:22:00,Quinta-feira,Não
1129,2015-09-24,2015,9,24,07:40:00,Quinta-feira,Não
1130,2015-09-24,2015,9,24,07:58:00,Quinta-feira,Não
1131,2015-09-24,2015,9,24,14:48:00,Quinta-feira,Não
1132,2015-09-24,2015,9,24,16:19:00,Quinta-feira,Não
1133,2015-09-25,2015,9,25,07:54:00,Sexta-feira,Não
1134,2015-09-25,2015,9,25,09:25:00,Sexta-feira,Não
1135,2015-09-25,2015,9,25,09:31:00,Sexta-feira,Não
1136,2015-09-25,2015,9,25,12:21:00,Sexta-feira,Não
1137,2015-09-25,2015,9,25,14:20:00,Sexta-feira,Não
1138,2015-09-25,2015,9,25,16:45:00,Sexta-feira,Não
1139,2015-09-25,2015,9,25,16:46:00,Sexta-feira,Não
1140,2015-09-25,2015,9,25,17:28:00,Sexta-feira,Não
1141,2015-09-25,2015,9,25,23:08:00,Sexta-feira,Não
1142,2015-09-26,2015,9,26,02:01:00,Sábado,Sim
1143,2015-09-26,2015,9,26,05:40:00,Sábado,Sim
1144,2015-09-26,2015,9,26,13:20:00,Sábado,Sim
1145,2015-09-26,2015,9,26,16:51:00,Sábado,Sim
1146,2015-09-26,2015,9,26,17:23:00,Sábado,Sim
1147,2015-09-26,2015,9,26,19:36:00,Sábado,Sim
1148,2015-09-26,2015,9,26,19:37:00,Sábado,Sim
1149,2015-09-26,2015,9,26,20:19:00,Sábado,Sim
1150,2015-09-26,2015,9,26,21:03:00,Sábado,Sim
1151,2015-09-27,2015,9,27,00:54:00,Domingo,Sim
1152,2015-09-27,2015,9,27,08:48:00,Domingo,Sim
1153,2015-09-27,2015,9,27,10:50:00,Domingo,Sim
1154,2015-09-27,2015,9,27,15:08:00,Domingo,Sim
1155,2015-09-27,2015,9,27,23:42:00,Domingo,Sim
1156,2015-09-28,2015,9,28,02:15:00,Segunda-feira,Não
1157,2015-09-28,2015,9,28,06:58:00,Segunda-feira,Não
1158,2015-09-28,2015,9,28,08:51:00,Segunda-feira,Não
1159,2015-09-28,2015,9,28,08:54:00,Segunda-feira,Não
1160,2015-09-28,2015,9,28,16:42:00,Segunda-feira,Não
1161,2015-09-28,2015,9,28,19:37:00,Segunda-feira,Não
1162,2015-09-28,2015,9,28,22:48:00,Segunda-feira,Não
1163,2015-09-29,2015,9,29,07:15:00,Terça-feira,Não
1164,2015-09-29,2015,9,29,08:18:00,Terça-feira,Não
1165,2015-09-29,2015,9,29,09:09:00,Terça-feira,Não
1166,2015-09-29,2015,9,29,13:37:00,Terça-feira,Não
1167,2015-09-29,2015,9,29,15:39:00,Terça-feira,Não
1168,2015-09-29,2015,9,29,15:43:00,Terça-feira,Não
1169,2015-09-29,2015,9,29,15:47:00,Terça-feira,Não
1170,2015-09-29,2015,9,29,16:03:00,Terça-feira,Não
1171,2015-09-29,2015,9,29,17:52:00,Terça-feira,Não
1172,2015-09-30,2015,9,30,08:33:00,Quarta-feira,Não
1173,2015-09-30,2015,9,30,09:51:00,Quarta-feira,Não
1174,2015-09-30,2015,9,30,14:38:00,Quarta-feira,Não
1175,2015-09-30,2015,9,30,14:39:00,Quarta-feira,Não
1176,2015-09-30,2015,9,30,19:50:00,Quarta-feira,Não
1177,2015-09-30,2015,9,30,20:57:00,Quarta-feira,Não
1178,2015-10-01,2015,10,1,09:30:00,Quinta-feira,Não
1179,2015-10-01,2015,10,1,15:41:00,Quinta-feira,Não
1180,2015-10-01,2015,10,1,18:36:00,Quinta-feira,Não
1181,2015-10-01,2015,10,1,22:14:00,Quinta-feira,Não
1182,2015-10-02,2015,10,2,01:34:00,Sexta-feira,Não
1183,2015-10-02,2015,10,2,07:04:00,Sexta-feira,Não
1184,2015-10-02,2015,10,2,07:12:00,Sexta-feira,Não
1185,2015-10-02,2015,10,2,08:48:00,Sexta-feira,Não
1186,2015-10-02,2015,10,2,08:53:00,Sexta-feira,Não
1187,2015-10-02,2015,10,2,12:10:00,Sexta-feira,Não
1188,2015-10-02,2015,10,2,13:30:00,Sexta-feira,Não
1189,2015-10-02,2015,10,2,13:32:00,Sexta-feira,Não
1190,2015-10-02,2015,10,2,15:17:00,Sexta-feira,Não
1191,2015-10-02,2015,10,2,16:24:00,Sexta-feira,Não
1192,2015-10-02,2015,10,2,16:32:00,Sexta-feira,Não
1193,2015-10-02,2015,10,2,16:33:00,Sexta-feira,Não
1194,2015-10-02,2015,10,2,16:53:00,Sexta-feira,Não
1195,2015-10-02,2015,10,2,17:58:00,Sexta-feira,Não
1196,2015-10-02,2015,10,2,19:31:00,Sexta-feira,Não
1197,2015-10-02,2015,10,2,21:42:00,Sexta-feira,Não
1198,2015-10-03,2015,10,3,07:19:00,Sábado,Sim
1199,2015-10-03,2015,10,3,08:56:00,Sábado,Sim
1200,2015-10-03,2015,10,3,11:32:00,Sábado,Sim
1201,2015-10-03,2015,10,3,12:13:00,Sábado,Sim
1202,2015-10-03,2015,10,3,13:12:00,Sábado,Sim
1203,2015-10-03,2015,10,3,21:45:00,Sábado,Sim
1204,2015-10-04,2015,10,4,02:03:00,Domingo,Sim
1205,2015-10-04,2015,10,4,13:24:00,Domingo,Sim
1206,2015-10-04,2015,10,4,19:49:00,Domingo,Sim
1207,2015-10-04,2015,10,4,21:17:00,Domingo,Sim
1208,2015-10-04,2015,10,4,22:27:00,Domingo,Sim
1209,2015-10-04,2015,10,4,22:40:00,Domingo,Sim
1210,2015-10-05,2015,10,5,09:09:00,Segunda-feira,Não
1211,2015-10-05,2015,10,5,18:56:00,Segunda-feira,Não
1212,2015-10-05,2015,10,5,20:16:00,Segunda-feira,Não
1213,2015-10-05,2015,10,5,20:39:00,Segunda-feira,Não
1214,2015-10-06,2015,10,6,08:24:00,Terça-feira,Não
1215,2015-10-06,2015,10,6,10:23:00,Terça-feira,Não
1216,2015-10-06,2015,10,6,11:36:00,Terça-feira,Não
1217,2015-10-06,2015,10,6,12:29:00,Terça-feira,Não
1218,2015-10-06,2015,10,6,15:57:00,Terça-feira,Não
1219,2015-10-06,2015,10,6,17:39:00,Terça-feira,Não
1220,2015-10-06,2015,10,6,19:33:00,Terça-feira,Não
1221,2015-10-06,2015,10,6,21:35:00,Terça-feira,Não
1222,2015-10-07,2015,10,7,08:51:00,Quarta-feira,Não
1223,2015-10-07,2015,10,7,12:10:00,Quarta-feira,Não
1224,2015-10-07,2015,10,7,13:28:00,Quarta-feira,Não
1225,2015-10-07,2015,10,7,17:26:00,Quarta-feira,Não
1226,2015-10-07,2015,10,7,19:37:00,Quarta-feira,Não
1227,2015-10-07,2015,10,7,20:21:00,Quarta-feira,Não
1228,2015-10-07,2015,10,7,21:06:00,Quarta-feira,Não
1229,2015-10-08,2015,10,8,07:56:00,Quinta-feira,Não
1230,2015-10-08,2015,10,8,08:14:00,Quinta-feira,Não
1231,2015-10-08,2015,10,8,13:32:00,Quinta-feira,Não
1232,2015-10-08,2015,10,8,14:11:00,Quinta-feira,Não
1233,2015-10-08,2015,10,8,14:29:00,Quinta-feira,Não
1234,2015-10-08,2015,10,8,16:39:00,Quinta-feira,Não
1235,2015-10-08,2015,10,8,16:52:00,Quinta-feira,Não
1236,2015-10-08,2015,10,8,19:35:00,Quinta-feira,Não
1237,2015-10-08,2015,10,8,19:54:00,Quinta-feira,Não
1238,2015-10-08,2015,10,8,20:10:00,Quinta-feira,Não
1239,2015-10-08,2015,10,8,20:32:00,Quinta-feira,Não
1240,2015-10-08,2015,10,8,20:39:00,Quinta-feira,Não
1241,2015-10-08,2015,10,8,20:43:00,Quinta-feira,Não
1242,2015-10-08,2015,10,8,23:55:00,Quinta-feira,Não
1243,2015-10-09,2015,10,9,09:03:00,Sexta-feira,Não
1244,2015-10-09,2015,10,9,12:16:00,Sexta-feira,Não
1245,2015-10-09,2015,10,9,12:23:00,Sexta-feira,Não
1246,2015-10-09,2015,10,9,13:41:00,Sexta-feira,Não
1247,2015-10-09,2015,10,9,14:16:00,Sexta-feira,Não
1248,2015-10-09,2015,10,9,16:59:00,Sexta-feira,Não
1249,2015-10-09,2015,10,9,17:33:00,Sexta-feira,Não
1250,2015-10-09,2015,10,9,19:15:00,Sexta-feira,Não
1251,2015-10-09,2015,10,9,21:24:00,Sexta-feira,Não
1252,2015-10-09,2015,10,9,22:56:00,Sexta-feira,Não
1253,2015-10-10,2015,10,10,03:28:00,Sábado,Sim
1254,2015-10-10,2015,10,10,08:54:00,Sábado,Sim
1255,2015-10-10,2015,10,10,08:57:00,Sábado,Sim
1256,2015-10-10,2015,10,10,11:38:00,Sábado,Sim
1257,2015-10-10,2015,10,10,14:00:00,Sábado,Sim
1258,2015-10-10,2015,10,10,14:04:00,Sábado,Sim
1259,2015-10-11,2015,10,11,03:09:00,Domingo,Sim
1260,2015-10-11,2015,10,11,05:39:00,Domingo,Sim
1261,2015-10-11,2015,10,11,06:54:00,Domingo,Sim
1262,2015-10-11,2015,10,11,22:41:00,Domingo,Sim
1263,2015-10-12,2015,10,12,03:59:00,Segunda-feira,Não
1264,2015-10-12,2015,10,12,08:05:00,Segunda-feira,Não
1265,2015-10-12,2015,10,12,10:12:00,Segunda-feira,Não
1266,2015-10-12,2015,10,12,13:26:00,Segunda-feira,Não
1267,2015-10-12,2015,10,12,14:56:00,Segunda-feira,Não
1268,2015-10-12,2015,10,12,19:25:00,Segunda-feira,Não
1269,2015-10-12,2015,10,12,19:46:00,Segunda-feira,Não
1270,2015-10-13,2015,10,13,07:08:00,Terça-feira,Não
1271,2015-10-13,2015,10,13,07:12:00,Terça-feira,Não
1272,2015-10-13,2015,10,13,07:46:00,Terça-feira,Não
1273,2015-10-13,2015,10,13,08:24:00,Terça-feira,Não
1274,2015-10-13,2015,10,13,08:36:00,Terça-feira,Não
1275,2015-10-13,2015,10,13,09:26:00,Terça-feira,Não
1276,2015-10-13,2015,10,13,12:34:00,Terça-feira,Não
1277,2015-10-13,2015,10,13,14:11:00,Terça-feira,Não
1278,2015-10-13,2015,10,13,14:47:00,Terça-feira,Não
1279,2015-10-13,2015,10,13,17:45:00,Terça-feira,Não
1280,2015-10-13,2015,10,13,18:04:00,Terça-feira,Não
1281,2015-10-13,2015,10,13,22:18:00,Terça-feira,Não
1282,2015-10-14,2015,10,14,07:57:00,Quarta-feira,Não
1283,2015-10-14,2015,10,14,08:15:00,Quarta-feira,Não
1284,2015-10-14,2015,10,14,08:20:00,Quarta-feira,Não
1285,2015-10-14,2015,10,14,11:35:00,Quarta-feira,Não
1286,2015-10-14,2015,10,14,14:51:00,Quarta-feira,Não
1287,2015-10-14,2015,10,14,17:35:00,Quarta-feira,Não
1288,2015-10-14,2015,10,14,20:28:00,Quarta-feira,Não
1289,2015-10-15,2015,10,15,00:07:00,Quinta-feira,Não
1290,2015-10-15,2015,10,15,02:40:00,Quinta-feira,Não
1291,2015-10-15,2015,10,15,10:03:00,Quinta-feira,Não
1292,2015-10-15,2015,10,15,12:43:00,Quinta-feira,Não
1293,2015-10-15,2015,10,15,20:09:00,Quinta-feira,Não
1294,2015-10-15,2015,10,15,22:13:00,Quinta-feira,Não
1295,2015-10-16,2015,10,16,10:15:00,Sexta-feira,Não
1296,2015-10-16,2015,10,16,11:24:00,Sexta-feira,Não
1297,2015-10-16,2015,10,16,15:11:00,Sexta-feira,Não
1298,2015-10-16,2015,10,16,15:24:00,Sexta-feira,Não
1299,2015-10-16,2015,10,16,16:00:00,Sexta-feira,Não
1300,2015-10-16,2015,10,16,17:00:00,Sexta-feira,Não
1301,2015-10-16,2015,10,16,17:05:00,Sexta-feira,Não
1302,2015-10-16,2015,10,16,18:27:00,Sexta-feira,Não
1303,2015-10-16,2015,10,16,18:45:00,Sexta-feira,Não
1304,2015-10-16,2015,10,16,18:48:00,Sexta-feira,Não
1305,2015-10-16,2015,10,16,19:48:00,Sexta-feira,Não
1306,2015-10-16,2015,10,16,22:39:00,Sexta-feira,Não
1307,2015-10-17,2015,10,17,01:23:00,Sábado,Sim
1308,2015-10-17,2015,10,17,15:21:00,Sábado,Sim
1309,2015-10-17,2015,10,17,17:29:00,Sábado,Sim
1310,2015-10-17,2015,10,17,20:29:00,Sábado,Sim
1311,2015-10-18,2015,10,18,00:59:00,Domingo,Sim
1312,2015-10-18,2015,10,18,01:08:00,Domingo,Sim
1313,2015-10-18,2015,10,18,07:00:00,Domingo,Sim
1314,2015-10-18,2015,10,18,07:38:00,Domingo,Sim
1315,2015-10-18,2015,10,18,10:09:00,Domingo,Sim
1316,2015-10-18,2015,10,18,11:28:00,Domingo,Sim
1317,2015-10-18,2015,10,18,11:46:00,Domingo,Sim
1318,2015-10-18,2015,10,18,15:03:00,Domingo,Sim
1319,2015-10-18,2015,10,18,16:10:00,Domingo,Sim
1320,2015-10-18,2015,10,18,21:18:00,Domingo,Sim
1321,2015-10-18,2015,10,18,23:53:00,Domingo,Sim
1322,2015-10-19,2015,10,19,08:28:00,Segunda-feira,Não
1323,2015-10-19,2015,10,19,22:42:00,Segunda-feira,Não
1324,2015-10-20,2015,10,20,00:14:00,Terça-feira,Não
1325,2015-10-20,2015,10,20,11:25:00,Terça-feira,Não
1326,2015-10-20,2015,10,20,12:02:00,Terça-feira,Não
1327,2015-10-20,2015,10,20,13:16:00,Terça-feira,Não
1328,2015-10-20,2015,10,20,14:56:00,Terça-feira,Não
1329,2015-10-21,2015,10,21,08:24:00,Quarta-feira,Não
1330,2015-10-21,2015,10,21,12:49:00,Quarta-feira,Não
1331,2015-10-21,2015,10,21,19:07:00,Quarta-feira,Não
1332,2015-10-22,2015,10,22,08:07:00,Quinta-feira,Não
1333,2015-10-22,2015,10,22,08:14:00,Quinta-feira,Não
1334,2015-10-22,2015,10,22,08:28:00,Quinta-feira,Não
1335,2015-10-22,2015,10,22,11:11:00,Quinta-feira,Não
1336,2015-10-22,2015,10,22,11:44:00,Quinta-feira,Não
1337,2015-10-22,2015,10,22,12:30:00,Quinta-feira,Não
1338,2015-10-22,2015,10,22,15:36:00,Quinta-feira,Não
1339,2015-10-22,2015,10,22,19:33:00,Quinta-feira,Não
1340,2015-10-22,2015,10,22,21:02:00,Quinta-feira,Não
1341,2015-10-23,2015,10,23,06:59:00,Sexta-feira,Não
1342,2015-10-23,2015,10,23,07:28:00,Sexta-feira,Não
1343,2015-10-23,2015,10,23,09:38:00,Sexta-feira,Não
1344,2015-10-23,2015,10,23,09:40:00,Sexta-feira,Não
1345,2015-10-23,2015,10,23,09:55:00,Sexta-feira,Não
1346,2015-10-23,2015,10,23,10:43:00,Sexta-feira,Não
1347,2015-10-23,2015,10,23,13:46:00,Sexta-feira,Não
1348,2015-10-23,2015,10,23,15:52:00,Sexta-feira,Não
1349,2015-10-23,2015,10,23,16:40:00,Sexta-feira,Não
1350,2015-10-23,2015,10,23,16:47:00,Sexta-feira,Não
1351,2015-10-24,2015,10,24,00:34:00,Sábado,Sim
1352,2015-10-24,2015,10,24,08:13:00,Sábado,Sim
1353,2015-10-24,2015,10,24,10:30:00,Sábado,Sim
1354,2015-10-24,2015,10,24,15:06:00,Sábado,Sim
1355,2015-10-24,2015,10,24,20:55:00,Sábado,Sim
1356,2015-10-24,2015,10,24,22:28:00,Sábado,Sim
1357,2015-10-24,2015,10,24,23:31:00,Sábado,Sim
1358,2015-10-26,2015,10,26,04:16:00,Segunda-feira,Não
1359,2015-10-26,2015,10,26,06:24:00,Segunda-feira,Não
1360,2015-10-26,2015,10,26,09:00:00,Segunda-feira,Não
1361,2015-10-26,2015,10,26,10:50:00,Segunda-feira,Não
1362,2015-10-26,2015,10,26,14:26:00,Segunda-feira,Não
1363,2015-10-26,2015,10,26,14:40:00,Segunda-feira,Não
1364,2015-10-26,2015,10,26,14:46:00,Segunda-feira,Não
1365,2015-10-26,2015,10,26,16:21:00,Segunda-feira,Não
1366,2015-10-26,2015,10,26,18:36:00,Segunda-feira,Não
1367,2015-10-26,2015,10,26,19:41:00,Segunda-feira,Não
1368,2015-10-26,2015,10,26,19:56:00,Segunda-feira,Não
1369,2015-10-26,2015,10,26,21:31:00,Segunda-feira,Não
1370,2015-10-26,2015,10,26,22:52:00,Segunda-feira,Não
1371,2015-10-27,2015,10,27,06:38:00,Terça-feira,Não
1372,2015-10-27,2015,10,27,10:00:00,Terça-feira,Não
1373,2015-10-27,2015,10,27,14:55:00,Terça-feira,Não
1374,2015-10-27,2015,10,27,16:44:00,Terça-feira,Não
1375,2015-10-27,2015,10,27,16:51:00,Terça-feira,Não
1376,2015-10-27,2015,10,27,20:08:00,Terça-feira,Não
1377,2015-10-27,2015,10,27,21:03:00,Terça-feira,Não
1378,2015-10-28,2015,10,28,08:59:00,Quarta-feira,Não
1379,2015-10-28,2015,10,28,13:21:00,Quarta-feira,Não
1380,2015-10-28,2015,10,28,14:02:00,Quarta-feira,Não
1381,2015-10-28,2015,10,28,15:14:00,Quarta-feira,Não
1382,2015-10-28,2015,10,28,15:34:00,Quarta-feira,Não
1383,2015-10-28,2015,10,28,15:53:00,Quarta-feira,Não
1384,2015-10-28,2015,10,28,17:01:00,Quarta-feira,Não
1385,2015-10-28,2015,10,28,18:46:00,Quarta-feira,Não
1386,2015-10-29,2015,10,29,01:53:00,Quinta-feira,Não
1387,2015-10-29,2015,10,29,09:14:00,Quinta-feira,Não
1388,2015-10-29,2015,10,29,12:39:00,Quinta-feira,Não
1389,2015-10-29,2015,10,29,14:58:00,Quinta-feira,Não
1390,2015-10-29,2015,10,29,16:44:00,Quinta-feira,Não
1391,2015-10-29,2015,10,29,17:30:00,Quinta-feira,Não
1392,2015-10-29,2015,10,29,23:07:00,Quinta-feira,Não
1393,2015-10-30,2015,10,30,08:09:00,Sexta-feira,Não
1394,2015-10-30,2015,10,30,14:19:00,Sexta-feira,Não
1395,2015-10-30,2015,10,30,17:26:00,Sexta-feira,Não
1396,2015-10-30,2015,10,30,18:32:00,Sexta-feira,Não
1397,2015-10-31,2015,10,31,05:27:00,Sábado,Sim
1398,2015-10-31,2015,10,31,07:19:00,Sábado,Sim
1399,2015-10-31,2015,10,31,08:17:00,Sábado,Sim
1400,2015-10-31,2015,10,31,15:14:00,Sábado,Sim
1401,2015-10-31,2015,10,31,17:22:00,Sábado,Sim
1402,2015-11-01,2015,11,1,05:17:00,Domingo,Sim
1403,2015-11-01,2015,11,1,07:47:00,Domingo,Sim
1404,2015-11-01,2015,11,1,13:18:00,Domingo,Sim
1405,2015-11-01,2015,11,1,22:08:00,Domingo,Sim
1406,2015-11-02,2015,11,2,19:30:00,Segunda-feira,Não
1407,2015-11-03,2015,11,3,06:48:00,Terça-feira,Não
1408,2015-11-03,2015,11,3,08:16:00,Terça-feira,Não
1409,2015-11-03,2015,11,3,08:34:00,Terça-feira,Não
1410,2015-11-03,2015,11,3,09:34:00,Terça-feira,Não
1411,2015-11-03,2015,11,3,14:34:00,Terça-feira,Não
1412,2015-11-03,2015,11,3,18:05:00,Terça-feira,Não
1413,2015-11-03,2015,11,3,20:41:00,Terça-feira,Não
1414,2015-11-03,2015,11,3,23:52:00,Terça-feira,Não
1415,2015-11-04,2015,11,4,00:41:00,Quarta-feira,Não
1416,2015-11-04,2015,11,4,06:17:00,Quarta-feira,Não
1417,2015-11-04,2015,11,4,07:09:00,Quarta-feira,Não
1418,2015-11-04,2015,11,4,07:52:00,Quarta-feira,Não
1419,2015-11-04,2015,11,4,14:36:00,Quarta-feira,Não
1420,2015-11-04,2015,11,4,16:07:00,Quarta-feira,Não
1421,2015-11-04,2015,11,4,16:18:00,Quarta-feira,Não
1422,2015-11-04,2015,11,4,20:45:00,Quarta-feira,Não
1423,2015-11-05,2015,11,5,09:28:00,Quinta-feira,Não
1424,2015-11-05,2015,11,5,12:14:00,Quinta-feira,Não
1425,2015-11-05,2015,11,5,13:02:00,Quinta-feira,Não
1426,2015-11-05,2015,11,5,19:56:00,Quinta-feira,Não
1427,2015-11-05,2015,11,5,19:57:00,Quinta-feira,Não
1428,2015-11-05,2015,11,5,21:17:00,Quinta-feira,Não
1429,2015-11-05,2015,11,5,23:38:00,Quinta-feira,Não
1430,2015-11-06,2015,11,6,08:39:00,Sexta-feira,Não
1431,2015-11-06,2015,11,6,09:45:00,Sexta-feira,Não
1432,2015-11-06,2015,11,6,10:02:00,Sexta-feira,Não
1433,2015-11-06,2015,11,6,10:23:00,Sexta-feira,Não
1434,2015-11-06,2015,11,6,14:06:00,Sexta-feira,Não
1435,2015-11-06,2015,11,6,15:18:00,Sexta-feira,Não
1436,2015-11-06,2015,11,6,15:27:00,Sexta-feira,Não
1437,2015-11-06,2015,11,6,20:19:00,Sexta-feira,Não
1438,2015-11-07,2015,11,7,06:52:00,Sábado,Sim
1439,2015-11-07,2015,11,7,07:41:00,Sábado,Sim
1440,2015-11-07,2015,11,7,19:16:00,Sábado,Sim
1441,2015-11-08,2015,11,8,13:45:00,Domingo,Sim
1442,2015-11-08,2015,11,8,14:00:00,Domingo,Sim
1443,2015-11-08,2015,11,8,21:39:00,Domingo,Sim
1444,2015-11-09,2015,11,9,01:34:00,Segunda-feira,Não
1445,2015-11-09,2015,11,9,07:05:00,Segunda-feira,Não
1446,2015-11-09,2015,11,9,08:34:00,Segunda-feira,Não
1447,2015-11-09,2015,11,9,10:45:00,Segunda-feira,Não
1448,2015-11-09,2015,11,9,11:09:00,Segunda-feira,Não
1449,2015-11-09,2015,11,9,13:17:00,Segunda-feira,Não
1450,2015-11-09,2015,11,9,14:24:00,Segunda-feira,Não
1451,2015-11-09,2015,11,9,14:52:00,Segunda-feira,Não
1452,2015-11-09,2015,11,9,17:18:00,Segunda-feira,Não
1453,2015-11-09,2015,11,9,19:16:00,Segunda-feira,Não
1454,2015-11-09,2015,11,9,21:22:00,Segunda-feira,Não
1455,2015-11-09,2015,11,9,22:01:00,Segunda-feira,Não
1456,2015-11-10,2015,11,10,06:18:00,Terça-feira,Não
1457,2015-11-10,2015,11,10,07:22:00,Terça-feira,Não
1458,2015-11-10,2015,11,10,08:44:00,Terça-feira,Não
1459,2015-11-10,2015,11,10,09:55:00,Terça-feira,Não
1460,2015-11-10,2015,11,10,15:51:00,Terça-feira,Não
1461,2015-11-10,2015,11,10,18:02:00,Terça-feira,Não
1462,2015-11-10,2015,11,10,19:00:00,Terça-feira,Não
1463,2015-11-10,2015,11,10,23:12:00,Terça-feira,Não
1464,2015-11-11,2015,11,11,14:23:00,Quarta-feira,Não
1465,2015-11-11,2015,11,11,14:54:00,Quarta-feira,Não
1466,2015-11-11,2015,11,11,15:36:00,Quarta-feira,Não
1467,2015-11-11,2015,11,11,15:38:00,Quarta-feira,Não
1468,2015-11-11,2015,11,11,15:59:00,Quarta-feira,Não
1469,2015-11-11,2015,11,11,19:30:00,Quarta-feira,Não
1470,2015-11-11,2015,11,11,19:33:00,Quarta-feira,Não
1471,2015-11-12,2015,11,12,19:26:00,Quinta-feira,Não
1472,2015-11-12,2015,11,12,20:59:00,Quinta-feira,Não
1473,2015-11-13,2015,11,13,07:02:00,Sexta-feira,Não
1474,2015-11-13,2015,11,13,07:49:00,Sexta-feira,Não
1475,2015-11-13,2015,11,13,08:01:00,Sexta-feira,Não
1476,2015-11-13,2015,11,13,08:04:00,Sexta-feira,Não
1477,2015-11-13,2015,11,13,08:08:00,Sexta-feira,Não
1478,2015-11-13,2015,11,13,08:39:00,Sexta-feira,Não
1479,2015-11-13,2015,11,13,14:11:00,Sexta-feira,Não
1480,2015-11-13,2015,11,13,16:23:00,Sexta-feira,Não
1481,2015-11-13,2015,11,13,18:24:00,Sexta-feira,Não
1482,2015-11-13,2015,11,13,19:29:00,Sexta-feira,Não
1483,2015-11-13,2015,11,13,23:13:00,Sexta-feira,Não
1484,2015-11-14,2015,11,14,05:20:00,Sábado,Sim
1485,2015-11-14,2015,11,14,09:30:00,Sábado,Sim
1486,2015-11-14,2015,11,14,09:46:00,Sábado,Sim
1487,2015-11-14,2015,11,14,10:56:00,Sábado,Sim
1488,2015-11-14,2015,11,14,14:30:00,Sábado,Sim
1489,2015-11-14,2015,11,14,15:32:00,Sábado,Sim
1490,2015-11-14,2015,11,14,20:51:00,Sábado,Sim
1491,2015-11-14,2015,11,14,21:18:00,Sábado,Sim
1492,2015-11-15,2015,11,15,00:54:00,Domingo,Sim
1493,2015-11-15,2015,11,15,11:40:00,Domingo,Sim
1494,2015-11-15,2015,11,15,15:33:00,Domingo,Sim
1495,2015-11-15,2015,11,15,16:38:00,Domingo,Sim
1496,2015-11-15,2015,11,15,20:37:00,Domingo,Sim
1497,2015-11-16,2015,11,16,11:55:00,Segunda-feira,Não
1498,2015-11-16,2015,11,16,14:08:00,Segunda-feira,Não
1499,2015-11-16,2015,11,16,16:00:00,Segunda-feira,Não
1500,2015-11-16,2015,11,16,17:37:00,Segunda-feira,Não
1501,2015-11-16,2015,11,16,19:09:00,Segunda-feira,Não
1502,2015-11-17,2015,11,17,06:33:00,Terça-feira,Não
1503,2015-11-17,2015,11,17,08:20:00,Terça-feira,Não
1504,2015-11-17,2015,11,17,08:24:00,Terça-feira,Não
1505,2015-11-17,2015,11,17,08:55:00,Terça-feira,Não
1506,2015-11-17,2015,11,17,09:34:00,Terça-feira,Não
1507,2015-11-17,2015,11,17,10:02:00,Terça-feira,Não
1508,2015-11-17,2015,11,17,15:21:00,Terça-feira,Não
1509,2015-11-17,2015,11,17,17:10:00,Terça-feira,Não
1510,2015-11-17,2015,11,17,17:12:00,Terça-feira,Não
1511,2015-11-17,2015,11,17,18:05:00,Terça-feira,Não
1512,2015-11-17,2015,11,17,20:53:00,Terça-feira,Não
1513,2015-11-18,2015,11,18,10:42:00,Quarta-feira,Não
1514,2015-11-18,2015,11,18,11:04:00,Quarta-feira,Não
1515,2015-11-18,2015,11,18,14:05:00,Quarta-feira,Não
1516,2015-11-19,2015,11,19,07:10:00,Quinta-feira,Não
1517,2015-11-19,2015,11,19,07:42:00,Quinta-feira,Não
1518,2015-11-19,2015,11,19,12:28:00,Quinta-feira,Não
1519,2015-11-19,2015,11,19,14:01:00,Quinta-feira,Não
1520,2015-11-19,2015,11,19,14:02:00,Quinta-feira,Não
1521,2015-11-19,2015,11,19,17:15:00,Quinta-feira,Não
1522,2015-11-19,2015,11,19,21:45:00,Quinta-feira,Não
1523,2015-11-19,2015,11,19,22:02:00,Quinta-feira,Não
1524,2015-11-20,2015,11,20,01:31:00,Sexta-feira,Não
1525,2015-11-20,2015,11,20,07:49:00,Sexta-feira,Não
1526,2015-11-20,2015,11,20,11:30:00,Sexta-feira,Não
1527,2015-11-20,2015,11,20,14:26:00,Sexta-feira,Não
1528,2015-11-20,2015,11,20,20:20:00,Sexta-feira,Não
1529,2015-11-21,2015,11,21,09:18:00,Sábado,Sim
1530,2015-11-21,2015,11,21,12:17:00,Sábado,Sim
1531,2015-11-21,2015,11,21,14:37:00,Sábado,Sim
1532,2015-11-21,2015,11,21,21:04:00,Sábado,Sim
1533,2015-11-21,2015,11,21,21:05:00,Sábado,Sim
1534,2015-11-22,2015,11,22,01:13:00,Domingo,Sim
1535,2015-11-22,2015,11,22,04:51:00,Domingo,Sim
1536,2015-11-22,2015,11,22,13:06:00,Domingo,Sim
1537,2015-11-22,2015,11,22,18:02:00,Domingo,Sim
1538,2015-11-22,2015,11,22,21:08:00,Domingo,Sim
1539,2015-11-22,2015,11,22,21:47:00,Domingo,Sim
1540,2015-11-22,2015,11,22,22:30:00,Domingo,Sim
1541,2015-11-22,2015,11,22,23:01:00,Domingo,Sim
1542,2015-11-23,2015,11,23,06:33:00,Segunda-feira,Não
1543,2015-11-23,2015,11,23,07:55:00,Segunda-feira,Não
1544,2015-11-23,2015,11,23,08:54:00,Segunda-feira,Não
1545,2015-11-23,2015,11,23,14:31:00,Segunda-feira,Não
1546,2015-11-23,2015,11,23,22:59:00,Segunda-feira,Não
1547,2015-11-24,2015,11,24,07:19:00,Terça-feira,Não
1548,2015-11-24,2015,11,24,10:28:00,Terça-feira,Não
1549,2015-11-24,2015,11,24,10:40:00,Terça-feira,Não
1550,2015-11-24,2015,11,24,10:46:00,Terça-feira,Não
1551,2015-11-24,2015,11,24,17:43:00,Terça-feira,Não
1552,2015-11-24,2015,11,24,18:41:00,Terça-feira,Não
1553,2015-11-24,2015,11,24,20:06:00,Terça-feira,Não
1554,2015-11-24,2015,11,24,21:50:00,Terça-feira,Não
1555,2015-11-24,2015,11,24,21:55:00,Terça-feira,Não
1556,2015-11-24,2015,11,24,23:20:00,Terça-feira,Não
1557,2015-11-25,2015,11,25,09:37:00,Quarta-feira,Não
1558,2015-11-25,2015,11,25,10:29:00,Quarta-feira,Não
1559,2015-11-25,2015,11,25,12:09:00,Quarta-feira,Não
1560,2015-11-25,2015,11,25,14:55:00,Quarta-feira,Não
1561,2015-11-25,2015,11,25,17:53:00,Quarta-feira,Não
1562,2015-11-25,2015,11,25,20:02:00,Quarta-feira,Não
1563,2015-11-25,2015,11,25,21:51:00,Quarta-feira,Não
1564,2015-11-25,2015,11,25,22:05:00,Quarta-feira,Não
1565,2015-11-26,2015,11,26,10:00:00,Quinta-feira,Não
1566,2015-11-26,2015,11,26,11:24:00,Quinta-feira,Não
1567,2015-11-26,2015,11,26,13:00:00,Quinta-feira,Não
1568,2015-11-26,2015,11,26,17:24:00,Quinta-feira,Não
1569,2015-11-26,2015,11,26,17:32:00,Quinta-feira,Não
1570,2015-11-27,2015,11,27,08:40:00,Sexta-feira,Não
1571,2015-11-27,2015,11,27,12:34:00,Sexta-feira,Não
1572,2015-11-27,2015,11,27,13:58:00,Sexta-feira,Não
1573,2015-11-27,2015,11,27,18:39:00,Sexta-feira,Não
1574,2015-11-27,2015,11,27,18:46:00,Sexta-feira,Não
1575,2015-11-27,2015,11,27,19:46:00,Sexta-feira,Não
1576,2015-11-27,2015,11,27,20:34:00,Sexta-feira,Não
1577,2015-11-28,2015,11,28,06:15:00,Sábado,Sim
1578,2015-11-28,2015,11,28,06:33:00,Sábado,Sim
1579,2015-11-28,2015,11,28,09:13:00,Sábado,Sim
1580,2015-11-28,2015,11,28,09:18:00,Sábado,Sim
1581,2015-11-28,2015,11,28,17:26:00,Sábado,Sim
1582,2015-11-28,2015,11,28,22:44:00,Sábado,Sim
1583,2015-11-29,2015,11,29,05:41:00,Domingo,Sim
1584,2015-11-29,2015,11,29,06:29:00,Domingo,Sim
1585,2015-11-29,2015,11,29,08:26:00,Domingo,Sim
1586,2015-11-29,2015,11,29,10:03:00,Domingo,Sim
1587,2015-11-29,2015,11,29,12:37:00,Domingo,Sim
1588,2015-11-29,2015,11,29,23:08:00,Domingo,Sim
1589,2015-11-30,2015,11,30,07:27:00,Segunda-feira,Não
1590,2015-11-30,2015,11,30,17:03:00,Segunda-feira,Não
1591,2015-11-30,2015,11,30,20:09:00,Segunda-feira,Não
1592,2015-11-30,2015,11,30,21:15:00,Segunda-feira,Não
1593,2015-11-30,2015,11,30,21:22:00,Segunda-feira,Não
1594,2015-12-01,2015,12,1,11:15:00,Terça-feira,Não
1595,2015-12-01,2015,12,1,12:52:00,Terça-feira,Não
1596,2015-12-01,2015,12,1,14:45:00,Terça-feira,Não
1597,2015-12-01,2015,12,1,18:22:00,Terça-feira,Não
1598,2015-12-01,2015,12,1,20:20:00,Terça-feira,Não
1599,2015-12-01,2015,12,1,21:09:00,Terça-feira,Não
1600,2015-12-02,2015,12,2,14:42:00,Quarta-feira,Não
1601,2015-12-02,2015,12,2,15:14:00,Quarta-feira,Não
1602,2015-12-03,2015,12,3,08:08:00,Quinta-feira,Não
1603,2015-12-03,2015,12,3,09:26:00,Quinta-feira,Não
1604,2015-12-03,2015,12,3,09:41:00,Quinta-feira,Não
1605,2015-12-03,2015,12,3,09:47:00,Quinta-feira,Não
1606,2015-12-03,2015,12,3,14:37:00,Quinta-feira,Não
1607,2015-12-03,2015,12,3,15:22:00,Quinta-feira,Não
1608,2015-12-03,2015,12,3,15:43:00,Quinta-feira,Não
1609,2015-12-03,2015,12,3,18:47:00,Quinta-feira,Não
1610,2015-12-04,2015,12,4,04:24:00,Sexta-feira,Não
1611,2015-12-04,2015,12,4,08:19:00,Sexta-feira,Não
1612,2015-12-04,2015,12,4,09:33:00,Sexta-feira,Não
1613,2015-12-04,2015,12,4,11:50:00,Sexta-feira,Não
1614,2015-12-04,2015,12,4,16:17:00,Sexta-feira,Não
1615,2015-12-04,2015,12,4,16:26:00,Sexta-feira,Não
1616,2015-12-04,2015,12,4,17:26:00,Sexta-feira,Não
1617,2015-12-05,2015,12,5,13:13:00,Sábado,Sim
1618,2015-12-05,2015,12,5,15:12:00,Sábado,Sim
1619,2015-12-05,2015,12,5,15:39:00,Sábado,Sim
1620,2015-12-05,2015,12,5,18:07:00,Sábado,Sim
1621,2015-12-05,2015,12,5,19:26:00,Sábado,Sim
1622,2015-12-05,2015,12,5,21:14:00,Sábado,Sim
1623,2015-12-05,2015,12,5,21:58:00,Sábado,Sim
1624,2015-12-05,2015,12,5,22:45:00,Sábado,Sim
1625,2015-12-05,2015,12,5,23:58:00,Sábado,Sim
1626,2015-12-06,2015,12,6,01:00:00,Domingo,Sim
1627,2015-12-06,2015,12,6,04:44:00,Domingo,Sim
1628,2015-12-06,2015,12,6,07:08:00,Domingo,Sim
1629,2015-12-06,2015,12,6,07:41:00,Domingo,Sim
1630,2015-12-06,2015,12,6,08:35:00,Domingo,Sim
1631,2015-12-06,2015,12,6,11:18:00,Domingo,Sim
1632,2015-12-06,2015,12,6,16:55:00,Domingo,Sim
1633,2015-12-06,2015,12,6,23:52:00,Domingo,Sim
1634,2015-12-07,2015,12,7,11:27:00,Segunda-feira,Não
1635,2015-12-07,2015,12,7,13:09:00,Segunda-feira,Não
1636,2015-12-07,2015,12,7,14:43:00,Segunda-feira,Não
1637,2015-12-07,2015,12,7,21:31:00,Segunda-feira,Não
1638,2015-12-07,2015,12,7,21:56:00,Segunda-feira,Não
1639,2015-12-08,2015,12,8,05:01:00,Terça-feira,Não
1640,2015-12-08,2015,12,8,17:27:00,Terça-feira,Não
1641,2015-12-08,2015,12,8,19:18:00,Terça-feira,Não
1642,2015-12-08,2015,12,8,21:12:00,Terça-feira,Não
1643,2015-12-09,2015,12,9,00:01:00,Quarta-feira,Não
1644,2015-12-09,2015,12,9,07:03:00,Quarta-feira,Não
1645,2015-12-09,2015,12,9,08:00:00,Quarta-feira,Não
1646,2015-12-09,2015,12,9,11:35:00,Quarta-feira,Não
1647,2015-12-09,2015,12,9,11:50:00,Quarta-feira,Não
1648,2015-12-09,2015,12,9,14:31:00,Quarta-feira,Não
1649,2015-12-09,2015,12,9,18:09:00,Quarta-feira,Não
1650,2015-12-09,2015,12,9,20:36:00,Quarta-feira,Não
1651,2015-12-10,2015,12,10,07:35:00,Quinta-feira,Não
1652,2015-12-10,2015,12,10,09:20:00,Quinta-feira,Não
1653,2015-12-10,2015,12,10,09:36:00,Quinta-feira,Não
1654,2015-12-10,2015,12,10,09:41:00,Quinta-feira,Não
1655,2015-12-10,2015,12,10,10:04:00,Quinta-feira,Não
1656,2015-12-10,2015,12,10,10:15:00,Quinta-feira,Não
1657,2015-12-10,2015,12,10,16:08:00,Quinta-feira,Não
1658,2015-12-10,2015,12,10,17:06:00,Quinta-feira,Não
1659,2015-12-10,2015,12,10,19:51:00,Quinta-feira,Não
1660,2015-12-10,2015,12,10,22:38:00,Quinta-feira,Não
1661,2015-12-11,2015,12,11,06:52:00,Sexta-feira,Não
1662,2015-12-11,2015,12,11,07:33:00,Sexta-feira,Não
1663,2015-12-11,2015,12,11,07:53:00,Sexta-feira,Não
1664,2015-12-11,2015,12,11,08:36:00,Sexta-feira,Não
1665,2015-12-11,2015,12,11,12:10:00,Sexta-feira,Não
1666,2015-12-11,2015,12,11,12:19:00,Sexta-feira,Não
1667,2015-12-11,2015,12,11,18:32:00,Sexta-feira,Não
1668,2015-12-11,2015,12,11,18:42:00,Sexta-feira,Não
1669,2015-12-11,2015,12,11,19:22:00,Sexta-feira,Não
1670,2015-12-11,2015,12,11,20:27:00,Sexta-feira,Não
1671,2015-12-11,2015,12,11,22:21:00,Sexta-feira,Não
1672,2015-12-12,2015,12,12,07:55:00,Sábado,Sim
1673,2015-12-12,2015,12,12,08:57:00,Sábado,Sim
1674,2015-12-12,2015,12,12,09:11:00,Sábado,Sim
1675,2015-12-12,2015,12,12,14:04:00,Sábado,Sim
1676,2015-12-12,2015,12,12,14:44:00,Sábado,Sim
1677,2015-12-13,2015,12,13,00:32:00,Domingo,Sim
1678,2015-12-13,2015,12,13,12:20:00,Domingo,Sim
1679,2015-12-13,2015,12,13,14:03:00,Domingo,Sim
1680,2015-12-13,2015,12,13,16:46:00,Domingo,Sim
1681,2015-12-13,2015,12,13,16:53:00,Domingo,Sim
1682,2015-12-13,2015,12,13,17:09:00,Domingo,Sim
1683,2015-12-13,2015,12,13,17:39:00,Domingo,Sim
1684,2015-12-13,2015,12,13,17:43:00,Domingo,Sim
1685,2015-12-13,2015,12,13,18:52:00,Domingo,Sim
1686,2015-12-13,2015,12,13,20:00:00,Domingo,Sim
1687,2015-12-14,2015,12,14,00:17:00,Segunda-feira,Não
1688,2015-12-14,2015,12,14,11:53:00,Segunda-feira,Não
1689,2015-12-14,2015,12,14,13:04:00,Segunda-feira,Não
1690,2015-12-14,2015,12,14,13:53:00,Segunda-feira,Não
1691,2015-12-14,2015,12,14,19:52:00,Segunda-feira,Não
1692,2015-12-15,2015,12,15,07:56:00,Terça-feira,Não
1693,2015-12-15,2015,12,15,07:57:00,Terça-feira,Não
1694,2015-12-15,2015,12,15,08:02:00,Terça-feira,Não
1695,2015-12-15,2015,12,15,10:07:00,Terça-feira,Não
1696,2015-12-15,2015,12,15,10:17:00,Terça-feira,Não
1697,2015-12-15,2015,12,15,13:57:00,Terça-feira,Não
1698,2015-12-15,2015,12,15,16:04:00,Terça-feira,Não
1699,2015-12-15,2015,12,15,23:54:00,Terça-feira,Não
1700,2015-12-16,2015,12,16,00:27:00,Quarta-feira,Não
1701,2015-12-16,2015,12,16,06:35:00,Quarta-feira,Não
1702,2015-12-16,2015,12,16,07:47:00,Quarta-feira,Não
1703,2015-12-16,2015,12,16,11:22:00,Quarta-feira,Não
1704,2015-12-16,2015,12,16,15:36:00,Quarta-feira,Não
1705,2015-12-16,2015,12,16,18:01:00,Quarta-feira,Não
1706,2015-12-16,2015,12,16,18:48:00,Quarta-feira,Não
1707,2015-12-17,2015,12,17,14:21:00,Quinta-feira,Não
1708,2015-12-17,2015,12,17,15:31:00,Quinta-feira,Não
1709,2015-12-17,2015,12,17,16:30:00,Quinta-feira,Não
1710,2015-12-17,2015,12,17,19:01:00,Quinta-feira,Não
1711,2015-12-17,2015,12,17,22:56:00,Quinta-feira,Não
1712,2015-12-18,2015,12,18,07:18:00,Sexta-feira,Não
1713,2015-12-18,2015,12,18,07:45:00,Sexta-feira,Não
1714,2015-12-18,2015,12,18,08:16:00,Sexta-feira,Não
1715,2015-12-18,2015,12,18,09:27:00,Sexta-feira,Não
1716,2015-12-18,2015,12,18,09:59:00,Sexta-feira,Não
1717,2015-12-18,2015,12,18,11:05:00,Sexta-feira,Não
1718,2015-12-18,2015,12,18,15:17:00,Sexta-feira,Não
1719,2015-12-19,2015,12,19,12:13:00,Sábado,Sim
1720,2015-12-19,2015,12,19,16:59:00,Sábado,Sim
1721,2015-12-20,2015,12,20,02:51:00,Domingo,Sim
1722,2015-12-20,2015,12,20,14:17:00,Domingo,Sim
1723,2015-12-20,2015,12,20,15:58:00,Domingo,Sim
1724,2015-12-20,2015,12,20,18:10:00,Domingo,Sim
1725,2015-12-20,2015,12,20,19:21:00,Domingo,Sim
1726,2015-12-20,2015,12,20,22:17:00,Domingo,Sim
1727,2015-12-21,2015,12,21,12:05:00,Segunda-feira,Não
1728,2015-12-21,2015,12,21,12:12:00,Segunda-feira,Não
1729,2015-12-21,2015,12,21,14:22:00,Segunda-feira,Não
1730,2015-12-21,2015,12,21,15:55:00,Segunda-feira,Não
1731,2015-12-22,2015,12,22,11:07:00,Terça-feira,Não
1732,2015-12-22,2015,12,22,11:59:00,Terça-feira,Não
1733,2015-12-22,2015,12,22,13:30:00,Terça-feira,Não
1734,2015-12-22,2015,12,22,15:29:00,Terça-feira,Não
1735,2015-12-22,2015,12,22,17:18:00,Terça-feira,Não
1736,2015-12-22,2015,12,22,19:03:00,Terça-feira,Não
1737,2015-12-22,2015,12,22,19:47:00,Terça-feira,Não
1738,2015-12-23,2015,12,23,07:36:00,Quarta-feira,Não
1739,2015-12-23,2015,12,23,07:58:00,Quarta-feira,Não
1740,2015-12-23,2015,12,23,11:35:00,Quarta-feira,Não
1741,2015-12-23,2015,12,23,11:44:00,Quarta-feira,Não
1742,2015-12-23,2015,12,23,19:05:00,Quarta-feira,Não
1743,2015-12-24,2015,12,24,11:52:00,Quinta-feira,Não
1744,2015-12-24,2015,12,24,15:10:00,Quinta-feira,Não
1745,2015-12-24,2015,12,24,18:50:00,Quinta-feira,Não
1746,2015-12-25,2015,12,25,04:01:00,Sexta-feira,Não
1747,2015-12-25,2015,12,25,06:51:00,Sexta-feira,Não
1748,2015-12-25,2015,12,25,06:54:00,Sexta-feira,Não
1749,2015-12-25,2015,12,25,07:42:00,Sexta-feira,Não
1750,2015-12-25,2015,12,25,18:08:00,Sexta-feira,Não
1751,2015-12-25,2015,12,25,20:34:00,Sexta-feira,Não
1752,2015-12-25,2015,12,25,21:25:00,Sexta-feira,Não
1753,2015-12-25,2015,12,25,21:45:00,Sexta-feira,Não
1754,2015-12-26,2015,12,26,13:03:00,Sábado,Sim
1755,2015-12-26,2015,12,26,22:01:00,Sábado,Sim
1756,2015-12-27,2015,12,27,10:27:00,Domingo,Sim
1757,2015-12-27,2015,12,27,13:52:00,Domingo,Sim
1758,2015-12-27,2015,12,27,18:31:00,Domingo,Sim
1759,2015-12-28,2015,12,28,07:38:00,Segunda-feira,Não
1760,2015-12-28,2015,12,28,07:45:00,Segunda-feira,Não
1761,2015-12-28,2015,12,28,08:08:00,Segunda-feira,Não
1762,2015-12-28,2015,12,28,10:21:00,Segunda-feira,Não
1763,2015-12-28,2015,12,28,18:27:00,Segunda-feira,Não
1764,2015-12-29,2015,12,29,06:57:00,Terça-feira,Não
1765,2015-12-29,2015,12,29,07:44:00,Terça-feira,Não
1766,2015-12-29,2015,12,29,08:07:00,Terça-feira,Não
1767,2015-12-29,2015,12,29,12:45:00,Terça-feira,Não
1768,2015-12-29,2015,12,29,13:27:00,Terça-feira,Não
1769,2015-12-29,2015,12,29,17:00:00,Terça-feira,Não
1770,2015-12-30,2015,12,30,00:18:00,Quarta-feira,Não
1771,2015-12-30,2015,12,30,10:15:00,Quarta-feira,Não
1772,2015-12-30,2015,12,30,15:29:00,Quarta-feira,Não
1773,2015-12-30,2015,12,30,18:41:00,Quarta-feira,Não
1774,2016-01-01,2016,1,1,05:34:00,Sexta-feira,Não
1775,2016-01-01,2016,1,1,18:30:00,Sexta-feira,Não
1776,2016-01-01,2016,1,1,23:09:00,Sexta-feira,Não
1777,2016-01-02,2016,1,2,06:32:00,Sábado,Sim
1778,2016-01-02,2016,1,2,11:00:00,Sábado,Sim
1779,2016-01-02,2016,1,2,12:52:00,Sábado,Sim
1780,2016-01-03,2016,1,3,00:49:00,Domingo,Sim
1781,2016-01-03,2016,1,3,03:41:00,Domingo,Sim
1782,2016-01-03,2016,1,3,10:51:00,Domingo,Sim
1783,2016-01-03,2016,1,3,11:42:00,Domingo,Sim
1784,2016-01-03,2016,1,3,14:38:00,Domingo,Sim
1785,2016-01-03,2016,1,3,15:42:00,Domingo,Sim
1786,2016-01-04,2016,1,4,12:33:00,Segunda-feira,Não
1787,2016-01-04,2016,1,4,15:34:00,Segunda-feira,Não
1788,2016-01-04,2016,1,4,16:05:00,Segunda-feira,Não
1789,2016-01-04,2016,1,4,16:43:00,Segunda-feira,Não
1790,2016-01-04,2016,1,4,17:08:00,Segunda-feira,Não
1791,2016-01-04,2016,1,4,17:50:00,Segunda-feira,Não
1792,2016-01-05,2016,1,5,16:04:00,Terça-feira,Não
1793,2016-01-05,2016,1,5,18:10:00,Terça-feira,Não
1794,2016-01-05,2016,1,5,18:50:00,Terça-feira,Não
1795,2016-01-06,2016,1,6,12:59:00,Quarta-feira,Não
1796,2016-01-06,2016,1,6,17:33:00,Quarta-feira,Não
1797,2016-01-06,2016,1,6,18:40:00,Quarta-feira,Não
1798,2016-01-06,2016,1,6,19:13:00,Quarta-feira,Não
1799,2016-01-06,2016,1,6,19:48:00,Quarta-feira,Não
1800,2016-01-06,2016,1,6,19:58:00,Quarta-feira,Não
1801,2016-01-07,2016,1,7,10:29:00,Quinta-feira,Não
1802,2016-01-07,2016,1,7,10:36:00,Quinta-feira,Não
1803,2016-01-07,2016,1,7,13:41:00,Quinta-feira,Não
1804,2016-01-07,2016,1,7,13:53:00,Quinta-feira,Não
1805,2016-01-07,2016,1,7,16:05:00,Quinta-feira,Não
1806,2016-01-07,2016,1,7,20:09:00,Quinta-feira,Não
1807,2016-01-08,2016,1,8,02:42:00,Sexta-feira,Não
1808,2016-01-08,2016,1,8,06:03:00,Sexta-feira,Não
1809,2016-01-08,2016,1,8,06:38:00,Sexta-feira,Não
1810,2016-01-08,2016,1,8,07:20:00,Sexta-feira,Não
1811,2016-01-08,2016,1,8,07:32:00,Sexta-feira,Não
1812,2016-01-08,2016,1,8,08:54:00,Sexta-feira,Não
1813,2016-01-08,2016,1,8,09:02:00,Sexta-feira,Não
1814,2016-01-08,2016,1,8,16:20:00,Sexta-feira,Não
1815,2016-01-08,2016,1,8,18:56:00,Sexta-feira,Não
1816,2016-01-08,2016,1,8,23:53:00,Sexta-feira,Não
1817,2016-01-09,2016,1,9,10:31:00,Sábado,Sim
1818,2016-01-09,2016,1,9,15:03:00,Sábado,Sim
1819,2016-01-09,2016,1,9,17:40:00,Sábado,Sim
1820,2016-01-09,2016,1,9,19:13:00,Sábado,Sim
1821,2016-01-10,2016,1,10,15:17:00,Domingo,Sim
1822,2016-01-10,2016,1,10,18:31:00,Domingo,Sim
1823,2016-01-10,2016,1,10,21:33:00,Domingo,Sim
1824,2016-01-10,2016,1,10,21:35:00,Domingo,Sim
1825,2016-01-11,2016,1,11,05:53:00,Segunda-feira,Não
1826,2016-01-11,2016,1,11,12:22:00,Segunda-feira,Não
1827,2016-01-11,2016,1,11,12:27:00,Segunda-feira,Não
1828,2016-01-11,2016,1,11,13:26:00,Segunda-feira,Não
1829,2016-01-11,2016,1,11,15:56:00,Segunda-feira,Não
1830,2016-01-11,2016,1,11,17:31:00,Segunda-feira,Não
1831,2016-01-11,2016,1,11,18:19:00,Segunda-feira,Não
1832,2016-01-11,2016,1,11,20:02:00,Segunda-feira,Não
1833,2016-01-12,2016,1,12,08:00:00,Terça-feira,Não
1834,2016-01-12,2016,1,12,08:16:00,Terça-feira,Não
1835,2016-01-12,2016,1,12,08:28:00,Terça-feira,Não
1836,2016-01-12,2016,1,12,08:45:00,Terça-feira,Não
1837,2016-01-12,2016,1,12,12:47:00,Terça-feira,Não
1838,2016-01-12,2016,1,12,12:56:00,Terça-feira,Não
1839,2016-01-12,2016,1,12,17:34:00,Terça-feira,Não
1840,2016-01-12,2016,1,12,21:38:00,Terça-feira,Não
1841,2016-01-13,2016,1,13,11:36:00,Quarta-feira,Não
1842,2016-01-13,2016,1,13,13:13:00,Quarta-feira,Não
1843,2016-01-13,2016,1,13,17:39:00,Quarta-feira,Não
1844,2016-01-13,2016,1,13,22:46:00,Quarta-feira,Não
1845,2016-01-14,2016,1,14,08:13:00,Quinta-feira,Não
1846,2016-01-14,2016,1,14,13:56:00,Quinta-feira,Não
1847,2016-01-14,2016,1,14,16:53:00,Quinta-feira,Não
1848,2016-01-14,2016,1,14,17:32:00,Quinta-feira,Não
1849,2016-01-14,2016,1,14,18:32:00,Quinta-feira,Não
1850,2016-01-14,2016,1,14,20:44:00,Quinta-feira,Não
1851,2016-01-14,2016,1,14,22:31:00,Quinta-feira,Não
1852,2016-01-15,2016,1,15,12:31:00,Sexta-feira,Não
1853,2016-01-15,2016,1,15,12:46:00,Sexta-feira,Não
1854,2016-01-15,2016,1,15,14:36:00,Sexta-feira,Não
1855,2016-01-15,2016,1,15,19:56:00,Sexta-feira,Não
1856,2016-01-16,2016,1,16,08:52:00,Sábado,Sim
1857,2016-01-16,2016,1,16,09:48:00,Sábado,Sim
1858,2016-01-16,2016,1,16,12:33:00,Sábado,Sim
1859,2016-01-16,2016,1,16,18:34:00,Sábado,Sim
1860,2016-01-16,2016,1,16,23:45:00,Sábado,Sim
1861,2016-01-17,2016,1,17,05:26:00,Domingo,Sim
1862,2016-01-17,2016,1,17,07:08:00,Domingo,Sim
1863,2016-01-17,2016,1,17,19:50:00,Domingo,Sim
1864,2016-01-18,2016,1,18,07:54:00,Segunda-feira,Não
1865,2016-01-18,2016,1,18,12:53:00,Segunda-feira,Não
1866,2016-01-18,2016,1,18,13:45:00,Segunda-feira,Não
1867,2016-01-18,2016,1,18,18:25:00,Segunda-feira,Não
1868,2016-01-18,2016,1,18,19:13:00,Segunda-feira,Não
1869,2016-01-18,2016,1,18,19:23:00,Segunda-feira,Não
1870,2016-01-19,2016,1,19,12:04:00,Terça-feira,Não
1871,2016-01-19,2016,1,19,13:30:00,Terça-feira,Não
1872,2016-01-19,2016,1,19,14:08:00,Terça-feira,Não
1873,2016-01-19,2016,1,19,23:33:00,Terça-feira,Não
1874,2016-01-20,2016,1,20,06:45:00,Quarta-feira,Não
1875,2016-01-20,2016,1,20,07:27:00,Quarta-feira,Não
1876,2016-01-20,2016,1,20,10:46:00,Quarta-feira,Não
1877,2016-01-20,2016,1,20,10:50:00,Quarta-feira,Não
1878,2016-01-20,2016,1,20,12:15:00,Quarta-feira,Não
1879,2016-01-20,2016,1,20,12:21:00,Quarta-feira,Não
1880,2016-01-20,2016,1,20,14:16:00,Quarta-feira,Não
1881,2016-01-20,2016,1,20,14:38:00,Quarta-feira,Não
1882,2016-01-20,2016,1,20,15:34:00,Quarta-feira,Não
1883,2016-01-20,2016,1,20,15:50:00,Quarta-feira,Não
1884,2016-01-21,2016,1,21,01:31:00,Quinta-feira,Não
1885,2016-01-21,2016,1,21,06:52:00,Quinta-feira,Não
1886,2016-01-21,2016,1,21,13:41:00,Quinta-feira,Não
1887,2016-01-21,2016,1,21,18:07:00,Quinta-feira,Não
1888,2016-01-21,2016,1,21,19:42:00,Quinta-feira,Não
1889,2016-01-22,2016,1,22,15:10:00,Sexta-feira,Não
1890,2016-01-22,2016,1,22,22:05:00,Sexta-feira,Não
1891,2016-01-23,2016,1,23,00:35:00,Sábado,Sim
1892,2016-01-23,2016,1,23,04:01:00,Sábado,Sim
1893,2016-01-23,2016,1,23,10:17:00,Sábado,Sim
1894,2016-01-23,2016,1,23,13:04:00,Sábado,Sim
1895,2016-01-23,2016,1,23,13:07:00,Sábado,Sim
1896,2016-01-24,2016,1,24,17:02:00,Domingo,Sim
1897,2016-01-24,2016,1,24,17:05:00,Domingo,Sim
1898,2016-01-24,2016,1,24,19:53:00,Domingo,Sim
1899,2016-01-25,2016,1,25,05:37:00,Segunda-feira,Não
1900,2016-01-25,2016,1,25,07:23:00,Segunda-feira,Não
1901,2016-01-25,2016,1,25,11:24:00,Segunda-feira,Não
1902,2016-01-25,2016,1,25,11:50:00,Segunda-feira,Não
1903,2016-01-25,2016,1,25,19:39:00,Segunda-feira,Não
1904,2016-01-25,2016,1,25,19:56:00,Segunda-feira,Não
1905,2016-01-25,2016,1,25,22:52:00,Segunda-feira,Não
1906,2016-01-26,2016,1,26,00:28:00,Terça-feira,Não
1907,2016-01-26,2016,1,26,09:51:00,Terça-feira,Não
1908,2016-01-26,2016,1,26,09:55:00,Terça-feira,Não
1909,2016-01-26,2016,1,26,11:55:00,Terça-feira,Não
1910,2016-01-26,2016,1,26,17:19:00,Terça-feira,Não
1911,2016-01-26,2016,1,26,17:20:00,Terça-feira,Não
1912,2016-01-26,2016,1,26,21:44:00,Terça-feira,Não
1913,2016-01-27,2016,1,27,05:44:00,Quarta-feira,Não
1914,2016-01-27,2016,1,27,10:29:00,Quarta-feira,Não
1915,2016-01-27,2016,1,27,11:54:00,Quarta-feira,Não
1916,2016-01-27,2016,1,27,12:14:00,Quarta-feira,Não
1917,2016-01-27,2016,1,27,13:29:00,Quarta-feira,Não
1918,2016-01-27,2016,1,27,13:41:00,Quarta-feira,Não
1919,2016-01-27,2016,1,27,15:23:00,Quarta-feira,Não
1920,2016-01-27,2016,1,27,16:18:00,Quarta-feira,Não
1921,2016-01-27,2016,1,27,16:35:00,Quarta-feira,Não
1922,2016-01-27,2016,1,27,16:56:00,Quarta-feira,Não
1923,2016-01-27,2016,1,27,21:00:00,Quarta-feira,Não
1924,2016-01-28,2016,1,28,13:04:00,Quinta-feira,Não
1925,2016-01-28,2016,1,28,13:15:00,Quinta-feira,Não
1926,2016-01-28,2016,1,28,16:29:00,Quinta-feira,Não
1927,2016-01-28,2016,1,28,17:36:00,Quinta-feira,Não
1928,2016-01-28,2016,1,28,21:32:00,Quinta-feira,Não
1929,2016-01-28,2016,1,28,22:56:00,Quinta-feira,Não
1930,2016-01-29,2016,1,29,00:19:00,Sexta-feira,Não
1931,2016-01-29,2016,1,29,06:12:00,Sexta-feira,Não
1932,2016-01-29,2016,1,29,07:34:00,Sexta-feira,Não
1933,2016-01-29,2016,1,29,09:42:00,Sexta-feira,Não
1934,2016-01-29,2016,1,29,09:46:00,Sexta-feira,Não
1935,2016-01-29,2016,1,29,12:43:00,Sexta-feira,Não
1936,2016-01-29,2016,1,29,18:50:00,Sexta-feira,Não
1937,2016-01-30,2016,1,30,09:05:00,Sábado,Sim
1938,2016-01-30,2016,1,30,14:39:00,Sábado,Sim
1939,2016-01-30,2016,1,30,20:29:00,Sábado,Sim
1940,2016-01-30,2016,1,30,20:46:00,Sábado,Sim
1941,2016-01-30,2016,1,30,23:28:00,Sábado,Sim
1942,2016-01-31,2016,1,31,17:12:00,Domingo,Sim
1943,2016-01-31,2016,1,31,17:24:00,Domingo,Sim
1944,2016-01-31,2016,1,31,20:22:00,Domingo,Sim
1945,2016-02-01,2016,2,1,08:41:00,Segunda-feira,Não
1946,2016-02-01,2016,2,1,09:15:00,Segunda-feira,Não
1947,2016-02-01,2016,2,1,10:42:00,Segunda-feira,Não
1948,2016-02-01,2016,2,1,15:07:00,Segunda-feira,Não
1949,2016-02-01,2016,2,1,16:23:00,Segunda-feira,Não
1950,2016-02-02,2016,2,2,08:46:00,Terça-feira,Não
1951,2016-02-02,2016,2,2,11:18:00,Terça-feira,Não
1952,2016-02-02,2016,2,2,15:55:00,Terça-feira,Não
1953,2016-02-02,2016,2,2,19:48:00,Terça-feira,Não
1954,2016-02-03,2016,2,3,07:04:00,Quarta-feira,Não
1955,2016-02-03,2016,2,3,16:58:00,Quarta-feira,Não
1956,2016-02-03,2016,2,3,18:33:00,Quarta-feira,Não
1957,2016-02-03,2016,2,3,22:20:00,Quarta-feira,Não
1958,2016-02-04,2016,2,4,01:17:00,Quinta-feira,Não
1959,2016-02-04,2016,2,4,07:50:00,Quinta-feira,Não
1960,2016-02-04,2016,2,4,14:26:00,Quinta-feira,Não
1961,2016-02-04,2016,2,4,20:17:00,Quinta-feira,Não
1962,2016-02-05,2016,2,5,00:04:00,Sexta-feira,Não
1963,2016-02-05,2016,2,5,00:08:00,Sexta-feira,Não
1964,2016-02-05,2016,2,5,06:40:00,Sexta-feira,Não
1965,2016-02-05,2016,2,5,09:53:00,Sexta-feira,Não
1966,2016-02-05,2016,2,5,16:14:00,Sexta-feira,Não
1967,2016-02-05,2016,2,5,16:52:00,Sexta-feira,Não
1968,2016-02-05,2016,2,5,17:53:00,Sexta-feira,Não
1969,2016-02-06,2016,2,6,08:45:00,Sábado,Sim
1970,2016-02-06,2016,2,6,12:29:00,Sábado,Sim
1971,2016-02-06,2016,2,6,17:10:00,Sábado,Sim
1972,2016-02-06,2016,2,6,19:56:00,Sábado,Sim
1973,2016-02-06,2016,2,6,21:01:00,Sábado,Sim
1974,2016-02-07,2016,2,7,02:26:00,Domingo,Sim
1975,2016-02-07,2016,2,7,13:01:00,Domingo,Sim
1976,2016-02-08,2016,2,8,09:19:00,Segunda-feira,Não
1977,2016-02-08,2016,2,8,16:26:00,Segunda-feira,Não
1978,2016-02-08,2016,2,8,17:37:00,Segunda-feira,Não
1979,2016-02-08,2016,2,8,19:30:00,Segunda-feira,Não
1980,2016-02-09,2016,2,9,08:00:00,Terça-feira,Não
1981,2016-02-09,2016,2,9,15:11:00,Terça-feira,Não
1982,2016-02-09,2016,2,9,19:18:00,Terça-feira,Não
1983,2016-02-09,2016,2,9,23:33:00,Terça-feira,Não
1984,2016-02-10,2016,2,10,03:08:00,Quarta-feira,Não
1985,2016-02-10,2016,2,10,13:37:00,Quarta-feira,Não
1986,2016-02-10,2016,2,10,13:59:00,Quarta-feira,Não
1987,2016-02-10,2016,2,10,16:19:00,Quarta-feira,Não
1988,2016-02-10,2016,2,10,17:02:00,Quarta-feira,Não
1989,2016-02-10,2016,2,10,20:07:00,Quarta-feira,Não
1990,2016-02-10,2016,2,10,20:22:00,Quarta-feira,Não
1991,2016-02-11,2016,2,11,06:12:00,Quinta-feira,Não
1992,2016-02-11,2016,2,11,07:30:00,Quinta-feira,Não
1993,2016-02-12,2016,2,12,00:36:00,Sexta-feira,Não
1994,2016-02-12,2016,2,12,12:33:00,Sexta-feira,Não
1995,2016-02-12,2016,2,12,13:16:00,Sexta-feira,Não
1996,2016-02-12,2016,2,12,14:32:00,Sexta-feira,Não
1997,2016-02-12,2016,2,12,14:39:00,Sexta-feira,Não
1998,2016-02-12,2016,2,12,15:09:00,Sexta-feira,Não
1999,2016-02-12,2016,2,12,17:50:00,Sexta-feira,Não
2000,2016-02-12,2016,2,12,19:09:00,Sexta-feira,Não
2001,2016-02-12,2016,2,12,19:25:00,Sexta-feira,Não
2002,2016-02-12,2016,2,12,22:30:00,Sexta-feira,Não
2003,2016-02-13,2016,2,13,03:01:00,Sábado,Sim
2004,2016-02-13,2016,2,13,08:12:00,Sábado,Sim
2005,2016-02-13,2016,2,13,10:15:00,Sábado,Sim
2006,2016-02-13,2016,2,13,13:38:00,Sábado,Sim
2007,2016-02-13,2016,2,13,19:00:00,Sábado,Sim
2008,2016-02-14,2016,2,14,02:49:00,Domingo,Sim
2009,2016-02-14,2016,2,14,13:32:00,Domingo,Sim
2010,2016-02-14,2016,2,14,18:16:00,Domingo,Sim
2011,2016-02-14,2016,2,14,19:00:00,Domingo,Sim
2012,2016-02-14,2016,2,14,20:10:00,Domingo,Sim
2013,2016-02-15,2016,2,15,09:17:00,Segunda-feira,Não
2014,2016-02-15,2016,2,15,14:16:00,Segunda-feira,Não
2015,2016-02-15,2016,2,15,19:29:00,Segunda-feira,Não
2016,2016-02-15,2016,2,15,19:46:00,Segunda-feira,Não
2017,2016-02-16,2016,2,16,06:00:00,Terça-feira,Não
2018,2016-02-16,2016,2,16,09:21:00,Terça-feira,Não
2019,2016-02-16,2016,2,16,12:11:00,Terça-feira,Não
2020,2016-02-16,2016,2,16,15:29:00,Terça-feira,Não
2021,2016-02-16,2016,2,16,20:17:00,Terça-feira,Não
2022,2016-02-16,2016,2,16,20:22:00,Terça-feira,Não
2023,2016-02-16,2016,2,16,23:20:00,Terça-feira,Não
2024,2016-02-17,2016,2,17,08:34:00,Quarta-feira,Não
2025,2016-02-17,2016,2,17,09:23:00,Quarta-feira,Não
2026,2016-02-17,2016,2,17,14:35:00,Quarta-feira,Não
2027,2016-02-17,2016,2,17,15:39:00,Quarta-feira,Não
2028,2016-02-17,2016,2,17,16:07:00,Quarta-feira,Não
2029,2016-02-17,2016,2,17,17:29:00,Quarta-feira,Não
2030,2016-02-17,2016,2,17,22:43:00,Quarta-feira,Não
2031,2016-02-18,2016,2,18,01:31:00,Quinta-feira,Não
2032,2016-02-18,2016,2,18,06:36:00,Quinta-feira,Não
2033,2016-02-18,2016,2,18,06:40:00,Quinta-feira,Não
2034,2016-02-18,2016,2,18,08:19:00,Quinta-feira,Não
2035,2016-02-18,2016,2,18,08:21:00,Quinta-feira,Não
2036,2016-02-18,2016,2,18,12:25:00,Quinta-feira,Não
2037,2016-02-18,2016,2,18,13:41:00,Quinta-feira,Não
2038,2016-02-18,2016,2,18,13:49:00,Quinta-feira,Não
2039,2016-02-19,2016,2,19,07:56:00,Sexta-feira,Não
2040,2016-02-19,2016,2,19,09:06:00,Sexta-feira,Não
2041,2016-02-19,2016,2,19,10:33:00,Sexta-feira,Não
2042,2016-02-19,2016,2,19,10:43:00,Sexta-feira,Não
2043,2016-02-19,2016,2,19,10:46:00,Sexta-feira,Não
2044,2016-02-19,2016,2,19,11:05:00,Sexta-feira,Não
2045,2016-02-19,2016,2,19,12:04:00,Sexta-feira,Não
2046,2016-02-19,2016,2,19,17:34:00,Sexta-feira,Não
2047,2016-02-19,2016,2,19,18:36:00,Sexta-feira,Não
2048,2016-02-19,2016,2,19,19:51:00,Sexta-feira,Não
2049,2016-02-19,2016,2,19,20:13:00,Sexta-feira,Não
2050,2016-02-19,2016,2,19,20:21:00,Sexta-feira,Não
2051,2016-02-20,2016,2,20,01:03:00,Sábado,Sim
2052,2016-02-20,2016,2,20,07:10:00,Sábado,Sim
2053,2016-02-20,2016,2,20,10:22:00,Sábado,Sim
2054,2016-02-20,2016,2,20,10:56:00,Sábado,Sim
2055,2016-02-20,2016,2,20,18:50:00,Sábado,Sim
2056,2016-02-20,2016,2,20,20:13:00,Sábado,Sim
2057,2016-02-21,2016,2,21,00:40:00,Domingo,Sim
2058,2016-02-21,2016,2,21,04:25:00,Domingo,Sim
2059,2016-02-21,2016,2,21,16:37:00,Domingo,Sim
2060,2016-02-22,2016,2,22,07:05:00,Segunda-feira,Não
2061,2016-02-22,2016,2,22,09:19:00,Segunda-feira,Não
2062,2016-02-22,2016,2,22,11:04:00,Segunda-feira,Não
2063,2016-02-22,2016,2,22,17:06:00,Segunda-feira,Não
2064,2016-02-22,2016,2,22,17:17:00,Segunda-feira,Não
2065,2016-02-22,2016,2,22,17:25:00,Segunda-feira,Não
2066,2016-02-23,2016,2,23,07:49:00,Terça-feira,Não
2067,2016-02-23,2016,2,23,07:53:00,Terça-feira,Não
2068,2016-02-23,2016,2,23,11:03:00,Terça-feira,Não
2069,2016-02-23,2016,2,23,14:53:00,Terça-feira,Não
2070,2016-02-23,2016,2,23,20:48:00,Terça-feira,Não
2071,2016-02-24,2016,2,24,12:25:00,Quarta-feira,Não
2072,2016-02-24,2016,2,24,16:53:00,Quarta-feira,Não
2073,2016-02-24,2016,2,24,19:27:00,Quarta-feira,Não
2074,2016-02-24,2016,2,24,,Quarta-feira,Não
2075,2016-02-25,2016,2,25,07:54:00,Quinta-feira,Não
2076,2016-02-25,2016,2,25,09:11:00,Quinta-feira,Não
2077,2016-02-25,2016,2,25,14:09:00,Quinta-feira,Não
2078,2016-02-25,2016,2,25,15:00:00,Quinta-feira,Não
2079,2016-02-25,2016,2,25,15:01:00,Quinta-feira,Não
2080,2016-02-25,2016,2,25,15:32:00,Quinta-feira,Não
2081,2016-02-25,2016,2,25,16:06:00,Quinta-feira,Não
2082,2016-02-25,2016,2,25,19:21:00,Quinta-feira,Não
2083,2016-02-26,2016,2,26,01:30:00,Sexta-feira,Não
2084,2016-02-26,2016,2,26,06:47:00,Sexta-feira,Não
2085,2016-02-26,2016,2,26,08:18:00,Sexta-feira,Não
2086,2016-02-26,2016,2,26,09:43:00,Sexta-feira,Não
2087,2016-02-26,2016,2,26,10:29:00,Sexta-feira,Não
2088,2016-02-26,2016,2,26,13:48:00,Sexta-feira,Não
2089,2016-02-26,2016,2,26,15:08:00,Sexta-feira,Não
2090,2016-02-26,2016,2,26,17:20:00,Sexta-feira,Não
2091,2016-02-26,2016,2,26,18:49:00,Sexta-feira,Não
2092,2016-02-26,2016,2,26,19:50:00,Sexta-feira,Não
2093,2016-02-26,2016,2,26,23:59:00,Sexta-feira,Não
2094,2016-02-27,2016,2,27,00:39:00,Sábado,Sim
2095,2016-02-27,2016,2,27,12:54:00,Sábado,Sim
2096,2016-02-27,2016,2,27,15:22:00,Sábado,Sim
2097,2016-02-27,2016,2,27,23:14:00,Sábado,Sim
2098,2016-02-28,2016,2,28,06:57:00,Domingo,Sim
2099,2016-02-28,2016,2,28,09:08:00,Domingo,Sim
2100,2016-02-28,2016,2,28,15:09:00,Domingo,Sim
2101,2016-02-29,2016,2,29,07:51:00,Segunda-feira,Não
2102,2016-02-29,2016,2,29,10:06:00,Segunda-feira,Não
2103,2016-02-29,2016,2,29,17:04:00,Segunda-feira,Não
2104,2016-02-29,2016,2,29,18:17:00,Segunda-feira,Não
2105,2016-02-29,2016,2,29,18:44:00,Segunda-feira,Não
2106,2016-02-29,2016,2,29,22:19:00,Segunda-feira,Não
2107,2016-03-01,2016,3,1,07:22:00,Terça-feira,Não
2108,2016-03-01,2016,3,1,19:00:00,Terça-feira,Não
2109,2016-03-01,2016,3,1,19:39:00,Terça-feira,Não
2110,2016-03-02,2016,3,2,07:11:00,Quarta-feira,Não
2111,2016-03-02,2016,3,2,12:49:00,Quarta-feira,Não
2112,2016-03-02,2016,3,2,13:15:00,Quarta-feira,Não
2113,2016-03-02,2016,3,2,13:26:00,Quarta-feira,Não
2114,2016-03-02,2016,3,2,17:13:00,Quarta-feira,Não
2115,2016-03-03,2016,3,3,09:25:00,Quinta-feira,Não
2116,2016-03-03,2016,3,3,10:10:00,Quinta-feira,Não
2117,2016-03-03,2016,3,3,11:54:00,Quinta-feira,Não
2118,2016-03-04,2016,3,4,16:56:00,Sexta-feira,Não
2119,2016-03-04,2016,3,4,21:33:00,Sexta-feira,Não
2120,2016-03-04,2016,3,4,21:37:00,Sexta-feira,Não
2121,2016-03-04,2016,3,4,22:18:00,Sexta-feira,Não
2122,2016-03-05,2016,3,5,00:59:00,Sábado,Sim
2123,2016-03-05,2016,3,5,09:55:00,Sábado,Sim
2124,2016-03-05,2016,3,5,10:27:00,Sábado,Sim
2125,2016-03-05,2016,3,5,15:12:00,Sábado,Sim
2126,2016-03-06,2016,3,6,00:37:00,Domingo,Sim
2127,2016-03-06,2016,3,6,02:22:00,Domingo,Sim
2128,2016-03-06,2016,3,6,04:11:00,Domingo,Sim
2129,2016-03-06,2016,3,6,05:55:00,Domingo,Sim
2130,2016-03-06,2016,3,6,10:14:00,Domingo,Sim
2131,2016-03-06,2016,3,6,14:40:00,Domingo,Sim
2132,2016-03-06,2016,3,6,14:54:00,Domingo,Sim
2133,2016-03-06,2016,3,6,18:06:00,Domingo,Sim
2134,2016-03-06,2016,3,6,19:26:00,Domingo,Sim
2135,2016-03-06,2016,3,6,21:59:00,Domingo,Sim
2136,2016-03-07,2016,3,7,10:00:00,Segunda-feira,Não
2137,2016-03-07,2016,3,7,12:35:00,Segunda-feira,Não
2138,2016-03-07,2016,3,7,14:04:00,Segunda-feira,Não
2139,2016-03-07,2016,3,7,19:54:00,Segunda-feira,Não
2140,2016-03-07,2016,3,7,23:55:00,Segunda-feira,Não
2141,2016-03-08,2016,3,8,06:54:00,Terça-feira,Não
2142,2016-03-08,2016,3,8,10:10:00,Terça-feira,Não
2143,2016-03-08,2016,3,8,11:49:00,Terça-feira,Não
2144,2016-03-08,2016,3,8,14:13:00,Terça-feira,Não
2145,2016-03-08,2016,3,8,14:40:00,Terça-feira,Não
2146,2016-03-08,2016,3,8,15:45:00,Terça-feira,Não
2147,2016-03-08,2016,3,8,18:07:00,Terça-feira,Não
2148,2016-03-08,2016,3,8,18:23:00,Terça-feira,Não
2149,2016-03-08,2016,3,8,21:39:00,Terça-feira,Não
2150,2016-03-09,2016,3,9,09:43:00,Quarta-feira,Não
2151,2016-03-09,2016,3,9,10:40:00,Quarta-feira,Não
2152,2016-03-09,2016,3,9,11:37:00,Quarta-feira,Não
2153,2016-03-09,2016,3,9,11:39:00,Quarta-feira,Não
2154,2016-03-09,2016,3,9,19:10:00,Quarta-feira,Não
2155,2016-03-10,2016,3,10,08:00:00,Quinta-feira,Não
2156,2016-03-10,2016,3,10,21:13:00,Quinta-feira,Não
2157,2016-03-11,2016,3,11,08:15:00,Sexta-feira,Não
2158,2016-03-11,2016,3,11,09:48:00,Sexta-feira,Não
2159,2016-03-11,2016,3,11,12:38:00,Sexta-feira,Não
2160,2016-03-11,2016,3,11,12:47:00,Sexta-feira,Não
2161,2016-03-11,2016,3,11,13:50:00,Sexta-feira,Não
2162,2016-03-11,2016,3,11,15:48:00,Sexta-feira,Não
2163,2016-03-11,2016,3,11,19:03:00,Sexta-feira,Não
2164,2016-03-11,2016,3,11,19:07:00,Sexta-feira,Não
2165,2016-03-11,2016,3,11,22:28:00,Sexta-feira,Não
2166,2016-03-12,2016,3,12,00:29:00,Sábado,Sim
2167,2016-03-12,2016,3,12,08:44:00,Sábado,Sim
2168,2016-03-12,2016,3,12,09:55:00,Sábado,Sim
2169,2016-03-12,2016,3,12,15:48:00,Sábado,Sim
2170,2016-03-12,2016,3,12,16:28:00,Sábado,Sim
2171,2016-03-12,2016,3,12,18:15:00,Sábado,Sim
2172,2016-03-12,2016,3,12,20:37:00,Sábado,Sim
2173,2016-03-12,2016,3,12,21:46:00,Sábado,Sim
2174,2016-03-12,2016,3,12,22:10:00,Sábado,Sim
2175,2016-03-12,2016,3,12,23:01:00,Sábado,Sim
2176,2016-03-12,2016,3,12,23:17:00,Sábado,Sim
2177,2016-03-13,2016,3,13,12:06:00,Domingo,Sim
2178,2016-03-13,2016,3,13,20:02:00,Domingo,Sim
2179,2016-03-14,2016,3,14,10:52:00,Segunda-feira,Não
2180,2016-03-14,2016,3,14,11:23:00,Segunda-feira,Não
2181,2016-03-14,2016,3,14,14:42:00,Segunda-feira,Não
2182,2016-03-14,2016,3,14,16:19:00,Segunda-feira,Não
2183,2016-03-14,2016,3,14,18:58:00,Segunda-feira,Não
2184,2016-03-14,2016,3,14,22:05:00,Segunda-feira,Não
2185,2016-03-15,2016,3,15,09:27:00,Terça-feira,Não
2186,2016-03-15,2016,3,15,09:30:00,Terça-feira,Não
2187,2016-03-15,2016,3,15,10:17:00,Terça-feira,Não
2188,2016-03-15,2016,3,15,12:21:00,Terça-feira,Não
2189,2016-03-15,2016,3,15,13:14:00,Terça-feira,Não
2190,2016-03-15,2016,3,15,13:38:00,Terça-feira,Não
2191,2016-03-15,2016,3,15,23:26:00,Terça-feira,Não
2192,2016-03-15,2016,3,15,23:58:00,Terça-feira,Não
2193,2016-03-16,2016,3,16,07:13:00,Quarta-feira,Não
2194,2016-03-16,2016,3,16,09:19:00,Quarta-feira,Não
2195,2016-03-16,2016,3,16,21:01:00,Quarta-feira,Não
2196,2016-03-17,2016,3,17,08:00:00,Quinta-feira,Não
2197,2016-03-17,2016,3,17,08:07:00,Quinta-feira,Não
2198,2016-03-17,2016,3,17,11:54:00,Quinta-feira,Não
2199,2016-03-17,2016,3,17,13:07:00,Quinta-feira,Não
2200,2016-03-17,2016,3,17,14:29:00,Quinta-feira,Não
2201,2016-03-17,2016,3,17,16:08:00,Quinta-feira,Não
2202,2016-03-17,2016,3,17,17:26:00,Quinta-feira,Não
2203,2016-03-17,2016,3,17,21:05:00,Quinta-feira,Não
2204,2016-03-18,2016,3,18,10:22:00,Sexta-feira,Não
2205,2016-03-18,2016,3,18,18:59:00,Sexta-feira,Não
2206,2016-03-19,2016,3,19,05:39:00,Sábado,Sim
2207,2016-03-19,2016,3,19,08:28:00,Sábado,Sim
2208,2016-03-19,2016,3,19,13:30:00,Sábado,Sim
2209,2016-03-19,2016,3,19,19:12:00,Sábado,Sim
2210,2016-03-20,2016,3,20,04:59:00,Domingo,Sim
2211,2016-03-20,2016,3,20,12:59:00,Domingo,Sim
2212,2016-03-20,2016,3,20,14:04:00,Domingo,Sim
2213,2016-03-20,2016,3,20,14:25:00,Domingo,Sim
2214,2016-03-20,2016,3,20,15:30:00,Domingo,Sim
2215,2016-03-20,2016,3,20,18:10:00,Domingo,Sim
2216,2016-03-21,2016,3,21,06:16:00,Segunda-feira,Não
2217,2016-03-21,2016,3,21,06:59:00,Segunda-feira,Não
2218,2016-03-21,2016,3,21,07:43:00,Segunda-feira,Não
2219,2016-03-21,2016,3,21,09:21:00,Segunda-feira,Não
2220,2016-03-21,2016,3,21,10:09:00,Segunda-feira,Não
2221,2016-03-21,2016,3,21,13:53:00,Segunda-feira,Não
2222,2016-03-21,2016,3,21,14:10:00,Segunda-feira,Não
2223,2016-03-21,2016,3,21,15:22:00,Segunda-feira,Não
2224,2016-03-21,2016,3,21,22:01:00,Segunda-feira,Não
2225,2016-03-21,2016,3,21,22:50:00,Segunda-feira,Não
2226,2016-03-22,2016,3,22,22:16:00,Terça-feira,Não
2227,2016-03-23,2016,3,23,15:32:00,Quarta-feira,Não
2228,2016-03-23,2016,3,23,16:40:00,Quarta-feira,Não
2229,2016-03-23,2016,3,23,19:18:00,Quarta-feira,Não
2230,2016-03-24,2016,3,24,08:42:00,Quinta-feira,Não
2231,2016-03-24,2016,3,24,08:52:00,Quinta-feira,Não
2232,2016-03-24,2016,3,24,14:27:00,Quinta-feira,Não
2233,2016-03-24,2016,3,24,16:28:00,Quinta-feira,Não
2234,2016-03-24,2016,3,24,16:36:00,Quinta-feira,Não
2235,2016-03-24,2016,3,24,16:51:00,Quinta-feira,Não
2236,2016-03-25,2016,3,25,10:00:00,Sexta-feira,Não
2237,2016-03-25,2016,3,25,12:25:00,Sexta-feira,Não
2238,2016-03-25,2016,3,25,18:21:00,Sexta-feira,Não
2239,2016-03-25,2016,3,25,19:38:00,Sexta-feira,Não
2240,2016-03-26,2016,3,26,01:03:00,Sábado,Sim
2241,2016-03-26,2016,3,26,02:47:00,Sábado,Sim
2242,2016-03-26,2016,3,26,17:33:00,Sábado,Sim
2243,2016-03-26,2016,3,26,20:35:00,Sábado,Sim
2244,2016-03-26,2016,3,26,22:51:00,Sábado,Sim
2245,2016-03-27,2016,3,27,01:11:00,Domingo,Sim
2246,2016-03-27,2016,3,27,12:06:00,Domingo,Sim
2247,2016-03-28,2016,3,28,07:54:00,Segunda-feira,Não
2248,2016-03-28,2016,3,28,15:40:00,Segunda-feira,Não
2249,2016-03-28,2016,3,28,17:05:00,Segunda-feira,Não
2250,2016-03-28,2016,3,28,17:31:00,Segunda-feira,Não
2251,2016-03-29,2016,3,29,19:09:00,Terça-feira,Não
2252,2016-03-29,2016,3,29,22:41:00,Terça-feira,Não
2253,2016-03-30,2016,3,30,12:25:00,Quarta-feira,Não
2254,2016-03-30,2016,3,30,13:08:00,Quarta-feira,Não
2255,2016-03-30,2016,3,30,18:12:00,Quarta-feira,Não
2256,2016-03-30,2016,3,30,18:19:00,Quarta-feira,Não
2257,2016-03-30,2016,3,30,18:34:00,Quarta-feira,Não
2258,2016-03-30,2016,3,30,19:16:00,Quarta-feira,Não
2259,2016-03-30,2016,3,30,19:21:00,Quarta-feira,Não
2260,2016-03-31,2016,3,31,08:07:00,Quinta-feira,Não
2261,2016-03-31,2016,3,31,20:22:00,Quinta-feira,Não
2262,2016-04-01,2016,4,1,05:24:00,Sexta-feira,Não
2263,2016-04-02,2016,4,2,08:48:00,Sábado,Sim
2264,2016-04-02,2016,4,2,19:48:00,Sábado,Sim
2265,2016-04-03,2016,4,3,07:36:00,Domingo,Sim
2266,2016-04-03,2016,4,3,12:49:00,Domingo,Sim
2267,2016-04-03,2016,4,3,13:57:00,Domingo,Sim
2268,2016-04-03,2016,4,3,14:06:00,Domingo,Sim
2269,2016-04-03,2016,4,3,19:27:00,Domingo,Sim
2270,2016-04-04,2016,4,4,04:49:00,Segunda-feira,Não
2271,2016-04-04,2016,4,4,06:47:00,Segunda-feira,Não
2272,2016-04-04,2016,4,4,08:44:00,Segunda-feira,Não
2273,2016-04-04,2016,4,4,10:55:00,Segunda-feira,Não
2274,2016-04-04,2016,4,4,17:13:00,Segunda-feira,Não
2275,2016-04-04,2016,4,4,23:48:00,Segunda-feira,Não
2276,2016-04-05,2016,4,5,07:24:00,Terça-feira,Não
2277,2016-04-05,2016,4,5,13:51:00,Terça-feira,Não
2278,2016-04-05,2016,4,5,14:34:00,Terça-feira,Não
2279,2016-04-05,2016,4,5,17:18:00,Terça-feira,Não
2280,2016-04-06,2016,4,6,06:27:00,Quarta-feira,Não
2281,2016-04-06,2016,4,6,10:09:00,Quarta-feira,Não
2282,2016-04-06,2016,4,6,17:08:00,Quarta-feira,Não
2283,2016-04-06,2016,4,6,22:49:00,Quarta-feira,Não
2284,2016-04-07,2016,4,7,17:46:00,Quinta-feira,Não
2285,2016-04-07,2016,4,7,20:05:00,Quinta-feira,Não
2286,2016-04-07,2016,4,7,21:37:00,Quinta-feira,Não
2287,2016-04-08,2016,4,8,00:05:00,Sexta-feira,Não
2288,2016-04-08,2016,4,8,00:29:00,Sexta-feira,Não
2289,2016-04-08,2016,4,8,08:27:00,Sexta-feira,Não
2290,2016-04-08,2016,4,8,08:52:00,Sexta-feira,Não
2291,2016-04-08,2016,4,8,09:48:00,Sexta-feira,Não
2292,2016-04-08,2016,4,8,09:59:00,Sexta-feira,Não
2293,2016-04-08,2016,4,8,10:26:00,Sexta-feira,Não
2294,2016-04-08,2016,4,8,11:38:00,Sexta-feira,Não
2295,2016-04-08,2016,4,8,15:36:00,Sexta-feira,Não
2296,2016-04-08,2016,4,8,20:33:00,Sexta-feira,Não
2297,2016-04-09,2016,4,9,06:45:00,Sábado,Sim
2298,2016-04-09,2016,4,9,08:48:00,Sábado,Sim
2299,2016-04-09,2016,4,9,09:01:00,Sábado,Sim
2300,2016-04-09,2016,4,9,09:22:00,Sábado,Sim
2301,2016-04-09,2016,4,9,14:18:00,Sábado,Sim
2302,2016-04-09,2016,4,9,16:11:00,Sábado,Sim
2303,2016-04-09,2016,4,9,16:55:00,Sábado,Sim
2304,2016-04-10,2016,4,10,06:17:00,Domingo,Sim
2305,2016-04-10,2016,4,10,08:18:00,Domingo,Sim
2306,2016-04-10,2016,4,10,09:27:00,Domingo,Sim
2307,2016-04-11,2016,4,11,08:48:00,Segunda-feira,Não
2308,2016-04-11,2016,4,11,09:33:00,Segunda-feira,Não
2309,2016-04-11,2016,4,11,12:07:00,Segunda-feira,Não
2310,2016-04-11,2016,4,11,14:30:00,Segunda-feira,Não
2311,2016-04-11,2016,4,11,17:21:00,Segunda-feira,Não
2312,2016-04-11,2016,4,11,18:01:00,Segunda-feira,Não
2313,2016-04-11,2016,4,11,23:00:00,Segunda-feira,Não
2314,2016-04-12,2016,4,12,08:46:00,Terça-feira,Não
2315,2016-04-12,2016,4,12,11:08:00,Terça-feira,Não
2316,2016-04-12,2016,4,12,18:30:00,Terça-feira,Não
2317,2016-04-12,2016,4,12,18:53:00,Terça-feira,Não
2318,2016-04-12,2016,4,12,19:48:00,Terça-feira,Não
2319,2016-04-12,2016,4,12,21:15:00,Terça-feira,Não
2320,2016-04-13,2016,4,13,00:45:00,Quarta-feira,Não
2321,2016-04-13,2016,4,13,03:06:00,Quarta-feira,Não
2322,2016-04-13,2016,4,13,08:00:00,Quarta-feira,Não
2323,2016-04-13,2016,4,13,08:08:00,Quarta-feira,Não
2324,2016-04-13,2016,4,13,14:16:00,Quarta-feira,Não
2325,2016-04-13,2016,4,13,15:52:00,Quarta-feira,Não
2326,2016-04-13,2016,4,13,18:31:00,Quarta-feira,Não
2327,2016-04-13,2016,4,13,19:01:00,Quarta-feira,Não
2328,2016-04-14,2016,4,14,20:12:00,Quinta-feira,Não
2329,2016-04-15,2016,4,15,05:51:00,Sexta-feira,Não
2330,2016-04-15,2016,4,15,11:13:00,Sexta-feira,Não
2331,2016-04-15,2016,4,15,11:14:00,Sexta-feira,Não
2332,2016-04-15,2016,4,15,12:13:00,Sexta-feira,Não
2333,2016-04-15,2016,4,15,16:05:00,Sexta-feira,Não
2334,2016-04-15,2016,4,15,17:00:00,Sexta-feira,Não
2335,2016-04-16,2016,4,16,01:55:00,Sábado,Sim
2336,2016-04-16,2016,4,16,02:57:00,Sábado,Sim
2337,2016-04-16,2016,4,16,03:56:00,Sábado,Sim
2338,2016-04-16,2016,4,16,10:06:00,Sábado,Sim
2339,2016-04-16,2016,4,16,14:36:00,Sábado,Sim
2340,2016-04-17,2016,4,17,00:46:00,Domingo,Sim
2341,2016-04-17,2016,4,17,14:02:00,Domingo,Sim
2342,2016-04-17,2016,4,17,14:39:00,Domingo,Sim
2343,2016-04-17,2016,4,17,15:22:00,Domingo,Sim
2344,2016-04-17,2016,4,17,17:49:00,Domingo,Sim
2345,2016-04-18,2016,4,18,00:08:00,Segunda-feira,Não
2346,2016-04-18,2016,4,18,06:51:00,Segunda-feira,Não
2347,2016-04-18,2016,4,18,07:28:00,Segunda-feira,Não
2348,2016-04-18,2016,4,18,08:39:00,Segunda-feira,Não
2349,2016-04-18,2016,4,18,12:09:00,Segunda-feira,Não
2350,2016-04-18,2016,4,18,13:22:00,Segunda-feira,Não
2351,2016-04-18,2016,4,18,14:22:00,Segunda-feira,Não
2352,2016-04-18,2016,4,18,17:01:00,Segunda-feira,Não
2353,2016-04-18,2016,4,18,18:30:00,Segunda-feira,Não
2354,2016-04-18,2016,4,18,19:52:00,Segunda-feira,Não
2355,2016-04-18,2016,4,18,20:17:00,Segunda-feira,Não
2356,2016-04-18,2016,4,18,20:18:00,Segunda-feira,Não
2357,2016-04-19,2016,4,19,07:40:00,Terça-feira,Não
2358,2016-04-19,2016,4,19,11:12:00,Terça-feira,Não
2359,2016-04-19,2016,4,19,12:29:00,Terça-feira,Não
2360,2016-04-19,2016,4,19,14:28:00,Terça-feira,Não
2361,2016-04-19,2016,4,19,17:03:00,Terça-feira,Não
2362,2016-04-19,2016,4,19,19:50:00,Terça-feira,Não
2363,2016-04-20,2016,4,20,02:31:00,Quarta-feira,Não
2364,2016-04-20,2016,4,20,03:55:00,Quarta-feira,Não
2365,2016-04-20,2016,4,20,09:08:00,Quarta-feira,Não
2366,2016-04-20,2016,4,20,09:50:00,Quarta-feira,Não
2367,2016-04-20,2016,4,20,11:15:00,Quarta-feira,Não
2368,2016-04-20,2016,4,20,14:43:00,Quarta-feira,Não
2369,2016-04-20,2016,4,20,19:07:00,Quarta-feira,Não
2370,2016-04-21,2016,4,21,04:14:00,Quinta-feira,Não
2371,2016-04-21,2016,4,21,12:25:00,Quinta-feira,Não
2372,2016-04-21,2016,4,21,16:42:00,Quinta-feira,Não
2373,2016-04-22,2016,4,22,02:49:00,Sexta-feira,Não
2374,2016-04-22,2016,4,22,15:35:00,Sexta-feira,Não
2375,2016-04-22,2016,4,22,16:19:00,Sexta-feira,Não
2376,2016-04-23,2016,4,23,09:46:00,Sábado,Sim
2377,2016-04-23,2016,4,23,12:01:00,Sábado,Sim
2378,2016-04-23,2016,4,23,13:49:00,Sábado,Sim
2379,2016-04-23,2016,4,23,19:05:00,Sábado,Sim
2380,2016-04-23,2016,4,23,23:34:00,Sábado,Sim
2381,2016-04-24,2016,4,24,08:51:00,Domingo,Sim
2382,2016-04-24,2016,4,24,11:35:00,Domingo,Sim
2383,2016-04-24,2016,4,24,19:42:00,Domingo,Sim
2384,2016-04-24,2016,4,24,23:09:00,Domingo,Sim
2385,2016-04-25,2016,4,25,09:04:00,Segunda-feira,Não
2386,2016-04-25,2016,4,25,12:31:00,Segunda-feira,Não
2387,2016-04-25,2016,4,25,13:18:00,Segunda-feira,Não
2388,2016-04-25,2016,4,25,17:15:00,Segunda-feira,Não
2389,2016-04-25,2016,4,25,18:12:00,Segunda-feira,Não
2390,2016-04-25,2016,4,25,20:33:00,Segunda-feira,Não
2391,2016-04-25,2016,4,25,20:36:00,Segunda-feira,Não
2392,2016-04-26,2016,4,26,07:50:00,Terça-feira,Não
2393,2016-04-26,2016,4,26,13:39:00,Terça-feira,Não
2394,2016-04-26,2016,4,26,15:18:00,Terça-feira,Não
2395,2016-04-27,2016,4,27,10:17:00,Quarta-feira,Não
2396,2016-04-27,2016,4,27,11:42:00,Quarta-feira,Não
2397,2016-04-27,2016,4,27,14:50:00,Quarta-feira,Não
2398,2016-04-27,2016,4,27,15:07:00,Quarta-feira,Não
2399,2016-04-27,2016,4,27,16:46:00,Quarta-feira,Não
2400,2016-04-27,2016,4,27,17:10:00,Quarta-feira,Não
2401,2016-04-27,2016,4,27,18:18:00,Quarta-feira,Não
2402,2016-04-28,2016,4,28,09:43:00,Quinta-feira,Não
2403,2016-04-28,2016,4,28,10:00:00,Quinta-feira,Não
2404,2016-04-28,2016,4,28,12:34:00,Quinta-feira,Não
2405,2016-04-28,2016,4,28,17:49:00,Quinta-feira,Não
2406,2016-04-29,2016,4,29,07:14:00,Sexta-feira,Não
2407,2016-04-29,2016,4,29,07:19:00,Sexta-feira,Não
2408,2016-04-29,2016,4,29,08:21:00,Sexta-feira,Não
2409,2016-04-29,2016,4,29,09:38:00,Sexta-feira,Não
2410,2016-04-29,2016,4,29,10:06:00,Sexta-feira,Não
2411,2016-04-29,2016,4,29,12:45:00,Sexta-feira,Não
2412,2016-04-29,2016,4,29,14:15:00,Sexta-feira,Não
2413,2016-04-29,2016,4,29,18:05:00,Sexta-feira,Não
2414,2016-04-29,2016,4,29,18:08:00,Sexta-feira,Não
2415,2016-04-30,2016,4,30,08:48:00,Sábado,Sim
2416,2016-04-30,2016,4,30,13:26:00,Sábado,Sim
2417,2016-04-30,2016,4,30,14:38:00,Sábado,Sim
2418,2016-04-30,2016,4,30,15:20:00,Sábado,Sim
2419,2016-04-30,2016,4,30,15:24:00,Sábado,Sim
2420,2016-04-30,2016,4,30,15:48:00,Sábado,Sim
2421,2016-04-30,2016,4,30,21:26:00,Sábado,Sim
2422,2016-05-01,2016,5,1,02:54:00,Domingo,Sim
2423,2016-05-01,2016,5,1,06:22:00,Domingo,Sim
2424,2016-05-01,2016,5,1,10:29:00,Domingo,Sim
2425,2016-05-01,2016,5,1,11:54:00,Domingo,Sim
2426,2016-05-01,2016,5,1,12:18:00,Domingo,Sim
2427,2016-05-01,2016,5,1,13:54:00,Domingo,Sim
2428,2016-05-02,2016,5,2,11:43:00,Segunda-feira,Não
2429,2016-05-02,2016,5,2,12:46:00,Segunda-feira,Não
2430,2016-05-02,2016,5,2,14:21:00,Segunda-feira,Não
2431,2016-05-02,2016,5,2,14:36:00,Segunda-feira,Não
2432,2016-05-02,2016,5,2,20:47:00,Segunda-feira,Não
2433,2016-05-02,2016,5,2,21:00:00,Segunda-feira,Não
2434,2016-05-03,2016,5,3,00:06:00,Terça-feira,Não
2435,2016-05-03,2016,5,3,10:06:00,Terça-feira,Não
2436,2016-05-03,2016,5,3,14:54:00,Terça-feira,Não
2437,2016-05-03,2016,5,3,16:35:00,Terça-feira,Não
2438,2016-05-03,2016,5,3,16:42:00,Terça-feira,Não
2439,2016-05-03,2016,5,3,19:06:00,Terça-feira,Não
2440,2016-05-03,2016,5,3,19:49:00,Terça-feira,Não
2441,2016-05-04,2016,5,4,09:31:00,Quarta-feira,Não
2442,2016-05-04,2016,5,4,10:36:00,Quarta-feira,Não
2443,2016-05-04,2016,5,4,11:51:00,Quarta-feira,Não
2444,2016-05-04,2016,5,4,14:19:00,Quarta-feira,Não
2445,2016-05-04,2016,5,4,14:26:00,Quarta-feira,Não
2446,2016-05-04,2016,5,4,19:57:00,Quarta-feira,Não
2447,2016-05-05,2016,5,5,08:02:00,Quinta-feira,Não
2448,2016-05-05,2016,5,5,08:06:00,Quinta-feira,Não
2449,2016-05-05,2016,5,5,08:15:00,Quinta-feira,Não
2450,2016-05-05,2016,5,5,12:08:00,Quinta-feira,Não
2451,2016-05-05,2016,5,5,19:26:00,Quinta-feira,Não
2452,2016-05-06,2016,5,6,00:15:00,Sexta-feira,Não
2453,2016-05-06,2016,5,6,07:09:00,Sexta-feira,Não
2454,2016-05-06,2016,5,6,12:09:00,Sexta-feira,Não
2455,2016-05-06,2016,5,6,18:11:00,Sexta-feira,Não
2456,2016-05-06,2016,5,6,22:17:00,Sexta-feira,Não
2457,2016-05-07,2016,5,7,04:55:00,Sábado,Sim
2458,2016-05-07,2016,5,7,08:35:00,Sábado,Sim
2459,2016-05-07,2016,5,7,09:00:00,Sábado,Sim
2460,2016-05-07,2016,5,7,09:02:00,Sábado,Sim
2461,2016-05-07,2016,5,7,13:19:00,Sábado,Sim
2462,2016-05-07,2016,5,7,16:08:00,Sábado,Sim
2463,2016-05-07,2016,5,7,16:13:00,Sábado,Sim
2464,2016-05-07,2016,5,7,17:17:00,Sábado,Sim
2465,2016-05-07,2016,5,7,22:28:00,Sábado,Sim
2466,2016-05-08,2016,5,8,03:39:00,Domingo,Sim
2467,2016-05-08,2016,5,8,07:18:00,Domingo,Sim
2468,2016-05-08,2016,5,8,10:52:00,Domingo,Sim
2469,2016-05-08,2016,5,8,12:31:00,Domingo,Sim
2470,2016-05-08,2016,5,8,12:47:00,Domingo,Sim
2471,2016-05-08,2016,5,8,16:40:00,Domingo,Sim
2472,2016-05-08,2016,5,8,17:33:00,Domingo,Sim
2473,2016-05-08,2016,5,8,17:38:00,Domingo,Sim
2474,2016-05-08,2016,5,8,18:19:00,Domingo,Sim
2475,2016-05-08,2016,5,8,18:28:00,Domingo,Sim
2476,2016-05-08,2016,5,8,19:08:00,Domingo,Sim
2477,2016-05-08,2016,5,8,19:22:00,Domingo,Sim
2478,2016-05-08,2016,5,8,19:34:00,Domingo,Sim
2479,2016-05-08,2016,5,8,19:40:00,Domingo,Sim
2480,2016-05-08,2016,5,8,21:35:00,Domingo,Sim
2481,2016-05-09,2016,5,9,06:10:00,Segunda-feira,Não
2482,2016-05-09,2016,5,9,11:07:00,Segunda-feira,Não
2483,2016-05-09,2016,5,9,18:29:00,Segunda-feira,Não
2484,2016-05-10,2016,5,10,07:21:00,Terça-feira,Não
2485,2016-05-10,2016,5,10,07:44:00,Terça-feira,Não
2486,2016-05-10,2016,5,10,09:07:00,Terça-feira,Não
2487,2016-05-10,2016,5,10,11:06:00,Terça-feira,Não
2488,2016-05-10,2016,5,10,12:09:00,Terça-feira,Não
2489,2016-05-10,2016,5,10,14:52:00,Terça-feira,Não
2490,2016-05-10,2016,5,10,15:07:00,Terça-feira,Não
2491,2016-05-10,2016,5,10,19:23:00,Terça-feira,Não
2492,2016-05-11,2016,5,11,07:04:00,Quarta-feira,Não
2493,2016-05-11,2016,5,11,07:08:00,Quarta-feira,Não
2494,2016-05-11,2016,5,11,16:04:00,Quarta-feira,Não
2495,2016-05-11,2016,5,11,23:31:00,Quarta-feira,Não
2496,2016-05-12,2016,5,12,09:05:00,Quinta-feira,Não
2497,2016-05-12,2016,5,12,10:27:00,Quinta-feira,Não
2498,2016-05-12,2016,5,12,13:54:00,Quinta-feira,Não
2499,2016-05-12,2016,5,12,14:43:00,Quinta-feira,Não
2500,2016-05-12,2016,5,12,15:41:00,Quinta-feira,Não
2501,2016-05-12,2016,5,12,22:16:00,Quinta-feira,Não
2502,2016-05-12,2016,5,12,23:12:00,Quinta-feira,Não
2503,2016-05-13,2016,5,13,10:24:00,Sexta-feira,Não
2504,2016-05-13,2016,5,13,13:11:00,Sexta-feira,Não
2505,2016-05-13,2016,5,13,19:07:00,Sexta-feira,Não
2506,2016-05-13,2016,5,13,19:22:00,Sexta-feira,Não
2507,2016-05-13,2016,5,13,21:00:00,Sexta-feira,Não
2508,2016-05-14,2016,5,14,08:07:00,Sábado,Sim
2509,2016-05-14,2016,5,14,10:12:00,Sábado,Sim
2510,2016-05-15,2016,5,15,19:29:00,Domingo,Sim
2511,2016-05-15,2016,5,15,21:34:00,Domingo,Sim
2512,2016-05-16,2016,5,16,10:41:00,Segunda-feira,Não
2513,2016-05-16,2016,5,16,10:51:00,Segunda-feira,Não
2514,2016-05-16,2016,5,16,10:59:00,Segunda-feira,Não
2515,2016-05-16,2016,5,16,18:17:00,Segunda-feira,Não
2516,2016-05-16,2016,5,16,23:56:00,Segunda-feira,Não
2517,2016-05-17,2016,5,17,09:18:00,Terça-feira,Não
2518,2016-05-17,2016,5,17,14:27:00,Terça-feira,Não
2519,2016-05-17,2016,5,17,20:34:00,Terça-feira,Não
2520,2016-05-18,2016,5,18,14:06:00,Quarta-feira,Não
2521,2016-05-18,2016,5,18,14:47:00,Quarta-feira,Não
2522,2016-05-18,2016,5,18,15:46:00,Quarta-feira,Não
2523,2016-05-18,2016,5,18,16:33:00,Quarta-feira,Não
2524,2016-05-19,2016,5,19,06:31:00,Quinta-feira,Não
2525,2016-05-19,2016,5,19,08:35:00,Quinta-feira,Não
2526,2016-05-19,2016,5,19,09:45:00,Quinta-feira,Não
2527,2016-05-19,2016,5,19,10:23:00,Quinta-feira,Não
2528,2016-05-19,2016,5,19,11:03:00,Quinta-feira,Não
2529,2016-05-19,2016,5,19,11:20:00,Quinta-feira,Não
2530,2016-05-19,2016,5,19,20:49:00,Quinta-feira,Não
2531,2016-05-19,2016,5,19,21:27:00,Quinta-feira,Não
2532,2016-05-20,2016,5,20,02:39:00,Sexta-feira,Não
2533,2016-05-20,2016,5,20,08:45:00,Sexta-feira,Não
2534,2016-05-20,2016,5,20,09:12:00,Sexta-feira,Não
2535,2016-05-20,2016,5,20,09:37:00,Sexta-feira,Não
2536,2016-05-20,2016,5,20,19:01:00,Sexta-feira,Não
2537,2016-05-20,2016,5,20,20:04:00,Sexta-feira,Não
2538,2016-05-20,2016,5,20,20:35:00,Sexta-feira,Não
2539,2016-05-21,2016,5,21,06:34:00,Sábado,Sim
2540,2016-05-21,2016,5,21,07:04:00,Sábado,Sim
2541,2016-05-21,2016,5,21,08:05:00,Sábado,Sim
2542,2016-05-21,2016,5,21,09:47:00,Sábado,Sim
2543,2016-05-21,2016,5,21,10:57:00,Sábado,Sim
2544,2016-05-21,2016,5,21,15:17:00,Sábado,Sim
2545,2016-05-22,2016,5,22,00:28:00,Domingo,Sim
2546,2016-05-22,2016,5,22,09:22:00,Domingo,Sim
2547,2016-05-22,2016,5,22,16:11:00,Domingo,Sim
2548,2016-05-23,2016,5,23,09:53:00,Segunda-feira,Não
2549,2016-05-23,2016,5,23,13:09:00,Segunda-feira,Não
2550,2016-05-23,2016,5,23,16:09:00,Segunda-feira,Não
2551,2016-05-23,2016,5,23,16:24:00,Segunda-feira,Não
2552,2016-05-23,2016,5,23,18:06:00,Segunda-feira,Não
2553,2016-05-23,2016,5,23,20:44:00,Segunda-feira,Não
2554,2016-05-23,2016,5,23,21:51:00,Segunda-feira,Não
2555,2016-05-23,2016,5,23,22:59:00,Segunda-feira,Não
2556,2016-05-24,2016,5,24,10:48:00,Terça-feira,Não
2557,2016-05-24,2016,5,24,12:12:00,Terça-feira,Não
2558,2016-05-24,2016,5,24,18:32:00,Terça-feira,Não
2559,2016-05-24,2016,5,24,18:36:00,Terça-feira,Não
2560,2016-05-24,2016,5,24,22:10:00,Terça-feira,Não
2561,2016-05-25,2016,5,25,08:51:00,Quarta-feira,Não
2562,2016-05-25,2016,5,25,12:34:00,Quarta-feira,Não
2563,2016-05-25,2016,5,25,17:13:00,Quarta-feira,Não
2564,2016-05-25,2016,5,25,18:06:00,Quarta-feira,Não
2565,2016-05-25,2016,5,25,18:42:00,Quarta-feira,Não
2566,2016-05-25,2016,5,25,19:43:00,Quarta-feira,Não
2567,2016-05-25,2016,5,25,20:21:00,Quarta-feira,Não
2568,2016-05-25,2016,5,25,22:18:00,Quarta-feira,Não
2569,2016-05-26,2016,5,26,11:04:00,Quinta-feira,Não
2570,2016-05-26,2016,5,26,16:01:00,Quinta-feira,Não
2571,2016-05-26,2016,5,26,22:28:00,Quinta-feira,Não
2572,2016-05-27,2016,5,27,11:04:00,Sexta-feira,Não
2573,2016-05-27,2016,5,27,11:17:00,Sexta-feira,Não
2574,2016-05-27,2016,5,27,11:30:00,Sexta-feira,Não
2575,2016-05-27,2016,5,27,12:31:00,Sexta-feira,Não
2576,2016-05-27,2016,5,27,13:39:00,Sexta-feira,Não
2577,2016-05-27,2016,5,27,15:17:00,Sexta-feira,Não
2578,2016-05-27,2016,5,27,16:07:00,Sexta-feira,Não
2579,2016-05-27,2016,5,27,17:32:00,Sexta-feira,Não
2580,2016-05-28,2016,5,28,07:52:00,Sábado,Sim
2581,2016-05-28,2016,5,28,07:59:00,Sábado,Sim
2582,2016-05-28,2016,5,28,12:17:00,Sábado,Sim
2583,2016-05-28,2016,5,28,19:11:00,Sábado,Sim
2584,2016-05-28,2016,5,28,22:09:00,Sábado,Sim
2585,2016-05-29,2016,5,29,07:02:00,Domingo,Sim
2586,2016-05-29,2016,5,29,07:10:00,Domingo,Sim
2587,2016-05-29,2016,5,29,09:54:00,Domingo,Sim
2588,2016-05-29,2016,5,29,14:44:00,Domingo,Sim
2589,2016-05-29,2016,5,29,20:24:00,Domingo,Sim
2590,2016-05-30,2016,5,30,04:01:00,Segunda-feira,Não
2591,2016-05-30,2016,5,30,11:30:00,Segunda-feira,Não
2592,2016-05-31,2016,5,31,07:00:00,Terça-feira,Não
2593,2016-05-31,2016,5,31,15:05:00,Terça-feira,Não
2594,2016-05-31,2016,5,31,19:35:00,Terça-feira,Não
2595,2016-06-01,2016,6,1,07:04:00,Quarta-feira,Não
2596,2016-06-01,2016,6,1,08:37:00,Quarta-feira,Não
2597,2016-06-01,2016,6,1,11:59:00,Quarta-feira,Não
2598,2016-06-01,2016,6,1,16:09:00,Quarta-feira,Não
2599,2016-06-01,2016,6,1,17:05:00,Quarta-feira,Não
2600,2016-06-01,2016,6,1,19:27:00,Quarta-feira,Não
2601,2016-06-01,2016,6,1,21:17:00,Quarta-feira,Não
2602,2016-06-02,2016,6,2,15:08:00,Quinta-feira,Não
2603,2016-06-02,2016,6,2,18:18:00,Quinta-feira,Não
2604,2016-06-03,2016,6,3,18:16:00,Sexta-feira,Não
2605,2016-06-03,2016,6,3,18:36:00,Sexta-feira,Não
2606,2016-06-03,2016,6,3,20:24:00,Sexta-feira,Não
2607,2016-06-03,2016,6,3,20:43:00,Sexta-feira,Não
2608,2016-06-04,2016,6,4,02:48:00,Sábado,Sim
2609,2016-06-04,2016,6,4,08:27:00,Sábado,Sim
2610,2016-06-04,2016,6,4,08:45:00,Sábado,Sim
2611,2016-06-04,2016,6,4,10:21:00,Sábado,Sim
2612,2016-06-04,2016,6,4,10:45:00,Sábado,Sim
2613,2016-06-04,2016,6,4,13:26:00,Sábado,Sim
2614,2016-06-05,2016,6,5,04:27:00,Domingo,Sim
2615,2016-06-05,2016,6,5,11:43:00,Domingo,Sim
2616,2016-06-05,2016,6,5,12:23:00,Domingo,Sim
2617,2016-06-05,2016,6,5,15:37:00,Domingo,Sim
2618,2016-06-05,2016,6,5,20:28:00,Domingo,Sim
2619,2016-06-06,2016,6,6,06:41:00,Segunda-feira,Não
2620,2016-06-06,2016,6,6,09:35:00,Segunda-feira,Não
2621,2016-06-06,2016,6,6,09:45:00,Segunda-feira,Não
2622,2016-06-06,2016,6,6,13:31:00,Segunda-feira,Não
2623,2016-06-06,2016,6,6,18:29:00,Segunda-feira,Não
2624,2016-06-07,2016,6,7,03:28:00,Terça-feira,Não
2625,2016-06-07,2016,6,7,07:54:00,Terça-feira,Não
2626,2016-06-07,2016,6,7,07:57:00,Terça-feira,Não
2627,2016-06-07,2016,6,7,07:58:00,Terça-feira,Não
2628,2016-06-07,2016,6,7,09:14:00,Terça-feira,Não
2629,2016-06-07,2016,6,7,11:02:00,Terça-feira,Não
2630,2016-06-07,2016,6,7,11:38:00,Terça-feira,Não
2631,2016-06-07,2016,6,7,12:57:00,Terça-feira,Não
2632,2016-06-07,2016,6,7,15:12:00,Terça-feira,Não
2633,2016-06-07,2016,6,7,15:22:00,Terça-feira,Não
2634,2016-06-07,2016,6,7,21:27:00,Terça-feira,Não
2635,2016-06-08,2016,6,8,02:57:00,Quarta-feira,Não
2636,2016-06-08,2016,6,8,11:46:00,Quarta-feira,Não
2637,2016-06-08,2016,6,8,13:13:00,Quarta-feira,Não
2638,2016-06-08,2016,6,8,13:24:00,Quarta-feira,Não
2639,2016-06-08,2016,6,8,14:56:00,Quarta-feira,Não
2640,2016-06-08,2016,6,8,18:29:00,Quarta-feira,Não
2641,2016-06-08,2016,6,8,19:06:00,Quarta-feira,Não
2642,2016-06-08,2016,6,8,21:19:00,Quarta-feira,Não
2643,2016-06-09,2016,6,9,06:31:00,Quinta-feira,Não
2644,2016-06-09,2016,6,9,07:18:00,Quinta-feira,Não
2645,2016-06-09,2016,6,9,08:35:00,Quinta-feira,Não
2646,2016-06-09,2016,6,9,08:53:00,Quinta-feira,Não
2647,2016-06-09,2016,6,9,11:25:00,Quinta-feira,Não
2648,2016-06-09,2016,6,9,13:12:00,Quinta-feira,Não
2649,2016-06-09,2016,6,9,14:31:00,Quinta-feira,Não
2650,2016-06-09,2016,6,9,14:40:00,Quinta-feira,Não
2651,2016-06-09,2016,6,9,17:17:00,Quinta-feira,Não
2652,2016-06-09,2016,6,9,17:33:00,Quinta-feira,Não
2653,2016-06-09,2016,6,9,18:32:00,Quinta-feira,Não
2654,2016-06-09,2016,6,9,19:55:00,Quinta-feira,Não
2655,2016-06-09,2016,6,9,22:42:00,Quinta-feira,Não
2656,2016-06-09,2016,6,9,23:43:00,Quinta-feira,Não
2657,2016-06-10,2016,6,10,06:50:00,Sexta-feira,Não
2658,2016-06-10,2016,6,10,07:40:00,Sexta-feira,Não
2659,2016-06-10,2016,6,10,09:28:00,Sexta-feira,Não
2660,2016-06-10,2016,6,10,12:48:00,Sexta-feira,Não
2661,2016-06-10,2016,6,10,14:05:00,Sexta-feira,Não
2662,2016-06-10,2016,6,10,15:24:00,Sexta-feira,Não
2663,2016-06-10,2016,6,10,17:50:00,Sexta-feira,Não
2664,2016-06-10,2016,6,10,19:26:00,Sexta-feira,Não
2665,2016-06-11,2016,6,11,05:21:00,Sábado,Sim
2666,2016-06-11,2016,6,11,15:11:00,Sábado,Sim
2667,2016-06-11,2016,6,11,16:57:00,Sábado,Sim
2668,2016-06-12,2016,6,12,12:07:00,Domingo,Sim
2669,2016-06-12,2016,6,12,16:22:00,Domingo,Sim
2670,2016-06-13,2016,6,13,07:37:00,Segunda-feira,Não
2671,2016-06-13,2016,6,13,12:33:00,Segunda-feira,Não
2672,2016-06-13,2016,6,13,19:41:00,Segunda-feira,Não
2673,2016-06-14,2016,6,14,06:54:00,Terça-feira,Não
2674,2016-06-14,2016,6,14,11:09:00,Terça-feira,Não
2675,2016-06-14,2016,6,14,12:02:00,Terça-feira,Não
2676,2016-06-14,2016,6,14,12:34:00,Terça-feira,Não
2677,2016-06-14,2016,6,14,15:33:00,Terça-feira,Não
2678,2016-06-14,2016,6,14,16:39:00,Terça-feira,Não
2679,2016-06-14,2016,6,14,17:28:00,Terça-feira,Não
2680,2016-06-14,2016,6,14,18:01:00,Terça-feira,Não
2681,2016-06-14,2016,6,14,20:39:00,Terça-feira,Não
2682,2016-06-14,2016,6,14,22:50:00,Terça-feira,Não
2683,2016-06-15,2016,6,15,08:20:00,Quarta-feira,Não
2684,2016-06-15,2016,6,15,08:46:00,Quarta-feira,Não
2685,2016-06-15,2016,6,15,10:17:00,Quarta-feira,Não
2686,2016-06-15,2016,6,15,13:43:00,Quarta-feira,Não
2687,2016-06-15,2016,6,15,16:15:00,Quarta-feira,Não
2688,2016-06-15,2016,6,15,17:22:00,Quarta-feira,Não
2689,2016-06-16,2016,6,16,00:07:00,Quinta-feira,Não
2690,2016-06-16,2016,6,16,09:14:00,Quinta-feira,Não
2691,2016-06-16,2016,6,16,10:09:00,Quinta-feira,Não
2692,2016-06-16,2016,6,16,12:21:00,Quinta-feira,Não
2693,2016-06-16,2016,6,16,15:11:00,Quinta-feira,Não
2694,2016-06-16,2016,6,16,17:07:00,Quinta-feira,Não
2695,2016-06-16,2016,6,16,20:19:00,Quinta-feira,Não
2696,2016-06-16,2016,6,16,20:28:00,Quinta-feira,Não
2697,2016-06-16,2016,6,16,21:26:00,Quinta-feira,Não
2698,2016-06-17,2016,6,17,06:30:00,Sexta-feira,Não
2699,2016-06-17,2016,6,17,15:12:00,Sexta-feira,Não
2700,2016-06-17,2016,6,17,18:33:00,Sexta-feira,Não
2701,2016-06-17,2016,6,17,20:53:00,Sexta-feira,Não
2702,2016-06-17,2016,6,17,22:18:00,Sexta-feira,Não
2703,2016-06-17,2016,6,17,22:20:00,Sexta-feira,Não
2704,2016-06-17,2016,6,17,23:34:00,Sexta-feira,Não
2705,2016-06-18,2016,6,18,01:33:00,Sábado,Sim
2706,2016-06-18,2016,6,18,07:25:00,Sábado,Sim
2707,2016-06-18,2016,6,18,07:58:00,Sábado,Sim
2708,2016-06-18,2016,6,18,08:32:00,Sábado,Sim
2709,2016-06-18,2016,6,18,14:45:00,Sábado,Sim
2710,2016-06-18,2016,6,18,15:39:00,Sábado,Sim
2711,2016-06-18,2016,6,18,16:54:00,Sábado,Sim
2712,2016-06-18,2016,6,18,19:23:00,Sábado,Sim
2713,2016-06-18,2016,6,18,19:33:00,Sábado,Sim
2714,2016-06-18,2016,6,18,19:40:00,Sábado,Sim
2715,2016-06-18,2016,6,18,20:12:00,Sábado,Sim
2716,2016-06-18,2016,6,18,21:29:00,Sábado,Sim
2717,2016-06-19,2016,6,19,08:22:00,Domingo,Sim
2718,2016-06-20,2016,6,20,07:53:00,Segunda-feira,Não
2719,2016-06-20,2016,6,20,12:26:00,Segunda-feira,Não
2720,2016-06-20,2016,6,20,12:40:00,Segunda-feira,Não
2721,2016-06-20,2016,6,20,16:21:00,Segunda-feira,Não
2722,2016-06-20,2016,6,20,18:38:00,Segunda-feira,Não
2723,2016-06-20,2016,6,20,20:30:00,Segunda-feira,Não
2724,2016-06-20,2016,6,20,22:34:00,Segunda-feira,Não
2725,2016-06-21,2016,6,21,07:41:00,Terça-feira,Não
2726,2016-06-21,2016,6,21,07:42:00,Terça-feira,Não
2727,2016-06-21,2016,6,21,10:25:00,Terça-feira,Não
2728,2016-06-21,2016,6,21,19:43:00,Terça-feira,Não
2729,2016-06-21,2016,6,21,19:52:00,Terça-feira,Não
2730,2016-06-21,2016,6,21,23:35:00,Terça-feira,Não
2731,2016-06-22,2016,6,22,09:02:00,Quarta-feira,Não
2732,2016-06-22,2016,6,22,11:38:00,Quarta-feira,Não
2733,2016-06-22,2016,6,22,23:44:00,Quarta-feira,Não
2734,2016-06-23,2016,6,23,08:17:00,Quinta-feira,Não
2735,2016-06-23,2016,6,23,08:22:00,Quinta-feira,Não
2736,2016-06-23,2016,6,23,10:15:00,Quinta-feira,Não
2737,2016-06-23,2016,6,23,11:17:00,Quinta-feira,Não
2738,2016-06-23,2016,6,23,14:34:00,Quinta-feira,Não
2739,2016-06-23,2016,6,23,17:02:00,Quinta-feira,Não
2740,2016-06-23,2016,6,23,20:01:00,Quinta-feira,Não
2741,2016-06-23,2016,6,23,21:37:00,Quinta-feira,Não
2742,2016-06-23,2016,6,23,23:41:00,Quinta-feira,Não
2743,2016-06-24,2016,6,24,00:10:00,Sexta-feira,Não
2744,2016-06-24,2016,6,24,03:40:00,Sexta-feira,Não
2745,2016-06-24,2016,6,24,07:00:00,Sexta-feira,Não
2746,2016-06-24,2016,6,24,23:26:00,Sexta-feira,Não
2747,2016-06-24,2016,6,24,23:46:00,Sexta-feira,Não
2748,2016-06-25,2016,6,25,08:52:00,Sábado,Sim
2749,2016-06-25,2016,6,25,10:59:00,Sábado,Sim
2750,2016-06-25,2016,6,25,11:58:00,Sábado,Sim
2751,2016-06-25,2016,6,25,15:10:00,Sábado,Sim
2752,2016-06-26,2016,6,26,23:24:00,Domingo,Sim
2753,2016-06-27,2016,6,27,10:14:00,Segunda-feira,Não
2754,2016-06-27,2016,6,27,12:59:00,Segunda-feira,Não
2755,2016-06-27,2016,6,27,15:14:00,Segunda-feira,Não
2756,2016-06-27,2016,6,27,17:03:00,Segunda-feira,Não
2757,2016-06-27,2016,6,27,18:06:00,Segunda-feira,Não
2758,2016-06-28,2016,6,28,07:32:00,Terça-feira,Não
2759,2016-06-28,2016,6,28,08:06:00,Terça-feira,Não
2760,2016-06-28,2016,6,28,10:07:00,Terça-feira,Não
2761,2016-06-28,2016,6,28,14:19:00,Terça-feira,Não
2762,2016-06-28,2016,6,28,18:40:00,Terça-feira,Não
2763,2016-06-28,2016,6,28,20:16:00,Terça-feira,Não
2764,2016-06-28,2016,6,28,23:59:00,Terça-feira,Não
2765,2016-06-29,2016,6,29,07:34:00,Quarta-feira,Não
2766,2016-06-29,2016,6,29,14:42:00,Quarta-feira,Não
2767,2016-06-29,2016,6,29,16:02:00,Quarta-feira,Não
2768,2016-06-29,2016,6,29,16:22:00,Quarta-feira,Não
2769,2016-06-29,2016,6,29,17:41:00,Quarta-feira,Não
2770,2016-06-30,2016,6,30,06:33:00,Quinta-feira,Não
2771,2016-06-30,2016,6,30,08:35:00,Quinta-feira,Não
2772,2016-06-30,2016,6,30,09:08:00,Quinta-feira,Não
2773,2016-06-30,2016,6,30,09:19:00,Quinta-feira,Não
2774,2016-06-30,2016,6,30,11:09:00,Quinta-feira,Não
2775,2016-06-30,2016,6,30,11:12:00,Quinta-feira,Não
2776,2016-06-30,2016,6,30,11:19:00,Quinta-feira,Não
2777,2016-06-30,2016,6,30,18:06:00,Quinta-feira,Não
2778,2016-06-30,2016,6,30,18:18:00,Quinta-feira,Não
2779,2016-06-30,2016,6,30,18:58:00,Quinta-feira,Não
2780,2016-07-01,2016,7,1,08:22:00,Sexta-feira,Não
2781,2016-07-01,2016,7,1,08:33:00,Sexta-feira,Não
2782,2016-07-01,2016,7,1,09:09:00,Sexta-feira,Não
2783,2016-07-01,2016,7,1,12:43:00,Sexta-feira,Não
2784,2016-07-01,2016,7,1,13:33:00,Sexta-feira,Não
2785,2016-07-01,2016,7,1,15:37:00,Sexta-feira,Não
2786,2016-07-01,2016,7,1,18:23:00,Sexta-feira,Não
2787,2016-07-02,2016,7,2,13:06:00,Sábado,Sim
2788,2016-07-02,2016,7,2,13:17:00,Sábado,Sim
2789,2016-07-02,2016,7,2,13:24:00,Sábado,Sim
2790,2016-07-02,2016,7,2,19:33:00,Sábado,Sim
2791,2016-07-02,2016,7,2,20:38:00,Sábado,Sim
2792,2016-07-02,2016,7,2,23:02:00,Sábado,Sim
2793,2016-07-03,2016,7,3,00:58:00,Domingo,Sim
2794,2016-07-03,2016,7,3,06:26:00,Domingo,Sim
2795,2016-07-03,2016,7,3,06:35:00,Domingo,Sim
2796,2016-07-03,2016,7,3,14:32:00,Domingo,Sim
2797,2016-07-03,2016,7,3,16:06:00,Domingo,Sim
2798,2016-07-03,2016,7,3,19:01:00,Domingo,Sim
2799,2016-07-03,2016,7,3,21:42:00,Domingo,Sim
2800,2016-07-04,2016,7,4,02:32:00,Segunda-feira,Não
2801,2016-07-04,2016,7,4,05:17:00,Segunda-feira,Não
2802,2016-07-04,2016,7,4,05:47:00,Segunda-feira,Não
2803,2016-07-04,2016,7,4,07:27:00,Segunda-feira,Não
2804,2016-07-04,2016,7,4,08:28:00,Segunda-feira,Não
2805,2016-07-04,2016,7,4,15:18:00,Segunda-feira,Não
2806,2016-07-04,2016,7,4,15:24:00,Segunda-feira,Não
2807,2016-07-04,2016,7,4,18:34:00,Segunda-feira,Não
2808,2016-07-04,2016,7,4,20:13:00,Segunda-feira,Não
2809,2016-07-05,2016,7,5,12:21:00,Terça-feira,Não
2810,2016-07-05,2016,7,5,18:45:00,Terça-feira,Não
2811,2016-07-05,2016,7,5,18:59:00,Terça-feira,Não
2812,2016-07-05,2016,7,5,20:40:00,Terça-feira,Não
2813,2016-07-05,2016,7,5,20:58:00,Terça-feira,Não
2814,2016-07-05,2016,7,5,23:29:00,Terça-feira,Não
2815,2016-07-06,2016,7,6,07:56:00,Quarta-feira,Não
2816,2016-07-06,2016,7,6,08:16:00,Quarta-feira,Não
2817,2016-07-06,2016,7,6,08:41:00,Quarta-feira,Não
2818,2016-07-06,2016,7,6,08:46:00,Quarta-feira,Não
2819,2016-07-06,2016,7,6,10:18:00,Quarta-feira,Não
2820,2016-07-06,2016,7,6,12:11:00,Quarta-feira,Não
2821,2016-07-06,2016,7,6,13:16:00,Quarta-feira,Não
2822,2016-07-06,2016,7,6,17:35:00,Quarta-feira,Não
2823,2016-07-06,2016,7,6,20:16:00,Quarta-feira,Não
2824,2016-07-07,2016,7,7,07:41:00,Quinta-feira,Não
2825,2016-07-07,2016,7,7,08:35:00,Quinta-feira,Não
2826,2016-07-07,2016,7,7,09:16:00,Quinta-feira,Não
2827,2016-07-07,2016,7,7,09:54:00,Quinta-feira,Não
2828,2016-07-07,2016,7,7,13:08:00,Quinta-feira,Não
2829,2016-07-07,2016,7,7,13:49:00,Quinta-feira,Não
2830,2016-07-07,2016,7,7,19:26:00,Quinta-feira,Não
2831,2016-07-08,2016,7,8,15:13:00,Sexta-feira,Não
2832,2016-07-09,2016,7,9,03:23:00,Sábado,Sim
2833,2016-07-09,2016,7,9,06:56:00,Sábado,Sim
2834,2016-07-09,2016,7,9,07:59:00,Sábado,Sim
2835,2016-07-09,2016,7,9,18:34:00,Sábado,Sim
2836,2016-07-10,2016,7,10,05:21:00,Domingo,Sim
2837,2016-07-10,2016,7,10,06:29:00,Domingo,Sim
2838,2016-07-10,2016,7,10,06:45:00,Domingo,Sim
2839,2016-07-10,2016,7,10,08:36:00,Domingo,Sim
2840,2016-07-10,2016,7,10,10:37:00,Domingo,Sim
2841,2016-07-10,2016,7,10,13:41:00,Domingo,Sim
2842,2016-07-10,2016,7,10,14:41:00,Domingo,Sim
2843,2016-07-10,2016,7,10,14:57:00,Domingo,Sim
2844,2016-07-10,2016,7,10,15:47:00,Domingo,Sim
2845,2016-07-11,2016,7,11,04:27:00,Segunda-feira,Não
2846,2016-07-11,2016,7,11,05:47:00,Segunda-feira,Não
2847,2016-07-11,2016,7,11,09:39:00,Segunda-feira,Não
2848,2016-07-11,2016,7,11,10:47:00,Segunda-feira,Não
2849,2016-07-11,2016,7,11,11:09:00,Segunda-feira,Não
2850,2016-07-11,2016,7,11,15:19:00,Segunda-feira,Não
2851,2016-07-11,2016,7,11,15:44:00,Segunda-feira,Não
2852,2016-07-11,2016,7,11,17:33:00,Segunda-feira,Não
2853,2016-07-11,2016,7,11,19:02:00,Segunda-feira,Não
2854,2016-07-11,2016,7,11,22:49:00,Segunda-feira,Não
2855,2016-07-12,2016,7,12,04:24:00,Terça-feira,Não
2856,2016-07-12,2016,7,12,06:12:00,Terça-feira,Não
2857,2016-07-12,2016,7,12,13:24:00,Terça-feira,Não
2858,2016-07-12,2016,7,12,14:29:00,Terça-feira,Não
2859,2016-07-12,2016,7,12,15:08:00,Terça-feira,Não
2860,2016-07-12,2016,7,12,17:40:00,Terça-feira,Não
2861,2016-07-12,2016,7,12,18:06:00,Terça-feira,Não
2862,2016-07-13,2016,7,13,07:53:00,Quarta-feira,Não
2863,2016-07-13,2016,7,13,12:45:00,Quarta-feira,Não
2864,2016-07-13,2016,7,13,18:23:00,Quarta-feira,Não
2865,2016-07-13,2016,7,13,18:29:00,Quarta-feira,Não
2866,2016-07-13,2016,7,13,21:38:00,Quarta-feira,Não
2867,2016-07-13,2016,7,13,23:50:00,Quarta-feira,Não
2868,2016-07-14,2016,7,14,00:28:00,Quinta-feira,Não
2869,2016-07-14,2016,7,14,06:49:00,Quinta-feira,Não
2870,2016-07-14,2016,7,14,08:23:00,Quinta-feira,Não
2871,2016-07-14,2016,7,14,14:33:00,Quinta-feira,Não
2872,2016-07-14,2016,7,14,16:54:00,Quinta-feira,Não
2873,2016-07-14,2016,7,14,17:09:00,Quinta-feira,Não
2874,2016-07-14,2016,7,14,17:52:00,Quinta-feira,Não
2875,2016-07-15,2016,7,15,01:13:00,Sexta-feira,Não
2876,2016-07-15,2016,7,15,08:32:00,Sexta-feira,Não
2877,2016-07-15,2016,7,15,11:10:00,Sexta-feira,Não
2878,2016-07-15,2016,7,15,15:52:00,Sexta-feira,Não
2879,2016-07-15,2016,7,15,15:53:00,Sexta-feira,Não
2880,2016-07-15,2016,7,15,17:10:00,Sexta-feira,Não
2881,2016-07-15,2016,7,15,17:33:00,Sexta-feira,Não
2882,2016-07-15,2016,7,15,18:16:00,Sexta-feira,Não
2883,2016-07-15,2016,7,15,19:21:00,Sexta-feira,Não
2884,2016-07-15,2016,7,15,22:21:00,Sexta-feira,Não
2885,2016-07-16,2016,7,16,07:26:00,Sábado,Sim
2886,2016-07-16,2016,7,16,12:42:00,Sábado,Sim
2887,2016-07-16,2016,7,16,12:51:00,Sábado,Sim
2888,2016-07-16,2016,7,16,14:13:00,Sábado,Sim
2889,2016-07-16,2016,7,16,15:06:00,Sábado,Sim
2890,2016-07-16,2016,7,16,15:57:00,Sábado,Sim
2891,2016-07-16,2016,7,16,16:21:00,Sábado,Sim
2892,2016-07-16,2016,7,16,19:20:00,Sábado,Sim
2893,2016-07-17,2016,7,17,11:05:00,Domingo,Sim
2894,2016-07-17,2016,7,17,14:34:00,Domingo,Sim
2895,2016-07-17,2016,7,17,17:33:00,Domingo,Sim
2896,2016-07-17,2016,7,17,19:25:00,Domingo,Sim
2897,2016-07-17,2016,7,17,21:31:00,Domingo,Sim
2898,2016-07-17,2016,7,17,23:46:00,Domingo,Sim
2899,2016-07-18,2016,7,18,12:25:00,Segunda-feira,Não
2900,2016-07-18,2016,7,18,13:56:00,Segunda-feira,Não
2901,2016-07-18,2016,7,18,15:00:00,Segunda-feira,Não
2902,2016-07-18,2016,7,18,18:59:00,Segunda-feira,Não
2903,2016-07-19,2016,7,19,00:01:00,Terça-feira,Não
2904,2016-07-19,2016,7,19,12:31:00,Terça-feira,Não
2905,2016-07-19,2016,7,19,12:37:00,Terça-feira,Não
2906,2016-07-19,2016,7,19,17:33:00,Terça-feira,Não
2907,2016-07-19,2016,7,19,19:29:00,Terça-feira,Não
2908,2016-07-19,2016,7,19,20:05:00,Terça-feira,Não
2909,2016-07-19,2016,7,19,21:11:00,Terça-feira,Não
2910,2016-07-19,2016,7,19,21:29:00,Terça-feira,Não
2911,2016-07-19,2016,7,19,21:57:00,Terça-feira,Não
2912,2016-07-20,2016,7,20,07:15:00,Quarta-feira,Não
2913,2016-07-20,2016,7,20,10:14:00,Quarta-feira,Não
2914,2016-07-20,2016,7,20,13:02:00,Quarta-feira,Não
2915,2016-07-20,2016,7,20,13:36:00,Quarta-feira,Não
2916,2016-07-20,2016,7,20,17:26:00,Quarta-feira,Não
2917,2016-07-20,2016,7,20,19:19:00,Quarta-feira,Não
2918,2016-07-20,2016,7,20,19:21:00,Quarta-feira,Não
2919,2016-07-20,2016,7,20,19:42:00,Quarta-feira,Não
2920,2016-07-20,2016,7,20,22:39:00,Quarta-feira,Não
2921,2016-07-21,2016,7,21,06:44:00,Quinta-feira,Não
2922,2016-07-21,2016,7,21,16:16:00,Quinta-feira,Não
2923,2016-07-21,2016,7,21,20:40:00,Quinta-feira,Não
2924,2016-07-22,2016,7,22,07:44:00,Sexta-feira,Não
2925,2016-07-22,2016,7,22,09:00:00,Sexta-feira,Não
2926,2016-07-22,2016,7,22,09:01:00,Sexta-feira,Não
2927,2016-07-22,2016,7,22,10:58:00,Sexta-feira,Não
2928,2016-07-22,2016,7,22,12:51:00,Sexta-feira,Não
2929,2016-07-22,2016,7,22,13:44:00,Sexta-feira,Não
2930,2016-07-22,2016,7,22,15:45:00,Sexta-feira,Não
2931,2016-07-22,2016,7,22,16:35:00,Sexta-feira,Não
2932,2016-07-22,2016,7,22,17:08:00,Sexta-feira,Não
2933,2016-07-23,2016,7,23,08:40:00,Sábado,Sim
2934,2016-07-23,2016,7,23,10:14:00,Sábado,Sim
2935,2016-07-23,2016,7,23,15:08:00,Sábado,Sim
2936,2016-07-23,2016,7,23,15:59:00,Sábado,Sim
2937,2016-07-23,2016,7,23,17:53:00,Sábado,Sim
2938,2016-07-23,2016,7,23,19:02:00,Sábado,Sim
2939,2016-07-23,2016,7,23,19:26:00,Sábado,Sim
2940,2016-07-23,2016,7,23,19:29:00,Sábado,Sim
2941,2016-07-23,2016,7,23,19:53:00,Sábado,Sim
2942,2016-07-23,2016,7,23,20:41:00,Sábado,Sim
2943,2016-07-24,2016,7,24,02:22:00,Domingo,Sim
2944,2016-07-24,2016,7,24,09:31:00,Domingo,Sim
2945,2016-07-24,2016,7,24,10:03:00,Domingo,Sim
2946,2016-07-24,2016,7,24,10:48:00,Domingo,Sim
2947,2016-07-24,2016,7,24,12:13:00,Domingo,Sim
2948,2016-07-24,2016,7,24,17:24:00,Domingo,Sim
2949,2016-07-24,2016,7,24,20:51:00,Domingo,Sim
2950,2016-07-24,2016,7,24,23:37:00,Domingo,Sim
2951,2016-07-25,2016,7,25,08:32:00,Segunda-feira,Não
2952,2016-07-25,2016,7,25,08:45:00,Segunda-feira,Não
2953,2016-07-25,2016,7,25,12:52:00,Segunda-feira,Não
2954,2016-07-25,2016,7,25,15:22:00,Segunda-feira,Não
2955,2016-07-25,2016,7,25,17:14:00,Segunda-feira,Não
2956,2016-07-25,2016,7,25,17:53:00,Segunda-feira,Não
2957,2016-07-25,2016,7,25,19:32:00,Segunda-feira,Não
2958,2016-07-26,2016,7,26,07:39:00,Terça-feira,Não
2959,2016-07-26,2016,7,26,08:30:00,Terça-feira,Não
2960,2016-07-26,2016,7,26,13:30:00,Terça-feira,Não
2961,2016-07-26,2016,7,26,14:00:00,Terça-feira,Não
2962,2016-07-26,2016,7,26,15:11:00,Terça-feira,Não
2963,2016-07-26,2016,7,26,18:39:00,Terça-feira,Não
2964,2016-07-27,2016,7,27,01:57:00,Quarta-feira,Não
2965,2016-07-27,2016,7,27,16:37:00,Quarta-feira,Não
2966,2016-07-27,2016,7,27,17:02:00,Quarta-feira,Não
2967,2016-07-27,2016,7,27,18:27:00,Quarta-feira,Não
2968,2016-07-27,2016,7,27,18:37:00,Quarta-feira,Não
2969,2016-07-28,2016,7,28,06:33:00,Quinta-feira,Não
2970,2016-07-28,2016,7,28,09:10:00,Quinta-feira,Não
2971,2016-07-28,2016,7,28,09:14:00,Quinta-feira,Não
2972,2016-07-28,2016,7,28,14:02:00,Quinta-feira,Não
2973,2016-07-28,2016,7,28,15:18:00,Quinta-feira,Não
2974,2016-07-29,2016,7,29,08:36:00,Sexta-feira,Não
2975,2016-07-29,2016,7,29,08:39:00,Sexta-feira,Não
2976,2016-07-29,2016,7,29,09:50:00,Sexta-feira,Não
2977,2016-07-29,2016,7,29,13:47:00,Sexta-feira,Não
2978,2016-07-29,2016,7,29,16:55:00,Sexta-feira,Não
2979,2016-07-29,2016,7,29,19:15:00,Sexta-feira,Não
2980,2016-07-29,2016,7,29,23:57:00,Sexta-feira,Não
2981,2016-07-30,2016,7,30,10:39:00,Sábado,Sim
2982,2016-07-30,2016,7,30,11:11:00,Sábado,Sim
2983,2016-07-30,2016,7,30,13:37:00,Sábado,Sim
2984,2016-07-30,2016,7,30,14:55:00,Sábado,Sim
2985,2016-07-30,2016,7,30,14:58:00,Sábado,Sim
2986,2016-07-30,2016,7,30,15:43:00,Sábado,Sim
2987,2016-07-30,2016,7,30,17:36:00,Sábado,Sim
2988,2016-07-30,2016,7,30,19:31:00,Sábado,Sim
2989,2016-07-30,2016,7,30,21:51:00,Sábado,Sim
2990,2016-07-31,2016,7,31,01:39:00,Domingo,Sim
2991,2016-07-31,2016,7,31,04:02:00,Domingo,Sim
2992,2016-07-31,2016,7,31,07:43:00,Domingo,Sim
2993,2016-07-31,2016,7,31,12:17:00,Domingo,Sim
2994,2016-07-31,2016,7,31,19:33:00,Domingo,Sim
2995,2016-07-31,2016,7,31,21:17:00,Domingo,Sim
