sk_acidente,sk_tempo,sk_local,sk_tipo_acidente,sk_ocorrencia,sk_veiculo,quantidade_vitimas,quantidade_veiculos
1,1,4323,1067,12,1,1,1
2,2,2176,1189,12,4,1,1
3,3,3452,1067,12,1,1,1
4,4,3453,3,12,2,1,1
5,4,4322,186,12,6,1,1
6,5,3454,186,12,6,1,1
7,6,3455,186,12,6,1,1
8,7,4324,3,12,2,1,1
9,7,3872,186,12,6,1,1
10,7,4311,186,12,6,1,1
11,8,3708,186,12,6,1,1
12,9,4312,186,12,6,1,1
13,9,4313,186,12,6,1,1
14,10,2361,186,12,6,1,1
15,10,3664,186,12,6,1,1
16,10,3665,186,12,6,1,1
17,10,3662,186,12,6,1,1
18,11,3663,3,12,2,1,1
19,12,4314,186,12,6,1,1
20,12,3666,186,12,6,1,1
21,12,4315,186,12,6,1,1
22,13,3667,186,12,6,1,1
23,14,4316,186,12,6,1,1
24,15,3668,186,12,6,1,1
25,16,3660,186,12,6,1,1
26,16,3669,186,12,6,1,1
27,17,4317,186,12,6,1,1
28,17,3671,186,12,6,1,1
29,18,4318,3,12,2,1,1
30,18,3672,186,12,6,1,1
31,18,3673,186,12,6,1,1
32,18,4319,112,12,6,1,1
33,19,4310,112,12,6,1,1
34,20,4321,186,12,6,1,1
35,21,3674,186,12,6,1,1
36,22,3675,186,12,6,1,1
37,23,3676,186,12,6,1,1
38,23,2036,3,12,2,1,1
39,24,3677,3,12,2,1,1
40,24,4104,186,12,6,1,1
41,25,4325,186,12,6,1,1
42,25,3678,186,12,6,1,1
43,25,3011,3,12,2,1,1
44,26,4326,3,12,2,1,1
45,26,4327,186,12,6,1,1
46,27,4328,186,12,6,1,1
47,28,4329,3,12,2,1,1
48,28,3679,186,12,6,1,1
49,28,4300,186,12,6,1,1
50,28,3650,186,12,6,1,1
51,28,4290,186,12,6,1,1
52,29,3640,186,12,6,1,1
53,30,4291,186,12,6,1,1
54,30,3642,186,12,6,1,1
55,30,4292,186,12,6,1,1
56,30,3641,186,12,6,1,1
57,31,4293,186,12,6,1,1
58,31,4294,186,12,6,1,1
59,32,4295,186,12,6,1,1
60,32,3643,1067,12,1,1,1
61,32,3644,960,12,1,1,1
62,32,3645,1067,12,1,1,1
63,32,4297,1067,12,1,1,1
64,32,4298,1067,12,1,1,1
65,32,4296,1067,12,1,1,1
66,33,4302,1067,12,1,1,1
67,33,4289,1093,12,1,1,1
68,33,4301,1119,12,1,1,1
69,33,3647,1067,12,1,1,1
70,33,4299,1119,12,1,1,1
71,33,3646,186,12,6,1,1
72,33,4303,1067,12,1,1,1
73,34,4305,1067,12,1,1,1
74,34,4306,1067,12,1,1,1
75,34,4304,1067,12,1,1,1
76,35,3652,1067,12,1,1,1
77,35,3648,186,12,6,1,1
78,35,3649,1067,12,1,1,1
79,35,3639,1067,12,1,1,1
80,35,3651,1067,12,1,1,1
81,35,4307,1067,12,1,1,1
82,36,4308,1067,12,1,1,1
83,36,4309,1119,12,1,1,1
84,36,3653,1067,12,1,1,1
85,36,4351,1119,12,1,1,1
86,36,4320,961,12,1,1,1
87,37,4354,1067,12,1,1,1
88,37,4353,1067,12,1,1,1
89,37,3654,186,12,6,1,1
90,37,4352,186,12,6,1,1
91,38,4355,186,12,6,1,1
92,38,3655,1067,12,1,1,1
93,38,4356,1067,12,1,1,1
94,38,4357,1067,12,1,1,1
95,38,3656,961,12,1,1,1
96,38,4358,961,12,1,1,1
97,38,3657,1067,12,1,1,1
98,38,4359,1067,12,1,1,1
99,38,3658,1067,12,1,1,1
100,38,4350,1067,12,1,1,1
101,39,4363,1067,12,1,1,1
102,39,3670,186,12,6,1,1
103,39,4361,1067,12,1,1,1
104,39,4362,1067,12,1,1,1
105,39,3659,186,12,6,1,1
106,39,3702,1067,12,1,1,1
107,39,3703,1067,12,1,1,1
108,39,4364,1093,12,1,1,1
109,39,3701,186,12,6,1,1
110,40,4365,1067,12,1,1,1
111,40,3704,1067,12,1,1,1
112,41,4366,186,12,6,1,1
113,41,3705,186,12,6,1,1
114,41,3706,186,12,6,1,1
115,41,3707,1119,12,1,1,1
116,41,4367,1067,12,1,1,1
117,41,3684,1067,12,1,1,1
118,42,4332,1067,12,1,1,1
119,42,4368,186,12,6,1,1
120,42,4340,1067,12,1,1,1
121,42,4331,1067,12,1,1,1
122,42,3700,1067,12,1,1,1
123,42,3709,3,12,2,1,1
124,42,4333,1067,12,1,1,1
125,42,3711,1067,12,1,1,1
126,42,3712,1067,12,1,1,1
127,42,3713,1067,12,1,1,1
128,42,3714,1067,12,1,1,1
129,42,4369,186,12,6,1,1
130,43,4334,1067,12,1,1,1
131,43,4335,1067,12,1,1,1
132,43,3715,1067,12,1,1,1
133,43,4336,1067,12,1,1,1
134,43,4337,1067,12,1,1,1
135,43,3716,1067,12,1,1,1
136,43,4338,1067,12,1,1,1
137,44,4341,1067,12,1,1,1
138,44,3718,1067,12,1,1,1
139,44,4330,1067,12,1,1,1
140,44,4339,186,12,6,1,1
141,44,3717,186,12,6,1,1
142,44,3690,1067,12,1,1,1
143,44,3681,1067,12,1,1,1
144,44,3682,1093,12,1,1,1
145,44,3683,1067,12,1,1,1
146,44,3719,1119,12,1,1,1
147,45,3592,186,12,6,1,1
148,45,3685,1067,12,1,1,1
149,45,3686,1067,12,1,1,1
150,46,3689,186,12,6,1,1
151,46,3688,3,12,2,1,1
152,46,4342,186,12,6,1,1
153,46,3687,3,12,2,1,1
154,46,3680,1067,12,1,1,1
155,46,3691,1093,12,1,1,1
156,46,3692,961,12,1,1,1
157,46,4343,1067,12,1,1,1
158,46,4344,1067,12,1,1,1
159,46,3693,1067,12,1,1,1
160,47,3694,186,12,6,1,1
161,47,4345,1067,12,1,1,1
162,48,3695,186,12,6,1,1
163,48,3696,1067,12,1,1,1
164,48,4346,1067,12,1,1,1
165,49,3697,186,12,6,1,1
166,49,3698,1067,12,1,1,1
167,49,4347,1067,12,1,1,1
168,49,3699,961,12,1,1,1
169,50,3629,1067,12,1,1,1
170,50,4349,1067,12,1,1,1
171,50,4279,1067,12,1,1,1
172,50,4229,1067,12,1,1,1
173,50,4348,186,12,6,1,1
174,50,3579,1067,12,1,1,1
175,50,4230,1067,12,1,1,1
176,50,4231,1067,12,1,1,1
177,50,4232,1067,12,1,1,1
178,51,4233,1067,12,1,1,1
179,51,4234,1067,12,1,1,1
180,52,3580,186,12,6,1,1
181,52,3581,1119,12,1,1,1
182,52,4235,1119,12,1,1,1
183,52,4236,1119,12,1,1,1
184,52,3582,1067,12,1,1,1
185,52,3583,1119,12,1,1,1
186,52,4237,1067,12,1,1,1
187,53,3584,1067,12,1,1,1
188,53,4239,961,12,1,1,1
189,53,4228,1166,12,1,1,1
190,53,3585,1067,12,1,1,1
191,54,3586,961,12,1,1,1
192,55,4240,1067,12,1,1,1
193,55,3587,1067,12,1,1,1
194,55,4241,1067,12,1,1,1
195,55,3578,1067,12,1,1,1
196,55,4242,1067,12,1,1,1
197,55,4243,1067,12,1,1,1
198,55,3589,961,12,1,1,1
199,55,4244,1093,12,1,1,1
200,55,4245,1067,12,1,1,1
201,56,4246,3,12,2,1,1
202,56,4247,1,12,2,1,1
203,56,3590,1067,12,1,1,1
204,56,4218,1067,12,1,1,1
205,56,4208,1119,12,1,1,1
206,56,3591,1067,12,1,1,1
207,56,3626,1067,12,1,1,1
208,57,3593,1067,12,1,1,1
209,57,4210,1067,12,1,1,1
210,57,3594,1067,12,1,1,1
211,57,3595,1119,12,1,1,1
212,57,4211,961,12,1,1,1
213,57,3596,1119,12,1,1,1
214,57,3597,1067,12,1,1,1
215,57,4209,1067,12,1,1,1
216,58,4212,1067,12,1,1,1
217,58,4213,1119,12,1,1,1
218,58,3558,961,12,1,1,1
219,58,4214,1119,12,1,1,1
220,58,4215,1067,12,1,1,1
221,58,4216,1067,12,1,1,1
222,58,3568,1067,12,1,1,1
223,59,4207,1093,12,1,1,1
224,59,3559,1067,12,1,1,1
225,59,3560,1067,12,1,1,1
226,59,3561,1067,12,1,1,1
227,59,4219,1067,12,1,1,1
228,59,3562,1119,12,1,1,1
229,59,4217,3,12,2,1,1
230,59,3564,1067,12,1,1,1
231,59,4220,1067,12,1,1,1
232,59,3565,1067,12,1,1,1
233,59,4221,1067,12,1,1,1
234,59,4222,1067,12,1,1,1
235,59,3563,1067,12,1,1,1
236,60,3566,1067,12,1,1,1
237,60,4223,961,12,1,1,1
238,60,4224,1119,12,1,1,1
239,60,4225,1067,12,1,1,1
240,60,3557,1067,12,1,1,1
241,60,3567,1067,12,1,1,1
242,61,3570,1067,12,1,1,1
243,61,4226,1067,12,1,1,1
244,61,4227,1067,12,1,1,1
245,61,3571,1067,12,1,1,1
246,61,3569,961,12,1,1,1
247,62,3573,961,12,1,1,1
248,62,3572,186,12,6,1,1
249,62,4270,1067,12,1,1,1
250,62,4238,1067,12,1,1,1
251,63,4271,112,12,6,1,1
252,63,4272,1067,12,1,1,1
253,63,4273,1067,12,1,1,1
254,63,3574,1120,12,1,1,1
255,63,4274,960,12,1,1,1
256,63,3575,1067,12,1,1,1
257,63,3576,1067,12,1,1,1
258,63,4275,1067,12,1,1,1
259,63,4276,1067,12,1,1,1
260,64,4278,1067,12,1,1,1
261,64,3588,1067,12,1,1,1
262,64,3620,1120,12,1,1,1
263,64,3577,1067,12,1,1,1
264,64,4269,1067,12,1,1,1
265,64,3621,1166,12,1,1,1
266,64,4280,1067,12,1,1,1
267,64,4277,1067,12,1,1,1
268,65,3622,3,12,2,1,1
269,65,3623,1120,12,1,1,1
270,65,3624,1067,12,1,1,1
271,66,3625,186,12,6,1,1
272,66,3599,1067,12,1,1,1
273,66,3627,1067,12,1,1,1
274,66,3628,1067,12,1,1,1
275,66,3619,1067,12,1,1,1
276,66,4281,1067,12,1,1,1
277,66,4282,1067,12,1,1,1
278,67,4284,1067,12,1,1,1
279,67,4285,1067,12,1,1,1
280,67,3632,961,12,1,1,1
281,67,3633,1067,12,1,1,1
282,67,3630,186,12,6,1,1
283,67,4286,1067,12,1,1,1
284,67,4283,186,12,6,1,1
285,67,3634,1067,12,1,1,1
286,67,4287,961,12,1,1,1
287,67,3635,1067,12,1,1,1
288,67,3631,1067,12,1,1,1
289,68,3636,1067,12,1,1,1
290,68,4259,1067,12,1,1,1
291,68,3637,1067,12,1,1,1
292,68,4249,1067,12,1,1,1
293,68,3638,1067,12,1,1,1
294,68,4288,1067,12,1,1,1
295,69,3609,186,12,6,1,1
296,69,4250,1067,12,1,1,1
297,69,4251,961,12,1,1,1
298,70,3813,3,12,2,1,1
299,70,3600,186,12,6,1,1
300,70,3601,1067,12,1,1,1
301,70,4252,961,12,1,1,1
302,70,3602,1067,12,1,1,1
303,70,3603,1067,12,1,1,1
304,70,3604,1067,12,1,1,1
305,70,3605,1067,12,1,1,1
306,70,3606,1166,12,1,1,1
307,70,3607,1067,12,1,1,1
308,70,4253,1067,12,1,1,1
309,70,3608,1067,12,1,1,1
310,70,3598,1067,12,1,1,1
311,71,3611,1067,12,1,1,1
312,71,3610,1067,12,1,1,1
313,71,3612,961,12,1,1,1
314,71,4255,1067,12,1,1,1
315,71,3613,1067,12,1,1,1
316,71,4256,1067,12,1,1,1
317,71,4254,186,12,6,1,1
318,72,3614,1120,12,1,1,1
319,72,3616,1067,12,1,1,1
320,72,4257,1067,12,1,1,1
321,72,4258,1067,12,1,1,1
322,72,3615,1067,12,1,1,1
323,73,3617,186,12,6,1,1
324,73,3618,1067,12,1,1,1
325,73,4248,1067,12,1,1,1
326,73,4260,1067,12,1,1,1
327,73,4261,961,12,1,1,1
328,73,3710,1067,12,1,1,1
329,73,4262,1067,12,1,1,1
330,74,4265,1067,12,1,1,1
331,74,4264,1067,12,1,1,1
332,74,4263,1067,12,1,1,1
333,74,3824,961,12,1,1,1
334,74,3823,1067,12,1,1,1
335,75,4266,3,12,2,1,1
336,75,3825,186,12,6,1,1
337,75,3826,186,12,6,1,1
338,75,4267,1120,12,1,1,1
339,75,4268,1067,12,1,1,1
340,75,3827,1067,12,1,1,1
341,76,3828,186,12,6,1,1
342,76,4360,1067,12,1,1,1
343,76,3829,1067,12,1,1,1
344,76,3830,1120,12,1,1,1
345,76,3831,1067,12,1,1,1
346,77,3833,1067,12,1,1,1
347,77,3822,1067,12,1,1,1
348,77,4474,186,12,6,1,1
349,77,4473,186,12,6,1,1
350,77,4476,1067,12,1,1,1
351,77,3834,1067,12,1,1,1
352,77,3835,1067,12,1,1,1
353,77,4477,1067,12,1,1,1
354,77,3836,1067,12,1,1,1
355,77,4475,1067,12,1,1,1
356,78,4478,186,12,6,1,1
357,78,3838,1067,12,1,1,1
358,78,4479,1067,12,1,1,1
359,78,4480,1067,12,1,1,1
360,78,3839,961,12,1,1,1
361,78,4481,1120,12,1,1,1
362,78,3840,1120,12,1,1,1
363,78,3837,186,12,6,1,1
364,79,3841,186,12,6,1,1
365,79,3812,1067,12,1,1,1
366,79,3802,1067,12,1,1,1
367,79,4472,1067,12,1,1,1
368,79,4483,1120,12,1,1,1
369,79,4485,1120,12,1,1,1
370,79,4486,1067,12,1,1,1
371,79,4484,1067,12,1,1,1
372,80,3803,3,12,2,1,1
373,80,4487,1120,12,1,1,1
374,80,3804,1067,12,1,1,1
375,80,3806,1067,12,1,1,1
376,80,4488,961,12,1,1,1
377,80,4489,1067,12,1,1,1
378,80,3807,1166,12,1,1,1
379,80,4490,1067,12,1,1,1
380,81,3810,1067,12,1,1,1
381,81,4491,186,12,6,1,1
382,81,4462,1067,12,1,1,1
383,81,3808,1067,12,1,1,1
384,81,3801,1067,12,1,1,1
385,81,3809,1067,12,1,1,1
386,82,3814,1067,12,1,1,1
387,82,4452,186,12,6,1,1
388,82,3815,961,12,1,1,1
389,82,3816,1067,12,1,1,1
390,82,4453,1067,12,1,1,1
391,82,3817,1067,12,1,1,1
392,82,4454,961,12,1,1,1
393,82,3818,1067,12,1,1,1
394,83,3323,186,12,6,1,1
395,83,3819,961,12,1,1,1
396,83,4455,1067,12,1,1,1
397,83,3820,1067,12,1,1,1
398,83,4456,1067,12,1,1,1
399,83,4457,1067,12,1,1,1
400,84,4459,1067,12,1,1,1
401,84,3863,1120,12,1,1,1
402,84,4458,1067,12,1,1,1
403,84,3821,1067,12,1,1,1
404,84,3832,1067,12,1,1,1
405,85,4460,3,12,2,1,1
406,85,3864,186,12,6,1,1
407,85,4461,186,12,6,1,1
408,85,4451,1166,12,1,1,1
409,85,3865,1067,12,1,1,1
410,85,4463,1067,12,1,1,1
411,85,4464,1067,12,1,1,1
412,85,3866,1120,12,1,1,1
413,85,3868,1067,12,1,1,1
414,85,3869,1120,12,1,1,1
415,85,4465,1067,12,1,1,1
416,86,3870,3,12,2,1,1
417,86,3871,1067,12,1,1,1
418,86,3862,1067,12,1,1,1
419,87,3874,1067,12,1,1,1
420,87,4466,1067,12,1,1,1
421,87,3873,1067,12,1,1,1
422,88,3875,1067,12,1,1,1
423,88,4467,186,12,6,1,1
424,89,4468,1067,12,1,1,1
425,89,3877,961,12,1,1,1
426,89,3876,1067,12,1,1,1
427,90,4469,1067,12,1,1,1
428,90,3878,1067,12,1,1,1
429,90,3879,1166,12,1,1,1
430,91,4471,1120,12,1,1,1
431,91,4482,1067,12,1,1,1
432,91,3880,1067,12,1,1,1
433,91,4470,961,12,1,1,1
434,92,3852,1067,12,1,1,1
435,92,3881,1067,12,1,1,1
436,92,4513,3,12,2,1,1
437,92,4515,1067,12,1,1,1
438,92,3843,1067,12,1,1,1
439,92,4514,1067,12,1,1,1
440,93,4516,1067,12,1,1,1
441,93,4517,1067,12,1,1,1
442,93,3859,1067,12,1,1,1
443,94,4518,186,12,6,1,1
444,94,3747,1067,12,1,1,1
445,94,3750,1067,12,1,1,1
446,94,4519,1067,12,1,1,1
447,94,3741,1120,12,1,1,1
448,94,3745,186,12,6,1,1
449,95,4524,1067,12,1,1,1
450,95,3760,1067,12,1,1,1
451,95,4521,1067,12,1,1,1
452,95,4512,1067,12,1,1,1
453,95,4523,1067,12,1,1,1
454,95,4520,1067,12,1,1,1
455,95,3758,1067,12,1,1,1
456,96,4525,186,12,6,1,1
457,96,3731,1067,12,1,1,1
458,96,3721,1067,12,1,1,1
459,96,3725,1067,12,1,1,1
460,96,3728,1067,12,1,1,1
461,96,3730,1067,12,1,1,1
462,96,4527,1067,12,1,1,1
463,96,3720,960,12,1,1,1
464,96,4526,186,12,6,1,1
465,97,3737,1067,12,1,1,1
466,97,4528,1067,12,1,1,1
467,97,3783,1067,12,1,1,1
468,97,3786,1067,12,1,1,1
469,97,3787,1067,12,1,1,1
470,98,4530,1067,12,1,1,1
471,98,4529,1067,12,1,1,1
472,98,3763,961,12,1,1,1
473,98,3797,1067,12,1,1,1
474,98,3770,1067,12,1,1,1
475,98,3793,1067,12,1,1,1
476,99,4531,3,12,2,1,1
477,99,4502,3,12,2,1,1
478,99,4493,1067,12,1,1,1
479,99,4494,1120,12,1,1,1
480,99,3772,961,12,1,1,1
481,99,4495,1067,12,1,1,1
482,99,3547,1067,12,1,1,1
483,99,3340,1067,12,1,1,1
484,99,3343,1067,12,1,1,1
485,99,4496,1067,12,1,1,1
486,99,3347,1067,12,1,1,1
487,100,3352,1067,12,1,1,1
488,100,3321,324,12,1,1,1
489,101,3333,961,12,1,1,1
490,101,4498,1067,12,1,1,1
491,101,4499,960,12,1,1,1
492,101,3324,1067,12,1,1,1
493,101,4500,1067,12,1,1,1
494,101,4497,1067,12,1,1,1
495,102,3326,186,12,6,1,1
496,102,4492,1067,12,1,1,1
497,102,4503,1067,12,1,1,1
498,102,4504,1067,12,1,1,1
499,102,4505,1067,12,1,1,1
500,102,3327,1067,12,1,1,1
501,102,3330,1067,12,1,1,1
502,102,3331,1067,12,1,1,1
503,102,4501,1067,12,1,1,1
504,103,4508,1067,12,1,1,1
505,103,3528,1067,12,1,1,1
506,103,3334,1067,12,1,1,1
507,103,4506,3,12,2,1,1
508,103,4509,1067,12,1,1,1
509,103,3345,1067,12,1,1,1
510,103,3377,1067,12,1,1,1
511,103,4510,1067,12,1,1,1
512,103,4511,1067,12,1,1,1
513,103,4441,1067,12,1,1,1
514,103,4507,186,12,6,1,1
515,104,3378,1067,12,1,1,1
516,104,3379,1067,12,1,1,1
517,104,4392,1067,12,1,1,1
518,104,4393,1120,12,1,1,1
519,105,3391,1067,12,1,1,1
520,105,4395,1067,12,1,1,1
521,105,4396,1067,12,1,1,1
522,105,3381,1067,12,1,1,1
523,105,4397,961,12,1,1,1
524,105,3382,1067,12,1,1,1
525,105,4398,1067,12,1,1,1
526,105,4399,1120,12,1,1,1
527,105,4394,186,12,6,1,1
528,106,3392,186,12,6,1,1
529,106,4400,961,12,1,1,1
530,106,3393,1067,12,1,1,1
531,106,3360,961,12,1,1,1
532,106,3368,1067,12,1,1,1
533,106,4391,1166,12,1,1,1
534,107,4403,1067,12,1,1,1
535,107,3371,1067,12,1,1,1
536,107,3256,1067,12,1,1,1
537,107,3257,1067,12,1,1,1
538,107,3261,1067,12,1,1,1
539,107,3262,1067,12,1,1,1
540,107,4402,1166,12,1,1,1
541,107,3264,1067,12,1,1,1
542,107,3369,186,12,6,1,1
543,108,4404,186,12,6,1,1
544,108,3237,1067,12,1,1,1
545,108,3241,1067,12,1,1,1
546,108,3232,1067,12,1,1,1
547,109,4405,1067,12,1,1,1
548,109,4406,1067,12,1,1,1
549,109,3250,1067,12,1,1,1
550,109,3246,186,12,6,1,1
551,110,4407,186,12,6,1,1
552,110,4408,143,12,6,1,1
553,110,4409,186,12,6,1,1
554,110,3263,1120,12,1,1,1
555,110,3300,1067,12,1,1,1
556,110,4410,1067,12,1,1,1
557,110,4371,1067,12,1,1,1
558,110,4381,1067,12,1,1,1
559,111,3306,1166,12,1,1,1
560,112,4373,1067,12,1,1,1
561,112,3273,1067,12,1,1,1
562,112,3287,1067,12,1,1,1
563,112,3500,1067,12,1,1,1
564,112,3508,961,12,1,1,1
565,112,4374,1120,12,1,1,1
566,112,4372,1067,12,1,1,1
567,113,4375,3,12,2,1,1
568,113,4377,186,12,6,1,1
569,113,4378,1067,12,1,1,1
570,113,4379,1067,12,1,1,1
571,113,4380,1067,12,1,1,1
572,113,3479,1120,12,1,1,1
573,113,3489,1166,12,1,1,1
574,113,3491,961,12,1,1,1
575,113,3507,961,12,1,1,1
576,113,3538,961,12,1,1,1
577,113,3540,1120,12,1,1,1
578,113,4376,186,12,6,1,1
579,114,3543,1067,12,1,1,1
580,114,4383,1067,12,1,1,1
581,114,4384,1067,12,1,1,1
582,114,4370,1067,12,1,1,1
583,114,3545,1067,12,1,1,1
584,114,4385,1067,12,1,1,1
585,114,4382,961,12,1,1,1
586,115,3546,961,12,1,1,1
587,115,4386,1067,12,1,1,1
588,117,4387,186,12,6,1,1
589,117,3548,1120,12,1,1,1
590,117,4388,1067,12,1,1,1
591,117,4389,1067,12,1,1,1
592,117,4390,1067,12,1,1,1
593,117,4401,1120,12,1,1,1
594,117,4432,1067,12,1,1,1
595,117,4433,961,12,1,1,1
596,117,4434,1166,12,1,1,1
597,116,641,947,7,4,1,1
598,118,4435,1067,12,1,1,1
599,118,4436,1067,12,1,1,1
600,118,3552,1067,12,1,1,1
601,118,4438,1067,12,1,1,1
602,118,3555,1120,12,1,1,1
603,118,4437,1067,12,1,1,1
604,118,3551,1120,12,1,1,1
605,119,4440,1067,12,1,1,1
606,119,4431,1067,12,1,1,1
607,119,3459,1067,12,1,1,1
608,119,3525,1166,12,1,1,1
609,119,4439,186,12,6,1,1
610,120,4442,1120,12,1,1,1
611,120,3531,961,12,1,1,1
612,120,4443,1067,12,1,1,1
613,120,3535,1067,12,1,1,1
614,120,4444,1120,12,1,1,1
615,120,4445,961,12,1,1,1
616,120,4446,1067,12,1,1,1
617,120,3532,1067,12,1,1,1
618,121,4447,1120,12,1,1,1
619,121,4448,1120,12,1,1,1
620,121,4449,1067,12,1,1,1
621,121,4450,1067,12,1,1,1
622,121,3536,1067,12,1,1,1
623,122,3421,186,12,6,1,1
624,122,3424,186,12,6,1,1
625,122,3425,186,12,6,1,1
626,122,3428,1067,12,1,1,1
627,122,4421,1067,12,1,1,1
628,122,4412,1067,12,1,1,1
629,122,3430,1067,12,1,1,1
630,122,3396,1067,12,1,1,1
631,122,3419,186,12,6,1,1
632,123,3398,186,12,6,1,1
633,123,4413,1120,12,1,1,1
634,123,4414,1067,12,1,1,1
635,124,3399,3,12,2,1,1
636,124,3403,186,12,6,1,1
637,124,4415,186,12,6,1,1
638,124,4416,961,12,1,1,1
639,124,4417,1067,12,1,1,1
640,124,4418,1067,12,1,1,1
641,125,3408,1067,12,1,1,1
642,125,4420,1067,12,1,1,1
643,125,4411,1067,12,1,1,1
644,125,4419,1067,12,1,1,1
645,126,3457,3,12,2,1,1
646,126,3458,1067,12,1,1,1
647,126,4422,1067,12,1,1,1
648,126,3464,1067,12,1,1,1
649,126,4423,1120,12,1,1,1
650,126,2936,1067,12,1,1,1
651,127,4424,113,12,6,1,1
652,127,3456,1067,12,1,1,1
653,127,3467,1067,12,1,1,1
654,127,3468,1067,12,1,1,1
655,127,4425,1067,12,1,1,1
656,127,3472,1067,12,1,1,1
657,127,4426,1067,12,1,1,1
658,127,3446,961,12,1,1,1
659,127,4427,1120,12,1,1,1
660,128,4428,1120,12,1,1,1
661,128,4429,961,12,1,1,1
662,128,3451,1067,12,1,1,1
663,128,3443,3,12,2,1,1
664,129,4430,1067,12,1,1,1
665,129,2038,1067,12,1,1,1
666,129,2145,1067,12,1,1,1
667,129,2149,1067,12,1,1,1
668,129,4197,1067,12,1,1,1
669,129,3986,1120,12,1,1,1
670,130,3989,1067,12,1,1,1
671,130,3988,186,12,6,1,1
672,130,2150,1067,12,1,1,1
673,130,3990,1120,12,1,1,1
674,130,3991,1067,12,1,1,1
675,130,3992,1067,12,1,1,1
676,130,2154,1067,12,1,1,1
677,130,3987,3,12,2,1,1
678,131,3993,186,12,6,1,1
679,131,3985,1067,12,1,1,1
680,131,3996,961,12,1,1,1
681,131,3997,1067,12,1,1,1
682,131,3015,1067,12,1,1,1
683,131,3026,1067,12,1,1,1
684,131,3994,1067,12,1,1,1
685,132,2991,3,12,2,1,1
686,132,3998,1067,12,1,1,1
687,132,2997,1067,12,1,1,1
688,132,3999,1067,12,1,1,1
689,132,4000,1067,12,1,1,1
690,132,3004,1067,12,1,1,1
691,132,4001,1120,12,1,1,1
692,132,3005,1067,12,1,1,1
693,132,4002,1067,12,1,1,1
694,134,3055,1067,12,1,1,1
695,134,3008,1067,12,1,1,1
696,134,3020,961,12,1,1,1
697,134,3052,1067,12,1,1,1
698,134,4003,1067,12,1,1,1
699,134,3050,1067,12,1,1,1
700,134,3009,1067,12,1,1,1
701,134,4004,1067,12,1,1,1
702,133,5009,1000,7,1,1,1
703,135,3975,186,12,6,1,1
704,135,3965,186,12,6,1,1
705,135,3966,1067,12,1,1,1
706,135,3068,1067,12,1,1,1
707,135,3967,1067,12,1,1,1
708,135,3040,961,12,1,1,1
709,136,3968,112,12,6,1,1
710,136,3969,1067,12,1,1,1
711,136,3970,1120,12,1,1,1
712,136,3971,1067,12,1,1,1
713,136,3041,1067,12,1,1,1
714,136,3044,1120,12,1,1,1
715,136,2929,1067,12,1,1,1
716,137,3194,1067,12,1,1,1
717,137,2918,1067,12,1,1,1
718,137,3974,1067,12,1,1,1
719,137,3964,1067,12,1,1,1
720,137,2909,1067,12,1,1,1
721,137,2912,1067,12,1,1,1
722,137,3973,1067,12,1,1,1
723,137,3972,186,12,6,1,1
724,137,2934,186,12,6,1,1
725,138,3977,1067,12,1,1,1
726,138,3978,1067,12,1,1,1
727,138,3979,961,12,1,1,1
728,138,2914,186,12,6,1,1
729,138,3976,1067,12,1,1,1
730,138,2920,1067,12,1,1,1
731,139,3980,186,12,6,1,1
732,139,3981,1067,12,1,1,1
733,139,3982,1067,12,1,1,1
734,140,2980,1120,12,1,1,1
735,140,2922,186,12,6,1,1
736,140,2972,186,12,6,1,1
737,140,3995,1067,12,1,1,1
738,140,2978,1067,12,1,1,1
739,140,4026,1067,12,1,1,1
740,140,2969,1067,12,1,1,1
741,140,2949,1166,12,1,1,1
742,140,2951,1067,12,1,1,1
743,140,3983,186,12,6,1,1
744,140,3984,186,12,6,1,1
745,141,2967,186,12,6,1,1
746,141,3183,1067,12,1,1,1
747,141,4027,1067,12,1,1,1
748,141,4028,1067,12,1,1,1
749,141,3177,1067,12,1,1,1
750,141,2957,186,12,6,1,1
751,142,4029,186,12,6,1,1
752,142,3188,1067,12,1,1,1
753,142,3189,1166,12,1,1,1
754,142,3187,186,12,6,1,1
755,143,4030,1067,12,1,1,1
756,143,3191,1067,12,1,1,1
757,143,3152,961,12,1,1,1
758,143,3153,1067,12,1,1,1
759,143,4031,1067,12,1,1,1
760,143,3155,1120,12,1,1,1
761,143,3159,1067,12,1,1,1
762,144,4025,1067,12,1,1,1
763,144,4032,1067,12,1,1,1
764,144,4033,1067,12,1,1,1
765,144,4034,1067,12,1,1,1
766,144,4036,1067,12,1,1,1
767,144,4037,1067,12,1,1,1
768,144,4038,1067,12,1,1,1
769,144,3167,1067,12,1,1,1
770,144,4039,1067,12,1,1,1
771,144,3163,1067,12,1,1,1
772,144,3164,1067,12,1,1,1
773,144,3151,186,12,6,1,1
774,145,4043,1120,12,1,1,1
775,145,4041,186,12,6,1,1
776,145,4042,1067,12,1,1,1
777,145,3217,1120,12,1,1,1
778,145,4044,1067,12,1,1,1
779,145,4040,186,12,6,1,1
780,145,3171,186,12,6,1,1
781,146,4006,1120,12,1,1,1
782,146,3086,1067,12,1,1,1
783,146,3199,1067,12,1,1,1
784,146,3202,1067,12,1,1,1
785,146,4015,1120,12,1,1,1
786,147,3192,1067,12,1,1,1
787,147,3205,1067,12,1,1,1
788,147,3206,1067,12,1,1,1
789,147,3207,1067,12,1,1,1
790,147,3103,1067,12,1,1,1
791,147,4007,1067,12,1,1,1
792,147,4008,1067,12,1,1,1
793,147,3102,1067,12,1,1,1
794,148,3104,186,12,6,1,1
795,148,3106,1067,12,1,1,1
796,148,3081,1067,12,1,1,1
797,148,4009,961,12,1,1,1
798,148,4010,1067,12,1,1,1
799,148,4011,1067,12,1,1,1
800,148,4012,1067,12,1,1,1
801,149,4016,1067,12,1,1,1
802,149,3080,1120,12,1,1,1
803,149,4005,1067,12,1,1,1
804,149,3082,961,12,1,1,1
805,149,3079,1067,12,1,1,1
806,149,4014,1067,12,1,1,1
807,149,4013,186,12,6,1,1
808,150,3134,1067,12,1,1,1
809,150,3135,1120,12,1,1,1
810,150,2594,1067,12,1,1,1
811,150,3087,1067,12,1,1,1
812,150,4017,1067,12,1,1,1
813,151,4022,1067,12,1,1,1
814,151,4019,186,12,6,1,1
815,151,4020,186,12,6,1,1
816,151,3150,1067,12,1,1,1
817,151,3112,1067,12,1,1,1
818,151,4021,1067,12,1,1,1
819,151,4023,1067,12,1,1,1
820,151,3147,186,12,6,1,1
821,151,4018,186,12,6,1,1
822,151,3145,186,12,6,1,1
823,152,4024,1067,12,1,1,1
824,152,3115,1067,12,1,1,1
825,152,3113,1067,12,1,1,1
826,153,3111,961,12,1,1,1
827,153,3954,1067,12,1,1,1
828,153,3904,1067,12,1,1,1
829,153,3130,1067,12,1,1,1
830,153,2687,961,12,1,1,1
831,153,2692,1067,12,1,1,1
832,153,2693,1067,12,1,1,1
833,153,2685,1067,12,1,1,1
834,154,3908,1067,12,1,1,1
835,154,2703,1067,12,1,1,1
836,154,2697,1067,12,1,1,1
837,154,3905,186,12,6,1,1
838,154,3909,1067,12,1,1,1
839,154,3907,961,12,1,1,1
840,154,3906,961,12,1,1,1
841,154,2665,1067,12,1,1,1
842,155,3910,1189,12,4,1,1
843,155,3911,5,12,2,1,1
844,155,2671,1189,12,4,1,1
845,155,2669,1189,12,4,1,1
846,155,2670,1189,12,4,1,1
847,156,3903,1183,12,4,1,1
848,156,2679,1189,12,4,1,1
849,156,3914,1192,12,1,1,1
850,156,2676,1183,12,4,1,1
851,156,3912,1172,12,4,1,1
852,157,2682,1183,12,4,1,1
853,157,2695,1189,12,4,1,1
854,157,3915,1189,12,4,1,1
855,157,3916,1189,12,4,1,1
856,157,2730,1189,12,4,1,1
857,157,3917,1189,12,4,1,1
858,157,3918,1195,12,1,1,1
859,157,3919,1192,12,1,1,1
860,158,2734,1189,12,4,1,1
861,158,3921,1189,12,4,1,1
862,158,2736,1189,12,4,1,1
863,158,3922,1189,12,4,1,1
864,158,3893,5,12,2,1,1
865,158,2733,1189,12,4,1,1
866,158,3920,1183,12,4,1,1
867,159,3883,1183,12,4,1,1
868,159,2737,1189,12,4,1,1
869,159,3884,1189,12,4,1,1
870,159,2739,1189,12,4,1,1
871,159,3885,1189,12,4,1,1
872,159,2740,5,12,2,1,1
873,160,3888,1189,12,4,1,1
874,160,2706,1189,12,4,1,1
875,160,3887,1189,12,4,1,1
876,160,2709,1189,12,4,1,1
877,160,3886,1189,12,4,1,1
878,160,2744,1189,12,4,1,1
879,161,3891,1189,12,4,1,1
880,161,2711,1189,12,4,1,1
881,161,2705,1189,12,4,1,1
882,161,2723,1189,12,4,1,1
883,161,3892,1189,12,4,1,1
884,161,3882,1189,12,4,1,1
885,161,2604,1189,12,4,1,1
886,161,3894,5,12,2,1,1
887,161,2607,5,12,2,1,1
888,161,2609,1195,12,1,1,1
889,161,3889,1183,12,4,1,1
890,161,3890,1183,12,4,1,1
891,162,2621,1189,12,4,1,1
892,162,2620,1189,12,4,1,1
893,162,3896,1189,12,4,1,1
894,162,3897,1189,12,4,1,1
895,162,3898,1189,12,4,1,1
896,162,3899,1189,12,4,1,1
897,162,2586,1189,12,4,1,1
898,162,3900,3,12,2,1,1
899,162,2592,1195,12,1,1,1
900,162,3895,1189,12,4,1,1
901,162,2612,1189,12,4,1,1
902,163,2582,1189,12,4,1,1
903,163,3901,1189,12,4,1,1
904,163,3902,1189,12,4,1,1
905,163,3913,1189,12,4,1,1
906,163,2646,1189,12,4,1,1
907,163,3945,1189,12,4,1,1
908,163,2596,5,12,2,1,1
909,163,3946,5,12,2,1,1
910,163,3947,1195,12,1,1,1
911,164,3948,1183,12,4,1,1
912,164,2747,1183,12,4,1,1
913,164,3951,1189,12,4,1,1
914,164,2644,1189,12,4,1,1
915,164,3952,1189,12,4,1,1
916,164,2655,1192,12,1,1,1
917,164,3950,1183,12,4,1,1
918,164,3949,1183,12,4,1,1
919,165,3944,1189,12,4,1,1
920,165,2663,1189,12,4,1,1
921,165,2634,1189,12,4,1,1
922,165,2629,1189,12,4,1,1
923,165,2631,1189,12,4,1,1
924,165,3955,5,12,2,1,1
925,165,2660,1189,12,4,1,1
926,165,3953,1189,12,4,1,1
927,166,3957,1189,12,4,1,1
928,166,3958,1189,12,4,1,1
929,166,3959,1189,12,4,1,1
930,166,3960,1189,12,4,1,1
931,166,3961,3,12,2,1,1
932,166,3962,3,12,2,1,1
933,166,2635,5,12,2,1,1
934,166,3963,5,12,2,1,1
935,166,3956,1183,12,4,1,1
936,167,3934,1189,12,4,1,1
937,167,3924,1189,12,4,1,1
938,167,3925,1192,12,1,1,1
939,168,3930,1181,12,1,1,1
940,168,3928,1189,12,4,1,1
941,168,2638,1189,12,4,1,1
942,168,3927,1189,12,4,1,1
943,168,2636,1189,12,4,1,1
944,168,3926,1189,12,4,1,1
945,168,2637,1189,12,4,1,1
946,168,3929,3,12,2,1,1
947,169,2640,1183,12,4,1,1
948,169,3931,1189,12,4,1,1
949,169,3932,1189,12,4,1,1
950,169,2642,3,12,2,1,1
951,169,3933,5,12,2,1,1
952,170,2858,1189,12,4,1,1
953,170,2864,1189,12,4,1,1
954,170,2866,1189,12,4,1,1
955,170,3923,5,12,2,1,1
956,170,2837,5,12,2,1,1
957,170,2827,1195,12,1,1,1
958,170,2830,1195,12,1,1,1
959,170,2826,1192,12,1,1,1
960,171,3935,1189,12,4,1,1
961,171,2857,1189,12,4,1,1
962,171,3936,1189,12,4,1,1
963,171,2846,1189,12,4,1,1
964,172,3937,1189,12,4,1,1
965,172,3938,1189,12,4,1,1
966,172,2888,1189,12,4,1,1
967,172,3939,1189,12,4,1,1
968,172,3940,1189,12,4,1,1
969,172,2891,1189,12,4,1,1
970,172,2892,1189,12,4,1,1
971,172,3941,1189,12,4,1,1
972,172,2887,1189,12,4,1,1
973,172,2898,1189,12,4,1,1
974,172,3942,1189,12,4,1,1
975,172,3943,5,12,2,1,1
976,172,4035,1181,12,1,1,1
977,173,2877,1189,12,4,1,1
978,173,2905,1189,12,4,1,1
979,173,2879,1189,12,4,1,1
980,173,4148,1183,12,4,1,1
981,173,2874,1189,12,4,1,1
982,173,2900,1183,12,4,1,1
983,174,2880,1189,12,4,1,1
984,174,4150,1189,12,4,1,1
985,174,4151,3,12,2,1,1
986,174,2885,1192,12,1,1,1
987,174,2883,1189,12,4,1,1
988,174,4149,1189,12,4,1,1
989,174,2882,1189,12,4,1,1
990,175,4152,1189,12,4,1,1
991,175,4153,1189,12,4,1,1
992,176,2768,1189,12,4,1,1
993,176,2771,1189,12,4,1,1
994,176,4155,1189,12,4,1,1
995,176,4156,1189,12,4,1,1
996,176,4147,1189,12,4,1,1
997,176,2772,1189,12,4,1,1
998,176,2780,5,12,2,1,1
999,176,4158,1195,12,1,1,1
1000,176,4159,1192,12,1,1,1
1001,176,4154,1189,12,4,1,1
1002,177,2750,1189,12,4,1,1
1003,177,2752,1189,12,4,1,1
1004,177,2754,3,12,2,1,1
1005,177,4161,5,12,2,1,1
1006,177,4162,1172,12,1,1,1
1007,177,2795,1189,12,4,1,1
1008,177,2746,1189,12,4,1,1
1009,177,4160,1189,12,4,1,1
1010,178,4163,1183,12,4,1,1
1011,178,4164,1183,12,4,1,1
1012,178,4165,1183,12,4,1,1
1013,178,2755,1189,12,4,1,1
1014,179,4137,1189,12,4,1,1
1015,179,2810,1183,12,4,1,1
1016,179,4127,1189,12,4,1,1
1017,179,2822,5,12,2,1,1
1018,179,2789,5,12,2,1,1
1019,179,2793,1192,12,1,1,1
1020,179,2757,1172,12,4,1,1
1021,179,4166,1183,12,4,1,1
1022,179,2812,1189,12,4,1,1
1023,180,4129,1189,12,4,1,1
1024,180,3143,1189,12,4,1,1
1025,180,2572,1189,12,4,1,1
1026,180,2803,1189,12,4,1,1
1027,180,4128,1189,12,4,1,1
1028,180,2155,1189,12,4,1,1
1029,180,2797,1189,12,4,1,1
1030,181,2802,1189,12,4,1,1
1031,181,4130,1189,12,4,1,1
1032,181,4131,1189,12,4,1,1
1033,181,4132,5,12,2,1,1
1034,181,2800,5,12,2,1,1
1035,181,2801,1189,12,4,1,1
1036,182,4133,1189,12,4,1,1
1037,182,4134,1189,12,4,1,1
1038,182,2799,1189,12,4,1,1
1039,182,2798,1189,12,4,1,1
1040,182,4135,1189,12,4,1,1
1041,182,2786,1189,12,4,1,1
1042,182,4136,5,12,2,1,1
1043,182,4126,5,12,2,1,1
1044,183,2790,5,12,2,1,1
1045,183,4138,1189,12,4,1,1
1046,183,2794,1189,12,4,1,1
1047,183,4140,5,12,2,1,1
1048,183,2745,1189,12,4,1,1
1049,183,2788,1192,12,1,1,1
1050,183,4139,1189,12,4,1,1
1051,183,2791,1189,12,4,1,1
1052,183,2792,1189,12,4,1,1
1053,184,2796,1189,12,4,1,1
1054,184,4142,1189,12,4,1,1
1055,184,4141,1189,12,4,1,1
1056,184,2787,1172,12,4,1,1
1057,184,4143,1189,12,4,1,1
1058,185,4144,1183,12,4,1,1
1059,185,4145,1183,12,4,1,1
1060,185,4146,1189,12,4,1,1
1061,186,2824,1189,12,4,1,1
1062,186,2823,1189,12,4,1,1
1063,186,4188,5,12,2,1,1
1064,186,2821,5,12,2,1,1
1065,186,2825,1189,12,4,1,1
1066,186,4157,1189,12,4,1,1
1067,187,2820,1189,12,4,1,1
1068,187,2819,3,12,2,1,1
1069,187,4189,5,12,2,1,1
1070,187,2817,5,12,2,1,1
1071,187,2818,5,12,2,1,1
1072,188,4190,1183,12,4,1,1
1073,188,4191,1183,12,4,1,1
1074,188,2806,1189,12,4,1,1
1075,189,2815,1189,12,4,1,1
1076,189,4192,1189,12,4,1,1
1077,189,4193,5,12,2,1,1
1078,189,2814,1189,12,4,1,1
1079,190,4195,1189,12,4,1,1
1080,190,4194,1189,12,4,1,1
1081,190,2809,3,12,2,1,1
1082,190,4007,1192,12,1,1,1
1083,190,2813,1189,12,4,1,1
1084,190,2811,1189,12,4,1,1
1085,191,2807,1189,12,4,1,1
1086,191,2776,1189,12,4,1,1
1087,191,2765,5,12,2,1,1
1088,191,2764,5,12,2,1,1
1089,191,2763,1195,12,1,1,1
1090,191,2762,1192,12,1,1,1
1091,191,2808,1189,12,4,1,1
1092,191,4196,1189,12,4,1,1
1093,192,2761,1189,12,4,1,1
1094,192,4187,1189,12,4,1,1
1095,192,4397,1189,12,4,1,1
1096,192,4198,1189,12,4,1,1
1097,193,2760,2,12,2,1,1
1098,194,4201,1189,12,4,1,1
1099,194,4200,1189,12,4,1,1
1100,194,4202,1189,12,4,1,1
1101,194,4203,1192,12,1,1,1
1102,194,2758,1189,12,4,1,1
1103,194,4199,1189,12,4,1,1
1104,194,2759,1183,12,4,1,1
1105,195,4204,1172,12,4,1,1
1106,195,2871,1189,12,4,1,1
1107,195,2753,1189,12,4,1,1
1108,195,2751,1189,12,4,1,1
1109,195,2749,1189,12,4,1,1
1110,195,4205,5,12,2,1,1
1111,195,2748,1195,12,1,1,1
1112,195,2756,1195,12,1,1,1
1113,196,4206,1183,12,4,1,1
1114,196,2783,1189,12,4,1,1
1115,196,2782,3,12,2,1,1
1116,196,4168,1195,12,1,1,1
1117,196,2781,1192,12,1,1,1
1118,196,2785,1189,12,4,1,1
1119,196,4177,1189,12,4,1,1
1120,196,2784,1183,12,4,1,1
1121,197,2778,1189,12,4,1,1
1122,197,4170,3,12,2,1,1
1123,197,2779,1189,12,4,1,1
1124,197,2777,1183,12,4,1,1
1125,197,2775,1192,12,1,1,1
1126,197,2766,5,12,2,1,1
1127,197,4169,1189,12,4,1,1
1128,197,4171,3,12,2,1,1
1129,198,2773,5,12,2,1,1
1130,198,4172,1192,12,1,1,1
1131,198,2769,1192,12,1,1,1
1132,198,2770,5,12,2,1,1
1133,198,2774,1189,12,4,1,1
1134,198,4173,1192,12,1,1,1
1135,199,4176,1189,12,4,1,1
1136,199,4175,1189,12,4,1,1
1137,199,2816,1183,12,4,1,1
1138,199,4167,3,12,2,1,1
1139,199,2886,5,12,2,1,1
1140,199,4174,1189,12,4,1,1
1141,199,2767,1189,12,4,1,1
1142,200,4178,1189,12,4,1,1
1143,200,2884,1189,12,4,1,1
1144,200,4179,1189,12,4,1,1
1145,200,2881,1189,12,4,1,1
1146,200,2878,1189,12,4,1,1
1147,200,4181,1189,12,4,1,1
1148,200,4182,3,12,2,1,1
1149,200,4180,1189,12,4,1,1
1150,201,4183,1189,12,4,1,1
1151,201,4184,1189,12,4,1,1
1152,201,4185,1189,12,4,1,1
1153,201,2867,1189,12,4,1,1
1154,201,4116,5,12,2,1,1
1155,201,2876,1192,12,1,1,1
1156,201,4186,1189,12,4,1,1
1157,202,4069,3,12,2,1,1
1158,202,4068,1189,12,4,1,1
1159,202,2872,1,12,2,1,1
1160,202,2894,5,12,2,1,1
1161,202,4070,1192,12,1,1,1
1162,202,4071,1192,12,1,1,1
1163,202,2875,1183,12,4,1,1
1164,202,2873,1189,12,4,1,1
1165,202,4067,1189,12,4,1,1
1166,203,2869,1189,12,4,1,1
1167,203,4074,3,12,2,1,1
1168,203,4073,1189,12,4,1,1
1169,203,4072,1189,12,4,1,1
1170,203,2870,1189,12,4,1,1
1171,204,4075,1189,12,4,1,1
1172,204,4066,1183,12,4,1,1
1173,204,4077,1189,12,4,1,1
1174,204,2868,1189,12,4,1,1
1175,204,2906,1183,12,4,1,1
1176,204,4079,1189,12,4,1,1
1177,204,2904,1189,12,4,1,1
1178,204,4080,1189,12,4,1,1
1179,204,4081,5,12,2,1,1
1180,204,4078,1189,12,4,1,1
1181,205,2903,1189,12,4,1,1
1182,205,2902,1189,12,4,1,1
1183,205,2901,1189,12,4,1,1
1184,205,2899,1189,12,4,1,1
1185,205,4082,3,12,2,1,1
1186,205,2896,3,12,2,1,1
1187,205,2895,1192,12,1,1,1
1188,205,2628,1192,12,1,1,1
1189,206,4083,1189,12,4,1,1
1190,206,2890,1189,12,4,1,1
1191,206,2889,1189,12,4,1,1
1192,206,4085,5,12,2,1,1
1193,206,4056,5,12,2,1,1
1194,206,4084,1,12,2,1,1
1195,206,2845,5,12,2,1,1
1196,206,2893,1189,12,4,1,1
1197,207,4047,1189,12,4,1,1
1198,207,4048,1189,12,4,1,1
1199,207,2842,1183,12,4,1,1
1200,207,4049,1189,12,4,1,1
1201,207,4050,1183,12,4,1,1
1202,207,4051,1189,12,4,1,1
1203,207,4052,5,12,2,1,1
1204,207,4053,5,12,2,1,1
1205,207,2841,5,12,2,1,1
1206,207,4054,1195,12,1,1,1
1207,207,4055,1192,12,1,1,1
1208,207,2844,1189,12,4,1,1
1209,207,4046,1189,12,4,1,1
1210,207,2843,1189,12,4,1,1
1211,208,4058,5,12,2,1,1
1212,208,2838,1189,12,4,1,1
1213,208,4045,3,12,2,1,1
1214,208,4057,5,12,2,1,1
1215,208,4059,5,12,2,1,1
1216,208,2840,1189,12,4,1,1
1217,208,2839,1189,12,4,1,1
1218,209,2836,1189,12,4,1,1
1219,209,4061,1181,12,1,1,1
1220,209,2834,1195,12,1,1,1
1221,209,2835,5,12,2,1,1
1222,209,4060,1189,12,4,1,1
1223,210,2833,1189,12,4,1,1
1224,210,2832,1189,12,4,1,1
1225,210,2831,1189,12,4,1,1
1226,210,2829,1189,12,4,1,1
1227,210,4063,1183,12,4,1,1
1228,210,4064,1189,12,4,1,1
1229,210,4065,1189,12,4,1,1
1230,210,4076,5,12,2,1,1
1231,210,2828,1192,12,1,1,1
1232,210,4107,1192,12,1,1,1
1233,210,4062,1189,12,4,1,1
1234,211,2865,1189,12,4,1,1
1235,211,2863,5,12,2,1,1
1236,212,2860,1183,12,4,1,1
1237,212,2862,1183,12,4,1,1
1238,212,4110,1189,12,4,1,1
1239,212,4111,1189,12,4,1,1
1240,212,2859,1181,12,1,1,1
1241,212,2861,1183,12,4,1,1
1242,212,4108,1189,12,4,1,1
1243,212,4109,1189,12,4,1,1
1244,213,4112,1189,12,4,1,1
1245,213,2847,1189,12,4,1,1
1246,213,2856,1189,12,4,1,1
1247,213,2855,1189,12,4,1,1
1248,213,2854,1189,12,4,1,1
1249,213,2853,1189,12,4,1,1
1250,213,4113,5,12,2,1,1
1251,213,2852,1192,12,1,1,1
1252,214,2848,1189,12,4,1,1
1253,214,2849,1189,12,4,1,1
1254,214,4114,1189,12,4,1,1
1255,214,4115,1189,12,4,1,1
1256,214,2850,1189,12,4,1,1
1257,214,2735,1189,12,4,1,1
1258,214,2643,5,12,2,1,1
1259,214,4118,5,12,2,1,1
1260,214,4119,5,12,2,1,1
1261,214,4106,1189,12,4,1,1
1262,214,2851,1189,12,4,1,1
1263,214,4117,1189,12,4,1,1
1264,215,4121,1183,12,4,1,1
1265,215,2641,1189,12,4,1,1
1266,215,4123,1189,12,4,1,1
1267,215,2639,1189,12,4,1,1
1268,215,4124,1189,12,4,1,1
1269,215,4125,186,12,2,1,1
1270,215,4096,1181,12,1,1,1
1271,215,4122,1189,12,4,1,1
1272,215,4120,1189,12,4,1,1
1273,216,4088,1189,12,4,1,1
1274,216,2623,1189,12,4,1,1
1275,216,2633,1189,12,4,1,1
1276,216,4087,1183,12,4,1,1
1277,217,2632,1189,12,4,1,1
1278,217,4089,1189,12,4,1,1
1279,217,2630,1189,12,4,1,1
1280,218,2658,1189,12,4,1,1
1281,218,2627,1183,12,4,1,1
1282,218,4090,144,12,2,1,1
1283,218,4091,1195,12,1,1,1
1284,218,2626,1192,12,1,1,1
1285,219,2625,1183,12,4,1,1
1286,219,4092,1189,12,4,1,1
1287,219,4093,1183,12,4,1,1
1288,220,2659,1189,12,4,1,1
1289,220,2662,1189,12,4,1,1
1290,220,4095,1189,12,4,1,1
1291,220,2605,186,12,2,1,1
1292,220,4086,186,12,2,1,1
1293,220,2657,1195,12,1,1,1
1294,220,4094,1189,12,4,1,1
1295,220,2661,1189,12,4,1,1
1296,220,2624,1189,12,4,1,1
1297,221,2651,1189,12,4,1,1
1298,221,4097,1189,12,4,1,1
1299,221,2650,186,12,2,1,1
1300,221,2649,1192,12,1,1,1
1301,221,2656,1189,12,4,1,1
1302,221,2653,1189,12,4,1,1
1303,221,2652,1189,12,4,1,1
1304,222,4522,144,12,2,1,1
1305,222,2647,1189,12,4,1,1
1306,222,4099,1189,12,4,1,1
1307,222,4101,143,12,2,1,1
1308,222,4102,144,12,2,1,1
1309,222,4103,144,12,2,1,1
1310,222,2645,1195,12,1,1,1
1311,222,4098,1189,12,4,1,1
1312,222,2648,1189,12,4,1,1
1313,222,4100,1189,12,4,1,1
1314,223,4105,1189,12,4,1,1
1315,223,3222,1189,12,4,1,1
1316,223,2613,1189,12,4,1,1
1317,223,2602,1189,12,4,1,1
1318,223,2601,1189,12,4,1,1
1319,223,2805,1189,12,4,1,1
1320,223,2362,1189,12,4,1,1
1321,223,2363,186,12,2,1,1
1322,224,2599,144,12,2,1,1
1323,224,2365,1189,12,4,1,1
1324,224,2367,186,12,2,1,1
1325,224,2598,1172,12,1,1,1
1326,224,2368,1195,12,1,1,1
1327,224,2366,1189,12,4,1,1
1328,224,2600,1189,12,4,1,1
1329,224,2364,1189,12,4,1,1
1330,225,2378,1192,12,1,1,1
1331,225,2360,1189,12,4,1,1
1332,225,2371,1189,12,4,1,1
1333,225,2372,1189,12,4,1,1
1334,225,2373,1189,12,4,1,1
1335,225,2374,1189,12,4,1,1
1336,225,2375,1189,12,4,1,1
1337,225,2595,1189,12,4,1,1
1338,225,2376,186,12,2,1,1
1339,225,2377,186,12,2,1,1
1340,225,2591,186,12,2,1,1
1341,225,2379,1192,12,1,1,1
1342,225,2350,1192,12,1,1,1
1343,225,2597,1189,12,4,1,1
1344,225,2369,1189,12,4,1,1
1345,226,2340,1189,12,4,1,1
1346,226,2589,1189,12,4,1,1
1347,226,2342,1189,12,4,1,1
1348,226,2590,1189,12,4,1,1
1349,226,2341,1189,12,4,1,1
1350,227,2588,1183,12,4,1,1
1351,227,2343,1183,12,4,1,1
1352,227,2587,1189,12,4,1,1
1353,227,2344,1189,12,4,1,1
1354,227,2585,186,12,2,1,1
1355,227,2584,186,12,2,1,1
1356,227,2345,186,12,2,1,1
1357,228,2583,1189,12,4,1,1
1358,229,2619,1189,12,4,1,1
1359,229,2347,1189,12,4,1,1
1360,229,2348,1183,12,4,1,1
1361,229,2593,1189,12,4,1,1
1362,229,2346,1189,12,4,1,1
1363,229,2622,1189,12,4,1,1
1364,230,2357,1192,12,1,1,1
1365,230,2617,1189,12,4,1,1
1366,230,2616,1189,12,4,1,1
1367,230,2351,1189,12,4,1,1
1368,230,2352,1189,12,4,1,1
1369,230,2353,1189,12,4,1,1
1370,230,2615,1189,12,4,1,1
1371,230,2614,1189,12,4,1,1
1372,230,2354,1189,12,4,1,1
1373,230,2355,1189,12,4,1,1
1374,230,2356,1183,12,4,1,1
1375,230,2603,1192,12,1,1,1
1376,230,2618,1189,12,4,1,1
1377,230,2339,1183,12,4,1,1
1378,230,2349,1189,12,4,1,1
1379,230,2358,1192,12,1,1,1
1380,231,2610,1189,12,4,1,1
1381,231,2608,1189,12,4,1,1
1382,231,2401,1189,12,4,1,1
1383,231,2606,1189,12,4,1,1
1384,231,2402,144,12,2,1,1
1385,231,2403,1192,12,1,1,1
1386,231,2729,1192,12,1,1,1
1387,231,2611,1183,12,4,1,1
1388,231,2370,1189,12,4,1,1
1389,231,2359,1183,12,4,1,1
1390,232,2722,1189,12,4,1,1
1391,232,2721,1192,12,1,1,1
1392,232,2724,1183,12,4,1,1
1393,232,2404,1189,12,4,1,1
1394,232,2654,1189,12,4,1,1
1395,233,2407,1189,12,4,1,1
1396,233,2406,1189,12,4,1,1
1397,233,2720,1189,12,4,1,1
1398,233,2719,144,12,2,1,1
1399,233,2405,1189,12,4,1,1
1400,234,2408,1183,12,4,1,1
1401,234,2717,186,12,2,1,1
1402,234,2718,1189,12,4,1,1
1403,234,2409,1195,12,1,1,1
1404,235,2411,1189,12,4,1,1
1405,235,2716,1189,12,4,1,1
1406,235,2400,1189,12,4,1,1
1407,236,2714,1189,12,4,1,1
1408,236,2713,1192,12,1,1,1
1409,237,2412,144,12,2,1,1
1410,237,2712,1189,12,4,1,1
1411,237,2710,1189,12,4,1,1
1412,237,2708,1189,12,4,1,1
1413,237,2413,186,12,2,1,1
1414,237,2414,186,12,2,1,1
1415,237,2707,1195,12,1,1,1
1416,237,2415,1192,12,1,1,1
1417,238,2417,1189,12,4,1,1
1418,238,2418,144,12,2,1,1
1419,238,2742,1192,12,1,1,1
1420,238,2743,1189,12,4,1,1
1421,238,2715,1189,12,4,1,1
1422,238,2416,1189,12,4,1,1
1423,239,2419,1183,12,4,1,1
1424,239,2741,1189,12,4,1,1
1425,239,2390,186,12,2,1,1
1426,240,2381,1189,12,4,1,1
1427,240,2382,1189,12,4,1,1
1428,240,2725,1189,12,4,1,1
1429,240,2383,1189,12,4,1,1
1430,240,2732,186,12,2,1,1
1431,240,2384,186,12,2,1,1
1432,240,2738,1183,12,4,1,1
1433,241,2704,1189,12,4,1,1
1434,241,2728,1189,12,4,1,1
1435,241,2387,1189,12,4,1,1
1436,241,2727,1183,12,4,1,1
1437,241,2726,1189,12,4,1,1
1438,241,2684,186,12,2,1,1
1439,241,2731,1189,12,4,1,1
1440,241,2386,1189,12,4,1,1
1441,241,2385,1189,12,4,1,1
1442,242,2683,1189,12,4,1,1
1443,242,2680,1183,12,4,1,1
1444,242,2678,186,12,2,1,1
1445,242,2677,186,12,2,1,1
1446,242,2380,1192,12,1,1,1
1447,242,2388,1183,12,4,1,1
1448,242,2389,1189,12,4,1,1
1449,242,2681,1189,12,4,1,1
1450,243,2672,1181,12,1,1,1
1451,243,2392,1189,12,4,1,1
1452,243,2394,1189,12,4,1,1
1453,243,2674,1183,12,4,1,1
1454,243,2673,1183,12,4,1,1
1455,243,2664,1189,12,4,1,1
1456,243,2391,1189,12,4,1,1
1457,243,2393,1183,12,4,1,1
1458,244,2668,1189,12,4,1,1
1459,244,2395,1189,12,4,1,1
1460,244,2667,1189,12,4,1,1
1461,244,2396,1183,12,4,1,1
1462,244,2397,1189,12,4,1,1
1463,244,2666,186,12,2,1,1
1464,244,2675,186,12,2,1,1
1465,244,3088,1192,12,1,1,1
1466,245,2702,1183,12,4,1,1
1467,245,2700,144,12,2,1,1
1468,245,2699,186,12,2,1,1
1469,245,2329,1192,12,1,1,1
1470,245,2279,1195,12,1,1,1
1471,245,2399,1189,12,4,1,1
1472,245,2398,1189,12,4,1,1
1473,245,2701,1189,12,4,1,1
1474,246,2694,1189,12,4,1,1
1475,246,2280,1189,12,4,1,1
1476,246,2281,1189,12,4,1,1
1477,246,2282,1189,12,4,1,1
1478,246,2283,186,12,6,1,1
1479,246,2284,1192,12,1,1,1
1480,246,2698,1189,12,4,1,1
1481,246,2696,1189,12,4,1,1
1482,246,2691,1189,12,4,1,1
1483,247,2689,186,12,6,1,1
1484,247,2286,1183,12,3,1,1
1485,247,2287,1192,12,1,1,1
1486,247,2278,1192,12,1,1,1
1487,247,2289,1192,12,1,1,1
1488,247,2285,1189,12,4,1,1
1489,247,2690,1189,12,4,1,1
1490,248,2291,1183,12,3,1,1
1491,248,2688,186,12,6,1,1
1492,248,2292,1192,12,1,1,1
1493,248,2290,1183,12,3,1,1
1494,249,2293,1189,12,4,1,1
1495,249,2686,1189,12,4,1,1
1496,249,2294,1189,12,4,1,1
1497,249,2897,1189,12,4,1,1
1498,249,2295,1189,12,4,1,1
1499,249,3129,3,12,2,1,1
1500,250,2268,1172,12,4,1,1
1501,250,2297,1189,12,4,1,1
1502,250,2296,1189,12,4,1,1
1503,250,3128,1189,12,4,1,1
1504,251,2259,1189,12,4,1,1
1505,251,3127,1189,12,4,1,1
1506,251,3126,1192,12,1,1,1
1507,251,2260,1192,12,1,1,1
1508,251,2258,1189,12,4,1,1
1509,252,3125,1189,12,4,1,1
1510,252,3124,1189,12,4,1,1
1511,252,3123,1189,12,4,1,1
1512,252,3122,1189,12,4,1,1
1513,252,2261,1183,12,3,1,1
1514,252,2262,3,12,2,1,1
1515,252,3120,186,12,6,1,1
1516,252,2263,186,12,6,1,1
1517,253,3119,1189,12,4,1,1
1518,253,3118,1189,12,4,1,1
1519,253,2264,186,12,6,1,1
1520,254,2265,1189,12,4,1,1
1521,254,3116,1189,12,4,1,1
1522,254,3114,3,12,2,1,1
1523,254,3117,1189,12,4,1,1
1524,255,3121,1189,12,4,1,1
1525,255,2266,1189,12,4,1,1
1526,255,3149,1189,12,4,1,1
1527,255,2267,1192,12,1,1,1
1528,256,2257,1189,12,4,1,1
1529,256,3148,1189,12,4,1,1
1530,256,3146,1189,12,4,1,1
1531,256,3144,1189,12,4,1,1
1532,256,2269,1183,12,3,1,1
1533,257,3142,1189,12,4,1,1
1534,257,2270,1189,12,4,1,1
1535,257,3140,186,12,6,1,1
1536,257,2273,186,12,6,1,1
1537,257,2272,1183,12,3,1,1
1538,257,2271,1189,12,4,1,1
1539,257,3131,1189,12,4,1,1
1540,258,2275,1189,12,4,1,1
1541,258,3139,1189,12,4,1,1
1542,258,3137,186,12,6,1,1
1543,258,2274,1189,12,4,1,1
1544,258,3138,1189,12,4,1,1
1545,258,2276,1189,12,4,1,1
1546,259,2277,1189,12,4,1,1
1547,259,2288,1189,12,4,1,1
1548,259,2320,1189,12,4,1,1
1549,259,3136,186,12,6,1,1
1550,259,3133,186,12,6,1,1
1551,260,3101,1189,12,4,1,1
1552,260,3089,1183,12,3,1,1
1553,260,2321,186,12,6,1,1
1554,260,3090,1183,12,3,1,1
1555,260,3132,1189,12,4,1,1
1556,261,2322,1189,12,4,1,1
1557,261,2323,1189,12,4,1,1
1558,261,2324,186,12,6,1,1
1559,261,3085,1192,12,1,1,1
1560,261,3224,1192,12,1,1,1
1561,262,3084,1189,12,4,1,1
1562,262,3083,1189,12,4,1,1
1563,262,3070,1189,12,4,1,1
1564,262,2325,1189,12,4,1,1
1565,262,3078,1189,12,4,1,1
1566,262,3077,1189,12,4,1,1
1567,262,2326,1189,12,4,1,1
1568,262,2327,1189,12,4,1,1
1569,262,2319,1192,12,1,1,1
1570,262,2328,1189,12,4,1,1
1571,263,3076,1189,12,4,1,1
1572,263,3075,1189,12,4,1,1
1573,263,3074,1189,12,4,1,1
1574,264,2330,1189,12,4,1,1
1575,264,2332,1189,12,4,1,1
1576,264,2331,1189,12,4,1,1
1577,264,2333,1183,12,3,1,1
1578,265,3073,1189,12,4,1,1
1579,265,3072,1189,12,4,1,1
1580,265,3071,1189,12,4,1,1
1581,265,3110,3,12,2,1,1
1582,265,2335,1192,12,1,1,1
1583,265,2334,1189,12,4,1,1
1584,266,3109,1189,12,4,1,1
1585,266,2336,1189,12,4,1,1
1586,266,3108,1189,12,4,1,1
1587,266,3107,1189,12,4,1,1
1588,266,3105,1183,12,3,1,1
1589,266,2337,186,12,6,1,1
1590,266,3091,186,12,6,1,1
1591,267,3100,1189,12,4,1,1
1592,267,2338,1183,12,3,1,1
1593,267,3096,186,12,6,1,1
1594,267,3098,1189,12,4,1,1
1595,267,3097,1183,12,3,1,1
1596,267,3099,1189,12,4,1,1
1597,268,2309,1189,12,4,1,1
1598,268,3095,1189,12,4,1,1
1599,268,3094,1189,12,4,1,1
1600,268,2299,1189,12,4,1,1
1601,268,2300,1189,12,4,1,1
1602,269,2303,1189,12,4,1,1
1603,269,3092,1189,12,4,1,1
1604,269,3141,1189,12,4,1,1
1605,269,3211,1189,12,4,1,1
1606,269,3210,3,12,2,1,1
1607,269,3209,186,12,6,1,1
1608,269,3208,1192,12,1,1,1
1609,269,2301,1189,12,4,1,1
1610,269,2302,1189,12,4,1,1
1611,269,3093,1189,12,4,1,1
1612,270,3203,1189,12,4,1,1
1613,270,3201,1183,12,3,1,1
1614,270,2304,1189,12,4,1,1
1615,270,3204,1189,12,4,1,1
1616,270,2305,1183,12,3,1,1
1617,271,2306,1189,12,4,1,1
1618,271,2307,186,12,6,1,1
1619,272,3200,1189,12,4,1,1
1620,272,2308,1189,12,4,1,1
1621,272,3198,1189,12,4,1,1
1622,272,3197,1189,12,4,1,1
1623,272,2298,3,12,2,1,1
1624,272,2310,186,12,6,1,1
1625,273,2311,1189,12,4,1,1
1626,273,3196,1189,12,4,1,1
1627,273,2312,1189,12,4,1,1
1628,273,2313,1189,12,4,1,1
1629,273,3195,1189,12,4,1,1
1630,273,2314,1189,12,4,1,1
1631,273,2315,1189,12,4,1,1
1632,273,2316,186,12,6,1,1
1633,274,2318,1183,12,3,1,1
1634,274,3230,1189,12,4,1,1
1635,274,2317,1189,12,4,1,1
1636,274,3229,1189,12,4,1,1
1637,274,3228,1192,12,1,1,1
1638,274,3193,1189,12,4,1,1
1639,274,3231,1189,12,4,1,1
1640,275,2523,1183,12,3,1,1
1641,275,3227,1189,12,4,1,1
1642,275,2410,1189,12,4,1,1
1643,276,2524,1189,12,4,1,1
1644,276,3226,1189,12,4,1,1
1645,276,3225,1189,12,4,1,1
1646,276,2525,1189,12,4,1,1
1647,276,3165,1189,12,4,1,1
1648,276,3223,1192,12,1,1,1
1649,277,2528,1189,12,4,1,1
1650,277,3212,1189,12,4,1,1
1651,277,3221,1189,12,4,1,1
1652,277,2529,1189,12,4,1,1
1653,277,2530,1192,12,1,1,1
1654,277,2527,1189,12,4,1,1
1655,277,2526,1189,12,4,1,1
1656,278,3220,1189,12,4,1,1
1657,278,3218,1189,12,4,1,1
1658,278,2531,1189,12,4,1,1
1659,278,3216,1189,12,4,1,1
1660,278,2522,1192,12,1,1,1
1661,278,3219,1189,12,4,1,1
1662,279,2533,1189,12,4,1,1
1663,279,3215,1189,12,4,1,1
1664,279,3214,1189,12,4,1,1
1665,279,3213,1189,12,4,1,1
1666,279,3182,1183,12,3,1,1
1667,280,3168,1189,12,4,1,1
1668,280,2535,1189,12,4,1,1
1669,280,3166,1189,12,4,1,1
1670,280,2536,1192,12,1,1,1
1671,280,2958,186,12,6,1,1
1672,280,3161,186,12,6,1,1
1673,280,3169,1189,12,4,1,1
1674,280,3170,1189,12,4,1,1
1675,280,2534,1189,12,4,1,1
1676,281,2537,1189,12,4,1,1
1677,281,3160,1189,12,4,1,1
1678,281,3158,1192,12,1,1,1
1679,281,2538,1192,12,1,1,1
1680,281,3157,186,12,6,1,1
1681,282,3156,1189,12,4,1,1
1682,282,3154,1189,12,4,1,1
1683,282,3162,1189,12,4,1,1
1684,282,3190,1189,12,4,1,1
1685,282,2539,1195,12,5,1,1
1686,282,3186,1183,12,3,1,1
1687,283,3184,1189,12,4,1,1
1688,283,3172,1183,12,3,1,1
1689,283,2512,1192,12,1,1,1
1690,283,2502,1192,12,1,1,1
1691,283,2541,1189,12,4,1,1
1692,283,3185,1189,12,4,1,1
1693,283,2540,1189,12,4,1,1
1694,284,3181,1189,12,4,1,1
1695,284,3180,1195,12,5,1,1
1696,284,2503,186,12,6,1,1
1697,284,2504,186,12,6,1,1
1698,284,3179,186,12,6,1,1
1699,284,3178,186,12,6,1,1
1700,285,3176,1189,12,4,1,1
1701,285,3175,1189,12,4,1,1
1702,285,2505,1189,12,4,1,1
1703,285,2506,1189,12,4,1,1
1704,286,2509,1189,12,4,1,1
1705,286,2508,1189,12,4,1,1
1706,286,2511,1189,12,4,1,1
1707,286,2501,1189,12,4,1,1
1708,286,2507,1189,12,4,1,1
1709,286,2510,1189,12,4,1,1
1710,286,3174,1189,12,4,1,1
1711,287,3173,1183,12,3,1,1
1712,287,2516,186,12,6,1,1
1713,287,2513,1189,12,4,1,1
1714,287,2514,1189,12,4,1,1
1715,287,2515,1189,12,4,1,1
1716,288,2520,1183,12,3,1,1
1717,288,2968,1189,12,4,1,1
1718,288,2966,1189,12,4,1,1
1719,288,2518,1189,12,4,1,1
1720,288,2965,1189,12,4,1,1
1721,288,2519,1189,12,4,1,1
1722,288,2964,1181,12,5,1,1
1723,288,2963,186,12,6,1,1
1724,288,2521,186,12,6,1,1
1725,288,2517,1189,12,4,1,1
1726,288,3060,1189,12,4,1,1
1727,289,2563,1189,12,4,1,1
1728,289,2962,1189,12,4,1,1
1729,289,2961,1189,12,4,1,1
1730,289,2564,1189,12,4,1,1
1731,289,2565,1189,12,4,1,1
1732,289,2960,1189,12,4,1,1
1733,289,2566,1189,12,4,1,1
1734,289,2948,1183,12,3,1,1
1735,289,2916,1183,12,3,1,1
1736,289,2956,1192,12,1,1,1
1737,289,2532,1189,12,4,1,1
1738,290,3480,3,12,2,1,1
1739,290,1995,1195,12,5,1,1
1740,291,3401,1189,12,4,1,1
1741,291,1943,3,12,2,1,1
1742,292,3400,1189,12,4,1,1
1743,292,3476,1183,12,3,1,1
1744,292,1948,1173,12,5,1,1
1745,292,1932,1192,12,1,1,1
1746,293,2082,1189,12,4,1,1
1747,293,3397,1189,12,4,1,1
1748,293,3497,1192,12,1,1,1
1749,294,3435,1189,12,4,1,1
1750,294,2083,1189,12,4,1,1
1751,294,3516,186,12,6,1,1
1752,294,3406,1189,12,4,1,1
1753,295,3433,1189,12,4,1,1
1754,295,3486,1183,12,3,1,1
1755,295,3506,1192,12,1,1,1
1756,295,3434,1189,12,4,1,1
1757,295,3485,1183,12,3,1,1
1758,295,2084,1189,12,4,1,1
1759,296,2086,1189,12,4,1,1
1760,296,2075,1189,12,4,1,1
1761,296,3432,1189,12,4,1,1
1762,296,3431,1189,12,4,1,1
1763,296,1949,1181,12,5,1,1
1764,297,2089,1189,12,4,1,1
1765,297,1933,3,12,2,1,1
1766,297,1944,1192,12,1,1,1
1767,297,2087,1189,12,4,1,1
1768,297,2088,1189,12,4,1,1
1769,298,1934,186,12,6,1,1
1770,298,2093,1189,12,4,1,1
1771,298,2092,1189,12,4,1,1
1772,298,2091,1189,12,4,1,1
1773,298,2090,1189,12,4,1,1
1774,299,3484,1183,12,3,1,1
1775,300,1935,186,12,6,1,1
1776,300,1950,1195,12,5,1,1
1777,300,3504,1173,12,5,1,1
1778,300,3483,1183,12,3,1,1
1779,301,2065,1189,12,4,1,1
1780,301,3416,1189,12,4,1,1
1781,301,3427,1189,12,4,1,1
1782,301,2094,1189,12,4,1,1
1783,301,3429,1189,12,4,1,1
1784,302,1945,1192,12,1,1,1
1785,302,2056,1189,12,4,1,1
1786,302,3423,1189,12,4,1,1
1787,302,3515,186,12,6,1,1
1788,302,1968,1183,12,3,1,1
1789,303,3420,1189,12,4,1,1
1790,303,3417,1189,12,4,1,1
1791,303,1969,1183,12,3,1,1
1792,303,1936,186,12,6,1,1
1793,303,3422,1189,12,4,1,1
1794,304,3499,1189,12,4,1,1
1795,304,2057,1189,12,4,1,1
1796,304,1997,1189,12,4,1,1
1797,304,1937,186,12,6,1,1
1798,304,3514,186,12,6,1,1
1799,304,3505,1192,12,1,1,1
1800,304,1996,1189,12,4,1,1
1801,304,3501,1189,12,4,1,1
1802,304,1998,1189,12,4,1,1
1803,304,1999,1189,12,4,1,1
1804,304,1978,1192,12,1,1,1
1805,304,3498,1189,12,4,1,1
1806,305,2000,1189,12,4,1,1
1807,305,3512,186,12,6,1,1
1808,305,2059,1189,12,4,1,1
1809,305,3477,1189,12,4,1,1
1810,305,2001,1189,12,4,1,1
1811,305,3533,1189,12,4,1,1
1812,305,3466,1189,12,4,1,1
1813,305,1974,186,12,6,1,1
1814,305,2012,1183,12,3,1,1
1815,305,2011,1183,12,3,1,1
1816,305,3513,186,12,6,1,1
1817,305,1938,186,12,6,1,1
1818,305,2058,1189,12,4,1,1
1819,306,3530,1189,12,4,1,1
1820,306,1994,1189,12,4,1,1
1821,306,3293,1189,12,4,1,1
1822,306,3292,1189,12,4,1,1
1823,306,2003,1189,12,4,1,1
1824,306,3385,1189,12,4,1,1
1825,306,2013,1183,12,3,1,1
1826,306,3529,1189,12,4,1,1
1827,306,3517,1189,12,4,1,1
1828,306,2060,1189,12,4,1,1
1829,306,2002,1189,12,4,1,1
1830,306,2061,1189,12,4,1,1
1831,307,3291,1189,12,4,1,1
1832,307,2005,1189,12,4,1,1
1833,307,3290,1189,12,4,1,1
1834,307,3289,1189,12,4,1,1
1835,307,2006,1189,12,4,1,1
1836,307,1946,1192,12,1,1,1
1837,307,2007,1189,12,4,1,1
1838,307,3288,1189,12,4,1,1
1839,307,3478,3,12,2,1,1
1840,307,2008,1189,12,4,1,1
1841,307,3526,1189,12,4,1,1
1842,307,3286,1189,12,4,1,1
1843,308,1976,186,12,6,1,1
1844,308,3511,3,12,2,1,1
1845,308,2009,1189,12,4,1,1
1846,308,2010,1189,12,4,1,1
1847,308,3285,1189,12,4,1,1
1848,308,3283,3,12,2,1,1
1849,308,3282,3,12,2,1,1
1850,308,1984,3,12,2,1,1
1851,308,1975,186,12,6,1,1
1852,308,2055,1189,12,4,1,1
1853,308,1977,186,12,6,1,1
1854,308,2064,1189,12,4,1,1
1855,308,2062,1189,12,4,1,1
1856,308,3524,1189,12,4,1,1
1857,308,2063,1189,12,4,1,1
1858,308,3523,1189,12,4,1,1
1859,308,1947,1192,12,1,1,1
1860,309,3521,1189,12,4,1,1
1861,309,2067,1189,12,4,1,1
1862,309,3519,1189,12,4,1,1
1863,309,2068,1189,12,4,1,1
1864,309,3522,1189,12,4,1,1
1865,309,2066,1189,12,4,1,1
1866,309,3520,1189,12,4,1,1
1867,309,3518,1189,12,4,1,1
1868,310,3527,1189,12,4,1,1
1869,310,3244,186,12,6,1,1
1870,310,1939,186,12,6,1,1
1871,310,3503,1181,12,5,1,1
1872,310,2069,1189,12,4,1,1
1873,311,1951,1195,12,5,1,1
1874,311,3556,1189,12,4,1,1
1875,311,2070,1189,12,4,1,1
1876,311,2071,1189,12,4,1,1
1877,311,2072,1189,12,4,1,1
1878,311,2073,1189,12,4,1,1
1879,311,2074,1189,12,4,1,1
1880,311,1940,186,12,6,1,1
1881,312,3554,1189,12,4,1,1
1882,312,3553,1189,12,4,1,1
1883,312,2004,1189,12,4,1,1
1884,312,1954,1189,12,4,1,1
1885,312,3550,1189,12,4,1,1
1886,312,1970,1183,12,3,1,1
1887,313,1956,1189,12,4,1,1
1888,313,3549,1189,12,4,1,1
1889,313,3537,1189,12,4,1,1
1890,313,1955,1189,12,4,1,1
1891,313,1957,1189,12,4,1,1
1892,314,1958,1189,12,4,1,1
1893,315,1227,446,7,4,1,1
1894,316,3510,186,12,6,1,1
1895,316,1971,1183,12,3,1,1
1896,316,1952,1195,12,5,1,1
1897,316,1959,1189,12,4,1,1
1898,316,1960,1189,12,4,1,1
1899,316,1972,1183,12,3,1,1
1900,317,3544,1189,12,4,1,1
1901,317,3542,1189,12,4,1,1
1902,317,1961,1189,12,4,1,1
1903,318,1962,1189,12,4,1,1
1904,318,1953,1189,12,4,1,1
1905,318,3487,3,12,2,1,1
1906,318,3541,1189,12,4,1,1
1907,318,3482,1183,12,3,1,1
1908,319,3539,1189,12,4,1,1
1909,319,1964,1189,12,4,1,1
1910,319,3495,1189,12,4,1,1
1911,319,3496,1189,12,4,1,1
1912,320,981,450,7,4,1,1
1913,321,3494,1189,12,4,1,1
1914,321,1965,1189,12,4,1,1
1915,321,1966,1189,12,4,1,1
1916,321,1941,186,12,6,1,1
1917,322,3502,1195,12,5,1,1
1918,322,3490,1189,12,4,1,1
1919,322,1967,1189,12,4,1,1
1920,322,1942,186,12,6,1,1
1921,322,3481,1183,12,3,1,1
1922,322,3509,186,12,6,1,1
1923,322,1963,1195,12,5,1,1
1924,322,3493,1189,12,4,1,1
1925,322,3492,1189,12,4,1,1
1926,322,3488,1189,12,4,1,1
1927,323,3281,1189,12,4,1,1
1928,323,1979,1189,12,4,1,1
1929,323,2242,186,12,6,1,1
1930,324,1981,1189,12,4,1,1
1931,324,3363,1192,12,1,1,1
1932,324,1980,1189,12,4,1,1
1933,324,3279,1189,12,4,1,1
1934,324,3280,1189,12,4,1,1
1935,324,3362,1192,12,1,1,1
1936,324,3278,1189,12,4,1,1
1937,325,3372,186,12,6,1,1
1938,325,1982,1189,12,4,1,1
1939,325,3277,1189,12,4,1,1
1940,325,1983,1189,12,4,1,1
1941,325,3276,1189,12,4,1,1
1942,325,3275,1189,12,4,1,1
1943,325,1973,1189,12,4,1,1
1944,325,3260,1183,12,3,1,1
1945,326,3274,1189,12,4,1,1
1946,326,3259,1183,12,3,1,1
1947,326,2193,1183,12,3,1,1
1948,326,1985,1189,12,4,1,1
1949,326,3284,1189,12,4,1,1
1950,326,3313,1189,12,4,1,1
1951,326,3312,1189,12,4,1,1
1952,327,3359,1192,12,1,1,1
1953,327,2194,1183,12,3,1,1
1954,327,3361,1192,12,1,1,1
1955,327,2221,1181,12,5,1,1
1956,327,1986,1189,12,4,1,1
1957,327,3311,1189,12,4,1,1
1958,328,3305,1189,12,4,1,1
1959,328,1988,1189,12,4,1,1
1960,328,3310,1189,12,4,1,1
1961,328,3309,1189,12,4,1,1
1962,328,3294,1189,12,4,1,1
1963,328,3307,1189,12,4,1,1
1964,328,1987,1189,12,4,1,1
1965,328,3390,1191,12,5,1,1
1966,328,3370,186,12,6,1,1
1967,328,3308,1189,12,4,1,1
1968,328,1991,1189,12,4,1,1
1969,328,1989,1189,12,4,1,1
1970,328,1990,1189,12,4,1,1
1971,328,3389,1191,12,5,1,1
1972,329,2252,1192,12,1,1,1
1973,329,2243,186,12,6,1,1
1974,329,3302,1189,12,4,1,1
1975,329,3358,1192,12,1,1,1
1976,329,1992,1189,12,4,1,1
1977,329,3303,1189,12,4,1,1
1978,329,1993,1189,12,4,1,1
1979,329,3301,1189,12,4,1,1
1980,330,2198,1189,12,4,1,1
1981,330,2195,1183,12,3,1,1
1982,330,2085,1189,12,4,1,1
1983,330,3299,1189,12,4,1,1
1984,331,3367,186,12,6,1,1
1985,331,2200,1189,12,4,1,1
1986,331,2199,1189,12,4,1,1
1987,332,3366,186,12,6,1,1
1988,332,3296,1189,12,4,1,1
1989,332,2222,1195,12,5,1,1
1990,332,3297,1189,12,4,1,1
1991,332,3298,1189,12,4,1,1
1992,332,2201,1189,12,4,1,1
1993,333,2203,1189,12,4,1,1
1994,333,3252,1189,12,4,1,1
1995,333,2202,1189,12,4,1,1
1996,333,3304,3,12,2,1,1
1997,333,3295,1189,12,4,1,1
1998,333,2254,1192,12,1,1,1
1999,333,2205,1189,12,4,1,1
2000,333,2204,1189,12,4,1,1
2001,333,2253,1192,12,1,1,1
2002,333,2244,186,12,6,1,1
2003,334,3249,1189,12,4,1,1
2004,334,2197,1189,12,4,1,1
2005,334,2206,1189,12,4,1,1
2006,334,3251,1189,12,4,1,1
2007,334,2209,1189,12,4,1,1
2008,334,2208,1189,12,4,1,1
2009,335,2211,1189,12,4,1,1
2010,335,2210,1189,12,4,1,1
2011,335,2255,1192,12,1,1,1
2012,335,2256,1192,12,1,1,1
2013,335,2227,1192,12,1,1,1
2014,335,2218,1192,12,1,1,1
2015,335,3258,1183,12,3,1,1
2016,335,3248,1189,12,4,1,1
2017,335,2239,3,12,2,1,1
2018,336,3355,186,12,6,1,1
2019,336,2240,3,12,2,1,1
2020,336,2212,1189,12,4,1,1
2021,337,2213,1189,12,4,1,1
2022,337,2214,1189,12,4,1,1
2023,337,3357,1192,12,1,1,1
2024,337,3356,1192,12,1,1,1
2025,337,3255,1183,12,3,1,1
2026,337,2245,186,12,6,1,1
2027,337,3388,1173,12,5,1,1
2028,338,2223,1181,12,5,1,1
2029,338,3365,1192,12,1,1,1
2030,338,2215,1189,12,4,1,1
2031,339,3364,186,12,6,1,1
2032,339,2246,186,12,6,1,1
2033,340,2216,1189,12,4,1,1
2034,340,3247,1189,12,4,1,1
2035,340,3245,1189,12,4,1,1
2036,341,3374,3,12,2,1,1
2037,341,3240,1189,12,4,1,1
2038,341,2177,1189,12,4,1,1
2039,341,3242,1189,12,4,1,1
2040,341,3383,1189,12,4,1,1
2041,341,2178,1189,12,4,1,1
2042,341,2179,1189,12,4,1,1
2043,341,3239,1189,12,4,1,1
2044,341,3254,1183,12,3,1,1
2045,341,2237,186,12,6,1,1
2046,342,3238,1189,12,4,1,1
2047,342,2180,1189,12,4,1,1
2048,343,3236,1189,12,4,1,1
2049,343,2181,1189,12,4,1,1
2050,343,2219,1192,12,1,1,1
2051,344,3233,1189,12,4,1,1
2052,344,3234,1189,12,4,1,1
2053,344,2184,1189,12,4,1,1
2054,344,2220,1192,12,1,1,1
2055,344,2182,1189,12,4,1,1
2056,344,2183,1189,12,4,1,1
2057,344,3235,1189,12,4,1,1
2058,345,3243,1189,12,4,1,1
2059,345,2185,1189,12,4,1,1
2060,345,3272,1189,12,4,1,1
2061,345,2248,186,12,6,1,1
2062,345,2196,1183,12,3,1,1
2063,345,2207,1183,12,3,1,1
2064,345,2224,1195,12,5,1,1
2065,345,3373,3,12,2,1,1
2066,346,3394,1192,12,1,1,1
2067,346,3271,1189,12,4,1,1
2068,346,3270,1189,12,4,1,1
2069,346,2249,186,12,6,1,1
2070,347,2186,1189,12,4,1,1
2071,348,2188,1189,12,4,1,1
2072,348,2225,1195,12,5,1,1
2073,348,2238,1183,12,3,1,1
2074,348,3269,1189,12,4,1,1
2075,349,2190,1189,12,4,1,1
2076,349,2250,186,12,6,1,1
2077,349,3253,1189,12,4,1,1
2078,349,3265,1189,12,4,1,1
2079,349,2191,1189,12,4,1,1
2080,349,3266,1189,12,4,1,1
2081,349,2189,1189,12,4,1,1
2082,349,3267,1189,12,4,1,1
2083,349,3268,1189,12,4,1,1
2084,350,2251,186,12,6,1,1
2085,350,2241,3,12,2,1,1
2086,350,2192,1189,12,4,1,1
2087,351,2217,1189,12,4,1,1
2088,351,3732,1183,12,3,1,1
2089,351,3853,1192,12,1,1,1
2090,351,2226,1189,12,4,1,1
2091,352,3743,186,12,6,1,1
2092,352,2228,1189,12,4,1,1
2093,352,2159,186,12,6,1,1
2094,353,3386,1189,12,4,1,1
2095,353,3752,186,12,6,1,1
2096,353,3387,1189,12,4,1,1
2097,353,2230,1189,12,4,1,1
2098,353,2229,1189,12,4,1,1
2099,353,3375,1189,12,4,1,1
2100,353,2160,186,12,6,1,1
2101,353,2232,1189,12,4,1,1
2102,353,2231,1189,12,4,1,1
2103,354,2161,186,12,6,1,1
2104,354,2108,1183,12,3,1,1
2105,354,3729,1183,12,3,1,1
2106,354,3351,1189,12,4,1,1
2107,354,3384,1189,12,4,1,1
2108,355,3754,4,12,2,1,1
2109,355,2234,1189,12,4,1,1
2110,355,3332,1189,12,4,1,1
2111,355,2233,1189,12,4,1,1
2112,355,3727,1183,12,3,1,1
2113,355,2235,1189,12,4,1,1
2114,355,3380,1189,12,4,1,1
2115,355,3376,1189,12,4,1,1
2116,356,2162,186,12,6,1,1
2117,356,3329,1189,12,4,1,1
2118,356,2174,1192,12,1,1,1
2119,356,2236,1189,12,4,1,1
2120,356,3328,1189,12,4,1,1
2121,357,3749,186,12,6,1,1
2122,357,2103,1189,12,4,1,1
2123,357,2107,1189,12,4,1,1
2124,357,3842,1192,12,1,1,1
2125,358,2175,1192,12,1,1,1
2126,358,3748,186,12,6,1,1
2127,358,2166,1189,12,4,1,1
2128,358,3845,1195,12,5,1,1
2129,359,3322,1189,12,4,1,1
2130,359,2118,1189,12,4,1,1
2131,359,3314,1189,12,4,1,1
2132,359,2163,186,12,6,1,1
2133,359,3320,1189,12,4,1,1
2134,359,2117,1189,12,4,1,1
2135,360,2120,1189,12,4,1,1
2136,360,2121,1189,12,4,1,1
2137,360,2164,186,12,6,1,1
2138,360,2165,186,12,6,1,1
2139,360,2119,1189,12,4,1,1
2140,360,3319,1189,12,4,1,1
2141,360,3318,1189,12,4,1,1
2142,360,3757,3,12,2,1,1
2143,360,3317,1189,12,4,1,1
2144,360,3316,1189,12,4,1,1
2145,360,3315,1189,12,4,1,1
2146,361,3766,1189,12,4,1,1
2147,361,2105,1189,12,4,1,1
2148,361,3350,1189,12,4,1,1
2149,361,3349,1189,12,4,1,1
2150,361,3348,1189,12,4,1,1
2151,361,3346,1189,12,4,1,1
2152,361,3759,1183,12,3,1,1
2153,361,3746,186,12,6,1,1
2154,361,2104,1189,12,4,1,1
2155,361,3325,1189,12,4,1,1
2156,361,3354,1189,12,4,1,1
2157,361,3353,1189,12,4,1,1
2158,362,2156,186,12,6,1,1
2159,362,2115,3,12,2,1,1
2160,362,2146,1192,12,1,1,1
2161,363,2125,1189,12,4,1,1
2162,363,3337,1189,12,4,1,1
2163,363,3335,1189,12,4,1,1
2164,363,2124,1189,12,4,1,1
2165,363,3851,1192,12,1,1,1
2166,363,3338,1189,12,4,1,1
2167,363,2123,1189,12,4,1,1
2168,363,3339,1189,12,4,1,1
2169,363,2109,1183,12,3,1,1
2170,363,2122,1189,12,4,1,1
2171,363,3744,186,12,6,1,1
2172,363,3344,1189,12,4,1,1
2173,363,3342,1189,12,4,1,1
2174,363,3341,1189,12,4,1,1
2175,363,2167,186,12,6,1,1
2176,364,2137,1192,12,1,1,1
2177,364,2128,1189,12,4,1,1
2178,364,2127,1189,12,4,1,1
2179,364,2116,1189,12,4,1,1
2180,364,3867,186,12,6,1,1
2181,364,3742,186,12,6,1,1
2182,365,2129,1189,12,4,1,1
2183,365,3791,186,12,6,1,1
2184,365,3336,1189,12,4,1,1
2185,365,3780,1189,12,4,1,1
2186,365,3778,1189,12,4,1,1
2187,365,3850,1192,12,1,1,1
2188,365,3779,1189,12,4,1,1
2189,365,3861,186,12,6,1,1
2190,366,3777,1189,12,4,1,1
2191,366,3860,186,12,6,1,1
2192,366,3726,1183,12,3,1,1
2193,366,3776,1189,12,4,1,1
2194,367,3858,186,12,6,1,1
2195,367,3756,3,12,2,1,1
2196,367,2110,1183,12,3,1,1
2197,368,3774,1189,12,4,1,1
2198,368,2168,186,12,6,1,1
2199,368,2169,186,12,6,1,1
2200,368,2170,186,12,6,1,1
2201,368,2171,186,12,6,1,1
2202,368,2111,1183,12,3,1,1
2203,368,2139,1192,12,1,1,1
2204,368,2138,1192,12,1,1,1
2205,368,3775,1189,12,4,1,1
2206,368,3773,1189,12,4,1,1
2207,369,3761,1189,12,4,1,1
2208,369,3769,1189,12,4,1,1
2209,369,3768,1189,12,4,1,1
2210,369,2130,1189,12,4,1,1
2211,370,3782,1189,12,4,1,1
2212,370,2101,1189,12,4,1,1
2213,370,3784,1189,12,4,1,1
2214,370,2099,1189,12,4,1,1
2215,370,2100,1189,12,4,1,1
2216,370,3751,1189,12,4,1,1
2217,370,3846,1192,12,1,1,1
2218,370,3740,1189,12,4,1,1
2219,370,3755,3,12,2,1,1
2220,370,3738,1189,12,4,1,1
2221,370,3739,1189,12,4,1,1
2222,370,2102,1189,12,4,1,1
2223,371,3848,1192,12,1,1,1
2224,371,3736,1189,12,4,1,1
2225,371,2172,186,12,6,1,1
2226,371,2131,1189,12,4,1,1
2227,371,3767,1189,12,4,1,1
2228,371,2173,186,12,6,1,1
2229,371,3857,186,12,6,1,1
2230,371,2132,1189,12,4,1,1
2231,371,3849,1192,12,1,1,1
2232,372,2133,1189,12,4,1,1
2233,372,2126,3,12,2,1,1
2234,372,3753,1189,12,4,1,1
2235,373,3765,1189,12,4,1,1
2236,373,3764,1189,12,4,1,1
2237,374,2140,1192,12,1,1,1
2238,374,3762,1189,12,4,1,1
2239,375,3800,1189,12,4,1,1
2240,375,3799,1189,12,4,1,1
2241,375,2135,1189,12,4,1,1
2242,375,3735,1189,12,4,1,1
2243,375,2095,1189,12,4,1,1
2244,375,3771,1189,12,4,1,1
2245,375,2134,1189,12,4,1,1
2246,376,2106,1189,12,4,1,1
2247,376,3734,1189,12,4,1,1
2248,376,3798,1189,12,4,1,1
2249,376,3724,1183,12,3,1,1
2250,376,2141,1192,12,1,1,1
2251,376,3795,1189,12,4,1,1
2252,376,3796,1189,12,4,1,1
2253,377,3856,186,12,6,1,1
2254,377,3794,1189,12,4,1,1
2255,377,2096,1189,12,4,1,1
2256,377,3847,1192,12,1,1,1
2257,377,3844,1171,12,5,1,1
2258,378,3792,1189,12,4,1,1
2259,378,2112,1183,12,3,1,1
2260,378,3855,186,12,6,1,1
2261,378,3723,1183,12,3,1,1
2262,378,2158,4,12,2,1,1
2263,379,2097,1189,12,4,1,1
2264,379,3854,186,12,6,1,1
2265,379,2113,1183,12,3,1,1
2266,379,3722,1183,12,3,1,1
2267,380,3781,1189,12,4,1,1
2268,380,3790,1189,12,4,1,1
2269,380,3733,1189,12,4,1,1
2270,380,2114,1183,12,3,1,1
2271,381,2157,3,12,2,1,1
2272,381,3789,1189,12,4,1,1
2273,381,3788,1189,12,4,1,1
2274,381,3785,1189,12,4,1,1
2275,381,2098,1189,12,4,1,1
2276,382,2938,1189,12,4,1,1
2277,382,2544,1189,12,4,1,1
2278,382,2567,1182,12,1,1,1
2279,382,2926,1189,12,4,1,1
2280,382,2927,1189,12,4,1,1
2281,383,2987,3,12,2,1,1
2282,383,2545,1189,12,4,1,1
2283,383,2546,1189,12,4,1,1
2284,383,2924,1189,12,4,1,1
2285,383,2435,186,12,6,1,1
2286,383,2925,1189,12,4,1,1
2287,384,2996,186,12,6,1,1
2288,384,2547,1189,12,4,1,1
2289,385,2921,1189,12,4,1,1
2290,385,2986,3,12,2,1,1
2291,385,2549,1189,12,4,1,1
2292,385,2923,1189,12,4,1,1
2293,385,2548,1189,12,4,1,1
2294,385,2907,1189,12,4,1,1
2295,385,2919,1189,12,4,1,1
2296,386,2985,3,12,2,1,1
2297,386,2955,1182,12,1,1,1
2298,386,2993,186,12,6,1,1
2299,386,2954,1182,12,1,1,1
2300,386,2436,186,12,6,1,1
2301,386,2917,1189,12,4,1,1
2302,386,2550,1189,12,4,1,1
2303,387,2911,1189,12,4,1,1
2304,387,2578,1183,12,3,1,1
2305,387,2935,1189,12,4,1,1
2306,387,2915,1189,12,4,1,1
2307,387,2913,1189,12,4,1,1
2308,388,3000,1181,12,5,1,1
2309,388,2910,1189,12,4,1,1
2310,388,2551,1189,12,4,1,1
2311,388,2437,186,12,6,1,1
2312,388,2575,3,12,2,1,1
2313,388,2994,186,12,6,1,1
2314,389,2953,1182,12,1,1,1
2315,389,2553,1189,12,4,1,1
2316,389,2908,1189,12,4,1,1
2317,389,2142,186,12,6,1,1
2318,389,2542,1189,12,4,1,1
2319,390,2947,1189,12,4,1,1
2320,390,2945,1189,12,4,1,1
2321,390,2554,1189,12,4,1,1
2322,390,2555,1189,12,4,1,1
2323,390,2946,1189,12,4,1,1
2324,390,2438,186,12,6,1,1
2325,391,2942,1189,12,4,1,1
2326,391,2944,1189,12,4,1,1
2327,391,2568,1182,12,1,1,1
2328,391,2943,1189,12,4,1,1
2329,391,2556,1189,12,4,1,1
2330,391,2557,1189,12,4,1,1
2331,391,2941,1189,12,4,1,1
2332,392,2569,1182,12,1,1,1
2333,392,2940,1189,12,4,1,1
2334,392,2939,1189,12,4,1,1
2335,392,2928,1189,12,4,1,1
2336,392,2558,1189,12,4,1,1
2337,393,2559,1189,12,4,1,1
2338,393,2984,3,12,2,1,1
2339,393,2579,1183,12,3,1,1
2340,393,2995,1189,12,4,1,1
2341,393,2439,186,12,6,1,1
2342,393,2442,1189,12,4,1,1
2343,393,2491,1189,12,4,1,1
2344,393,2561,1189,12,4,1,1
2345,393,2560,1189,12,4,1,1
2346,393,2937,1189,12,4,1,1
2347,394,2444,1189,12,4,1,1
2348,394,2440,186,12,6,1,1
2349,394,3049,1189,12,4,1,1
2350,394,2992,186,12,6,1,1
2351,394,2979,1189,12,4,1,1
2352,394,2445,1189,12,4,1,1
2353,394,2982,1183,12,3,1,1
2354,394,2933,1189,12,4,1,1
2355,394,2932,1189,12,4,1,1
2356,394,2443,1189,12,4,1,1
2357,394,2931,1189,12,4,1,1
2358,394,3048,1189,12,4,1,1
2359,394,2930,1189,12,4,1,1
2360,395,3043,1189,12,4,1,1
2361,395,2448,1189,12,4,1,1
2362,395,2981,1183,12,3,1,1
2363,395,2580,1183,12,3,1,1
2364,395,2576,3,12,2,1,1
2365,395,2446,1189,12,4,1,1
2366,395,3047,1189,12,4,1,1
2367,395,2447,1189,12,4,1,1
2368,395,3042,1189,12,4,1,1
2369,395,3046,1189,12,4,1,1
2370,395,3045,1189,12,4,1,1
2371,396,2449,1189,12,4,1,1
2372,396,2453,1189,12,4,1,1
2373,396,2450,1189,12,4,1,1
2374,396,3030,1189,12,4,1,1
2375,396,2441,1189,12,4,1,1
2376,396,2452,1189,12,4,1,1
2377,396,3039,1189,12,4,1,1
2378,397,2451,186,12,6,1,1
2379,397,2977,1183,12,3,1,1
2380,397,2454,1189,12,4,1,1
2381,397,3038,1189,12,4,1,1
2382,398,3037,1189,12,4,1,1
2383,398,2952,1182,12,1,1,1
2384,398,2455,1189,12,4,1,1
2385,398,2457,1189,12,4,1,1
2386,398,2456,1189,12,4,1,1
2387,399,2421,1189,12,4,1,1
2388,399,3035,1189,12,4,1,1
2389,399,2482,186,12,6,1,1
2390,399,2976,1183,12,3,1,1
2391,399,2950,1182,12,1,1,1
2392,399,2571,1182,12,1,1,1
2393,399,2570,1182,12,1,1,1
2394,399,2422,1189,12,4,1,1
2395,399,2975,1183,12,3,1,1
2396,399,2458,1189,12,4,1,1
2397,399,2459,1189,12,4,1,1
2398,399,3036,1189,12,4,1,1
2399,399,2460,1189,12,4,1,1
2400,399,2431,1189,12,4,1,1
2401,399,2581,1183,12,3,1,1
2402,400,3032,1189,12,4,1,1
2403,400,2486,1181,12,5,1,1
2404,400,3033,1189,12,4,1,1
2405,400,3034,1189,12,4,1,1
2406,400,2959,1182,12,1,1,1
2407,400,2562,1182,12,1,1,1
2408,401,2483,186,12,6,1,1
2409,401,3069,1189,12,4,1,1
2410,401,2423,1189,12,4,1,1
2411,401,2424,1189,12,4,1,1
2412,401,3029,1181,12,5,1,1
2413,401,3031,1189,12,4,1,1
2414,401,2974,1183,12,3,1,1
2415,402,2973,1183,12,3,1,1
2416,402,2988,1182,12,1,1,1
2417,402,2425,1189,12,4,1,1
2418,403,3066,1189,12,4,1,1
2419,403,3065,1189,12,4,1,1
2420,403,3067,1189,12,4,1,1
2421,404,2971,1183,12,3,1,1
2422,404,3064,1189,12,4,1,1
2423,404,3063,1189,12,4,1,1
2424,404,2426,1189,12,4,1,1
2425,404,2552,1183,12,3,1,1
2426,405,2970,1183,12,3,1,1
2427,405,3062,1189,12,4,1,1
2428,405,2543,1183,12,3,1,1
2429,405,2484,186,12,6,1,1
2430,405,3061,1189,12,4,1,1
2431,406,3059,1189,12,4,1,1
2432,406,2577,3,12,2,1,1
2433,407,3058,1189,12,4,1,1
2434,407,2427,1189,12,4,1,1
2435,407,3057,1189,12,4,1,1
2436,407,3056,1189,12,4,1,1
2437,408,3054,1189,12,4,1,1
2438,408,3053,1189,12,4,1,1
2439,408,2428,1189,12,4,1,1
2440,408,3051,1189,12,4,1,1
2441,408,3007,1189,12,4,1,1
2442,408,3006,1189,12,4,1,1
2443,408,3003,1189,12,4,1,1
2444,408,2573,1182,12,1,1,1
2445,409,3001,1189,12,4,1,1
2446,409,2429,1189,12,4,1,1
2447,409,2989,1189,12,4,1,1
2448,409,2485,186,12,6,1,1
2449,409,2983,3,12,2,1,1
2450,409,2430,1189,12,4,1,1
2451,409,2574,1182,12,1,1,1
2452,409,3002,1189,12,4,1,1
2453,410,2420,1189,12,4,1,1
2454,411,2432,1189,12,4,1,1
2455,411,2433,1189,12,4,1,1
2456,411,2434,1189,12,4,1,1
2457,411,2999,1189,12,4,1,1
2458,411,2998,1189,12,4,1,1
2459,411,2990,186,12,6,1,1
2460,412,2467,1189,12,4,1,1
2461,412,3395,1181,12,5,1,1
2462,412,3013,1189,12,4,1,1
2463,412,3012,1189,12,4,1,1
2464,413,3418,1189,12,4,1,1
2465,413,2468,1189,12,4,1,1
2466,413,2487,1182,12,1,1,1
2467,413,3021,1183,12,3,1,1
2468,413,3661,1189,12,4,1,1
2469,414,3413,186,12,6,1,1
2470,414,3414,186,12,6,1,1
2471,414,2499,1183,12,3,1,1
2472,414,2500,1183,12,3,1,1
2473,415,2461,1189,12,4,1,1
2474,415,2470,1189,12,4,1,1
2475,415,2469,1189,12,4,1,1
2476,416,2151,1189,12,4,1,1
2477,416,2014,186,12,6,1,1
2478,416,2475,1189,12,4,1,1
2479,416,2474,1189,12,4,1,1
2480,416,2473,1189,12,4,1,1
2481,416,2152,1189,12,4,1,1
2482,416,2153,1189,12,4,1,1
2483,416,2804,1189,12,4,1,1
2484,416,3010,1183,12,3,1,1
2485,416,2472,1189,12,4,1,1
2486,417,2136,1189,12,4,1,1
2487,417,2148,1189,12,4,1,1
2488,417,2144,1189,12,4,1,1
2489,417,2478,1189,12,4,1,1
2490,417,2477,1189,12,4,1,1
2491,417,2147,1189,12,4,1,1
2492,417,2476,1189,12,4,1,1
2493,417,2026,186,12,6,1,1
2494,418,2479,1189,12,4,1,1
2495,418,2480,1189,12,4,1,1
2496,418,2247,1189,12,4,1,1
2497,418,2143,1189,12,4,1,1
2498,419,2471,1183,12,3,1,1
2499,419,3437,1189,12,4,1,1
2500,419,3405,1181,12,5,1,1
2501,419,3805,1189,12,4,1,1
2502,419,3018,1183,12,3,1,1
2503,419,2027,186,12,6,1,1
2504,419,3019,1183,12,3,1,1
2505,419,3023,3,12,2,1,1
2506,419,3450,1189,12,4,1,1
2507,420,2494,3,12,2,1,1
2508,420,2493,3,12,2,1,1
2509,420,2492,3,12,2,1,1
2510,420,2462,1183,12,3,1,1
2511,420,2037,1189,12,4,1,1
2512,421,3448,1189,12,4,1,1
2513,421,2488,1182,12,1,1,1
2514,421,2028,186,12,6,1,1
2515,421,3449,1189,12,4,1,1
2516,421,3447,1189,12,4,1,1
2517,421,3404,1181,12,5,1,1
2518,422,3412,186,12,6,1,1
2519,422,3441,1189,12,4,1,1
2520,422,3411,186,12,6,1,1
2521,422,3811,1189,12,4,1,1
2522,422,3445,1189,12,4,1,1
2523,422,3028,1182,12,1,1,1
2524,422,3444,1189,12,4,1,1
2525,422,3436,1189,12,4,1,1
2526,422,2463,1183,12,3,1,1
2527,422,3442,1189,12,4,1,1
2528,422,2079,1195,12,5,1,1
2529,422,2039,1189,12,4,1,1
2530,422,2040,1189,12,4,1,1
2531,423,2041,1189,12,4,1,1
2532,423,3534,186,12,6,1,1
2533,423,3402,1195,12,5,1,1
2534,423,3438,1189,12,4,1,1
2535,423,3439,1189,12,4,1,1
2536,423,3017,1183,12,3,1,1
2537,423,3027,1182,12,1,1,1
2538,423,2042,1189,12,4,1,1
2539,423,3440,1189,12,4,1,1
2540,424,2044,1189,12,4,1,1
2541,424,2029,186,12,6,1,1
2542,424,2030,186,12,6,1,1
2543,424,3410,1189,12,4,1,1
2544,424,2035,1189,12,4,1,1
2545,424,2043,1189,12,4,1,1
2546,425,2031,186,12,6,1,1
2547,425,2032,186,12,6,1,1
2548,425,3475,1189,12,4,1,1
2549,425,2046,1189,12,4,1,1
2550,426,2033,186,12,6,1,1
2551,426,3409,186,12,6,1,1
2552,426,2048,1189,12,4,1,1
2553,426,2049,1189,12,4,1,1
2554,426,2047,1189,12,4,1,1
2555,427,2080,1195,12,5,1,1
2556,427,3474,1189,12,4,1,1
2557,427,2034,186,12,6,1,1
2558,427,2489,1182,12,1,1,1
2559,427,2050,1189,12,4,1,1
2560,428,2051,1189,12,4,1,1
2561,428,2490,1182,12,1,1,1
2562,428,3025,1182,12,1,1,1
2563,428,3473,1189,12,4,1,1
2564,428,2052,1189,12,4,1,1
2565,429,3471,1189,12,4,1,1
2566,429,3407,186,12,6,1,1
2567,429,2495,3,12,2,1,1
2568,429,3022,3,12,2,1,1
2569,429,3465,1189,12,4,1,1
2570,429,2016,1189,12,4,1,1
2571,429,2015,1189,12,4,1,1
2572,429,3016,1183,12,3,1,1
2573,429,2025,1189,12,4,1,1
2574,429,2054,1189,12,4,1,1
2575,429,3469,1189,12,4,1,1
2576,429,2053,1189,12,4,1,1
2577,429,3470,1189,12,4,1,1
2578,430,2018,1189,12,4,1,1
2579,430,2076,186,12,6,1,1
2580,430,2496,3,12,2,1,1
2581,430,2045,186,12,6,1,1
2582,430,2481,1182,12,1,1,1
2583,430,2464,1183,12,3,1,1
2584,430,2497,3,12,2,1,1
2585,430,2017,1189,12,4,1,1
2586,430,3463,1189,12,4,1,1
2587,430,2019,1189,12,4,1,1
2588,430,3462,1189,12,4,1,1
2589,431,2077,186,12,6,1,1
2590,431,3014,1183,12,3,1,1
2591,432,3460,1189,12,4,1,1
2592,432,2078,186,12,6,1,1
2593,432,2498,3,12,2,1,1
2594,432,2020,1189,12,4,1,1
2595,432,3461,1189,12,4,1,1
2596,432,2022,1189,12,4,1,1
2597,432,2021,1189,12,4,1,1
2598,433,2081,1195,12,5,1,1
2599,433,3426,1189,12,4,1,1
2600,433,2465,1183,12,3,1,1
2601,433,3415,1189,12,4,1,1
2602,433,3024,1182,12,1,1,1
2603,434,2023,1189,12,4,1,1
2604,435,2024,1189,12,4,1,1
2605,435,2466,1183,12,3,1,1
2606,440,1512,1068,7,4,1,1
2607,438,1419,683,7,4,1,1
2608,439,805,7,4,6,2,1
2609,437,1637,1096,7,3,1,1
2610,436,4599,736,7,4,1,1
2611,443,4885,24,3,6,1,1
2612,444,395,919,7,4,1,1
2613,442,4864,46,7,6,1,1
2614,441,4562,33,3,6,2,1
2615,447,5177,429,7,3,1,1
2616,446,786,1068,7,4,1,1
2617,445,628,602,7,4,1,1
2618,449,123,439,7,1,2,1
2619,452,229,266,7,4,1,1
2620,451,998,24,3,4,1,1
2621,450,5182,587,7,4,1,1
2622,448,426,892,7,4,1,1
2623,453,1496,604,7,4,1,1
2624,454,1635,918,7,1,1,1
2625,457,666,1151,7,4,1,1
2626,456,1700,503,7,4,1,1
2627,455,321,1152,7,4,1,1
2628,463,1863,61,3,6,1,1
2629,466,457,583,7,4,2,1
2630,459,5018,736,7,4,1,1
2631,458,147,445,7,4,1,1
2632,460,551,736,7,4,1,1
2633,461,4697,503,7,4,1,1
2634,462,226,13,4,5,1,1
2635,464,714,254,7,4,1,1
2636,465,848,747,7,4,1,1
2637,474,87,301,7,4,1,1
2638,470,1794,626,7,4,2,1
2639,471,1052,1068,7,3,2,1
2640,472,1921,769,7,4,1,1
2641,469,350,214,5,1,1,1
2642,468,1517,215,5,1,1,1
2643,467,4555,1068,6,1,1,1
2644,475,70,24,3,6,1,1
2645,473,5039,163,3,6,2,1
2646,479,4961,662,7,4,1,1
2647,477,204,777,7,1,1,1
2648,476,82,525,7,1,1,1
2649,478,694,515,7,1,1,1
2650,480,1072,87,3,6,1,1
2651,486,4917,825,7,4,1,1
2652,489,4588,1068,7,4,1,1
2653,488,356,583,7,4,1,1
2654,483,4888,908,7,4,1,1
2655,481,4823,46,3,6,1,1
2656,482,359,24,3,6,1,1
2657,485,1618,30,3,6,1,1
2658,487,1260,62,3,6,2,1
2659,484,320,1068,7,4,1,1
2660,498,613,642,7,4,1,1
2661,492,4779,766,7,4,1,1
2662,495,232,819,7,4,1,1
2663,494,1144,727,8,2,1,1
2664,496,1674,707,7,4,1,1
2665,497,525,833,7,4,1,1
2666,491,334,397,7,4,1,1
2667,499,4608,651,7,4,1,1
2668,500,4751,294,7,4,1,1
2669,490,939,127,3,6,2,1
2670,493,4748,445,7,4,1,1
2671,502,618,942,7,4,1,1
2672,501,1524,990,9,1,3,1
2673,503,1672,892,7,4,1,1
2674,504,1291,587,7,4,1,1
2675,515,962,1040,7,4,1,1
2676,505,58,315,7,4,1,1
2677,506,1611,766,7,4,1,1
2678,508,1168,709,7,4,1,1
2679,509,1169,708,7,4,1,1
2680,513,640,61,3,4,1,1
2681,511,1181,321,7,2,1,1
2682,514,1281,300,7,4,1,1
2683,507,1480,133,3,4,2,1
2684,510,782,1068,7,4,1,1
2685,512,1420,503,7,4,2,1
2686,516,221,359,6,4,1,1
2687,517,4711,1103,7,4,1,1
2688,519,4572,694,7,4,1,1
2689,522,1039,539,7,4,2,1
2690,523,4542,542,7,4,1,1
2691,520,215,706,7,3,1,1
2692,521,914,971,7,1,1,1
2693,518,149,1068,7,1,1,1
2694,526,1314,870,7,4,1,1
2695,527,748,1068,7,5,1,1
2696,529,1508,328,7,4,1,1
2697,524,188,772,7,1,1,1
2698,525,358,781,7,1,1,1
2699,531,258,583,7,4,1,1
2700,530,1364,997,7,4,1,1
2701,528,647,595,7,4,1,1
2702,533,108,282,7,4,1,1
2703,532,1009,1068,7,4,1,1
2704,548,938,431,7,4,1,1
2705,540,1931,1068,7,4,1,1
2706,547,141,1068,8,2,1,1
2707,539,250,536,7,4,1,1
2708,546,474,856,7,4,1,1
2709,534,5064,216,5,4,1,1
2710,537,1340,617,7,4,1,1
2711,545,5096,1017,7,4,2,1
2712,544,707,798,7,4,2,1
2713,543,4869,86,3,4,1,1
2714,535,1513,572,7,4,1,1
2715,536,5025,1055,6,4,2,1
2716,538,1667,836,7,4,2,1
2717,542,438,294,7,4,1,1
2718,541,1151,1043,8,4,1,1
2719,550,1466,106,3,6,1,1
2720,549,4793,166,3,6,1,1
2721,551,942,729,8,3,1,1
2722,556,1415,832,7,3,1,1
2723,554,1128,503,7,4,3,1
2724,555,1107,747,7,4,1,1
2725,552,1326,918,7,1,1,1
2726,553,4844,512,7,3,1,1
2727,559,259,627,7,4,2,1
2728,564,1724,709,7,4,1,1
2729,560,459,1068,7,4,1,1
2730,563,5000,294,7,4,1,1
2731,558,5174,294,7,4,1,1
2732,557,283,398,7,4,1,1
2733,562,364,1040,7,4,1,1
2734,561,1430,1024,7,4,1,1
2735,560,672,604,7,4,1,1
2736,568,4824,1078,7,4,1,1
2737,566,1795,263,7,4,1,1
2738,565,1663,695,7,4,2,1
2739,567,1551,343,7,4,1,1
2740,572,4942,1068,7,4,3,1
2741,569,5179,839,7,4,2,1
2742,571,1927,943,7,4,2,1
2743,573,800,337,7,4,1,1
2744,570,1918,562,7,4,1,1
2745,579,1702,817,8,2,1,1
2746,576,5135,952,6,4,1,1
2747,578,5149,604,7,4,1,1
2748,574,326,793,7,1,1,1
2749,575,360,785,7,1,1,1
2750,577,1823,838,7,1,1,1
2751,580,145,1014,7,2,1,1
2752,588,1110,106,3,6,1,1
2753,586,12,711,7,3,2,1
2754,581,1895,846,7,4,2,1
2755,582,4613,610,7,4,1,1
2756,583,1058,924,7,4,1,1
2757,584,1521,294,7,4,1,1
2758,585,1837,1068,7,4,1,1
2759,587,737,338,7,4,1,1
2760,589,92,559,7,4,1,1
2761,590,5118,423,7,4,1,1
2762,591,5020,910,8,2,1,1
2763,594,4795,1068,7,4,2,1
2764,595,219,294,7,4,2,1
2765,592,739,924,7,1,1,1
2766,593,1553,48,3,6,1,1
2767,596,1738,560,7,4,1,1
2768,597,5127,1040,7,4,1,1
2769,605,351,294,7,4,1,1
2770,602,931,58,3,6,1,1
2771,598,315,862,7,4,1,1
2772,599,1393,924,7,4,1,1
2773,600,916,294,7,4,1,1
2774,601,1571,824,7,4,1,1
2775,603,743,294,7,4,1,1
2776,604,1465,1016,7,4,1,1
2777,606,4975,294,7,4,1,1
2778,607,5048,1004,8,2,1,1
2779,608,1569,1072,7,1,1,1
2780,609,434,995,7,1,1,1
2781,611,1148,841,7,4,1,1
2782,610,744,1132,6,1,1,1
2783,613,1528,294,7,4,1,1
2784,612,740,619,8,2,1,1
2785,615,1111,894,7,4,1,1
2786,614,18,166,3,6,1,1
2787,619,1235,503,7,4,1,1
2788,618,5017,294,7,4,1,1
2789,617,1143,835,7,4,1,1
2790,616,5038,696,7,4,1,1
2791,616,687,957,6,4,1,1
2792,622,1265,294,7,4,2,1
2793,624,1274,346,7,4,1,1
2794,620,594,921,7,1,1,1
2795,621,907,398,7,4,1,1
2796,623,4924,1111,7,4,1,1
2797,625,1605,615,7,5,1,1
2798,626,444,621,7,4,1,1
2799,629,4790,176,3,6,1,1
2800,630,533,41,3,6,1,1
2801,631,1707,132,7,6,1,1
2802,627,4656,528,7,5,1,1
2803,632,1682,251,7,4,1,1
2804,628,1155,1190,12,4,1,1
2805,626,445,621,7,4,1,1
2806,637,1785,166,3,6,1,1
2807,635,4811,585,7,4,2,1
2808,640,1102,891,7,1,1,1
2809,639,354,294,7,4,1,1
2810,633,921,617,7,2,1,1
2811,638,925,24,7,6,1,1
2812,634,1008,642,7,1,1,1
2813,636,4635,974,7,3,1,1
2814,641,1602,1068,6,1,1,1
2815,642,5058,693,7,4,1,1
2816,645,4842,294,7,4,1,1
2817,644,1488,1068,7,5,1,1
2818,648,642,642,7,4,1,1
2819,646,4801,303,7,4,1,1
2820,647,376,314,7,3,1,1
2821,643,130,617,7,4,1,1
2822,655,741,282,7,4,2,1
2823,652,4749,1068,7,3,1,1
2824,650,4866,840,7,5,3,1
2825,654,615,999,7,5,3,1
2826,651,4872,166,3,6,1,1
2827,653,1259,166,3,6,1,1
2828,649,4937,839,7,4,2,1
2829,656,669,994,7,4,2,1
2830,659,676,338,7,4,1,1
2831,658,1053,294,7,4,2,1
2832,657,4909,61,3,6,1,1
2833,663,1679,976,7,4,1,1
2834,665,5158,984,7,4,1,1
2835,664,171,168,3,5,1,1
2836,660,649,398,7,4,1,1
2837,661,1431,41,3,6,1,1
2838,662,5111,992,7,4,1,1
2839,669,1662,688,7,4,1,1
2840,670,1875,844,7,4,1,1
2841,667,4948,774,7,4,1,1
2842,668,146,738,7,4,1,1
2843,666,345,354,6,1,1,1
2844,674,24,226,7,2,1,1
2845,671,1701,89,3,6,1,1
2846,672,4903,617,7,4,1,1
2847,673,578,451,7,1,1,1
2848,680,4923,599,7,4,1,1
2849,681,403,476,7,4,1,1
2850,682,4846,767,7,4,1,1
2851,683,1219,294,7,4,1,1
2852,685,4960,294,7,4,1,1
2853,686,460,294,7,4,1,1
2854,675,1236,128,7,6,2,1
2855,679,5105,599,7,4,1,1
2856,678,4789,687,7,4,1,1
2857,677,1306,599,7,4,1,1
2858,676,1241,770,7,4,1,1
2859,684,1556,1068,8,2,1,1
2860,687,5022,962,7,1,1,1
2861,690,332,719,7,4,1,1
2862,691,923,1081,7,4,1,1
2863,689,1425,61,3,6,2,1
2864,692,806,61,3,6,1,1
2865,693,951,117,7,6,2,1
2866,688,1650,872,7,3,1,1
2867,696,1697,967,7,1,1,1
2868,695,1747,968,7,1,2,1
2869,697,1283,659,7,4,1,1
2870,694,1177,763,7,3,1,1
2871,698,394,335,7,4,1,1
2872,704,1860,906,7,4,1,1
2873,708,935,299,7,4,1,1
2874,699,107,566,7,4,1,1
2875,701,4786,9,4,4,1,1
2876,702,5097,24,3,6,1,1
2877,705,4889,208,3,6,1,1
2878,703,486,294,7,4,1,1
2879,700,927,610,7,3,1,1
2880,707,4708,11,7,4,1,1
2881,706,775,976,7,4,2,1
2882,709,1242,1159,7,4,1,1
2883,710,4774,1106,7,4,1,1
2884,712,4581,771,7,4,1,1
2885,713,4629,294,7,4,1,1
2886,714,4822,233,7,4,1,1
2887,715,712,292,7,4,1,1
2888,717,1511,294,7,4,1,1
2889,711,560,24,3,6,1,1
2890,716,109,967,7,1,1,1
2891,723,1786,1068,7,4,1,1
2892,729,4547,628,7,4,2,1
2893,720,745,759,7,4,1,1
2894,728,473,481,7,4,1,1
2895,724,179,782,7,4,1,1
2896,725,172,737,7,4,1,1
2897,726,616,565,7,4,1,1
2898,727,5124,78,3,6,1,1
2899,719,1841,657,7,3,1,1
2900,718,366,860,7,3,1,1
2901,722,1275,604,7,4,1,1
2902,721,4953,421,7,4,2,1
2903,731,4539,47,3,6,1,1
2904,734,136,294,7,4,1,1
2905,732,816,849,7,4,2,1
2906,733,601,309,7,1,1,1
2907,730,184,49,3,1,1,1
2908,736,72,41,3,6,1,1
2909,740,227,165,3,6,1,1
2910,738,1005,96,3,6,1,1
2911,742,115,342,7,1,1,1
2912,741,4700,294,7,4,1,1
2913,735,4995,426,7,4,1,1
2914,743,5168,294,7,4,1,1
2915,737,331,447,7,4,1,1
2916,739,1362,760,7,4,1,1
2917,745,81,527,7,1,2,1
2918,746,833,527,7,1,1,1
2919,744,954,834,7,4,1,1
2920,747,1112,617,7,4,1,1
2921,748,1748,310,7,3,2,1
2922,750,161,294,7,4,1,1
2923,751,267,160,3,6,1,1
2924,749,4874,594,7,4,1,1
2925,754,898,611,7,4,1,1
2926,758,1165,718,7,3,1,1
2927,752,5082,658,7,4,1,1
2928,753,989,425,7,4,1,1
2929,757,428,1040,7,4,2,1
2930,756,1087,584,7,4,1,1
2931,755,1024,37,3,6,2,1
2932,761,381,294,7,4,1,1
2933,760,391,732,7,3,1,1
2934,759,1099,84,3,6,1,1
2935,764,837,41,3,6,1,1
2936,762,440,622,7,4,1,1
2937,766,802,28,3,6,1,1
2938,763,1338,571,7,4,1,1
2939,765,1069,294,7,4,1,1
2940,771,273,474,7,4,1,1
2941,772,1839,460,7,4,1,1
2942,767,175,1073,7,4,2,1
2943,768,852,752,7,4,1,1
2944,769,5011,747,7,4,1,1
2945,770,1647,294,7,4,1,1
2946,774,1913,1032,7,4,1,1
2947,773,692,294,7,4,1,1
2948,778,542,289,7,3,1,1
2949,777,709,294,7,4,1,1
2950,776,875,833,7,4,1,1
2951,775,1904,476,7,4,1,1
2952,781,1028,85,3,6,1,1
2953,779,1818,8,4,4,1,1
2954,780,20,726,7,3,1,1
2955,782,4622,1043,7,2,1,1
2956,784,4804,489,7,3,1,1
2957,783,1873,66,3,2,1,1
2958,786,1703,330,7,4,1,1
2959,785,429,1040,7,4,1,1
2960,788,1471,858,7,4,1,1
2961,790,1038,496,7,4,1,1
2962,787,102,677,7,1,2,1
2963,789,1093,294,7,4,1,1
2964,793,1577,1142,7,4,2,1
2965,792,787,294,7,4,1,1
2966,791,1817,503,7,4,1,1
2967,795,142,1081,7,4,1,1
2968,794,1040,290,7,3,1,1
2969,801,952,294,7,4,1,1
2970,797,1680,738,7,4,1,1
2971,800,14,101,3,1,1,1
2972,798,1791,604,7,1,1,1
2973,796,324,672,7,4,1,1
2974,802,4644,167,3,6,1,1
2975,799,968,433,7,4,1,1
2976,806,1315,833,7,4,1,1
2977,804,15,692,7,4,1,1
2978,803,5171,282,7,4,1,1
2979,807,949,154,3,6,1,1
2980,805,4712,590,7,4,1,1
2981,808,4553,656,7,4,1,1
2982,809,664,816,7,4,1,1
2983,810,4986,871,7,4,1,1
2984,811,1290,1040,7,4,1,1
2985,825,693,280,8,2,1,1
2986,820,94,229,7,4,1,1
2987,819,701,1124,7,4,1,1
2988,821,1872,842,7,2,1,1
2989,818,4653,294,7,4,2,1
2990,822,774,294,7,4,1,1
2991,817,1153,229,7,4,1,1
2992,816,11,229,7,4,1,1
2993,823,5110,290,7,3,1,1
2994,824,657,294,7,4,1,1
2995,812,683,1188,1,4,1,1
2996,813,781,812,7,4,1,1
2997,815,1405,635,7,4,2,1
2998,814,1154,623,7,4,1,1
2999,826,1201,738,7,4,1,1
3000,827,116,1040,7,4,1,1
3001,832,1183,130,7,6,1,1
3002,828,524,599,7,4,1,1
3003,833,796,888,7,4,1,1
3004,830,168,865,7,4,1,1
3005,829,1533,398,7,3,2,1
3006,831,38,285,7,2,1,1
3007,835,4628,692,7,4,1,1
3008,837,150,884,7,2,1,1
3009,834,4673,655,7,2,1,1
3010,836,4561,744,7,4,1,1
3011,839,4702,627,7,4,2,1
3012,838,804,72,3,6,1,1
3013,843,970,365,7,3,1,1
3014,841,1633,804,7,4,1,1
3015,844,795,586,8,2,1,1
3016,842,402,750,7,4,1,1
3017,840,1852,398,7,3,1,1
3018,843,969,365,7,3,1,1
3019,845,997,622,7,4,1,1
3020,849,1353,109,3,6,1,1
3021,846,260,294,7,4,1,1
3022,847,1015,317,7,4,1,1
3023,848,34,683,7,4,1,1
3024,850,5006,959,7,4,1,1
3025,851,4592,918,7,4,1,1
3026,852,532,294,7,4,1,1
3027,853,5069,294,7,4,1,1
3028,854,412,907,7,4,2,1
3029,855,85,1129,7,4,1,1
3030,856,4798,294,7,4,1,1
3031,857,1397,736,7,4,1,1
3032,858,644,36,3,6,2,1
3033,859,5093,146,3,6,1,1
3034,860,4970,282,7,4,1,1
3035,862,1458,61,3,6,1,1
3036,863,464,654,7,4,1,1
3037,866,1167,294,7,4,1,1
3038,861,1423,654,7,4,1,1
3039,865,1474,802,7,4,2,1
3040,867,278,294,7,4,2,1
3041,864,1503,166,3,6,1,1
3042,876,1139,282,7,4,1,1
3043,868,1490,751,7,4,1,1
3044,877,4660,282,7,4,2,1
3045,869,549,892,7,4,1,1
3046,870,1771,232,7,4,1,1
3047,871,1739,1130,7,4,1,1
3048,872,1808,294,7,4,2,1
3049,873,238,229,7,4,1,1
3050,874,314,1081,7,4,1,1
3051,875,5077,855,7,4,1,1
3052,879,1194,417,7,4,1,1
3053,882,4812,796,7,3,3,1
3054,878,4799,21,7,6,1,1
3055,881,1580,744,7,4,1,1
3056,883,1894,736,7,4,1,1
3057,880,1925,877,7,4,1,1
3058,888,1764,724,7,4,1,1
3059,887,4910,807,7,4,1,1
3060,886,1081,149,3,4,1,1
3061,885,1007,1187,1,4,1,1
3062,884,323,860,7,4,2,1
3063,892,1743,232,7,4,1,1
3064,891,479,633,7,4,2,1
3065,890,1097,810,7,4,1,1
3066,889,883,782,7,4,1,1
3067,896,91,984,7,4,1,1
3068,895,455,1068,7,4,1,1
3069,894,517,604,7,4,1,1
3070,893,1843,642,7,4,1,1
3071,898,716,1005,7,4,1,1
3072,897,730,294,7,4,1,1
3073,900,5002,738,7,4,1,1
3074,899,1347,643,7,4,1,1
3075,901,512,738,7,4,1,1
3076,902,1164,1122,7,4,2,1
3077,903,1006,965,7,4,1,1
3078,905,600,877,7,4,1,1
3079,904,757,861,7,4,1,1
3080,906,409,844,7,4,1,1
3081,907,1118,1040,7,4,1,1
3082,908,4710,752,7,4,1,1
3083,912,950,282,7,4,1,1
3084,910,1854,1040,7,4,1,1
3085,911,4741,229,7,4,1,1
3086,909,1814,59,3,6,1,1
3087,915,638,1102,7,3,1,1
3088,916,5154,294,7,4,1,1
3089,913,5100,581,7,4,1,1
3090,914,1085,744,7,4,1,1
3091,917,1698,290,7,3,1,1
3092,926,4904,294,7,4,1,1
3093,925,5183,259,7,4,1,1
3094,918,275,764,7,4,2,1
3095,920,336,631,7,4,2,1
3096,922,40,294,7,4,1,1
3097,919,697,617,7,4,1,1
3098,921,5119,535,7,4,1,1
3099,924,4682,1040,7,4,1,1
3100,923,4556,250,7,4,2,1
3101,927,5178,282,7,4,2,1
3102,929,1800,74,3,6,1,1
3103,928,122,1017,7,4,1,1
3104,931,1205,104,3,6,1,1
3105,930,1444,448,7,4,1,1
3106,932,436,294,7,4,1,1
3107,933,843,1068,7,4,1,1
3108,934,1096,282,7,4,1,1
3109,938,1878,984,7,4,2,1
3110,939,1369,294,7,4,1,1
3111,935,700,683,7,4,1,1
3112,940,4681,350,7,3,1,1
3113,936,4576,685,7,4,1,1
3114,937,698,622,7,4,1,1
3115,942,1226,923,7,3,1,1
3116,941,4972,630,7,4,2,1
3117,943,1120,744,7,4,1,1
3118,945,1068,984,7,4,1,1
3119,944,1835,198,3,6,1,1
3120,946,1478,880,7,4,1,1
3121,947,870,1064,7,4,1,1
3122,948,1862,837,7,4,1,1
3123,949,384,843,7,4,1,1
3124,951,4854,1041,7,4,1,1
3125,952,4936,760,7,4,1,1
3126,953,1062,851,7,4,1,1
3127,954,4792,1114,7,4,1,1
3128,955,4560,1006,7,4,1,1
3129,950,289,24,3,6,1,1
3130,956,1666,63,3,6,1,1
3131,957,1463,294,7,4,1,1
3132,958,1896,1117,7,4,2,1
3133,959,4679,261,7,4,1,1
3134,961,1660,1068,8,2,1,1
3135,962,869,329,7,3,1,1
3136,960,274,31,3,6,1,1
3137,963,705,1062,7,4,1,1
3138,964,1779,294,7,4,1,1
3139,966,561,166,3,6,1,1
3140,969,519,332,7,4,1,1
3141,966,363,427,7,5,1,1
3142,965,279,736,7,4,1,1
3143,968,1033,1177,12,4,1,1
3144,966,677,92,3,6,1,1
3145,967,959,41,3,6,1,1
3146,976,621,157,3,6,1,1
3147,970,1370,665,7,4,1,1
3148,975,4946,294,7,4,1,1
3149,974,899,294,7,4,1,1
3150,971,446,672,7,4,1,1
3151,972,1485,604,7,4,1,1
3152,973,477,331,7,1,2,1
3153,981,1573,294,7,4,1,1
3154,978,1887,608,7,1,1,1
3155,983,4939,294,7,4,1,1
3156,980,1141,1068,7,4,1,1
3157,982,5108,725,7,3,1,1
3158,979,4826,510,7,4,1,1
3159,977,4876,609,7,2,1,1
3160,986,352,110,3,6,1,1
3161,991,1626,982,7,3,1,1
3162,984,849,656,7,4,1,1
3163,985,4841,656,7,4,1,1
3164,987,4546,684,7,4,1,1
3165,988,652,424,7,4,1,1
3166,989,280,683,7,4,1,1
3167,990,1713,114,3,2,1,1
3168,993,1368,191,3,6,1,1
3169,992,1550,1068,7,4,1,1
3170,994,5066,1040,7,4,1,1
3171,995,5120,736,7,4,1,1
3172,1004,1683,1040,7,4,1,1
3173,996,5162,294,7,4,1,1
3174,997,1161,741,7,4,2,1
3175,998,4655,878,7,4,1,1
3176,999,183,642,7,4,1,1
3177,1000,4709,798,7,4,1,1
3178,1001,129,294,7,4,1,1
3179,1002,1476,984,7,4,1,1
3180,1003,4549,294,7,4,1,1
3181,1005,732,782,7,1,2,1
3182,1011,247,736,7,4,1,1
3183,1009,159,306,7,4,1,1
3184,1008,995,348,7,4,1,1
3185,1008,749,348,7,4,2,1
3186,1006,1365,668,7,4,1,1
3187,1010,1746,257,7,1,1,1
3188,1007,96,149,3,6,1,1
3189,1012,1652,798,7,4,1,1
3190,1014,5028,314,7,4,1,1
3191,1013,603,783,7,1,1,1
3192,1019,5102,119,3,6,1,1
3193,1020,1583,222,5,1,3,1
3194,1018,1092,700,7,4,1,1
3195,1016,1441,166,3,6,1,1
3196,1017,853,848,7,3,1,1
3197,1022,237,294,7,4,1,1
3198,1015,1621,422,7,4,1,1
3199,1021,1686,493,7,1,1,1
3200,1024,5050,768,7,4,1,1
3201,1025,960,369,7,4,2,1
3202,1026,558,639,7,4,2,1
3203,1028,811,182,3,6,1,1
3204,1023,5044,213,5,1,1,1
3205,1027,815,984,7,4,1,1
3206,1032,1735,984,7,4,1,1
3207,1031,1499,1126,7,1,1,1
3208,1030,1185,121,3,6,1,1
3209,1029,140,627,7,1,2,1
3210,1036,987,803,7,4,1,1
3211,1039,801,1052,7,4,1,1
3212,1040,5152,962,7,1,1,1
3213,1033,1866,604,7,4,1,1
3214,1034,556,617,7,4,1,1
3215,1035,1049,918,7,4,1,1
3216,1037,5160,435,7,4,1,1
3217,1038,1685,480,7,2,2,1
3218,1041,5185,294,7,4,1,1
3219,1042,4926,951,6,1,1,1
3220,1043,1229,422,7,4,1,1
3221,1044,588,294,7,4,1,1
3222,1046,378,972,7,1,1,1
3223,1047,1717,294,7,4,1,1
3224,1045,481,54,3,2,1,1
3225,1048,1029,873,7,1,3,1
3226,1049,5065,460,7,4,1,1
3227,1050,1010,468,7,4,1,1
3228,1051,1829,294,7,4,1,1
3229,1052,863,334,7,4,1,1
3230,1053,1272,537,7,4,1,1
3231,1054,4666,282,7,4,1,1
3232,1055,1834,267,7,4,2,1
3233,1072,648,985,7,4,1,1
3234,1058,1031,642,7,4,1,1
3235,1061,1447,224,14,1,1,1
3236,1068,5169,41,3,6,1,1
3237,1056,151,918,7,4,1,1
3238,1057,368,747,7,4,1,1
3239,1073,4898,1066,7,4,1,1
3240,1063,1767,460,7,4,1,1
3241,1062,4593,1040,7,4,1,1
3242,1059,872,55,3,6,1,1
3243,1071,1321,314,7,4,1,1
3244,1070,5037,294,7,4,1,1
3245,1069,967,736,7,4,1,1
3246,1067,1600,294,7,4,2,1
3247,1066,1751,476,7,4,1,1
3248,1065,1296,488,7,4,1,1
3249,1064,1752,294,7,4,1,1
3250,1060,1400,642,7,1,1,1
3251,1081,4750,1085,7,4,1,1
3252,1076,926,487,7,3,2,1
3253,1075,1585,647,7,4,1,1
3254,1079,1336,294,7,4,1,1
3255,1077,971,782,7,1,1,1
3256,1078,1484,820,7,4,1,1
3257,1074,1705,646,7,4,1,1
3258,1080,972,977,7,1,3,1
3259,1083,846,650,7,4,1,1
3260,1084,1412,599,7,4,1,1
3261,1085,294,716,7,4,2,1
3262,1086,248,644,7,4,1,1
3263,1089,4820,294,7,4,1,1
3264,1082,727,867,7,4,2,1
3265,1088,1514,722,7,1,2,1
3266,1087,838,43,3,6,1,1
3267,1094,1886,460,7,4,1,1
3268,1095,415,166,3,6,1,1
3269,1091,1646,503,7,4,1,1
3270,1093,1930,433,7,4,1,1
3271,1090,400,955,6,1,2,1
3272,1092,4,1068,7,4,2,1
3273,1096,2187,1189,12,4,1,1
3274,1098,4746,683,7,4,1,1
3275,1099,327,744,7,4,1,1
3276,1100,1851,795,7,4,1,1
3277,1101,4969,679,7,4,2,1
3278,1097,4967,604,8,2,1,1
3279,1102,5134,12,4,5,1,1
3280,1106,1588,1040,7,4,1,1
3281,1103,4550,864,7,4,2,1
3282,1104,4727,679,7,4,1,1
3283,1107,1214,329,7,3,1,1
3284,1105,1617,617,7,4,1,1
3285,1108,662,684,7,4,1,1
3286,1109,4941,736,7,4,1,1
3287,1111,728,460,7,4,1,1
3288,1112,1404,1078,7,1,1,1
3289,1110,4636,776,7,1,1,1
3290,1113,812,604,7,4,1,1
3291,1115,1624,314,7,4,1,1
3292,1118,520,962,7,1,1,1
3293,1119,196,282,7,4,2,1
3294,1117,1506,1025,7,4,1,1
3295,1116,1127,294,7,4,1,1
3296,1114,1623,863,7,4,1,1
3297,1125,1203,1040,7,4,1,1
3298,1124,1505,761,7,4,1,1
3299,1123,4818,762,7,4,1,1
3300,1122,133,294,7,4,1,1
3301,1121,4908,1040,7,4,1,1
3302,1120,4739,195,3,6,1,1
3303,1131,125,570,7,4,1,1
3304,1130,992,1068,7,4,1,1
3305,1129,187,653,7,4,3,1
3306,1128,5001,1068,7,4,2,1
3307,1126,132,548,7,4,2,1
3308,1127,117,599,7,4,1,1
3309,1132,576,736,7,4,1,1
3310,1135,900,368,7,4,1,1
3311,1136,156,984,7,4,1,1
3312,1133,1516,583,7,4,1,1
3313,1134,1337,642,7,4,1,1
3314,1137,574,685,7,4,1,1
3315,1138,579,683,7,4,1,1
3316,1139,569,740,7,4,1,1
3317,1140,845,1097,7,4,1,1
3318,1141,1905,294,7,4,1,1
3319,1148,19,953,6,1,1,1
3320,1150,1192,1193,1,3,1,1
3321,1147,1725,330,7,4,1,1
3322,1146,487,465,7,4,1,1
3323,1145,690,294,7,4,1,1
3324,1144,1411,294,7,4,1,1
3325,1143,1176,860,7,4,1,1
3326,1142,1211,548,7,4,2,1
3327,1149,1677,281,8,2,1,1
3328,1154,303,166,3,6,1,1
3329,1153,734,46,3,6,1,1
3330,1152,5004,166,3,6,1,1
3331,1155,361,544,7,4,1,1
3332,1151,1842,355,6,1,1,1
3333,1158,421,918,7,4,1,1
3334,1156,4817,356,6,4,2,1
3335,1157,408,792,7,1,9,1
3336,1162,5138,1081,7,4,1,1
3337,1161,4642,1040,7,4,1,1
3338,1160,590,294,7,4,1,1
3339,1159,729,604,7,4,1,1
3340,1164,1449,604,7,4,1,1
3341,1168,4858,879,7,4,1,1
3342,1165,450,603,7,4,1,1
3343,1170,1078,463,7,4,2,1
3344,1169,4930,229,7,4,1,1
3345,1171,764,244,7,1,1,1
3346,1163,4882,1068,7,1,1,1
3347,1166,917,269,7,4,1,1
3348,1167,469,699,7,4,1,1
3349,1174,4552,1040,7,4,1,1
3350,1175,1450,736,7,4,1,1
3351,1172,1885,115,3,6,1,1
3352,1176,1857,1028,7,4,1,1
3353,1177,1388,1068,7,4,2,1
3354,1173,1406,604,7,4,1,1
3355,1180,4787,1040,7,4,1,1
3356,1181,658,287,7,3,1,1
3357,1178,726,370,7,4,1,1
3358,1179,1133,294,7,4,1,1
3359,1197,1147,282,7,4,1,1
3360,1188,4729,476,7,4,1,1
3361,1187,342,1068,7,4,1,1
3362,1186,581,918,7,4,1,1
3363,1185,113,992,7,4,1,1
3364,1183,1487,1068,7,4,2,1
3365,1182,1413,822,7,4,1,1
3366,1184,4639,294,7,4,1,1
3367,1194,957,1147,7,4,1,1
3368,1189,4600,1040,7,4,1,1
3369,1192,516,859,7,4,1,1
3370,1193,1859,809,7,3,1,1
3371,1195,1146,988,7,4,1,1
3372,1196,1671,336,8,2,2,1
3373,1191,4718,40,3,6,1,1
3374,1190,1248,235,7,4,1,1
3375,1200,4683,748,7,4,1,1
3376,1203,254,1040,7,4,1,1
3377,1202,4689,863,7,4,1,1
3378,1198,224,407,7,4,1,1
3379,1201,5159,1040,7,4,1,1
3380,1199,5131,446,7,4,1,1
3381,1206,5080,366,7,3,2,1
3382,1208,885,294,7,4,1,1
3383,1207,720,282,7,4,1,1
3384,1205,1755,294,7,4,1,1
3385,1204,1231,525,7,1,1,1
3386,1209,1510,103,3,6,1,1
3387,1211,485,1170,12,4,1,1
3388,1213,1019,962,7,1,1,1
3389,1212,1778,153,3,6,1,1
3390,1210,933,683,7,4,2,1
3391,1221,201,291,7,3,2,1
3392,1220,1131,1040,7,4,1,1
3393,1219,1130,294,7,4,1,1
3394,1218,75,503,7,4,1,1
3395,1217,5055,229,7,4,1,1
3396,1215,547,1068,7,4,1,1
3397,1214,1287,170,3,6,1,1
3398,1216,555,94,3,6,1,1
3399,1225,276,260,7,4,2,1
3400,1223,1753,1070,7,4,1,1
3401,1222,4631,617,7,4,1,1
3402,1226,1437,294,7,4,1,1
3403,1224,1715,61,3,6,1,1
3404,1228,1460,106,3,6,1,1
3405,1227,1386,940,7,4,1,1
3406,1232,4645,294,7,4,1,1
3407,1229,1375,626,7,1,2,1
3408,1233,508,234,7,1,1,1
3409,1231,4535,24,3,6,1,1
3410,1235,1455,971,7,1,3,1
3411,1234,4596,1068,7,4,1,1
3412,1236,4964,282,7,4,1,1
3413,1237,4848,984,7,4,2,1
3414,1239,1055,333,7,4,1,1
3415,1240,1045,294,7,4,1,1
3416,1241,293,1164,7,4,1,1
3417,1242,4615,503,7,4,1,1
3418,1238,1924,150,3,6,1,1
3419,1230,1109,620,7,4,1,1
3420,1245,4538,24,3,6,1,1
3421,1246,4978,229,7,4,1,1
3422,1251,910,962,7,1,1,1
3423,1247,731,24,7,6,1,1
3424,1252,1316,1040,7,4,1,1
3425,1250,1750,1071,7,4,1,1
3426,1249,4587,285,7,2,1,1
3427,1248,822,317,7,4,1,1
3428,1243,190,404,7,4,1,1
3429,1244,1115,740,7,4,1,1
3430,1254,471,1068,7,4,1,1
3431,1257,5151,486,7,1,1,1
3432,1253,723,357,6,1,1,1
3433,1255,5164,642,7,4,2,1
3434,1256,105,801,7,4,1,1
3435,1258,169,839,7,4,1,1
3436,1262,675,168,3,6,1,1
3437,1259,5040,557,7,1,2,1
3438,1260,206,579,7,4,1,1
3439,1261,1727,604,7,4,1,1
3440,1263,1121,563,7,4,1,1
3441,1264,134,399,7,4,1,1
3442,1265,977,398,7,4,1,1
3443,1266,1132,236,7,4,1,1
3444,1267,1035,229,7,4,1,1
3445,1268,1709,1068,7,4,2,1
3446,1269,194,282,7,4,1,1
3447,1269,4962,330,7,4,1,1
3448,1271,56,743,7,4,1,1
3449,1280,1222,984,7,4,2,1
3450,1274,4981,667,7,5,1,1
3451,1281,281,344,7,5,1,1
3452,1270,1094,604,7,4,1,1
3453,1276,553,24,3,6,1,1
3454,1272,4701,744,7,4,1,1
3455,1273,685,1068,6,4,1,1
3456,1277,626,1040,7,4,1,1
3457,1278,936,747,7,4,1,1
3458,1279,5125,747,7,4,1,1
3459,1275,57,604,7,1,1,1
3460,1287,1403,229,7,4,1,1
3461,1286,1012,975,7,4,1,1
3462,1285,371,398,7,4,1,1
3463,1284,1576,398,7,4,1,1
3464,1283,1523,924,7,4,1,1
3465,1282,35,401,7,4,1,1
3466,1288,944,101,3,6,1,1
3467,1289,4609,503,7,4,1,1
3468,1290,4814,1026,6,4,1,1
3469,1291,398,823,7,4,1,1
3470,1293,851,294,7,4,1,1
3471,1294,4705,1158,7,4,1,1
3472,1292,983,101,3,6,1,1
3473,1299,1198,1081,7,4,1,1
3474,1297,4843,294,7,4,1,1
3475,1303,1208,984,7,4,2,1
3476,1304,4717,1045,7,4,1,1
3477,1305,375,1068,7,4,1,1
3478,1306,943,282,7,4,1,1
3479,1296,4637,943,7,4,2,1
3480,1295,5075,680,7,4,1,1
3481,1302,5142,294,7,4,1,1
3482,1300,463,294,7,4,1,1
3483,1301,1044,984,7,4,1,1
3484,1298,39,290,7,3,1,1
3485,1307,860,556,7,4,1,1
3486,1308,79,1040,7,4,1,1
3487,1309,1145,479,7,4,1,1
3488,1310,264,1080,8,2,1,1
3489,1311,1061,555,7,3,1,1
3490,1312,1744,358,6,1,1,1
3491,1313,1655,672,7,4,2,1
3492,1321,1184,983,7,4,1,1
3493,1320,189,282,7,4,1,1
3494,1318,4769,1017,7,4,1,1
3495,1317,947,412,7,4,1,1
3496,1314,5094,45,7,6,1,1
3497,1316,5166,632,7,4,2,1
3498,1315,203,604,7,4,1,1
3499,1319,4544,1107,7,3,1,1
3500,1322,4794,71,3,6,1,1
3501,1323,1395,283,7,1,3,1
3502,1325,1179,774,7,4,1,1
3503,1326,1678,231,7,4,1,1
3504,1327,1718,736,7,4,1,1
3505,1324,1797,536,7,4,1,1
3506,1328,909,1059,7,2,1,1
3507,1329,1195,398,7,4,1,1
3508,1330,877,1185,1,4,1,1
3509,1331,1018,149,3,6,1,1
3510,1340,4955,1138,6,1,1,1
3511,1335,5136,148,3,6,1,1
3512,1334,884,91,3,6,1,1
3513,1339,4884,176,3,6,1,1
3514,1333,4753,666,7,4,1,1
3515,1338,1298,294,7,4,1,1
3516,1337,1756,294,7,4,1,1
3517,1336,1303,604,7,4,1,1
3518,1332,4784,924,7,1,1,1
3519,1342,1137,642,7,4,1,1
3520,1347,4780,472,7,4,3,1
3521,1348,143,736,7,4,1,1
3522,1349,4603,736,7,4,1,1
3523,1350,4537,760,7,4,1,1
3524,1343,480,606,7,4,1,1
3525,1344,1473,912,7,4,2,1
3526,1341,1051,642,7,4,1,1
3527,1345,1459,627,7,4,2,1
3528,1346,1532,642,7,1,1,1
3529,1353,353,604,7,4,1,1
3530,1357,1768,1068,7,1,1,1
3531,1351,4925,503,7,4,1,1
3532,1354,5054,294,7,4,2,1
3533,1355,71,330,7,4,1,1
3534,1356,4583,1040,7,4,1,1
3535,1352,1714,416,7,4,1,1
3536,1369,80,294,7,4,1,1
3537,1360,4659,624,7,4,1,1
3538,1358,228,554,7,1,3,1
3539,1370,777,294,7,4,1,1
3540,1368,488,294,7,4,1,1
3541,1359,5170,411,7,4,1,1
3542,1367,956,333,7,4,1,1
3543,1366,495,294,7,4,2,1
3544,1365,1398,1068,7,4,1,1
3545,1364,4752,833,7,4,1,1
3546,1363,1171,476,7,4,1,1
3547,1362,1452,481,7,4,1,1
3548,1361,1688,408,7,4,1,1
3549,1372,1442,689,7,1,1,1
3550,1376,4611,172,3,6,1,1
3551,1375,4865,77,3,6,1,1
3552,1371,4806,203,3,6,1,1
3553,1374,5121,698,7,4,1,1
3554,1377,5074,587,7,4,2,1
3555,1373,559,736,7,4,1,1
3556,1379,5146,476,7,4,1,1
3557,1380,905,460,7,4,1,1
3558,1378,1457,75,3,6,1,1
3559,1384,4895,118,3,6,1,1
3560,1381,234,721,7,1,1,1
3561,1382,1359,229,7,4,1,1
3562,1385,4755,294,7,4,1,1
3563,1383,1760,1040,7,4,2,1
3564,1390,550,88,3,6,1,1
3565,1392,41,270,7,4,1,1
3566,1389,1113,294,7,4,1,1
3567,1388,1224,787,7,4,1,1
3568,1386,458,1050,7,4,1,1
3569,1391,573,285,7,2,1,1
3570,1387,1689,24,3,6,1,1
3571,1393,1539,744,7,4,1,1
3572,1395,1305,229,7,4,1,1
3573,1396,1182,1059,7,2,1,1
3574,1394,5175,1013,7,4,1,1
3575,1400,4838,333,7,4,1,1
3576,1399,343,652,7,4,1,1
3577,1401,4830,1040,7,4,1,1
3578,1398,1294,415,7,4,1,1
3579,1397,4640,861,7,4,1,1
3580,1403,244,941,7,4,1,1
3581,1402,4567,64,3,6,1,1
3582,1402,4566,64,3,6,1,1
3583,1404,1561,294,7,4,1,1
3584,1405,4690,294,7,4,2,1
3585,1403,246,941,7,4,1,1
3586,1404,1562,294,7,4,1,1
3587,1405,4691,294,7,4,2,1
3588,1406,4565,145,7,6,1,1
3589,1406,4564,145,7,6,1,1
3590,1413,1193,1049,7,3,1,1
3591,1411,1861,1040,7,4,2,1
3592,1407,4778,798,7,4,2,1
3593,1408,4668,642,7,4,1,1
3594,1409,1644,918,7,4,1,1
3595,1409,1645,918,7,4,1,1
3596,1410,1530,122,3,6,1,1
3597,1407,4776,798,7,4,2,1
3598,1408,4667,642,7,4,1,1
3599,1412,1844,294,7,4,1,1
3600,1414,104,977,7,5,1,1
3601,1421,1574,333,7,4,1,1
3602,1418,1422,604,7,4,1,1
3603,1422,410,1153,7,3,1,1
3604,1420,536,24,3,6,1,1
3605,1416,399,661,7,5,1,1
3606,1419,4543,760,7,4,1,1
3607,1417,383,612,7,4,1,1
3608,1415,4893,1162,7,1,1,1
3609,1423,1262,598,7,4,1,1
3610,1424,5015,744,7,4,1,1
3611,1425,4837,1068,7,4,1,1
3612,1427,4649,294,7,4,1,1
3613,1428,1676,333,7,4,2,1
3614,1426,702,1079,8,2,1,1
3615,1429,966,282,7,4,1,1
3616,1435,1282,24,3,6,1,1
3617,1433,396,663,7,4,1,1
3618,1436,4813,984,7,4,2,1
3619,1437,211,294,7,4,1,1
3620,1431,575,683,8,2,1,1
3621,1434,4604,188,7,6,2,1
3622,1430,1065,398,7,4,1,1
3623,1432,4800,1157,8,2,1,1
3624,1438,1276,918,7,4,1,1
3625,1439,724,413,7,4,1,1
3626,1440,772,328,7,3,1,1
3627,1443,678,1031,7,4,1,1
3628,1441,511,642,7,4,1,1
3629,1442,509,866,7,4,1,1
3630,1450,3,1190,12,4,2,1
3631,1445,4680,410,8,2,1,1
3632,1454,4571,1068,7,4,4,1
3633,1455,452,294,7,4,1,1
3634,1449,1500,530,7,1,1,1
3635,1446,1815,166,3,6,1,1
3636,1451,466,1040,7,4,1,1
3637,1452,1289,294,7,4,1,1
3638,1453,5144,282,7,4,1,1
3639,1444,5024,294,7,4,1,1
3640,1447,44,883,7,4,1,1
3641,1448,4634,210,14,4,1,1
3642,1448,1433,604,7,4,1,1
3643,1456,841,294,7,4,1,1
3644,1463,610,294,7,4,2,1
3645,1462,4605,294,7,4,1,1
3646,1461,1348,642,7,4,1,1
3647,1460,5019,327,7,4,1,1
3648,1459,810,672,7,4,2,1
3649,1458,112,642,7,4,1,1
3650,1457,4856,607,7,4,1,1
3651,1469,686,102,3,6,1,1
3652,1470,411,294,7,4,2,1
3653,1469,1749,333,7,4,2,1
3654,1468,1091,256,7,4,1,1
3655,1467,1435,1105,7,4,1,1
3656,1466,667,736,7,4,1,1
3657,1465,5123,294,7,4,1,1
3658,1464,5122,236,7,4,1,1
3659,1471,1893,106,3,6,1,1
3660,1472,1696,1154,7,4,1,1
3661,1474,4580,736,7,4,1,1
3662,1473,1209,604,7,4,1,1
3663,1483,656,1133,6,1,1,1
3664,1482,1828,294,7,4,1,1
3665,1481,1288,294,7,4,1,1
3666,1478,385,941,7,4,1,1
3667,1479,1376,1081,7,4,1,1
3668,1480,4992,236,7,4,1,1
3669,1477,505,604,7,4,1,1
3670,1476,4767,918,7,4,1,1
3671,1475,357,507,7,4,1,1
3672,1487,1721,636,8,2,1,1
3673,1488,4915,169,3,6,1,1
3674,1491,1614,1040,7,4,1,1
3675,1490,430,965,7,4,1,1
3676,1489,127,797,7,4,2,1
3677,1486,4698,403,7,4,1,1
3678,1485,5189,701,7,4,1,1
3679,1484,240,1068,7,4,1,1
3680,1493,1454,1069,6,1,1,1
3681,1492,5172,221,14,4,1,1
3682,1495,243,168,3,6,1,1
3683,1496,1798,1040,7,4,1,1
3684,1494,1216,971,7,1,1,1
3685,1499,1428,236,7,4,1,1
3686,1500,101,360,6,4,1,1
3687,1498,4775,254,7,4,1,1
3688,1497,1401,604,7,4,1,1
3689,1501,4707,285,8,2,1,1
3690,1508,1152,1043,8,2,1,1
3691,1507,4886,185,3,6,1,1
3692,1512,742,282,7,4,2,1
3693,1510,4772,469,7,4,1,1
3694,1509,1874,294,7,4,1,1
3695,1511,1071,1033,7,3,1,1
3696,1504,1023,428,7,4,2,1
3697,1503,1022,446,7,4,1,1
3698,1506,4638,535,7,4,2,1
3699,1505,4630,551,7,1,1,1
3700,1502,577,276,8,2,1,1
3701,1513,287,409,7,4,1,1
3702,1514,328,24,3,6,1,1
3703,1515,483,331,7,1,1,1
3704,1522,1627,1027,7,4,1,1
3705,1519,911,272,8,2,1,1
3706,1520,1374,243,7,4,1,1
3707,1518,784,851,7,4,1,1
3708,1521,5016,294,7,4,1,1
3709,1516,4947,604,7,4,1,1
3710,1523,4536,322,7,4,1,1
3711,1517,5163,93,7,6,1,1
3712,1525,65,372,7,4,1,1
3713,1527,614,736,7,4,1,1
3714,1524,920,782,7,1,2,1
3715,1528,4584,101,3,6,2,1
3716,1526,4828,642,7,4,2,1
3717,1530,1468,1150,7,1,1,1
3718,1529,5165,642,7,4,1,1
3719,1531,4619,297,7,4,1,1
3720,1533,1166,294,7,4,1,1
3721,1532,49,24,7,6,1,1
3722,1534,272,534,7,4,1,1
3723,1535,1548,220,5,1,1,1
3724,1537,4966,277,7,1,1,1
3725,1541,90,1047,8,2,2,1
3726,1536,850,229,7,4,1,1
3727,1538,4621,294,7,4,2,1
3728,1539,1355,294,7,4,1,1
3729,1540,4773,1068,7,4,2,1
3730,1542,4851,604,7,5,1,1
3731,1543,1317,418,7,4,1,1
3732,1544,5148,406,7,4,1,1
3733,1545,4577,294,7,4,1,1
3734,1546,1210,1031,7,4,1,1
3735,1556,1191,1175,1,5,1,1
3736,1555,4586,326,8,2,1,1
3737,1547,5003,601,7,4,1,1
3738,1552,1572,1031,7,4,2,1
3739,1553,768,1040,7,4,1,1
3740,1548,1552,625,7,1,1,1
3741,1551,212,1116,7,1,1,1
3742,1549,423,599,7,4,1,1
3743,1554,4853,963,8,2,1,1
3744,1550,4759,93,7,6,1,1
3745,1557,1515,400,7,4,1,1
3746,1559,4990,1042,7,4,1,1
3747,1560,4979,503,7,4,1,1
3748,1561,4744,294,7,4,1,1
3749,1564,1912,1040,7,4,1,1
3750,1558,4914,1015,7,3,1,1
3751,1562,5053,282,7,4,1,1
3752,1563,5056,294,7,4,2,1
3753,1568,1080,470,7,4,1,1
3754,1565,494,398,7,4,1,1
3755,1566,500,1068,7,4,1,1
3756,1567,881,729,8,2,1,1
3757,1569,1916,683,7,4,1,1
3758,1575,605,1040,7,4,1,1
3759,1571,165,237,7,4,1,1
3760,1573,1261,294,7,4,1,1
3761,1570,832,65,3,6,1,1
3762,1572,4873,41,3,6,1,1
3763,1574,1812,154,3,6,1,1
3764,1576,1041,294,7,4,1,1
3765,1580,448,137,3,6,1,1
3766,1581,222,100,3,6,1,1
3767,1577,1489,317,7,4,1,1
3768,1579,1122,642,7,1,1,1
3769,1578,4959,892,7,1,1,1
3770,1582,4540,294,7,4,1,1
3771,1579,1486,604,7,4,1,1
3772,1588,1668,984,7,4,2,1
3773,1587,1920,229,7,4,1,1
3774,1586,976,913,7,4,3,1
3775,1585,25,918,7,4,1,1
3776,1584,4987,351,7,4,1,1
3777,1583,377,949,6,1,2,1
3778,1590,602,44,3,6,1,1
3779,1593,606,294,7,4,1,1
3780,1591,797,1040,7,4,1,1
3781,1589,955,746,7,4,2,1
3782,1592,67,1040,7,4,1,1
3783,1598,4788,166,3,6,1,1
3784,1597,1232,294,7,1,1,1
3785,1596,5090,971,7,1,1,1
3786,1594,1335,924,6,3,1,1
3787,1595,397,294,7,4,1,1
3788,1599,4652,314,7,4,1,1
3789,1600,996,147,3,6,1,1
3790,1601,217,222,14,4,2,1
3791,1606,1758,1068,7,4,1,1
3792,1608,557,713,7,5,15,1
3793,1603,4891,604,7,5,1,1
3794,1605,1733,166,3,6,1,1
3795,1609,567,811,7,4,1,1
3796,1607,442,398,7,4,1,1
3797,1602,1327,419,7,4,1,1
3798,1604,1810,398,7,4,1,1
3799,1610,725,950,6,4,1,1
3800,1611,5059,681,7,4,1,1
3801,1614,1639,742,7,4,1,1
3802,1616,1342,339,7,4,2,1
3803,1615,1565,460,7,4,1,1
3804,1612,33,652,7,4,1,1
3805,1613,1871,652,7,4,1,1
3806,1624,958,314,7,4,1,1
3807,1621,1119,314,7,4,1,1
3808,1625,4685,282,7,4,1,1
3809,1623,788,1068,7,1,2,1
3810,1622,1899,78,3,6,1,1
3811,1617,1263,652,7,4,1,1
3812,1618,1202,1040,7,4,1,1
3813,1619,1046,254,7,4,1,1
3814,1620,5088,314,7,4,1,1
3815,1626,216,264,7,1,3,1
3816,1628,5184,78,3,6,1,1
3817,1631,4721,672,7,1,1,1
3818,1627,1333,282,7,4,1,1
3819,1629,1089,723,7,4,2,1
3820,1630,5010,672,7,4,2,1
3821,1633,1304,255,7,4,1,1
3822,1632,1619,166,3,6,1,1
3823,1634,5153,907,7,4,1,1
3824,1635,941,1040,7,4,1,1
3825,1636,4916,240,7,4,1,1
3826,1637,1344,314,7,4,1,1
3827,1638,4695,1158,7,4,2,1
3828,1639,5071,294,7,4,1,1
3829,1640,5137,1040,7,4,3,1
3830,1641,871,1040,7,4,1,1
3831,1642,817,503,7,4,1,1
3832,1643,4991,1068,6,1,1,1
3833,1647,74,672,7,4,1,1
3834,1645,1793,617,7,1,1,1
3835,1648,5187,229,7,4,1,1
3836,1649,1360,664,7,4,1,1
3837,1650,876,1040,7,4,1,1
3838,1644,4670,672,7,4,2,1
3839,1646,1693,637,7,4,1,1
3840,1658,1922,41,3,6,1,1
3841,1656,4589,882,7,4,1,1
3842,1652,5,683,7,3,1,1
3843,1657,1897,514,7,4,1,1
3844,1651,4934,1081,7,4,1,1
3845,1653,476,747,7,4,1,1
3846,1654,4671,446,7,4,1,1
3847,1657,1658,684,7,4,1,1
3848,1659,568,294,7,4,1,1
3849,1660,4977,738,7,4,1,1
3850,1655,317,683,7,4,1,1
3851,1666,176,452,7,4,1,1
3852,1671,128,738,7,4,1,1
3853,1670,4737,738,7,4,1,1
3854,1669,5034,738,7,4,1,1
3855,1668,1284,594,7,4,1,1
3856,1667,4829,738,7,4,1,1
3857,1665,4764,433,7,4,1,1
3858,1664,4927,626,7,4,2,1
3859,1662,1424,645,7,4,1,1
3860,1661,1469,622,7,4,1,1
3861,1663,1883,41,3,6,1,1
3862,1676,1811,304,7,4,1,1
3863,1672,1622,604,7,4,1,1
3864,1674,255,405,7,4,1,1
3865,1675,798,1068,7,4,2,1
3866,1673,1599,885,7,4,2,1
3867,1678,441,1068,7,3,2,1
3868,1677,1124,553,7,4,1,1
3869,1679,523,229,7,4,1,1
3870,1680,5109,1040,7,4,2,1
3871,1681,1371,536,7,4,1,1
3872,1683,830,1068,7,4,1,1
3873,1686,1911,984,7,4,3,1
3874,1685,585,190,3,6,1,1
3875,1684,4901,1068,7,5,1,1
3876,1682,831,971,7,1,1,1
3877,1687,5188,962,7,1,2,1
3878,1689,453,249,7,4,1,1
3879,1690,1280,236,7,4,1,1
3880,1691,4835,294,7,4,1,1
3881,1688,668,642,7,1,1,1
3882,1697,1240,296,7,4,1,1
3883,1696,4862,604,7,4,1,1
3884,1694,1234,275,8,2,2,1
3885,1699,4597,553,7,4,1,1
3886,1695,1522,414,7,4,1,1
3887,1698,5126,536,7,4,1,1
3888,1692,878,642,7,4,1,1
3889,1693,1135,313,7,4,1,1
3890,1706,1207,738,7,4,1,1
3891,1701,4595,946,6,4,1,1
3892,1700,1228,852,7,4,1,1
3893,1703,54,893,7,4,1,1
3894,1704,836,22,3,6,1,1
3895,1705,195,738,7,4,1,1
3896,1702,5115,697,7,3,1,1
3897,1711,1279,969,7,1,1,1
3898,1710,8,503,7,4,1,1
3899,1708,888,683,7,2,1,1
3900,1709,762,1068,8,2,1,1
3901,1707,4997,1040,7,4,1,1
3902,1717,913,294,7,4,1,1
3903,1718,1889,1040,7,4,1,1
3904,1713,4815,420,7,4,1,1
3905,1716,1426,672,7,4,1,1
3906,1715,4906,875,7,4,1,1
3907,1714,4836,672,7,4,1,1
3908,1712,4757,76,3,6,1,1
3909,1719,4754,986,7,4,1,1
3910,1720,4714,544,7,4,1,1
3911,1721,181,558,7,4,2,1
3912,1722,1535,1040,7,4,2,1
3913,1725,682,1180,1,4,1,1
3914,1724,1178,290,7,3,1,1
3915,1723,1507,984,7,4,4,1
3916,1726,733,106,3,6,1,1
3917,1727,1745,518,7,4,1,1
3918,1728,393,229,7,4,2,1
3919,1729,1926,433,7,4,1,1
3920,1730,1434,40,3,6,1,1
3921,1735,419,317,7,4,1,1
3922,1734,4626,538,7,2,1,1
3923,1736,213,986,7,4,2,1
3924,1737,282,794,7,4,2,1
3925,1733,1929,70,3,6,1,1
3926,1732,4868,189,3,6,1,1
3927,1731,1606,199,3,6,1,1
3928,1739,1448,325,7,4,1,1
3929,1741,521,1068,7,2,1,1
3930,1740,699,402,8,2,1,1
3931,1738,1429,604,7,4,1,1
3932,1742,528,107,3,6,1,1
3933,1745,754,506,7,4,1,1
3934,1743,1150,398,7,4,2,1
3935,1744,5150,294,7,4,1,1
3936,1752,894,294,7,4,1,1
3937,1751,842,120,3,6,1,1
3938,1749,4559,945,6,1,1,1
3939,1748,1451,464,7,1,2,1
3940,1747,4928,683,7,1,1,1
3941,1746,1461,523,7,1,2,1
3942,1753,59,294,7,4,1,1
3943,1750,4999,314,7,4,1,1
3944,1755,571,363,7,2,1,1
3945,1754,1531,669,7,4,1,1
3946,1758,155,1127,7,4,1,1
3947,1756,300,294,7,4,1,1
3948,1757,1492,316,7,2,1,1
3949,1759,1399,941,7,4,1,1
3950,1763,4558,504,7,4,1,1
3951,1762,1064,918,7,4,1,1
3952,1761,1394,507,7,4,1,1
3953,1760,202,1068,7,3,1,1
3954,1766,4627,449,7,4,1,1
3955,1765,239,1110,6,1,1,1
3956,1767,1575,48,3,6,1,1
3957,1764,901,184,3,6,1,1
3958,1769,1649,683,8,2,1,1
3959,1768,223,683,7,4,1,1
3960,1773,290,779,7,4,1,1
3961,1772,1011,525,7,1,1,1
3962,1770,710,944,7,4,1,1
3963,1771,1690,201,3,6,1,1
3964,1775,1687,828,7,1,1,1
3965,1774,4545,1035,6,4,1,1
3966,1776,291,194,3,6,1,1
3967,1779,873,476,7,4,1,1
3968,1778,210,918,7,4,1,1
3969,1777,595,1099,7,3,1,1
3970,1785,1408,294,7,4,1,1
3971,1783,4832,683,7,4,1,1
3972,1781,1566,294,7,4,1,1
3973,1780,1708,833,7,4,1,1
3974,1782,4957,206,5,6,1,1
3975,1784,1230,294,7,4,1,1
3976,1788,1775,262,7,1,1,1
3977,1789,218,744,7,4,1,1
3978,1787,1754,683,7,4,1,1
3979,1786,5060,683,7,4,1,1
3980,1790,890,1040,7,4,1,1
3981,1791,4863,197,3,6,2,1
3982,1793,1223,744,7,4,1,1
3983,1794,1356,731,8,2,1,1
3984,1792,482,35,3,6,1,1
3985,1798,5140,294,7,4,1,1
3986,1795,348,375,7,4,1,1
3987,1797,844,192,3,2,1,1
3988,1796,1159,362,6,1,1,1
3989,1800,5049,294,7,4,1,1
3990,1799,422,294,7,4,1,1
3991,1802,4713,464,7,4,1,1
3992,1803,4557,236,7,4,1,1
3993,1805,121,1040,7,4,1,1
3994,1804,1547,574,7,1,1,1
3995,1806,629,1095,7,1,1,1
3996,1801,632,899,7,1,1,1
3997,1809,1620,896,7,1,1,1
3998,1816,1246,736,7,4,2,1
3999,1811,1443,1178,12,4,1,1
4000,1810,497,32,3,6,1,1
4001,1813,1066,200,3,6,1,1
4002,1815,4983,903,7,1,1,1
4003,1807,789,956,6,1,1,1
4004,1812,1518,442,7,4,2,1
4005,1814,1067,471,7,4,1,1
4006,1808,963,502,7,4,2,1
4007,1819,1074,252,7,1,1,1
4008,1818,918,1090,7,1,1,1
4009,1817,152,683,7,4,1,1
4010,1820,467,738,7,4,1,1
4011,1822,263,981,7,1,1,1
4012,1823,758,365,7,3,1,1
4013,1824,209,738,7,4,1,1
4014,1821,4976,294,7,4,1,1
4015,1829,1604,1176,12,4,1,1
4016,1828,1076,57,3,6,1,1
4017,1832,4887,1174,12,4,1,1
4018,1831,1642,1040,7,4,1,1
4019,1830,964,294,7,4,1,1
4020,1825,1416,1036,6,4,1,1
4021,1826,1864,294,7,4,1,1
4022,1827,862,503,7,4,2,1
4023,1839,4675,462,7,4,1,1
4024,1837,4612,441,7,4,1,1
4025,1838,1840,577,7,1,5,1
4026,1836,1020,391,7,4,1,1
4027,1834,4747,599,7,4,2,1
4028,1835,5076,683,8,2,1,1
4029,1833,461,926,7,4,1,1
4030,1840,4871,732,7,3,1,1
4031,1844,1584,218,5,4,2,1
4032,1842,673,56,3,2,1,1
4033,1841,785,642,7,4,1,1
4034,1843,277,229,7,4,1,1
4035,1851,4658,1086,7,4,1,1
4036,1845,1509,617,7,4,1,1
4037,1846,1525,236,7,4,1,1
4038,1848,4831,503,7,4,1,1
4039,1849,4944,854,7,4,1,1
4040,1850,4742,966,7,4,1,1
4041,1847,88,361,6,1,1,1
4042,1854,111,230,7,4,1,1
4043,1855,1402,1023,7,4,1,1
4044,1852,766,503,7,4,1,1
4045,1853,1625,229,7,4,1,1
4046,1860,170,553,7,4,1,1
4047,1859,5033,294,7,4,1,1
4048,1858,1657,1022,7,4,1,1
4049,1857,1589,604,7,4,1,1
4050,1856,631,898,7,1,2,1
4051,1862,1341,642,7,4,1,1
4052,1861,153,578,7,1,1,1
4053,1863,823,158,3,6,3,1
4054,1868,1833,106,3,6,1,1
4055,1865,4907,227,7,3,1,1
4056,1864,1357,604,7,4,1,1
4057,1866,1581,543,7,4,1,1
4058,1867,1827,1040,7,4,2,1
4059,1869,414,294,7,4,1,1
4060,1873,1879,1039,6,4,1,1
4061,1872,940,154,3,6,1,1
4062,1870,1307,461,7,4,1,1
4063,1871,118,307,7,4,1,1
4064,1879,1322,41,3,6,1,1
4065,1874,4816,529,7,4,1,1
4066,1875,1919,642,7,4,1,1
4067,1877,1077,892,7,4,1,1
4068,1876,489,374,7,4,1,1
4069,1880,401,476,7,4,1,1
4070,1881,1813,1018,7,4,1,1
4071,1882,4693,503,7,4,1,1
4072,1878,193,902,7,1,3,1
4073,1883,636,576,7,1,1,1
4074,1885,4765,604,7,4,1,1
4075,1886,1477,229,7,4,1,1
4076,1888,5107,1089,7,4,1,1
4077,1884,630,575,7,1,1,1
4078,1887,89,901,7,1,1,1
4079,1889,1157,1005,7,4,1,1
4080,1890,1908,1021,7,4,2,1
4081,1891,5043,806,7,4,1,1
4082,1895,1278,294,7,4,1,1
4083,1892,1836,1109,7,4,1,1
4084,1894,5157,800,7,4,2,1
4085,1893,5133,704,7,4,1,1
4086,1896,200,1012,7,4,1,1
4087,1897,1090,1128,7,4,2,1
4088,1898,16,294,7,4,1,1
4089,1899,897,924,7,4,1,1
4090,1901,1847,642,7,4,1,1
4091,1902,22,503,7,4,1,1
4092,1903,245,1084,7,4,1,1
4093,1905,1103,298,7,4,1,1
4094,1904,1664,106,3,6,1,1
4095,1900,635,900,7,1,1,1
4096,1906,824,294,7,4,1,1
4097,1907,1493,390,7,4,1,1
4098,1910,451,476,7,4,1,1
4099,1911,4624,236,7,4,1,1
4100,1909,526,247,7,4,1,1
4101,1908,1557,649,7,2,1,1
4102,1912,637,1091,7,1,1,1
4103,1913,4892,904,7,1,1,1
4104,1915,5063,503,7,4,1,1
4105,1923,1470,154,3,6,3,1
4106,1919,4568,1143,6,1,1,1
4107,1918,634,905,6,1,1,1
4108,1922,338,236,7,4,1,1
4109,1921,761,294,7,4,2,1
4110,1920,407,294,7,4,1,1
4111,1917,78,503,7,4,1,1
4112,1916,617,503,7,4,1,1
4113,1914,4647,897,7,1,1,1
4114,1926,4684,445,7,4,1,1
4115,1928,1116,984,7,4,2,1
4116,1924,55,229,7,4,1,1
4117,1925,17,569,7,4,1,1
4118,1929,661,1057,6,4,1,1
4119,1927,103,683,7,4,1,1
4120,1936,4723,294,7,4,1,1
4121,1935,4810,478,7,4,1,1
4122,1934,1869,604,7,4,1,1
4123,1932,1427,683,7,4,1,1
4124,1933,4704,868,8,2,2,1
4125,1931,633,1144,6,1,1,1
4126,1930,4879,207,3,6,1,1
4127,1941,1784,513,7,4,1,1
4128,1938,1729,1068,7,4,1,1
4129,1937,1114,1068,7,4,1,1
4130,1939,5085,183,3,6,2,1
4131,1940,261,106,3,6,1,1
4132,1942,1537,1003,7,4,1,1
4133,1943,1555,672,7,4,1,1
4134,1944,207,375,7,4,1,1
4135,1948,932,508,7,4,1,1
4136,1946,738,629,7,2,2,1
4137,1949,554,46,3,6,1,1
4138,1945,929,38,3,4,2,1
4139,1947,1453,391,7,4,1,1
4140,1951,552,25,3,6,1,1
4141,1952,1106,6,7,5,1,1
4142,1953,1495,294,7,4,1,1
4143,1950,1251,703,7,4,1,1
4144,1957,4883,294,7,4,1,1
4145,1956,937,166,3,6,1,1
4146,1955,689,141,3,6,1,1
4147,1954,1313,617,7,4,1,1
4148,1958,380,286,7,1,1,1
4149,1961,930,106,3,6,1,1
4150,1960,592,1005,7,4,2,1
4151,1959,4745,760,7,4,1,1
4152,1966,4703,503,7,4,1,1
4153,1967,1180,236,7,4,1,1
4154,1964,1542,943,7,5,2,1
4155,1968,178,294,7,4,1,1
4156,1962,1286,815,7,4,1,1
4157,1963,746,503,7,4,1,1
4158,1965,51,378,7,4,1,1
4159,1972,1728,780,7,1,2,1
4160,1970,30,20,3,6,1,1
4161,1971,339,827,7,1,1,1
4162,1969,1409,380,7,4,1,1
4163,1973,607,1164,7,4,1,1
4164,1975,1777,924,7,4,1,1
4165,1974,93,1037,6,4,1,1
4166,1977,506,970,7,1,1,1
4167,1976,1527,683,7,1,1,1
4168,1978,924,538,7,2,2,1
4169,1979,4574,813,7,4,2,1
4170,1980,4919,604,7,4,1,1
4171,1981,674,683,7,4,1,1
4172,1982,5132,294,7,4,1,1
4173,1983,4945,789,7,1,1,1
4174,1985,1462,604,7,1,1,1
4175,1984,1809,860,7,4,2,1
4176,1986,1526,294,7,4,1,1
4177,1987,1196,760,7,4,1,1
4178,1988,1277,294,7,4,1,1
4179,1990,1888,294,7,4,1,1
4180,1989,5155,159,3,6,1,1
4181,1991,654,278,6,1,1,1
4182,1992,1129,684,7,4,1,1
4183,1994,344,1125,7,1,1,1
4184,2002,501,1109,7,4,1,1
4185,1999,69,312,7,1,1,1
4186,2000,23,799,7,4,1,1
4187,1993,1158,531,7,4,1,1
4188,1995,518,229,7,4,1,1
4189,1996,4606,1125,7,4,1,1
4190,1997,230,490,7,4,1,1
4191,1998,1880,991,7,4,1,1
4192,2001,1699,808,7,4,1,1
4193,2003,437,1141,6,1,1,1
4194,2005,341,1102,7,1,2,1
4195,2007,771,738,7,4,1,1
4196,2004,4662,126,3,6,1,1
4197,2006,1254,736,7,4,1,1
4198,2010,5027,962,7,1,1,1
4199,2011,1384,293,7,4,1,1
4200,2009,1172,176,3,6,1,1
4201,2008,4758,853,7,4,1,1
4202,2012,514,290,7,3,1,1
4203,2016,1308,294,7,4,1,1
4204,2015,262,984,7,4,2,1
4205,2014,4766,484,7,4,1,1
4206,2013,4760,125,3,4,2,1
4207,2022,1032,739,7,4,2,1
4208,2023,4551,553,7,4,1,1
4209,2021,753,33,3,6,1,1
4210,2017,198,683,7,4,1,1
4211,2018,4951,1160,7,4,1,1
4212,2018,4952,1160,7,4,1,1
4213,2019,985,476,7,4,1,1
4214,2020,1681,1005,7,4,1,1
4215,2027,1498,1030,7,4,1,1
4216,2026,4623,476,7,4,1,1
4217,2025,1013,683,7,4,1,1
4218,2030,382,274,8,2,1,1
4219,2024,821,604,7,4,1,1
4220,2028,4833,470,7,4,1,1
4221,2029,1636,971,7,1,1,1
4222,2035,5057,503,7,4,2,1
4223,2031,1238,526,7,1,3,1
4224,2037,4805,791,7,5,3,1
4225,2034,313,893,7,1,1,1
4226,2033,484,1184,12,1,1,1
4227,2032,1491,345,7,5,1,1
4228,2036,5012,245,7,4,1,1
4229,2038,5013,294,7,4,1,1
4230,2048,1554,156,3,6,2,1
4231,2049,4938,515,7,1,1,1
4232,2039,4762,599,7,4,1,1
4233,2040,5073,349,7,4,1,1
4234,2041,915,912,7,4,2,1
4235,2042,1629,497,7,4,1,1
4236,2043,286,924,7,4,1,1
4237,2044,1361,814,7,4,1,1
4238,2045,4648,747,7,4,1,1
4239,2046,1252,229,7,4,1,1
4240,2047,5032,503,7,4,1,1
4241,2050,1312,294,7,4,1,1
4242,2055,475,973,7,1,1,1
4243,2053,249,924,7,4,1,1
4244,2056,1716,516,7,4,1,1
4245,2052,991,712,7,4,1,1
4246,2051,362,786,7,1,1,1
4247,2054,769,683,7,1,1,1
4248,2058,4912,521,7,4,1,1
4249,2059,304,294,7,4,1,1
4250,2057,887,524,7,1,2,1
4251,2061,432,641,7,4,1,1
4252,2062,4548,379,7,4,1,1
4253,2063,335,503,7,4,1,1
4254,2065,4771,308,7,4,1,1
4255,2064,490,1020,7,1,1,1
4256,2060,1149,660,7,5,1,1
4257,2067,1774,131,7,6,3,1
4258,2066,655,924,7,4,1,1
4259,2068,609,618,7,4,1,1
4260,2070,587,503,7,4,2,1
4261,2069,496,1019,7,4,1,1
4262,2073,1324,154,3,6,1,1
4263,2074,5029,1029,7,4,1,1
4264,2071,1354,1040,7,4,1,1
4265,2072,1651,1005,7,4,1,1
4266,2075,4821,663,7,4,1,1
4267,2076,298,375,7,4,1,1
4268,2079,1057,1040,7,4,1,1
4269,2077,755,1040,7,4,1,1
4270,2078,365,1005,7,4,1,1
4271,2080,42,1005,7,4,1,1
4272,2081,1890,1005,7,4,1,1
4273,2078,1783,246,7,3,1,1
4274,2082,1853,285,7,2,1,1
4275,2090,1197,229,7,4,1,1
4276,2086,4641,134,7,6,1,1
4277,2093,839,525,7,1,2,1
4278,2084,1377,683,7,4,1,1
4279,2085,45,604,7,4,1,1
4280,2087,1772,676,7,4,2,1
4281,2088,5046,503,7,4,1,1
4282,2089,137,535,7,4,1,1
4283,2083,1928,1034,7,4,1,1
4284,2091,882,756,7,4,1,1
4285,2092,5112,268,7,4,1,1
4286,2096,431,248,7,1,1,1
4287,2094,1325,564,7,4,1,1
4288,2097,5007,553,7,4,1,1
4289,2095,1534,642,7,1,1,1
4290,2099,4706,1061,6,3,1,1
4291,2098,5091,1068,7,2,1,1
4292,2100,1125,1081,7,4,1,1
4293,2106,695,294,7,4,1,1
4294,2103,5098,1005,7,4,1,1
4295,2106,696,294,7,1,1,1
4296,2105,1598,1068,7,1,1,1
4297,2102,1799,10,4,5,1,1
4298,2104,4777,736,7,4,1,1
4299,2101,5117,627,7,4,2,1
4300,2109,427,544,7,4,1,1
4301,2107,625,375,7,4,1,1
4302,2108,231,288,8,2,1,1
4303,2112,285,467,7,1,10,1
4304,2114,1628,996,7,1,1,1
4305,2113,297,1040,7,4,1,1
4306,2111,167,1040,7,4,1,1
4307,2110,5173,634,7,4,2,1
4308,2115,4922,683,7,4,1,1
4309,2116,4855,744,7,4,1,1
4310,2117,565,736,7,4,1,1
4311,2121,1903,1140,6,1,3,1
4312,2118,4594,279,7,4,1,1
4313,2120,906,294,7,4,1,1
4314,2119,4610,193,3,6,1,1
4315,2125,1591,1012,7,4,1,1
4316,2123,21,683,7,4,1,1
4317,2122,794,106,3,6,1,1
4318,2124,1770,683,7,4,1,1
4319,2132,269,294,7,4,2,1
4320,2126,1233,850,7,1,1,1
4321,2130,4541,604,7,4,1,1
4322,2127,1915,548,7,4,1,1
4323,2128,4900,561,7,4,1,1
4324,2133,803,536,7,4,1,1
4325,2129,295,95,3,6,1,1
4326,2135,1824,503,7,4,1,1
4327,2134,1079,673,7,1,1,1
4328,2131,1638,1005,7,4,1,1
4329,2136,993,41,3,6,1,1
4330,2137,4867,208,3,6,1,1
4331,2138,73,229,7,4,1,1
4332,2140,538,83,3,6,2,1
4333,2139,1047,503,7,4,1,1
4334,2148,1363,738,7,4,1,1
4335,2149,5092,151,3,6,1,1
4336,2147,1501,550,7,4,1,1
4337,2146,946,477,7,4,1,1
4338,2145,1742,460,7,4,1,1
4339,2144,1060,1068,7,4,1,1
4340,2143,1418,638,7,4,2,1
4341,2141,1323,672,7,4,2,1
4342,2142,420,1102,7,1,1,1
4343,2153,173,604,7,4,1,1
4344,2151,1780,1165,6,5,1,1
4345,2152,534,136,3,6,1,1
4346,2154,1320,588,7,4,1,1
4347,2150,1831,604,7,4,1,1
4348,2156,5181,288,8,2,1,1
4349,2155,1631,670,7,4,1,1
4350,2163,4877,738,7,4,1,1
4351,2160,1806,31,3,6,1,1
4352,2161,4650,41,3,6,1,1
4353,2165,1257,175,3,6,1,1
4354,2164,1332,536,7,4,1,1
4355,2157,886,272,8,2,1,1
4356,2162,1156,993,7,4,1,1
4357,2159,5078,1007,7,4,2,1
4358,2158,988,672,7,4,1,1
4359,2171,5130,294,7,4,1,1
4360,2172,77,294,7,4,1,1
4361,2173,1204,294,7,4,1,1
4362,2174,891,294,7,4,2,1
4363,2175,1056,984,7,4,1,1
4364,2176,1380,532,7,4,1,1
4365,2168,1704,364,8,2,1,1
4366,2166,513,782,7,1,1,1
4367,2167,493,621,7,4,1,1
4368,2169,1769,317,7,4,1,1
4369,2170,1761,1068,7,4,1,1
4370,2177,4725,683,7,4,1,1
4371,2178,61,392,7,2,1,1
4372,2184,5021,503,7,4,1,1
4373,2180,572,727,8,2,1,1
4374,2182,1190,205,3,6,1,1
4375,2179,1084,388,7,4,1,1
4376,2181,154,482,7,4,1,1
4377,2182,948,317,7,4,1,1
4378,2183,858,738,7,4,1,1
4379,2192,1366,977,7,5,4,1
4380,2190,1816,15,3,6,1,1
4381,2186,4740,642,7,4,1,1
4382,2187,1648,929,7,4,1,1
4383,2188,1266,475,7,4,1,1
4384,2189,4618,459,7,4,1,1
4385,2185,1838,225,7,1,3,1
4386,2191,612,169,3,6,1,1
4387,2195,325,778,7,1,1,1
4388,2194,333,682,7,1,2,1
4389,2193,1456,599,7,4,1,1
4390,2203,735,294,7,4,2,1
4391,2198,4654,1040,7,4,1,1
4392,2199,1319,466,7,1,1,1
4393,2201,60,760,7,4,1,1
4394,2197,316,683,7,4,1,1
4395,2202,961,69,3,6,1,1
4396,2200,46,99,3,6,1,1
4397,2196,1653,82,3,6,1,1
4398,2204,1782,1104,7,1,1,1
4399,2205,619,962,7,1,1,1
4400,2206,1352,506,7,4,1,1
4401,2207,620,642,7,4,1,1
4402,2208,564,829,7,4,1,1
4403,2209,4715,1053,7,2,2,1
4404,2213,5035,580,7,4,1,1
4405,2214,4980,236,7,4,1,1
4406,2210,319,790,7,1,1,1
4407,2215,893,1094,7,1,1,1
4408,2212,715,39,3,6,1,1
4409,2211,1601,111,3,6,2,1
4410,2225,835,1083,7,4,2,1
4411,2223,903,73,3,6,1,1
4412,2224,465,294,7,4,1,1
4413,2222,799,476,7,4,1,1
4414,2221,1123,229,7,4,1,1
4415,2219,4918,323,7,4,1,1
4416,2218,270,642,7,4,1,1
4417,2217,847,683,7,4,1,1
4418,2220,1737,765,8,2,1,1
4419,2216,4911,352,6,3,1,1
4420,2226,1710,738,7,4,1,1
4421,2227,827,196,3,6,1,1
4422,2228,50,484,7,4,1,1
4423,2229,4840,294,7,4,1,1
4424,2234,820,522,7,4,1,1
4425,2230,1438,918,7,4,1,1
4426,2231,4860,683,7,4,1,1
4427,2232,984,984,7,4,1,1
4428,2233,4859,317,7,4,1,1
4429,2235,1656,238,8,2,1,1
4430,2236,1215,640,7,4,1,1
4431,2237,288,1046,7,4,1,1
4432,2238,4672,294,7,4,1,1
4433,2239,4616,971,7,1,1,1
4434,2244,4973,738,7,4,2,1
4435,2241,1546,1135,6,1,1,1
4436,2240,5084,166,3,6,1,1
4437,2243,679,736,7,4,1,1
4438,2242,5045,1058,6,4,1,1
4439,2246,1217,672,7,1,2,1
4440,2245,1706,738,7,4,1,1
4441,2247,1801,642,7,4,1,1
4442,2248,1661,735,7,4,1,1
4443,2249,691,294,7,4,1,1
4444,2250,1867,294,7,4,1,1
4445,2252,597,714,7,4,1,1
4446,2251,1643,294,7,4,1,1
4447,2253,1483,317,7,4,1,1
4448,2255,4669,294,7,4,1,1
4449,2256,1568,294,7,4,1,1
4450,2257,783,294,7,4,1,1
4451,2259,778,294,7,4,1,1
4452,2258,5095,223,5,1,7,1
4453,2254,4899,486,7,1,1,1
4454,2260,5089,589,7,4,2,1
4455,2261,611,821,7,4,1,1
4456,2262,388,948,6,1,1,1
4457,2264,214,954,6,4,1,1
4458,2263,1719,922,7,4,1,1
4459,2267,5041,503,7,1,1,1
4460,2269,502,503,7,4,1,1
4461,2266,4958,229,7,4,1,1
4462,2265,1273,642,7,4,1,1
4463,2268,4796,187,3,6,1,1
4464,2274,4575,294,7,4,1,1
4465,2273,131,683,7,4,1,1
4466,2272,1586,604,7,4,1,1
4467,2270,4956,984,7,4,1,1
4468,2271,1582,683,8,2,1,1
4469,2275,531,553,7,1,2,1
4470,2277,4825,202,3,6,1,1
4471,2279,1788,1051,7,4,2,1
4472,2276,425,683,7,4,2,1
4473,2278,144,61,3,6,1,1
4474,2283,1407,294,7,4,1,1
4475,2282,722,672,7,4,1,1
4476,2281,1609,672,7,4,1,1
4477,2280,1339,683,7,4,1,1
4478,2286,623,294,7,4,1,1
4479,2285,416,753,7,4,2,1
4480,2284,874,229,7,4,1,1
4481,2287,747,525,7,1,1,1
4482,2293,4880,503,7,3,1,1
4483,2296,859,753,7,4,2,1
4484,2294,1856,453,7,4,1,1
4485,2292,340,503,7,4,1,1
4486,2291,4940,736,7,4,1,1
4487,2290,4724,642,7,4,1,1
4488,2289,4954,604,7,4,1,1
4489,2288,1237,736,7,4,2,1
4490,2295,355,180,3,6,1,1
4491,2300,1907,142,3,6,1,1
4492,2302,257,229,7,4,1,1
4493,2299,4768,678,7,4,1,1
4494,2298,1351,626,7,4,2,1
4495,2301,1479,1163,7,3,1,1
4496,2297,4971,26,3,6,1,1
4497,2303,148,285,8,2,1,1
4498,2305,510,638,7,1,2,1
4499,2304,4770,129,3,6,1,1
4500,2306,1792,642,7,4,1,1
4501,2308,4875,604,7,4,1,1
4502,2309,760,294,7,4,1,1
4503,2312,4807,311,7,1,1,1
4504,2313,684,1108,6,3,1,1
4505,2311,4646,83,3,6,1,1
4506,2310,1025,149,3,6,1,1
4507,2307,763,626,7,4,2,1
4508,2316,4785,154,3,6,2,1
4509,2317,808,105,3,6,1,1
4510,2319,1659,587,7,4,1,1
4511,2318,854,294,7,4,1,1
4512,2315,1381,642,7,4,1,1
4513,2314,1892,495,7,4,2,1
4514,2323,1558,135,3,6,2,1
4515,2326,330,1081,6,4,1,1
4516,2325,627,710,7,4,1,1
4517,2324,4756,930,7,4,1,1
4518,2321,4881,511,7,1,1,1
4519,2322,4573,640,7,4,1,1
4520,2327,31,347,7,3,1,1
4521,2320,608,822,7,4,1,1
4522,2328,4617,738,7,4,1,1
4523,2333,1269,1040,7,4,1,1
4524,2334,318,683,7,4,1,1
4525,2331,4687,444,8,2,1,1
4526,2329,387,548,7,4,1,1
4527,2330,5061,604,7,4,1,1
4528,2332,1567,642,7,4,1,1
4529,2337,539,604,7,1,1,1
4530,2339,1295,918,7,4,1,1
4531,2338,76,683,7,4,1,1
4532,2335,241,971,7,1,1,1
4533,2336,349,830,7,1,3,1
4534,2344,1805,984,7,4,2,1
4535,2342,468,1068,7,3,1,1
4536,2343,1343,295,7,4,1,1
4537,2340,1464,847,7,1,2,1
4538,2341,1162,1068,7,4,1,1
4539,2346,5068,683,7,4,1,1
4540,2356,180,1048,8,2,1,1
4541,2350,4819,40,3,6,1,1
4542,2345,865,520,7,4,1,1
4543,2351,809,672,7,1,2,1
4544,2347,1616,683,7,4,1,1
4545,2348,4761,924,7,4,1,1
4546,2349,530,747,7,4,1,1
4547,2352,1334,294,7,4,1,1
4548,2353,522,738,7,4,1,1
4549,2354,424,738,7,4,1,1
4550,2355,978,738,7,4,1,1
4551,2362,1421,738,7,4,1,1
4552,2358,5147,890,7,1,1,1
4553,2361,1820,1082,7,1,1,1
4554,2357,1790,604,7,4,1,1
4555,2359,4582,460,7,4,1,1
4556,2360,1206,503,7,4,1,1
4557,2365,1559,375,7,4,1,1
4558,2364,1,874,7,4,1,1
4559,2363,1884,525,7,1,2,1
4560,2368,1654,738,7,4,1,1
4561,2366,5128,79,3,6,2,1
4562,2369,447,181,3,6,1,1
4563,2367,1264,353,6,1,1,1
4564,2371,1391,211,5,1,1,1
4565,2370,541,294,7,4,1,1
4566,2372,855,53,3,2,1,1
4567,2374,1766,1149,7,4,1,1
4568,2373,389,845,7,3,1,1
4569,2375,1684,460,7,4,1,1
4570,2379,1901,294,7,4,1,1
4571,2376,1877,1102,7,4,1,1
4572,2378,643,548,7,4,1,1
4573,2380,706,1115,7,1,6,1
4574,2377,1350,294,7,4,1,1
4575,2381,4974,683,7,4,1,1
4576,2383,1070,294,7,4,1,1
4577,2384,251,536,7,4,1,1
4578,2382,28,456,8,2,1,1
4579,2385,36,432,7,4,1,1
4580,2386,1472,317,7,4,1,1
4581,2387,1042,236,7,4,1,1
4582,2388,4852,1040,7,4,2,1
4583,2389,1634,294,7,4,1,1
4584,2390,1759,738,7,4,1,1
4585,2391,5099,1075,7,4,2,1
4586,2392,807,604,7,4,1,1
4587,2394,711,443,8,2,1,1
4588,2393,586,294,7,4,1,1
4589,2397,945,476,7,4,2,1
4590,2395,1379,989,7,4,1,1
4591,2398,1722,933,7,4,1,1
4592,2396,593,320,7,3,1,1
4593,2400,5030,294,7,4,1,1
4594,2401,1870,294,7,4,1,1
4595,2399,4585,240,7,4,1,1
4596,2405,1850,294,7,4,2,1
4597,2402,5052,179,3,6,1,1
4598,2404,27,1040,7,4,1,1
4599,2403,199,683,7,4,1,1
4600,2407,5067,371,7,4,1,1
4601,2408,4857,317,7,4,1,1
4602,2409,596,927,7,4,1,1
4603,2410,1669,604,7,4,1,1
4604,2412,1802,503,7,4,1,1
4605,2414,4699,1040,7,4,1,1
4606,2411,1026,60,3,6,1,1
4607,2413,1027,106,3,6,2,1
4608,2406,4620,683,7,1,1,1
4609,2417,645,1080,8,2,1,1
4610,2418,139,642,8,2,3,1
4611,2420,1136,683,8,2,1,1
4612,2419,646,683,7,4,1,1
4613,2415,1549,375,8,2,1,1
4614,2416,1445,1063,6,4,1,1
4615,2421,4692,294,7,4,1,1
4616,2424,1213,1040,7,4,1,1
4617,2426,546,548,7,4,1,1
4618,2427,4643,229,7,4,1,1
4619,2425,1520,61,3,6,2,1
4620,2422,5141,869,7,4,2,1
4621,2423,120,604,7,4,1,1
4622,2432,765,738,7,4,1,1
4623,2433,1826,984,7,4,2,1
4624,2430,4808,503,7,4,1,1
4625,2428,540,715,7,1,1,1
4626,2431,4809,294,7,4,1,1
4627,2429,527,971,7,1,1,1
4628,2434,62,536,7,4,1,1
4629,2436,1367,683,7,4,1,1
4630,2437,4988,294,7,4,2,1
4631,2438,1570,1088,7,4,1,1
4632,2440,1544,788,7,4,1,1
4633,2435,435,67,3,6,1,1
4634,2439,928,61,3,6,1,1
4635,2443,779,1040,7,4,1,1
4636,2445,370,1121,7,1,1,1
4637,2444,504,61,3,6,1,1
4638,2446,225,61,3,6,1,1
4639,2441,1220,437,7,4,1,1
4640,2442,1731,437,7,4,1,1
4641,2450,537,116,3,6,1,1
4642,2447,13,436,7,4,1,1
4643,2449,5070,375,7,4,1,1
4644,2451,736,1040,7,4,1,1
4645,2448,29,604,7,1,1,1
4646,2453,1095,137,3,6,1,1
4647,2454,1247,27,3,6,1,1
4648,2452,4602,738,7,4,1,1
4649,2455,220,503,7,4,1,1
4650,2456,703,1179,2,4,1,1
4651,2461,4920,1068,7,2,2,1
4652,2460,1796,597,7,4,1,1
4653,2457,4965,747,7,4,1,1
4654,2459,1494,614,7,4,1,1
4655,2462,4783,747,7,4,1,1
4656,2464,1640,476,7,4,1,1
4657,2458,235,212,14,5,1,1
4658,2465,999,738,7,4,1,1
4659,2463,369,503,7,4,1,1
4660,2476,776,1167,10,1,1,1
4661,2468,1267,587,7,4,1,1
4662,2474,1914,1077,7,5,1,1
4663,2466,4696,532,7,4,1,1
4664,2471,1825,784,7,1,3,1
4665,2475,43,962,7,1,1,1
4666,2473,1117,1168,10,1,1,1
4667,2478,4968,971,7,1,1,1
4668,2479,4625,1167,10,1,1,1
4669,2477,1299,1167,10,1,1,1
4670,2469,197,229,7,4,1,1
4671,2470,1309,239,7,4,1,1
4672,2472,5103,924,7,4,1,1
4673,2480,1098,166,3,6,1,1
4674,2467,5156,548,7,4,2,1
4675,2482,4935,24,3,6,1,1
4676,2483,1302,488,7,4,1,1
4677,2481,4890,924,7,5,1,1
4678,2487,1673,683,7,4,1,1
4679,2490,1063,596,8,2,1,1
4680,2488,1138,517,7,4,1,1
4681,2485,48,895,7,4,1,1
4682,2484,1383,389,7,4,1,1
4683,2491,5008,294,7,4,1,1
4684,2489,1734,1068,7,1,1,1
4685,2486,659,937,7,4,1,1
4686,2492,66,683,7,4,1,1
4687,2493,1054,893,7,4,1,1
4688,2495,4847,546,7,1,2,1
4689,2494,1630,476,7,4,1,1
4690,2497,4943,924,7,4,1,1
4691,2499,1250,236,7,4,1,1
4692,2496,1175,34,3,6,1,1
4693,2502,252,1084,7,4,1,1
4694,2501,1253,753,7,4,1,1
4695,2500,386,294,7,4,1,1
4696,2498,1855,307,7,4,1,1
4697,2507,857,294,7,4,1,1
4698,2505,47,61,3,6,1,1
4699,2504,4726,68,3,6,1,1
4700,2506,1603,154,3,4,3,1
4701,2503,780,617,7,3,1,1
4702,2508,4716,918,7,5,1,1
4703,2509,986,937,7,4,2,1
4704,2510,4728,755,7,4,1,1
4705,2511,813,733,7,3,1,1
4706,2516,4913,1139,6,1,1,1
4707,2515,52,1060,7,2,2,1
4708,2513,1641,683,7,4,1,1
4709,2512,1034,81,3,4,1,1
4710,2514,1502,937,7,4,1,1
4711,2517,583,683,7,3,1,1
4712,2519,372,1074,8,2,1,1
4713,2518,1436,1112,7,1,1,1
4714,2520,1140,971,7,1,1,1
4715,2523,1432,720,8,2,1,1
4716,2522,1300,106,3,1,1,1
4717,2521,233,294,7,4,1,1
4718,2531,1711,174,3,6,1,1
4719,2526,1578,683,7,4,1,1
4720,2527,337,702,7,4,1,1
4721,2528,1846,317,7,4,1,1
4722,2529,861,317,7,4,1,1
4723,2530,1587,509,7,4,1,1
4724,2525,1822,683,7,4,1,1
4725,2524,1396,627,7,4,2,1
4726,2534,1757,430,7,4,1,1
4727,2533,1900,937,7,4,1,1
4728,2535,1050,384,7,4,1,1
4729,2536,4933,294,7,4,1,1
4730,2538,392,155,3,6,1,1
4731,2537,138,155,3,6,2,1
4732,2532,302,284,6,1,1,1
4733,2540,462,604,7,1,1,1
4734,2541,1497,690,7,4,1,1
4735,2543,1906,935,7,4,1,1
4736,2544,1858,229,7,4,1,1
4737,2539,301,19,3,6,1,1
4738,2542,582,1068,7,5,1,1
4739,2547,1773,294,7,4,1,1
4740,2546,5176,616,7,4,1,1
4741,2545,1101,1040,7,4,2,1
4742,2555,266,302,7,4,2,1
4743,2550,4861,236,7,4,1,1
4744,2554,1608,259,7,4,2,1
4745,2553,704,1068,7,1,1,1
4746,2548,4994,499,9,1,1,1
4747,2549,346,1002,7,4,1,1
4748,2552,4802,294,7,4,1,1
4749,2551,1083,161,3,6,1,1
4750,2560,373,734,7,3,1,1
4751,2557,535,457,8,2,1,1
4752,2559,1446,738,7,4,1,1
4753,2556,1845,453,7,4,1,1
4754,2558,191,288,8,2,1,1
4755,2568,185,1040,7,4,1,1
4756,2567,4878,222,14,4,1,1
4757,2566,418,505,7,4,1,1
4758,2564,1467,341,7,4,1,1
4759,2563,164,1040,7,4,1,1
4760,2565,439,258,9,1,1,1
4761,2561,507,1169,13,4,1,1
4762,2562,4993,1005,7,4,1,1
4763,2570,1410,294,7,4,2,1
4764,2569,1016,683,7,4,1,1
4765,2571,1186,1078,7,1,1,1
4766,2574,1563,683,8,2,1,1
4767,2577,5106,1010,7,5,2,1
4768,2578,1043,1068,7,5,1,1
4769,2576,1882,228,7,3,1,1
4770,2579,1579,453,7,4,1,1
4771,2575,1564,683,8,2,1,1
4772,2573,1830,1100,7,1,1,1
4773,2572,1390,648,7,4,1,1
4774,2581,1610,683,7,3,1,1
4775,2583,83,582,7,1,1,1
4776,2584,1723,540,7,4,1,1
4777,2580,759,265,7,4,1,1
4778,2582,1910,123,3,6,2,1
4779,2589,819,716,7,4,2,1
4780,2588,5167,236,7,4,1,1
4781,2587,529,683,7,4,1,1
4782,2586,4905,600,7,4,1,1
4783,2585,825,683,7,4,1,1
4784,2590,562,61,3,6,1,1
4785,2591,470,683,7,4,1,1
4786,2594,1736,290,7,3,1,1
4787,2592,622,936,7,1,1,1
4788,2593,1310,1005,7,4,1,1
4789,2595,1832,675,7,4,2,1
4790,2596,405,494,7,1,1,1
4791,2601,4763,18,3,6,1,1
4792,2597,912,438,7,4,1,1
4793,2598,157,236,7,4,1,1
4794,2599,4651,1040,7,4,1,1
4795,2600,591,509,7,4,1,1
4796,2603,1804,177,3,6,1,1
4797,2602,236,1118,7,1,4,1
4798,2606,1385,1087,7,4,1,1
4799,2605,284,506,7,4,1,1
4800,2604,499,506,7,4,1,1
4801,2607,32,501,7,1,1,1
4802,2610,1868,29,3,6,1,1
4803,2611,834,937,7,4,1,1
4804,2608,566,749,7,4,1,1
4805,2609,1048,503,7,3,2,1
4806,2612,1590,1065,7,4,1,1
4807,2613,1665,253,9,1,1,1
4808,2614,1789,548,7,4,1,1
4809,2617,478,642,7,5,1,1
4810,2615,895,503,7,4,1,1
4811,2618,374,506,7,4,1,1
4812,2616,37,515,7,1,1,1
4813,2619,119,387,7,4,1,1
4814,2620,5161,1101,7,4,2,1
4815,2621,752,376,7,4,1,1
4816,2622,1221,881,7,1,1,1
4817,2623,4963,348,7,1,1,1
4818,2625,4797,642,7,4,1,1
4819,2626,4803,367,7,4,1,1
4820,2629,563,892,7,4,1,1
4821,2630,829,705,7,4,1,1
4822,2632,1271,294,7,4,1,1
4823,2633,604,446,7,4,1,1
4824,2634,5047,965,7,4,1,1
4825,2627,1902,987,7,4,2,1
4826,2624,5116,1148,6,1,3,1
4827,2628,982,930,7,1,1,1
4828,2631,367,1009,7,1,1,1
4829,2635,814,775,7,4,1,1
4830,2642,4734,434,7,4,1,1
4831,2637,4931,683,7,1,1,1
4832,2640,1670,171,3,6,1,1
4833,2641,1475,314,7,4,1,1
4834,2638,158,893,7,4,1,1
4835,2636,1519,939,7,4,2,1
4836,2639,624,240,7,1,1,1
4837,2651,1613,1040,7,4,1,1
4838,2645,4579,61,3,6,2,1
4839,2647,1632,683,7,1,1,1
4840,2656,4834,294,7,4,1,1
4841,2655,456,509,7,4,1,1
4842,2654,1330,294,7,4,1,1
4843,2654,1329,294,7,4,1,1
4844,2653,1212,1109,7,4,1,1
4845,2650,4738,642,7,4,1,1
4846,2646,589,886,8,2,1,1
4847,2652,570,773,8,2,1,1
4848,2649,1345,1040,7,4,2,1
4849,2648,580,1040,7,4,1,1
4850,2644,965,617,7,4,1,1
4851,2643,1541,683,7,4,1,1
4852,2659,889,317,7,4,1,1
4853,2664,4996,23,3,6,1,1
4854,2657,1712,925,8,2,1,1
4855,2662,1417,532,7,4,1,1
4856,2661,1170,503,7,4,1,1
4857,2660,708,1054,7,5,1,1
4858,2663,1349,544,7,1,1,1
4859,2658,5036,924,7,4,1,1
4860,2667,126,506,7,4,1,1
4861,2666,902,229,7,4,1,1
4862,2665,1612,1186,2,4,1,1
4863,2669,268,503,7,4,1,1
4864,2668,651,938,7,4,2,1
4865,2670,688,745,7,4,1,1
4866,2671,1331,1005,7,4,1,1
4867,2672,922,506,7,4,1,1
4868,2681,1720,1040,7,4,1,1
4869,2682,4735,176,3,6,1,1
4870,2679,4590,61,3,6,1,1
4871,2675,97,140,3,6,1,1
4872,2673,4982,889,7,5,1,1
4873,2678,713,642,7,5,1,1
4874,2677,1126,672,7,1,1,1
4875,2674,4601,931,7,4,1,1
4876,2676,5042,591,7,4,1,1
4877,2680,1163,736,7,4,1,1
4878,2687,4839,818,7,4,1,1
4879,2686,1545,545,7,5,8,1
4880,2684,503,914,7,1,1,1
4881,2688,1200,476,7,4,1,1
4882,2683,84,893,7,1,1,1
4883,2685,1917,642,7,4,1,1
4884,2694,4902,16,3,6,1,1
4885,2689,1414,536,7,4,1,1
4886,2690,379,381,7,4,1,1
4887,2691,975,1190,12,4,1,1
4888,2692,866,317,7,4,1,1
4889,2693,1134,1098,6,4,1,1
4890,2695,670,294,7,4,1,1
4891,2696,124,1075,7,4,1,1
4892,2697,177,294,7,4,1,1
4893,2703,1387,533,7,4,3,1
4894,2702,271,1076,7,1,2,1
4895,2698,1187,937,7,4,1,1
4896,2699,660,567,7,4,1,1
4897,2700,599,533,7,4,1,1
4898,2704,1346,294,7,4,1,1
4899,2701,1268,273,8,2,1,1
4900,2715,5086,294,7,4,1,1
4901,2706,1258,222,14,4,1,1
4902,2707,1373,918,7,4,1,1
4903,2709,979,674,7,4,1,1
4904,2712,773,506,7,4,1,1
4905,2714,750,294,7,4,1,1
4906,2716,1358,984,7,4,1,1
4907,2705,26,294,7,4,1,1
4908,2710,5186,209,3,2,1,1
4909,2711,548,454,7,3,1,1
4910,2708,1732,930,8,2,1,1
4911,2713,110,526,7,1,1,1
4912,2717,4850,642,7,4,1,1
4913,2723,1017,541,7,4,2,1
4914,2724,347,506,7,4,1,1
4915,2719,1865,229,7,4,1,1
4916,2722,100,506,7,4,1,1
4917,2721,1543,683,7,4,1,1
4918,2720,867,476,7,4,1,1
4919,2718,454,924,7,4,1,1
4920,2725,767,893,7,4,1,1
4921,2726,135,382,7,4,1,1
4922,2729,166,887,7,4,2,1
4923,2730,4614,506,7,4,1,1
4924,2728,840,340,8,2,1,1
4925,2727,5139,383,7,3,1,1
4926,2732,973,80,3,6,1,1
4927,2731,663,683,7,4,1,1
4928,2733,449,547,7,1,1,1
4929,2742,5104,154,3,6,1,1
4930,2740,4870,173,3,6,1,1
4931,2734,908,42,3,6,1,1
4932,2735,868,271,7,4,1,1
4933,2736,5031,587,7,4,1,1
4934,2737,1765,683,7,4,2,1
4935,2738,5143,481,7,4,1,1
4936,2739,1059,229,7,4,1,1
4937,2741,1199,1040,7,4,1,1
4938,2744,182,971,7,1,1,1
4939,2743,1536,1040,7,4,1,1
4940,2746,208,503,7,4,1,1
4941,2745,1538,375,7,4,1,1
4942,2747,4849,500,8,2,1,1
4943,2751,1372,476,7,4,1,1
4944,2748,1297,642,7,2,1,1
4945,2750,192,476,7,4,1,1
4946,2749,1787,911,7,5,5,1
4947,2752,4932,1081,7,4,1,1
4948,2754,974,642,7,1,3,1
4949,2755,390,486,7,1,1,1
4950,2757,598,757,7,4,2,1
4951,2753,4674,915,7,4,1,1
4952,2756,1691,288,8,2,1,1
4953,2762,4949,294,7,4,1,1
4954,2761,856,1092,7,4,1,1
4955,2760,492,932,7,4,1,1
4956,2763,584,1040,7,4,1,1
4957,2759,98,916,7,4,1,1
4958,2758,417,506,7,4,1,1
4959,2764,953,532,7,4,2,1
4960,2768,1849,61,3,6,1,1
4961,2766,2,744,7,4,1,1
4962,2767,433,971,7,1,1,1
4963,2769,1104,154,3,6,1,1
4964,2765,5087,683,7,4,1,1
4965,2779,5129,108,3,6,1,1
4966,2776,4563,219,14,5,2,1
4967,2774,4743,937,7,4,1,1
4968,2771,1675,683,7,4,1,1
4969,2770,404,154,3,6,1,1
4970,2775,1021,29,3,6,1,1
4971,2777,4534,154,3,6,2,1
4972,2778,864,166,3,6,1,1
4973,2772,5023,385,7,4,1,1
4974,2773,86,1011,7,4,1,1
4975,2785,5072,166,3,6,1,1
4976,2784,4720,61,3,6,1,1
4977,2783,1014,98,3,6,1,1
4978,2782,5026,683,7,4,2,1
4979,2780,1036,683,7,4,2,1
4980,2781,10,592,7,4,1,1
4981,2786,4719,552,7,4,1,1
4982,2792,4921,962,7,1,1,1
4983,2787,4598,519,7,4,1,1
4984,2788,1075,476,7,4,1,1
4985,2789,665,1068,7,4,1,1
4986,2790,1328,506,7,4,1,1
4987,2791,5062,294,7,4,1,1
4988,2796,299,164,3,6,3,1
4989,2797,904,14,7,6,1,1
4990,2794,63,683,7,5,1,1
4991,2793,5145,294,7,4,1,1
4992,2795,4791,394,7,4,2,1
4993,2798,1607,458,7,4,1,1
4994,2799,95,294,7,4,1,1
4995,2804,4657,924,7,4,1,1
4996,2808,751,107,3,6,1,1
4997,2800,256,1145,6,1,5,1
4998,2802,1301,485,7,4,1,1
4999,2801,1189,857,7,3,1,1
5000,2803,1188,1124,7,4,1,1
5001,2807,1037,294,7,4,1,1
5002,2806,68,568,7,4,1,1
5003,2805,818,544,7,4,4,1
5004,2811,4897,183,3,6,2,1
5005,2810,413,971,7,1,1,1
5006,2812,1482,1137,6,1,1,1
5007,2814,4532,506,7,4,1,1
5008,2813,491,506,7,4,1,1
5009,2809,1615,691,7,4,1,1
5010,2820,1692,593,7,4,1,1
5011,2823,4591,294,7,4,1,1
5012,2822,1249,242,8,2,1,1
5013,2815,9,717,7,4,1,1
5014,2816,721,394,7,4,2,1
5015,2817,4950,375,7,4,1,1
5016,2818,1392,377,9,4,1,1
5017,2819,1255,984,7,4,1,1
5018,2821,4736,1040,7,4,1,1
5019,2825,1389,934,7,4,1,1
5020,2830,1100,294,7,4,2,1
5021,2829,406,506,7,4,1,1
5022,2828,1142,958,7,4,1,1
5023,2827,770,912,7,4,2,1
5024,2824,892,139,3,6,1,1
5025,2826,1560,918,7,4,1,1
5026,2831,650,386,7,4,1,1
5027,2834,4929,80,3,4,2,1
5028,2835,1382,506,7,4,1,1
5029,2833,4665,876,7,4,1,1
5030,2832,5005,549,7,4,1,1
5031,2844,186,984,7,4,4,1
5032,2840,1821,1056,7,4,2,1
5033,2842,1088,1123,7,5,1,1
5034,2841,205,138,3,6,1,1
5035,2843,329,51,3,6,1,1
5036,2839,472,920,7,1,1,1
5037,2836,106,747,7,4,2,1
5038,2837,639,928,7,4,1,1
5039,2838,4998,229,7,4,1,1
5040,2853,1504,294,7,4,1,1
5041,2852,1898,236,7,4,1,1
5042,2849,5083,758,7,4,2,1
5043,2848,4607,924,7,4,1,1
5044,2847,756,672,7,4,2,1
5045,2846,4663,686,7,4,1,1
5046,2845,1108,525,7,4,1,1
5047,2851,443,87,3,6,1,1
5048,2850,826,90,3,6,1,1
5049,2854,174,965,7,1,1,1
5050,2859,671,460,7,4,1,1
5051,2860,498,294,7,4,2,1
5052,2858,653,492,7,1,1,1
5053,2855,4827,831,7,1,1,1
5054,2861,1730,533,7,4,1,1
5055,2856,4688,396,7,4,1,1
5056,2857,1876,373,7,4,1,1
5057,2862,1030,683,7,1,1,1
5058,2864,4989,1156,7,5,2,1
5059,2867,5051,736,7,4,1,1
5060,2863,64,229,7,4,1,1
5061,2865,1881,107,3,6,1,1
5062,2866,4782,978,7,5,1,1
5063,2870,1819,805,7,4,3,1
5064,2868,4633,782,7,1,2,1
5065,2871,1909,971,7,4,1,1
5066,2872,1256,683,7,4,1,1
5067,2873,4894,236,7,4,1,1
5068,2874,4554,476,7,4,1,1
5069,2869,1105,826,7,4,1,1
5070,2879,994,979,7,1,1,1
5071,2876,1174,617,7,1,1,1
5072,2875,53,526,7,1,1,1
5073,2876,1173,617,7,4,1,1
5074,2877,1781,683,7,4,1,1
5075,2878,828,294,7,4,1,1
5076,2880,5081,473,7,4,1,1
5077,2881,1891,294,7,4,1,1
5078,2882,4694,294,7,4,1,1
5079,2883,99,506,7,4,2,1
5080,2884,1239,506,7,4,1,1
5081,2887,1803,1031,7,4,2,1
5082,2885,1270,440,7,1,1,1
5083,2888,4578,455,7,1,1,1
5084,2892,4664,294,7,4,1,1
5085,2890,4570,909,7,4,1,1
5086,2889,292,41,3,6,1,1
5087,2891,1481,152,3,6,1,1
5088,2886,160,466,7,4,1,1
5089,2897,1923,984,7,4,1,1
5090,2898,1762,1134,6,1,1,1
5091,2893,1073,980,7,1,1,1
5092,2894,1529,294,7,4,1,1
5093,2895,1776,544,7,4,2,1
5094,2896,253,964,7,4,2,1
5095,2899,1763,241,7,5,2,1
5096,2900,879,587,7,4,1,1
5097,2902,4781,965,7,4,1,1
5098,2901,896,176,3,6,1,1
5099,2903,5180,259,7,4,1,1
5100,2904,515,294,7,4,2,1
5101,2905,296,1068,7,4,1,1
5102,2908,880,587,7,4,1,1
5103,2910,4686,294,7,4,2,1
5104,2906,4661,971,7,1,1,1
5105,2907,1086,106,3,6,1,1
5106,2911,322,24,3,6,1,1
5107,2909,1540,1136,6,1,1,1
5108,2920,1593,1068,8,2,1,1
5109,2919,1592,294,7,4,1,1
5110,2912,4632,1005,7,4,1,1
5111,2913,1225,393,7,4,2,1
5112,2914,1378,917,7,4,1,1
5113,2915,4845,318,7,4,1,1
5114,2917,1848,975,7,4,1,1
5115,2918,163,294,7,4,1,1
5116,2916,934,162,3,6,1,1
5117,2922,793,1040,7,4,1,1
5118,2923,4678,294,7,4,1,1
5119,2921,162,375,7,3,1,1
5120,2926,543,395,7,4,1,1
5121,2927,1597,613,7,4,1,1
5122,2931,4533,319,7,4,1,1
5123,2932,1596,503,7,4,1,1
5124,2930,1293,124,7,6,1,1
5125,2925,5079,65,3,6,1,1
5126,2924,310,648,7,3,1,1
5127,2929,545,17,3,6,1,1
5128,2928,1243,204,3,6,1,1
5129,2935,265,483,7,1,1,1
5130,2938,5014,1155,8,2,1,1
5131,2934,308,1005,7,5,1,1
5132,2942,1740,533,7,4,1,1
5133,2941,4722,506,7,4,1,1
5134,2937,1695,1040,7,4,1,1
5135,2940,717,154,3,6,1,1
5136,2939,4676,1113,7,1,1,1
5137,2933,311,683,7,4,1,1
5138,2936,306,498,7,4,1,1
5139,2946,1292,1194,11,5,1,1
5140,2945,544,1131,8,2,1,1
5141,2943,5113,728,7,1,1,1
5142,2947,1440,515,7,1,1,1
5143,2949,114,106,3,6,1,1
5144,2948,919,1038,6,4,1,1
5145,2950,4677,536,7,4,1,1
5146,2944,1594,671,7,5,1,1
5147,2953,1726,730,8,2,1,1
5148,2956,1439,106,3,6,1,1
5149,2952,312,217,5,1,2,1
5150,2957,1000,506,7,4,1,1
5151,2955,792,503,7,4,1,1
5152,2951,681,97,3,6,1,1
5153,2954,4984,294,7,4,1,1
5154,2959,1001,663,7,1,1,1
5155,2958,4569,1101,7,1,1,1
5156,2963,242,1040,7,4,1,1
5157,2962,6,491,7,4,1,1
5158,2960,1218,683,7,4,1,1
5159,2961,1318,50,3,6,1,1
5160,2968,980,506,7,4,1,1
5161,2967,4896,178,3,6,1,1
5162,2966,990,106,3,6,1,1
5163,2965,1285,573,7,4,1,1
5164,2964,1807,1146,7,1,1,1
5165,2970,719,1005,7,4,1,1
5166,2972,1003,52,3,6,1,1
5167,2969,4731,683,7,4,1,1
5168,2971,4732,998,7,4,1,1
5169,2973,1245,1044,7,4,1,1
5170,2975,1002,1001,7,1,1,1
5171,2980,307,962,7,1,1,1
5172,2977,1311,457,8,2,1,1
5173,2979,4985,317,7,4,1,1
5174,2978,1160,1040,7,4,1,1
5175,2976,309,375,7,4,1,1
5176,2974,718,617,7,4,1,1
5177,2986,4733,476,7,4,1,1
5178,2985,1082,236,7,4,1,1
5179,2984,1595,294,7,4,1,1
5180,2983,791,503,7,4,1,1
5181,2982,7,1005,7,4,1,1
5182,2981,680,754,7,4,1,1
5183,2987,4730,1161,7,4,1,1
5184,2988,790,1109,7,4,2,1
5185,2989,1244,305,7,4,1,1
5186,2990,305,789,7,1,1,1
5187,2993,1741,1008,7,4,1,1
5188,2991,1004,811,7,4,1,1
5189,2992,1694,605,7,4,1,1
5190,2994,5114,506,7,4,1,1
5191,2995,5101,176,3,6,1,1
