sk_tempo;data;hora;ano;mes;dia;fim_de_semana;data_acidente;dia_semana
1;2014-02-24;;2014;2;24;Não;2014-02-24;Segunda-feira
2;2014-02-28;;2014;2;28;Não;2014-02-28;Sexta-feira
3;2014-03-01;;2014;3;1;Sim;2014-03-01;Sábado
4;2014-03-02;;2014;3;2;Sim;2014-03-02;Domingo
5;2014-03-03;;2014;3;3;Não;2014-03-03;Segunda-feira
6;2014-03-04;;2014;3;4;Não;2014-03-04;Terça-feira
7;2014-03-05;;2014;3;5;Não;2014-03-05;Quarta-feira
8;2014-03-06;;2014;3;6;Não;2014-03-06;Quinta-feira
9;2014-03-07;;2014;3;7;Não;2014-03-07;Sexta-feira
10;2014-03-09;;2014;3;9;Sim;2014-03-09;Domingo
11;2014-03-10;;2014;3;10;Não;2014-03-10;Segunda-feira
12;2014-03-11;;2014;3;11;Não;2014-03-11;Terça-feira
13;2014-03-12;;2014;3;12;Não;2014-03-12;Quarta-feira
14;2014-03-13;;2014;3;13;Não;2014-03-13;Quinta-feira
15;2014-03-14;;2014;3;14;Não;2014-03-14;Sexta-feira
16;2014-03-15;;2014;3;15;Sim;2014-03-15;Sábado
17;2014-03-16;;2014;3;16;Sim;2014-03-16;Domingo
18;2014-03-17;;2014;3;17;Não;2014-03-17;Segunda-feira
19;2014-03-18;;2014;3;18;Não;2014-03-18;Terça-feira
20;2014-03-19;;2014;3;19;Não;2014-03-19;Quarta-feira
21;2014-03-20;;2014;3;20;Não;2014-03-20;Quinta-feira
22;2014-03-21;;2014;3;21;Não;2014-03-21;Sexta-feira
23;2014-03-22;;2014;3;22;Sim;2014-03-22;Sábado
24;2014-03-23;;2014;3;23;Sim;2014-03-23;Domingo
25;2014-03-25;;2014;3;25;Não;2014-03-25;Terça-feira
26;2014-03-26;;2014;3;26;Não;2014-03-26;Quarta-feira
27;2014-03-28;;2014;3;28;Não;2014-03-28;Sexta-feira
28;2014-03-29;;2014;3;29;Sim;2014-03-29;Sábado
29;2014-03-30;;2014;3;30;Sim;2014-03-30;Domingo
30;2014-03-31;;2014;3;31;Não;2014-03-31;Segunda-feira
31;2014-04-01;;2014;4;1;Não;2014-04-01;Terça-feira
32;2014-04-02;;2014;4;2;Não;2014-04-02;Quarta-feira
33;2014-04-03;;2014;4;3;Não;2014-04-03;Quinta-feira
34;2014-04-04;;2014;4;4;Não;2014-04-04;Sexta-feira
35;2014-04-05;;2014;4;5;Sim;2014-04-05;Sábado
36;2014-04-06;;2014;4;6;Sim;2014-04-06;Domingo
37;2014-04-07;;2014;4;7;Não;2014-04-07;Segunda-feira
38;2014-04-08;;2014;4;8;Não;2014-04-08;Terça-feira
39;2014-04-09;;2014;4;9;Não;2014-04-09;Quarta-feira
40;2014-04-10;;2014;4;10;Não;2014-04-10;Quinta-feira
41;2014-04-11;;2014;4;11;Não;2014-04-11;Sexta-feira
42;2014-04-12;;2014;4;12;Sim;2014-04-12;Sábado
43;2014-04-13;;2014;4;13;Sim;2014-04-13;Domingo
44;2014-04-14;;2014;4;14;Não;2014-04-14;Segunda-feira
45;2014-04-15;;2014;4;15;Não;2014-04-15;Terça-feira
46;2014-04-16;;2014;4;16;Não;2014-04-16;Quarta-feira
47;2014-04-17;;2014;4;17;Não;2014-04-17;Quinta-feira
48;2014-04-18;;2014;4;18;Não;2014-04-18;Sexta-feira
49;2014-04-19;;2014;4;19;Sim;2014-04-19;Sábado
50;2014-04-20;;2014;4;20;Sim;2014-04-20;Domingo
51;2014-04-21;;2014;4;21;Não;2014-04-21;Segunda-feira
52;2014-04-22;;2014;4;22;Não;2014-04-22;Terça-feira
53;2014-04-23;;2014;4;23;Não;2014-04-23;Quarta-feira
54;2014-04-24;;2014;4;24;Não;2014-04-24;Quinta-feira
55;2014-04-25;;2014;4;25;Não;2014-04-25;Sexta-feira
56;2014-04-26;;2014;4;26;Sim;2014-04-26;Sábado
57;2014-04-27;;2014;4;27;Sim;2014-04-27;Domingo
58;2014-04-28;;2014;4;28;Não;2014-04-28;Segunda-feira
59;2014-04-29;;2014;4;29;Não;2014-04-29;Terça-feira
60;2014-04-30;;2014;4;30;Não;2014-04-30;Quarta-feira
61;2014-05-01;;2014;5;1;Não;2014-05-01;Quinta-feira
62;2014-05-02;;2014;5;2;Não;2014-05-02;Sexta-feira
63;2014-05-03;;2014;5;3;Sim;2014-05-03;Sábado
64;2014-05-04;;2014;5;4;Sim;2014-05-04;Domingo
65;2014-05-05;;2014;5;5;Não;2014-05-05;Segunda-feira
66;2014-05-06;;2014;5;6;Não;2014-05-06;Terça-feira
67;2014-05-07;;2014;5;7;Não;2014-05-07;Quarta-feira
68;2014-05-08;;2014;5;8;Não;2014-05-08;Quinta-feira
69;2014-05-09;;2014;5;9;Não;2014-05-09;Sexta-feira
70;2014-05-10;;2014;5;10;Sim;2014-05-10;Sábado
71;2014-05-11;;2014;5;11;Sim;2014-05-11;Domingo
72;2014-05-12;;2014;5;12;Não;2014-05-12;Segunda-feira
73;2014-05-13;;2014;5;13;Não;2014-05-13;Terça-feira
74;2014-05-14;;2014;5;14;Não;2014-05-14;Quarta-feira
75;2014-05-15;;2014;5;15;Não;2014-05-15;Quinta-feira
76;2014-05-16;;2014;5;16;Não;2014-05-16;Sexta-feira
77;2014-05-17;;2014;5;17;Sim;2014-05-17;Sábado
78;2014-05-18;;2014;5;18;Sim;2014-05-18;Domingo
79;2014-05-19;;2014;5;19;Não;2014-05-19;Segunda-feira
80;2014-05-20;;2014;5;20;Não;2014-05-20;Terça-feira
81;2014-05-21;;2014;5;21;Não;2014-05-21;Quarta-feira
82;2014-05-22;;2014;5;22;Não;2014-05-22;Quinta-feira
83;2014-05-23;;2014;5;23;Não;2014-05-23;Sexta-feira
84;2014-05-24;;2014;5;24;Sim;2014-05-24;Sábado
85;2014-05-25;;2014;5;25;Sim;2014-05-25;Domingo
86;2014-05-26;;2014;5;26;Não;2014-05-26;Segunda-feira
87;2014-05-27;;2014;5;27;Não;2014-05-27;Terça-feira
88;2014-05-28;;2014;5;28;Não;2014-05-28;Quarta-feira
89;2014-05-29;;2014;5;29;Não;2014-05-29;Quinta-feira
90;2014-05-30;;2014;5;30;Não;2014-05-30;Sexta-feira
91;2014-05-31;;2014;5;31;Sim;2014-05-31;Sábado
92;2014-06-01;;2014;6;1;Sim;2014-06-01;Domingo
93;2014-06-02;;2014;6;2;Não;2014-06-02;Segunda-feira
94;2014-06-03;;2014;6;3;Não;2014-06-03;Terça-feira
95;2014-06-04;;2014;6;4;Não;2014-06-04;Quarta-feira
96;2014-06-05;;2014;6;5;Não;2014-06-05;Quinta-feira
97;2014-06-06;;2014;6;6;Não;2014-06-06;Sexta-feira
98;2014-06-07;;2014;6;7;Sim;2014-06-07;Sábado
99;2014-06-08;;2014;6;8;Sim;2014-06-08;Domingo
100;2014-06-09;;2014;6;9;Não;2014-06-09;Segunda-feira
101;2014-06-10;;2014;6;10;Não;2014-06-10;Terça-feira
102;2014-06-11;;2014;6;11;Não;2014-06-11;Quarta-feira
103;2014-06-12;;2014;6;12;Não;2014-06-12;Quinta-feira
104;2014-06-13;;2014;6;13;Não;2014-06-13;Sexta-feira
105;2014-06-14;;2014;6;14;Sim;2014-06-14;Sábado
106;2014-06-15;;2014;6;15;Sim;2014-06-15;Domingo
107;2014-06-16;;2014;6;16;Não;2014-06-16;Segunda-feira
108;2014-06-17;;2014;6;17;Não;2014-06-17;Terça-feira
109;2014-06-18;;2014;6;18;Não;2014-06-18;Quarta-feira
110;2014-06-19;;2014;6;19;Não;2014-06-19;Quinta-feira
111;2014-06-20;;2014;6;20;Não;2014-06-20;Sexta-feira
112;2014-06-21;;2014;6;21;Sim;2014-06-21;Sábado
113;2014-06-22;;2014;6;22;Sim;2014-06-22;Domingo
114;2014-06-23;;2014;6;23;Não;2014-06-23;Segunda-feira
115;2014-06-24;;2014;6;24;Não;2014-06-24;Terça-feira
116;2014-06-25;;2014;6;25;Não;2014-06-25;Quarta-feira
117;2014-06-27;;2014;6;27;Não;2014-06-27;Sexta-feira
118;2014-06-28;;2014;6;28;Sim;2014-06-28;Sábado
119;2014-06-29;;2014;6;29;Sim;2014-06-29;Domingo
120;2014-06-30;;2014;6;30;Não;2014-06-30;Segunda-feira
121;2014-07-01;;2014;7;1;Não;2014-07-01;Terça-feira
122;2014-07-02;;2014;7;2;Não;2014-07-02;Quarta-feira
123;2014-07-03;;2014;7;3;Não;2014-07-03;Quinta-feira
124;2014-07-04;;2014;7;4;Não;2014-07-04;Sexta-feira
125;2014-07-05;;2014;7;5;Sim;2014-07-05;Sábado
126;2014-07-06;;2014;7;6;Sim;2014-07-06;Domingo
127;2014-07-07;;2014;7;7;Não;2014-07-07;Segunda-feira
128;2014-07-08;;2014;7;8;Não;2014-07-08;Terça-feira
129;2014-07-09;;2014;7;9;Não;2014-07-09;Quarta-feira
130;2014-07-10;;2014;7;10;Não;2014-07-10;Quinta-feira
131;2014-07-11;;2014;7;11;Não;2014-07-11;Sexta-feira
132;2014-07-12;;2014;7;12;Sim;2014-07-12;Sábado
133;2014-07-13;;2014;7;13;Sim;2014-07-13;Domingo
134;2014-07-14;;2014;7;14;Não;2014-07-14;Segunda-feira
135;2014-07-15;;2014;7;15;Não;2014-07-15;Terça-feira
136;2014-07-16;;2014;7;16;Não;2014-07-16;Quarta-feira
137;2014-07-17;;2014;7;17;Não;2014-07-17;Quinta-feira
138;2014-07-18;;2014;7;18;Não;2014-07-18;Sexta-feira
139;2014-07-19;;2014;7;19;Sim;2014-07-19;Sábado
140;2014-07-20;;2014;7;20;Sim;2014-07-20;Domingo
141;2014-07-21;;2014;7;21;Não;2014-07-21;Segunda-feira
142;2014-07-22;;2014;7;22;Não;2014-07-22;Terça-feira
143;2014-07-23;;2014;7;23;Não;2014-07-23;Quarta-feira
144;2014-07-24;;2014;7;24;Não;2014-07-24;Quinta-feira
145;2014-07-25;;2014;7;25;Não;2014-07-25;Sexta-feira
146;2014-07-26;;2014;7;26;Sim;2014-07-26;Sábado
147;2014-07-27;;2014;7;27;Sim;2014-07-27;Domingo
148;2014-07-28;;2014;7;28;Não;2014-07-28;Segunda-feira
149;2014-07-29;;2014;7;29;Não;2014-07-29;Terça-feira
150;2014-07-30;;2014;7;30;Não;2014-07-30;Quarta-feira
151;2014-07-31;;2014;7;31;Não;2014-07-31;Quinta-feira
152;2014-08-01;;2014;8;1;Não;2014-08-01;Sexta-feira
153;2014-08-02;;2014;8;2;Sim;2014-08-02;Sábado
154;2014-08-03;;2014;8;3;Sim;2014-08-03;Domingo
155;2014-08-04;;2014;8;4;Não;2014-08-04;Segunda-feira
156;2014-08-05;;2014;8;5;Não;2014-08-05;Terça-feira
157;2014-08-06;;2014;8;6;Não;2014-08-06;Quarta-feira
158;2014-08-07;;2014;8;7;Não;2014-08-07;Quinta-feira
159;2014-08-08;;2014;8;8;Não;2014-08-08;Sexta-feira
160;2014-08-09;;2014;8;9;Sim;2014-08-09;Sábado
161;2014-08-10;;2014;8;10;Sim;2014-08-10;Domingo
162;2014-08-11;;2014;8;11;Não;2014-08-11;Segunda-feira
163;2014-08-12;;2014;8;12;Não;2014-08-12;Terça-feira
164;2014-08-13;;2014;8;13;Não;2014-08-13;Quarta-feira
165;2014-08-14;;2014;8;14;Não;2014-08-14;Quinta-feira
166;2014-08-15;;2014;8;15;Não;2014-08-15;Sexta-feira
167;2014-08-16;;2014;8;16;Sim;2014-08-16;Sábado
168;2014-08-17;;2014;8;17;Sim;2014-08-17;Domingo
169;2014-08-18;;2014;8;18;Não;2014-08-18;Segunda-feira
170;2014-08-19;;2014;8;19;Não;2014-08-19;Terça-feira
171;2014-08-20;;2014;8;20;Não;2014-08-20;Quarta-feira
172;2014-08-21;;2014;8;21;Não;2014-08-21;Quinta-feira
173;2014-08-22;;2014;8;22;Não;2014-08-22;Sexta-feira
174;2014-08-23;;2014;8;23;Sim;2014-08-23;Sábado
175;2014-08-24;;2014;8;24;Sim;2014-08-24;Domingo
176;2014-08-25;;2014;8;25;Não;2014-08-25;Segunda-feira
177;2014-08-26;;2014;8;26;Não;2014-08-26;Terça-feira
178;2014-08-27;;2014;8;27;Não;2014-08-27;Quarta-feira
179;2014-08-28;;2014;8;28;Não;2014-08-28;Quinta-feira
180;2014-08-29;;2014;8;29;Não;2014-08-29;Sexta-feira
181;2014-08-30;;2014;8;30;Sim;2014-08-30;Sábado
182;2014-08-31;;2014;8;31;Sim;2014-08-31;Domingo
183;2014-09-01;;2014;9;1;Não;2014-09-01;Segunda-feira
184;2014-09-02;;2014;9;2;Não;2014-09-02;Terça-feira
185;2014-09-03;;2014;9;3;Não;2014-09-03;Quarta-feira
186;2014-09-04;;2014;9;4;Não;2014-09-04;Quinta-feira
187;2014-09-05;;2014;9;5;Não;2014-09-05;Sexta-feira
188;2014-09-06;;2014;9;6;Sim;2014-09-06;Sábado
189;2014-09-07;;2014;9;7;Sim;2014-09-07;Domingo
190;2014-09-08;;2014;9;8;Não;2014-09-08;Segunda-feira
191;2014-09-09;;2014;9;9;Não;2014-09-09;Terça-feira
192;2014-09-10;;2014;9;10;Não;2014-09-10;Quarta-feira
193;2014-09-11;;2014;9;11;Não;2014-09-11;Quinta-feira
194;2014-09-12;;2014;9;12;Não;2014-09-12;Sexta-feira
195;2014-09-14;;2014;9;14;Sim;2014-09-14;Domingo
196;2014-09-15;;2014;9;15;Não;2014-09-15;Segunda-feira
197;2014-09-16;;2014;9;16;Não;2014-09-16;Terça-feira
198;2014-09-17;;2014;9;17;Não;2014-09-17;Quarta-feira
199;2014-09-18;;2014;9;18;Não;2014-09-18;Quinta-feira
200;2014-09-19;;2014;9;19;Não;2014-09-19;Sexta-feira
201;2014-09-20;;2014;9;20;Sim;2014-09-20;Sábado
202;2014-09-21;;2014;9;21;Sim;2014-09-21;Domingo
203;2014-09-22;;2014;9;22;Não;2014-09-22;Segunda-feira
204;2014-09-23;;2014;9;23;Não;2014-09-23;Terça-feira
205;2014-09-24;;2014;9;24;Não;2014-09-24;Quarta-feira
206;2014-09-25;;2014;9;25;Não;2014-09-25;Quinta-feira
207;2014-09-26;;2014;9;26;Não;2014-09-26;Sexta-feira
208;2014-09-27;;2014;9;27;Sim;2014-09-27;Sábado
209;2014-09-28;;2014;9;28;Sim;2014-09-28;Domingo
210;2014-09-29;;2014;9;29;Não;2014-09-29;Segunda-feira
211;2014-09-30;;2014;9;30;Não;2014-09-30;Terça-feira
212;2014-10-01;;2014;10;1;Não;2014-10-01;Quarta-feira
213;2014-10-02;;2014;10;2;Não;2014-10-02;Quinta-feira
214;2014-10-03;;2014;10;3;Não;2014-10-03;Sexta-feira
215;2014-10-04;;2014;10;4;Sim;2014-10-04;Sábado
216;2014-10-05;;2014;10;5;Sim;2014-10-05;Domingo
217;2014-10-06;;2014;10;6;Não;2014-10-06;Segunda-feira
218;2014-10-07;;2014;10;7;Não;2014-10-07;Terça-feira
219;2014-10-08;;2014;10;8;Não;2014-10-08;Quarta-feira
220;2014-10-09;;2014;10;9;Não;2014-10-09;Quinta-feira
221;2014-10-10;;2014;10;10;Não;2014-10-10;Sexta-feira
222;2014-10-11;;2014;10;11;Sim;2014-10-11;Sábado
223;2014-10-12;;2014;10;12;Sim;2014-10-12;Domingo
224;2014-10-13;;2014;10;13;Não;2014-10-13;Segunda-feira
225;2014-10-14;;2014;10;14;Não;2014-10-14;Terça-feira
226;2014-10-15;;2014;10;15;Não;2014-10-15;Quarta-feira
227;2014-10-16;;2014;10;16;Não;2014-10-16;Quinta-feira
228;2014-10-17;;2014;10;17;Não;2014-10-17;Sexta-feira
229;2014-10-18;;2014;10;18;Sim;2014-10-18;Sábado
230;2014-10-19;;2014;10;19;Sim;2014-10-19;Domingo
231;2014-10-20;;2014;10;20;Não;2014-10-20;Segunda-feira
232;2014-10-21;;2014;10;21;Não;2014-10-21;Terça-feira
233;2014-10-22;;2014;10;22;Não;2014-10-22;Quarta-feira
234;2014-10-23;;2014;10;23;Não;2014-10-23;Quinta-feira
235;2014-10-24;;2014;10;24;Não;2014-10-24;Sexta-feira
236;2014-10-25;;2014;10;25;Sim;2014-10-25;Sábado
237;2014-10-26;;2014;10;26;Sim;2014-10-26;Domingo
238;2014-10-27;;2014;10;27;Não;2014-10-27;Segunda-feira
239;2014-10-28;;2014;10;28;Não;2014-10-28;Terça-feira
240;2014-10-29;;2014;10;29;Não;2014-10-29;Quarta-feira
241;2014-10-30;;2014;10;30;Não;2014-10-30;Quinta-feira
242;2014-10-31;;2014;10;31;Não;2014-10-31;Sexta-feira
243;2014-11-01;;2014;11;1;Sim;2014-11-01;Sábado
244;2014-11-02;;2014;11;2;Sim;2014-11-02;Domingo
245;2014-11-03;;2014;11;3;Não;2014-11-03;Segunda-feira
246;2014-11-04;;2014;11;4;Não;2014-11-04;Terça-feira
247;2014-11-05;;2014;11;5;Não;2014-11-05;Quarta-feira
248;2014-11-06;;2014;11;6;Não;2014-11-06;Quinta-feira
249;2014-11-07;;2014;11;7;Não;2014-11-07;Sexta-feira
250;2014-11-08;;2014;11;8;Sim;2014-11-08;Sábado
251;2014-11-09;;2014;11;9;Sim;2014-11-09;Domingo
252;2014-11-10;;2014;11;10;Não;2014-11-10;Segunda-feira
253;2014-11-11;;2014;11;11;Não;2014-11-11;Terça-feira
254;2014-11-12;;2014;11;12;Não;2014-11-12;Quarta-feira
255;2014-11-13;;2014;11;13;Não;2014-11-13;Quinta-feira
256;2014-11-14;;2014;11;14;Não;2014-11-14;Sexta-feira
257;2014-11-15;;2014;11;15;Sim;2014-11-15;Sábado
258;2014-11-16;;2014;11;16;Sim;2014-11-16;Domingo
259;2014-11-17;;2014;11;17;Não;2014-11-17;Segunda-feira
260;2014-11-18;;2014;11;18;Não;2014-11-18;Terça-feira
261;2014-11-19;;2014;11;19;Não;2014-11-19;Quarta-feira
262;2014-11-20;;2014;11;20;Não;2014-11-20;Quinta-feira
263;2014-11-21;;2014;11;21;Não;2014-11-21;Sexta-feira
264;2014-11-22;;2014;11;22;Sim;2014-11-22;Sábado
265;2014-11-23;;2014;11;23;Sim;2014-11-23;Domingo
266;2014-11-24;;2014;11;24;Não;2014-11-24;Segunda-feira
267;2014-11-25;;2014;11;25;Não;2014-11-25;Terça-feira
268;2014-11-26;;2014;11;26;Não;2014-11-26;Quarta-feira
269;2014-11-27;;2014;11;27;Não;2014-11-27;Quinta-feira
270;2014-11-28;;2014;11;28;Não;2014-11-28;Sexta-feira
271;2014-11-29;;2014;11;29;Sim;2014-11-29;Sábado
272;2014-11-30;;2014;11;30;Sim;2014-11-30;Domingo
273;2014-12-01;;2014;12;1;Não;2014-12-01;Segunda-feira
274;2014-12-02;;2014;12;2;Não;2014-12-02;Terça-feira
275;2014-12-03;;2014;12;3;Não;2014-12-03;Quarta-feira
276;2014-12-04;;2014;12;4;Não;2014-12-04;Quinta-feira
277;2014-12-05;;2014;12;5;Não;2014-12-05;Sexta-feira
278;2014-12-06;;2014;12;6;Sim;2014-12-06;Sábado
279;2014-12-07;;2014;12;7;Sim;2014-12-07;Domingo
280;2014-12-08;;2014;12;8;Não;2014-12-08;Segunda-feira
281;2014-12-09;;2014;12;9;Não;2014-12-09;Terça-feira
282;2014-12-10;;2014;12;10;Não;2014-12-10;Quarta-feira
283;2014-12-11;;2014;12;11;Não;2014-12-11;Quinta-feira
284;2014-12-12;;2014;12;12;Não;2014-12-12;Sexta-feira
285;2014-12-13;;2014;12;13;Sim;2014-12-13;Sábado
286;2014-12-14;;2014;12;14;Sim;2014-12-14;Domingo
287;2015-08-03;18:58;2015;8;3;Não;2015-08-03;Segunda-feira
288;2015-08-03;22:57;2015;8;3;Não;2015-08-03;Segunda-feira
289;2015-08-05;15:46;2015;8;5;Não;2015-08-05;Quarta-feira
290;2015-08-06;07:13;2015;8;6;Não;2015-08-06;Quinta-feira
291;2015-08-06;16:53;2015;8;6;Não;2015-08-06;Quinta-feira
292;2015-08-07;20:08;2015;8;7;Não;2015-08-07;Sexta-feira
293;2015-08-30;15:27;2015;8;30;Sim;2015-08-30;Domingo
294;2015-08-03;21:23;2015;8;3;Não;2015-08-03;Segunda-feira
295;2015-08-05;08:41;2015;8;5;Não;2015-08-05;Quarta-feira
296;2015-08-07;08:14;2015;8;7;Não;2015-08-07;Sexta-feira
297;2015-08-07;15:57;2015;8;7;Não;2015-08-07;Sexta-feira
298;2015-08-14;15:09;2015;8;14;Não;2015-08-14;Sexta-feira
299;2015-08-22;08:04;2015;8;22;Sim;2015-08-22;Sábado
300;2015-08-22;18:57;2015;8;22;Sim;2015-08-22;Sábado
301;2015-08-26;20:58;2015;8;26;Não;2015-08-26;Quarta-feira
302;2015-08-27;09:17;2015;8;27;Não;2015-08-27;Quinta-feira
303;2015-08-30;16:23;2015;8;30;Sim;2015-08-30;Domingo
304;2015-08-23;11:59;2015;8;23;Sim;2015-08-23;Domingo
305;2015-08-01;08:37;2015;8;1;Sim;2015-08-01;Sábado
306;2015-08-01;20:41;2015;8;1;Sim;2015-08-01;Sábado
307;2015-08-02;16:16;2015;8;2;Sim;2015-08-02;Domingo
308;2015-08-02;16:22;2015;8;2;Sim;2015-08-02;Domingo
309;2015-08-03;00:18;2015;8;3;Não;2015-08-03;Segunda-feira
310;2015-08-03;08:30;2015;8;3;Não;2015-08-03;Segunda-feira
311;2015-08-03;10:28;2015;8;3;Não;2015-08-03;Segunda-feira
312;2015-08-03;11:11;2015;8;3;Não;2015-08-03;Segunda-feira
313;2015-08-03;12:31;2015;8;3;Não;2015-08-03;Segunda-feira
314;2015-08-03;13:39;2015;8;3;Não;2015-08-03;Segunda-feira
315;2015-08-03;14:28;2015;8;3;Não;2015-08-03;Segunda-feira
316;2015-08-03;15:42;2015;8;3;Não;2015-08-03;Segunda-feira
317;2015-08-03;17:16;2015;8;3;Não;2015-08-03;Segunda-feira
318;2015-08-03;20:38;2015;8;3;Não;2015-08-03;Segunda-feira
319;2015-08-03;22:49;2015;8;3;Não;2015-08-03;Segunda-feira
320;2015-08-04;08:04;2015;8;4;Não;2015-08-04;Terça-feira
321;2015-08-04;19:20;2015;8;4;Não;2015-08-04;Terça-feira
322;2015-08-05;07:00;2015;8;5;Não;2015-08-05;Quarta-feira
323;2015-08-05;13:57;2015;8;5;Não;2015-08-05;Quarta-feira
324;2015-08-05;19:55;2015;8;5;Não;2015-08-05;Quarta-feira
325;2015-08-06;jul/57;2015;8;6;Não;2015-08-06;Quinta-feira
326;2015-08-06;08:12;2015;8;6;Não;2015-08-06;Quinta-feira
327;2015-08-06;15:14;2015;8;6;Não;2015-08-06;Quinta-feira
328;2015-08-07;13:38;2015;8;7;Não;2015-08-07;Sexta-feira
329;2015-08-07;13:55;2015;8;7;Não;2015-08-07;Sexta-feira
330;2015-08-08;10:20;2015;8;8;Sim;2015-08-08;Sábado
331;2015-08-08;15:30;2015;8;8;Sim;2015-08-08;Sábado
332;2015-08-08;15:40;2015;8;8;Sim;2015-08-08;Sábado
333;2015-08-08;16:52;2015;8;8;Sim;2015-08-08;Sábado
334;2015-08-08;21:07;2015;8;8;Sim;2015-08-08;Sábado
335;2015-08-09;07:59;2015;8;9;Sim;2015-08-09;Domingo
336;2015-08-09;19:29;2015;8;9;Sim;2015-08-09;Domingo
337;2015-08-09;23:20;2015;8;9;Sim;2015-08-09;Domingo
338;2015-08-10;06:33;2015;8;10;Não;2015-08-10;Segunda-feira
339;2015-08-10;14:56;2015;8;10;Não;2015-08-10;Segunda-feira
340;2015-08-10;17:09;2015;8;10;Não;2015-08-10;Segunda-feira
341;2015-08-10;19:26;2015;8;10;Não;2015-08-10;Segunda-feira
342;2015-08-11;21:10;2015;8;11;Não;2015-08-11;Terça-feira
343;2015-08-12;07:43;2015;8;12;Não;2015-08-12;Quarta-feira
344;2015-08-12;11:37;2015;8;12;Não;2015-08-12;Quarta-feira
345;2015-08-12;17:35;2015;8;12;Não;2015-08-12;Quarta-feira
346;2015-08-12;18:34;2015;8;12;Não;2015-08-12;Quarta-feira
347;2015-08-12;19:47;2015;8;12;Não;2015-08-12;Quarta-feira
348;2015-08-13;08:26;2015;8;13;Não;2015-08-13;Quinta-feira
349;2015-08-13;10:43;2015;8;13;Não;2015-08-13;Quinta-feira
350;2015-08-13;13:41;2015;8;13;Não;2015-08-13;Quinta-feira
351;2015-08-13;14:17;2015;8;13;Não;2015-08-13;Quinta-feira
352;2015-08-13;16:49;2015;8;13;Não;2015-08-13;Quinta-feira
353;2015-08-13;17:26;2015;8;13;Não;2015-08-13;Quinta-feira
354;2015-08-13;18:04;2015;8;13;Não;2015-08-13;Quinta-feira
355;2015-08-13;20:56;2015;8;13;Não;2015-08-13;Quinta-feira
356;2015-08-13;21:06;2015;8;13;Não;2015-08-13;Quinta-feira
357;2015-08-13;23:21;2015;8;13;Não;2015-08-13;Quinta-feira
358;2015-08-14;08:54;2015;8;14;Não;2015-08-14;Sexta-feira
359;2015-08-14;09:02;2015;8;14;Não;2015-08-14;Sexta-feira
360;2015-08-14;09:32;2015;8;14;Não;2015-08-14;Sexta-feira
361;2015-08-14;17:08;2015;8;14;Não;2015-08-14;Sexta-feira
362;2015-08-15;00:52;2015;8;15;Sim;2015-08-15;Sábado
363;2015-08-15;07:46;2015;8;15;Sim;2015-08-15;Sábado
364;2015-08-15;12:22;2015;8;15;Sim;2015-08-15;Sábado
365;2015-08-15;13:02;2015;8;15;Sim;2015-08-15;Sábado
366;2015-08-15;18:28;2015;8;15;Sim;2015-08-15;Sábado
367;2015-08-16;00:14;2015;8;16;Sim;2015-08-16;Domingo
368;2015-08-16;08:31;2015;8;16;Sim;2015-08-16;Domingo
369;2015-08-16;10:45;2015;8;16;Sim;2015-08-16;Domingo
370;2015-08-16;16:47;2015;8;16;Sim;2015-08-16;Domingo
371;2015-08-17;09:51;2015;8;17;Não;2015-08-17;Segunda-feira
372;2015-08-17;09:54;2015;8;17;Não;2015-08-17;Segunda-feira
373;2015-08-17;19:22;2015;8;17;Não;2015-08-17;Segunda-feira
374;2015-08-17;21:18;2015;8;17;Não;2015-08-17;Segunda-feira
375;2015-08-18;08:34;2015;8;18;Não;2015-08-18;Terça-feira
376;2015-08-18;13:01;2015;8;18;Não;2015-08-18;Terça-feira
377;2015-08-19;07:20;2015;8;19;Não;2015-08-19;Quarta-feira
378;2015-08-19;12:06;2015;8;19;Não;2015-08-19;Quarta-feira
379;2015-08-19;16:45;2015;8;19;Não;2015-08-19;Quarta-feira
380;2015-08-19;18:35;2015;8;19;Não;2015-08-19;Quarta-feira
381;2015-08-19;19:44;2015;8;19;Não;2015-08-19;Quarta-feira
382;2015-08-20;00:46;2015;8;20;Não;2015-08-20;Quinta-feira
383;2015-08-20;05:38;2015;8;20;Não;2015-08-20;Quinta-feira
384;2015-08-20;13:29;2015;8;20;Não;2015-08-20;Quinta-feira
385;2015-08-20;17:26;2015;8;20;Não;2015-08-20;Quinta-feira
386;2015-08-21;09:01;2015;8;21;Não;2015-08-21;Sexta-feira
387;2015-08-21;22:50;2015;8;21;Não;2015-08-21;Sexta-feira
388;2015-08-21;14:15;2015;8;21;Não;2015-08-21;Sexta-feira
389;2015-08-21;15:04;2015;8;21;Não;2015-08-21;Sexta-feira
390;2015-08-22;13:31;2015;8;22;Sim;2015-08-22;Sábado
391;2015-08-22;03:30;2015;8;22;Sim;2015-08-22;Sábado
392;2015-08-22;07:22;2015;8;22;Sim;2015-08-22;Sábado
393;2015-08-23;05:43;2015;8;23;Sim;2015-08-23;Domingo
394;2015-08-23;10:21;2015;8;23;Sim;2015-08-23;Domingo
395;2015-08-23;11:05;2015;8;23;Sim;2015-08-23;Domingo
396;2015-08-23;14:01;2015;8;23;Sim;2015-08-23;Domingo
397;2015-08-23;14:12;2015;8;23;Sim;2015-08-23;Domingo
398;2015-08-23;15:08;2015;8;23;Sim;2015-08-23;Domingo
399;2015-08-23;15:11;2015;8;23;Sim;2015-08-23;Domingo
400;2015-08-23;15:39;2015;8;23;Sim;2015-08-23;Domingo
401;2015-08-23;22:32;2015;8;23;Sim;2015-08-23;Domingo
402;2015-08-24;15:03;2015;8;24;Não;2015-08-24;Segunda-feira
403;2015-08-25;11:39;2015;8;25;Não;2015-08-25;Terça-feira
404;2015-08-25;16:30;2015;8;25;Não;2015-08-25;Terça-feira
405;2015-08-25;18:54;2015;8;25;Não;2015-08-25;Terça-feira
406;2015-08-25;23:06;2015;8;25;Não;2015-08-25;Terça-feira
407;2015-08-26;07:29;2015;8;26;Não;2015-08-26;Quarta-feira
408;2015-08-26;08:52;2015;8;26;Não;2015-08-26;Quarta-feira
409;2015-08-26;09:05;2015;8;26;Não;2015-08-26;Quarta-feira
410;2015-08-26;14:52;2015;8;26;Não;2015-08-26;Quarta-feira
411;2015-08-26;15:06;2015;8;26;Não;2015-08-26;Quarta-feira
412;2015-08-27;06:54;2015;8;27;Não;2015-08-27;Quinta-feira
413;2015-08-27;11:17;2015;8;27;Não;2015-08-27;Quinta-feira
414;2015-08-27;22:16;2015;8;27;Não;2015-08-27;Quinta-feira
415;2015-08-28;06:59;2015;8;28;Não;2015-08-28;Sexta-feira
416;2015-08-28;07:53;2015;8;28;Não;2015-08-28;Sexta-feira
417;2015-08-28;08:00;2015;8;28;Não;2015-08-28;Sexta-feira
418;2015-08-28;11:17;2015;8;28;Não;2015-08-28;Sexta-feira
419;2015-08-28;14:37;2015;8;28;Não;2015-08-28;Sexta-feira
420;2015-08-28;14:44;2015;8;28;Não;2015-08-28;Sexta-feira
421;2015-08-28;15:57;2015;8;28;Não;2015-08-28;Sexta-feira
422;2015-08-28;21:02;2015;8;28;Não;2015-08-28;Sexta-feira
423;2015-08-28;23:59;2015;8;28;Não;2015-08-28;Sexta-feira
424;2015-08-29;12:29;2015;8;29;Sim;2015-08-29;Sábado
425;2015-08-29;15:25;2015;8;29;Sim;2015-08-29;Sábado
426;2015-08-29;15:33;2015;8;29;Sim;2015-08-29;Sábado
427;2015-08-30;17:19;2015;8;30;Sim;2015-08-30;Domingo
428;2015-08-30;18:51;2015;8;30;Sim;2015-08-30;Domingo
429;2015-08-31;08:32;2015;8;31;Não;2015-08-31;Segunda-feira
430;2015-08-31;09:58;2015;8;31;Não;2015-08-31;Segunda-feira
431;2015-08-31;18:20;2015;8;31;Não;2015-08-31;Segunda-feira
432;2015-08-31;09:41;2015;8;31;Não;2015-08-31;Segunda-feira
433;2015-08-05;17:17;2015;8;5;Não;2015-08-05;Quarta-feira
434;2015-08-06;18:18;2015;8;6;Não;2015-08-06;Quinta-feira
435;2015-08-08;19:15;2015;8;8;Sim;2015-08-08;Sábado
436;2015-08-11;16:36;2015;8;11;Não;2015-08-11;Terça-feira
437;2015-08-11;19:49;2015;8;11;Não;2015-08-11;Terça-feira
438;2015-08-12;08:54;2015;8;12;Não;2015-08-12;Quarta-feira
439;2015-08-12;16:50;2015;8;12;Não;2015-08-12;Quarta-feira
440;2015-08-14;07:57;2015;8;14;Não;2015-08-14;Sexta-feira
441;2015-08-21;11:49;2015;8;21;Não;2015-08-21;Sexta-feira
442;2015-08-24;16:01;2015;8;24;Não;2015-08-24;Segunda-feira
443;2015-08-25;13:55;2015;8;25;Não;2015-08-25;Terça-feira
444;2015-08-27;13:20;2015;8;27;Não;2015-08-27;Quinta-feira
445;2015-08-28;14:33;2015;8;28;Não;2015-08-28;Sexta-feira
446;2015-08-29;08:45;2015;8;29;Sim;2015-08-29;Sábado
447;2015-08-30;08:59;2015;8;30;Sim;2015-08-30;Domingo
448;2015-08-31;09:47;2015;8;31;Não;2015-08-31;Segunda-feira
449;2015-12-01;14:45;2015;12;1;Não;2015-12-01;Terça-feira
450;2015-12-01;18:22;2015;12;1;Não;2015-12-01;Terça-feira
451;2015-12-05;21:58;2015;12;5;Sim;2015-12-05;Sábado
452;2015-12-06;01:00;2015;12;6;Sim;2015-12-06;Domingo
453;2015-12-06;11:18;2015;12;6;Sim;2015-12-06;Domingo
454;2015-12-09;00:01;2015;12;9;Não;2015-12-09;Quarta-feira
455;2015-12-09;08:00;2015;12;9;Não;2015-12-09;Quarta-feira
456;2015-12-13;17:09;2015;12;13;Sim;2015-12-13;Domingo
457;2015-12-14;00:17;2015;12;14;Não;2015-12-14;Segunda-feira
458;2015-12-14;11:53;2015;12;14;Não;2015-12-14;Segunda-feira
459;2015-12-17;22:56;2015;12;17;Não;2015-12-17;Quinta-feira
460;2015-12-25;04:01;2015;12;25;Não;2015-12-25;Sexta-feira
461;2015-12-25;06:51;2015;12;25;Não;2015-12-25;Sexta-feira
462;2015-12-25;06:54;2015;12;25;Não;2015-12-25;Sexta-feira
463;2015-12-25;07:42;2015;12;25;Não;2015-12-25;Sexta-feira
464;2015-12-29;07:44;2015;12;29;Não;2015-12-29;Terça-feira
465;2015-12-30;15:29;2015;12;30;Não;2015-12-30;Quarta-feira
466;2015-12-01;20:20;2015;12;1;Não;2015-12-01;Terça-feira
467;2015-12-02;14:42;2015;12;2;Não;2015-12-02;Quarta-feira
468;2015-12-03;09:47;2015;12;3;Não;2015-12-03;Quinta-feira
469;2015-12-05;21:14;2015;12;5;Sim;2015-12-05;Sábado
470;2015-12-06;07:08;2015;12;6;Sim;2015-12-06;Domingo
471;2015-12-06;16:55;2015;12;6;Sim;2015-12-06;Domingo
472;2015-12-10;17:06;2015;12;10;Não;2015-12-10;Quinta-feira
473;2015-12-11;07:53;2015;12;11;Não;2015-12-11;Sexta-feira
474;2015-12-13;18:52;2015;12;13;Sim;2015-12-13;Domingo
475;2015-12-16;15:36;2015;12;16;Não;2015-12-16;Quarta-feira
476;2015-12-18;07:18;2015;12;18;Não;2015-12-18;Sexta-feira
477;2015-12-20;22:17;2015;12;20;Sim;2015-12-20;Domingo
478;2015-12-21;15:55;2015;12;21;Não;2015-12-21;Segunda-feira
479;2015-12-22;11:07;2015;12;22;Não;2015-12-22;Terça-feira
480;2015-12-22;11:59;2015;12;22;Não;2015-12-22;Terça-feira
481;2015-12-22;13:30;2015;12;22;Não;2015-12-22;Terça-feira
482;2015-12-23;19:05;2015;12;23;Não;2015-12-23;Quarta-feira
483;2015-12-25;20:34;2015;12;25;Não;2015-12-25;Sexta-feira
484;2015-12-29;06:57;2015;12;29;Não;2015-12-29;Terça-feira
485;2015-12-29;12:45;2015;12;29;Não;2015-12-29;Terça-feira
486;2015-12-30;10:15;2015;12;30;Não;2015-12-30;Quarta-feira
487;2015-12-15;08:02;2015;12;15;Não;2015-12-15;Terça-feira
488;2015-12-17;15:31;2015;12;17;Não;2015-12-17;Quinta-feira
489;2015-12-17;16:30;2015;12;17;Não;2015-12-17;Quinta-feira
490;2015-12-22;15:29;2015;12;22;Não;2015-12-22;Terça-feira
491;2015-12-23;11:35;2015;12;23;Não;2015-12-23;Quarta-feira
492;2015-12-23;11:44;2015;12;23;Não;2015-12-23;Quarta-feira
493;2015-12-26;22:01;2015;12;26;Sim;2015-12-26;Sábado
494;2015-12-27;13:52;2015;12;27;Sim;2015-12-27;Domingo
495;2015-12-29;17:00;2015;12;29;Não;2015-12-29;Terça-feira
496;2015-12-01;11:15;2015;12;1;Não;2015-12-01;Terça-feira
497;2015-12-10;09:20;2015;12;10;Não;2015-12-10;Quinta-feira
498;2015-12-13;12:20;2015;12;13;Sim;2015-12-13;Domingo
499;2015-12-16;07:47;2015;12;16;Não;2015-12-16;Quarta-feira
500;2015-12-20;18:10;2015;12;20;Sim;2015-12-20;Domingo
501;2015-12-28;07:45;2015;12;28;Não;2015-12-28;Segunda-feira
502;2015-12-01;12:52;2015;12;1;Não;2015-12-01;Terça-feira
503;2015-12-01;21:09;2015;12;1;Não;2015-12-01;Terça-feira
504;2015-12-02;15:14;2015;12;2;Não;2015-12-02;Quarta-feira
505;2015-12-03;08:08;2015;12;3;Não;2015-12-03;Quinta-feira
506;2015-12-03;09:41;2015;12;3;Não;2015-12-03;Quinta-feira
507;2015-12-03;14:37;2015;12;3;Não;2015-12-03;Quinta-feira
508;2015-12-03;15:22;2015;12;3;Não;2015-12-03;Quinta-feira
509;2015-12-03;18:47;2015;12;3;Não;2015-12-03;Quinta-feira
510;2015-12-04;04:24;2015;12;4;Não;2015-12-04;Sexta-feira
511;2015-12-04;08:19;2015;12;4;Não;2015-12-04;Sexta-feira
512;2015-12-04;09:33;2015;12;4;Não;2015-12-04;Sexta-feira
513;2015-12-04;11:50;2015;12;4;Não;2015-12-04;Sexta-feira
514;2015-12-04;16:17;2015;12;4;Não;2015-12-04;Sexta-feira
515;2015-12-04;16:26;2015;12;4;Não;2015-12-04;Sexta-feira
516;2015-12-04;17:26;2015;12;4;Não;2015-12-04;Sexta-feira
517;2015-12-05;13:13;2015;12;5;Sim;2015-12-05;Sábado
518;2015-12-05;15:12;2015;12;5;Sim;2015-12-05;Sábado
519;2015-12-05;15:39;2015;12;5;Sim;2015-12-05;Sábado
520;2015-12-05;18:07;2015;12;5;Sim;2015-12-05;Sábado
521;2015-12-05;19:26;2015;12;5;Sim;2015-12-05;Sábado
522;2015-12-05;22:45;2015;12;5;Sim;2015-12-05;Sábado
523;2015-12-05;23:58;2015;12;5;Sim;2015-12-05;Sábado
524;2015-12-06;04:44;2015;12;6;Sim;2015-12-06;Domingo
525;2015-12-06;07:41;2015;12;6;Sim;2015-12-06;Domingo
526;2015-12-06;08:35;2015;12;6;Sim;2015-12-06;Domingo
527;2015-12-06;23:52;2015;12;6;Sim;2015-12-06;Domingo
528;2015-12-07;11:27;2015;12;7;Não;2015-12-07;Segunda-feira
529;2015-12-07;13:09;2015;12;7;Não;2015-12-07;Segunda-feira
530;2015-12-07;14:43;2015;12;7;Não;2015-12-07;Segunda-feira
531;2015-12-07;21:31;2015;12;7;Não;2015-12-07;Segunda-feira
532;2015-12-07;21:56;2015;12;7;Não;2015-12-07;Segunda-feira
533;2015-12-08;05:01;2015;12;8;Não;2015-12-08;Terça-feira
534;2015-12-08;17:27;2015;12;8;Não;2015-12-08;Terça-feira
535;2015-12-08;19:18;2015;12;8;Não;2015-12-08;Terça-feira
536;2015-12-08;21:12;2015;12;8;Não;2015-12-08;Terça-feira
537;2015-12-09;07:03;2015;12;9;Não;2015-12-09;Quarta-feira
538;2015-12-09;11:35;2015;12;9;Não;2015-12-09;Quarta-feira
539;2015-12-09;11:50;2015;12;9;Não;2015-12-09;Quarta-feira
540;2015-12-09;14:31;2015;12;9;Não;2015-12-09;Quarta-feira
541;2015-12-09;18:09;2015;12;9;Não;2015-12-09;Quarta-feira
542;2015-12-09;20:36;2015;12;9;Não;2015-12-09;Quarta-feira
543;2015-12-10;07:35;2015;12;10;Não;2015-12-10;Quinta-feira
544;2015-12-10;09:36;2015;12;10;Não;2015-12-10;Quinta-feira
545;2015-12-10;09:41;2015;12;10;Não;2015-12-10;Quinta-feira
546;2015-12-10;10:04;2015;12;10;Não;2015-12-10;Quinta-feira
547;2015-12-10;10:15;2015;12;10;Não;2015-12-10;Quinta-feira
548;2015-12-10;16:08;2015;12;10;Não;2015-12-10;Quinta-feira
549;2015-12-10;19:51;2015;12;10;Não;2015-12-10;Quinta-feira
550;2015-12-10;22:38;2015;12;10;Não;2015-12-10;Quinta-feira
551;2015-12-11;06:52;2015;12;11;Não;2015-12-11;Sexta-feira
552;2015-12-11;07:33;2015;12;11;Não;2015-12-11;Sexta-feira
553;2015-12-11;08:36;2015;12;11;Não;2015-12-11;Sexta-feira
554;2015-12-11;12:10;2015;12;11;Não;2015-12-11;Sexta-feira
555;2015-12-11;12:19;2015;12;11;Não;2015-12-11;Sexta-feira
556;2015-12-11;18:32;2015;12;11;Não;2015-12-11;Sexta-feira
557;2015-12-11;18:42;2015;12;11;Não;2015-12-11;Sexta-feira
558;2015-12-11;19:22;2015;12;11;Não;2015-12-11;Sexta-feira
559;2015-12-11;20:27;2015;12;11;Não;2015-12-11;Sexta-feira
560;2015-12-11;22:21;2015;12;11;Não;2015-12-11;Sexta-feira
561;2015-12-12;07:55;2015;12;12;Sim;2015-12-12;Sábado
562;2015-12-12;08:57;2015;12;12;Sim;2015-12-12;Sábado
563;2015-12-12;09:11;2015;12;12;Sim;2015-12-12;Sábado
564;2015-12-12;14:04;2015;12;12;Sim;2015-12-12;Sábado
565;2015-12-12;14:44;2015;12;12;Sim;2015-12-12;Sábado
566;2015-12-13;00:32;2015;12;13;Sim;2015-12-13;Domingo
567;2015-12-13;14:03;2015;12;13;Sim;2015-12-13;Domingo
568;2015-12-13;16:46;2015;12;13;Sim;2015-12-13;Domingo
569;2015-12-13;16:53;2015;12;13;Sim;2015-12-13;Domingo
570;2015-12-13;17:39;2015;12;13;Sim;2015-12-13;Domingo
571;2015-12-13;20:00;2015;12;13;Sim;2015-12-13;Domingo
572;2015-12-14;13:04;2015;12;14;Não;2015-12-14;Segunda-feira
573;2015-12-14;13:53;2015;12;14;Não;2015-12-14;Segunda-feira
574;2015-12-14;19:52;2015;12;14;Não;2015-12-14;Segunda-feira
575;2015-12-15;07:56;2015;12;15;Não;2015-12-15;Terça-feira
576;2015-12-15;07:57;2015;12;15;Não;2015-12-15;Terça-feira
577;2015-12-15;10:07;2015;12;15;Não;2015-12-15;Terça-feira
578;2015-12-15;10:17;2015;12;15;Não;2015-12-15;Terça-feira
579;2015-12-15;13:57;2015;12;15;Não;2015-12-15;Terça-feira
580;2015-12-15;16:04;2015;12;15;Não;2015-12-15;Terça-feira
581;2015-12-15;23:54;2015;12;15;Não;2015-12-15;Terça-feira
582;2015-12-16;00:27;2015;12;16;Não;2015-12-16;Quarta-feira
583;2015-12-16;06:35;2015;12;16;Não;2015-12-16;Quarta-feira
584;2015-12-16;11:22;2015;12;16;Não;2015-12-16;Quarta-feira
585;2015-12-16;18:01;2015;12;16;Não;2015-12-16;Quarta-feira
586;2015-12-16;18:48;2015;12;16;Não;2015-12-16;Quarta-feira
587;2015-12-17;14:21;2015;12;17;Não;2015-12-17;Quinta-feira
588;2015-12-17;19:01;2015;12;17;Não;2015-12-17;Quinta-feira
589;2015-12-18;07:45;2015;12;18;Não;2015-12-18;Sexta-feira
590;2015-12-18;08:16;2015;12;18;Não;2015-12-18;Sexta-feira
591;2015-12-18;09:27;2015;12;18;Não;2015-12-18;Sexta-feira
592;2015-12-18;09:59;2015;12;18;Não;2015-12-18;Sexta-feira
593;2015-12-18;11:05;2015;12;18;Não;2015-12-18;Sexta-feira
594;2015-12-18;15:17;2015;12;18;Não;2015-12-18;Sexta-feira
595;2015-12-19;12:13;2015;12;19;Sim;2015-12-19;Sábado
596;2015-12-19;16:59;2015;12;19;Sim;2015-12-19;Sábado
597;2015-12-20;02:51;2015;12;20;Sim;2015-12-20;Domingo
598;2015-12-20;14:17;2015;12;20;Sim;2015-12-20;Domingo
599;2015-12-20;15:58;2015;12;20;Sim;2015-12-20;Domingo
600;2015-12-20;19:21;2015;12;20;Sim;2015-12-20;Domingo
601;2015-12-21;12:05;2015;12;21;Não;2015-12-21;Segunda-feira
602;2015-12-21;12:12;2015;12;21;Não;2015-12-21;Segunda-feira
603;2015-12-21;14:22;2015;12;21;Não;2015-12-21;Segunda-feira
604;2015-12-22;17:18;2015;12;22;Não;2015-12-22;Terça-feira
605;2015-12-22;19:03;2015;12;22;Não;2015-12-22;Terça-feira
606;2015-12-22;19:47;2015;12;22;Não;2015-12-22;Terça-feira
607;2015-12-23;07:36;2015;12;23;Não;2015-12-23;Quarta-feira
608;2015-12-23;07:58;2015;12;23;Não;2015-12-23;Quarta-feira
609;2015-12-24;11:52;2015;12;24;Não;2015-12-24;Quinta-feira
610;2015-12-24;15:10;2015;12;24;Não;2015-12-24;Quinta-feira
611;2015-12-24;18:50;2015;12;24;Não;2015-12-24;Quinta-feira
612;2015-12-25;18:08;2015;12;25;Não;2015-12-25;Sexta-feira
613;2015-12-25;21:25;2015;12;25;Não;2015-12-25;Sexta-feira
614;2015-12-25;21:45;2015;12;25;Não;2015-12-25;Sexta-feira
615;2015-12-26;13:03;2015;12;26;Sim;2015-12-26;Sábado
616;2015-12-27;10:27;2015;12;27;Sim;2015-12-27;Domingo
617;2015-12-27;18:31;2015;12;27;Sim;2015-12-27;Domingo
618;2015-12-28;07:38;2015;12;28;Não;2015-12-28;Segunda-feira
619;2015-12-28;08:08;2015;12;28;Não;2015-12-28;Segunda-feira
620;2015-12-28;10:21;2015;12;28;Não;2015-12-28;Segunda-feira
621;2015-12-28;18:27;2015;12;28;Não;2015-12-28;Segunda-feira
622;2015-12-29;08:07;2015;12;29;Não;2015-12-29;Terça-feira
623;2015-12-29;13:27;2015;12;29;Não;2015-12-29;Terça-feira
624;2015-12-30;00:18;2015;12;30;Não;2015-12-30;Quarta-feira
625;2015-12-30;18:41;2015;12;30;Não;2015-12-30;Quarta-feira
626;2015-12-03;09:26;2015;12;3;Não;2015-12-03;Quinta-feira
627;2015-12-03;15:43;2015;12;3;Não;2015-12-03;Quinta-feira
628;2015-12-13;17:43;2015;12;13;Sim;2015-12-13;Domingo
629;2015-07-02;09:50;2015;7;2;Não;2015-07-02;Quinta-feira
630;2015-07-02;dez/28;2015;7;2;Não;2015-07-02;Quinta-feira
631;2015-07-03;05:35;2015;7;3;Não;2015-07-03;Sexta-feira
632;2015-07-07;01:03;2015;7;7;Não;2015-07-07;Terça-feira
633;2015-07-08;11:44;2015;7;8;Não;2015-07-08;Quarta-feira
634;2015-07-09;23:03;2015;7;9;Não;2015-07-09;Quinta-feira
635;2015-06-10;09:04;2015;6;10;Não;2015-06-10;Quarta-feira
636;2015-07-11;18:10;2015;7;11;Sim;2015-07-11;Sábado
637;2015-07-11;19:40;2015;7;11;Sim;2015-07-11;Sábado
638;2014-07-11;23:51;2014;7;11;Não;2014-07-11;Sexta-feira
639;2015-07-14;18:20;2015;7;14;Não;2015-07-14;Terça-feira
640;2015-07-16;08:28;2015;7;16;Não;2015-07-16;Quinta-feira
641;2015-07-16;20:15;2015;7;16;Não;2015-07-16;Quinta-feira
642;2015-07-17;19:24;2015;7;17;Não;2015-07-17;Sexta-feira
643;2015-07-18;01:53;2015;7;18;Sim;2015-07-18;Sábado
644;2015-07-18;03:28;2015;7;18;Sim;2015-07-18;Sábado
645;2015-07-27;10:48;2015;7;27;Não;2015-07-27;Segunda-feira
646;2015-07-30;11:57;2015;7;30;Não;2015-07-30;Quinta-feira
647;2015-07-30;15:22;2015;7;30;Não;2015-07-30;Quinta-feira
648;2015-07-02;08:25;2015;7;2;Não;2015-07-02;Quinta-feira
649;2015-07-08;15:14;2015;7;8;Não;2015-07-08;Quarta-feira
650;2015-07-09;19:03;2015;7;9;Não;2015-07-09;Quinta-feira
651;2013-07-20;22:09;2013;7;20;Sim;2013-07-20;Sábado
652;2015-07-25;20:20;2015;7;25;Sim;2015-07-25;Sábado
653;2015-07-26;05:11;2015;7;26;Sim;2015-07-26;Domingo
654;2015-07-02;13:10;2015;7;2;Não;2015-07-02;Quinta-feira
655;2015-07-03;23:16;2015;7;3;Não;2015-07-03;Sexta-feira
656;2015-07-04;13:05;2015;7;4;Sim;2015-07-04;Sábado
657;2015-07-10;07:25;2015;7;10;Não;2015-07-10;Sexta-feira
658;2015-07-11;10:09;2015;7;11;Sim;2015-07-11;Sábado
659;2015-07-13;07:47;2015;7;13;Não;2015-07-13;Segunda-feira
660;2015-07-15;00:31;2015;7;15;Não;2015-07-15;Quarta-feira
661;2015-07-15;01:02;2015;7;15;Não;2015-07-15;Quarta-feira
662;2015-07-18;22:03;2015;7;18;Sim;2015-07-18;Sábado
663;2015-07-20;out/53;2015;7;20;Não;2015-07-20;Segunda-feira
664;2015-07-21;11:28;2015;7;21;Não;2015-07-21;Terça-feira
665;2015-07-24;22:32;2015;7;24;Não;2015-07-24;Sexta-feira
666;2015-07-25;11:27;2015;7;25;Sim;2015-07-25;Sábado
667;2015-07-26;08:16;2015;7;26;Sim;2015-07-26;Domingo
668;2015-07-29;00:00;2015;7;29;Não;2015-07-29;Quarta-feira
669;2015-07-01;06:00;2015;7;1;Não;2015-07-01;Quarta-feira
670;2015-07-01;09:34;2015;7;1;Não;2015-07-01;Quarta-feira
671;2015-07-01;17:04;2015;7;1;Não;2015-07-01;Quarta-feira
672;2015-07-02;11:21;2015;7;2;Não;2015-07-02;Quinta-feira
673;2015-07-02;21:30;2015;7;2;Não;2015-07-02;Quinta-feira
674;2015-07-03;08:23;2015;7;3;Não;2015-07-03;Sexta-feira
675;2015-07-03;10/set;2015;7;3;Não;2015-07-03;Sexta-feira
676;2015-07-03;10:10;2015;7;3;Não;2015-07-03;Sexta-feira
677;2015-07-03;12:52;2015;7;3;Não;2015-07-03;Sexta-feira
678;2015-07-03;22:07;2015;7;3;Não;2015-07-03;Sexta-feira
679;2015-07-04;02:50;2015;7;4;Sim;2015-07-04;Sábado
680;2015-07-04;23:43;2015;7;4;Sim;2015-07-04;Sábado
681;2015-07-05;14:17;2015;7;5;Sim;2015-07-05;Domingo
682;2015-07-05;19:50;2015;7;5;Sim;2015-07-05;Domingo
683;2015-07-05;23:36;2015;7;5;Sim;2015-07-05;Domingo
684;2015-07-06;07:34;2015;7;6;Não;2015-07-06;Segunda-feira
685;2015-07-06;18:04;2015;7;6;Não;2015-07-06;Segunda-feira
686;2015-07-06;18:32;2015;7;6;Não;2015-07-06;Segunda-feira
687;2015-07-06;21:55;2015;7;6;Não;2015-07-06;Segunda-feira
688;2015-07-07;07:07;2015;7;7;Não;2015-07-07;Terça-feira
689;2015-07-07;08:12;2015;7;7;Não;2015-07-07;Terça-feira
690;2015-07-07;13:54;2015;7;7;Não;2015-07-07;Terça-feira
691;2015-07-07;13:59;2015;7;7;Não;2015-07-07;Terça-feira
692;2015-07-08;11:20;2015;7;8;Não;2015-07-08;Quarta-feira
693;2015-07-09;07:49;2015;7;9;Não;2015-07-09;Quinta-feira
694;2015-07-09;07:50;2015;7;9;Não;2015-07-09;Quinta-feira
695;2015-07-09;08:36;2015;7;9;Não;2015-07-09;Quinta-feira
696;2015-07-09;08:54;2015;7;9;Não;2015-07-09;Quinta-feira
697;2015-07-09;09:53;2015;7;9;Não;2015-07-09;Quinta-feira
698;2015-07-09;13:44;2015;7;9;Não;2015-07-09;Quinta-feira
699;2015-07-09;16:46;2015;7;9;Não;2015-07-09;Quinta-feira
700;2015-07-09;16:56;2015;7;9;Não;2015-07-09;Quinta-feira
701;2015-07-09;19:07;2015;7;9;Não;2015-07-09;Quinta-feira
702;2015-07-09;20:40;2015;7;9;Não;2015-07-09;Quinta-feira
703;2015-07-10;14:13;2015;7;10;Não;2015-07-10;Sexta-feira
704;2015-07-10;16:06;2015;7;10;Não;2015-07-10;Sexta-feira
705;2015-07-11;ago/16;2015;7;11;Sim;2015-07-11;Sábado
706;2015-07-12;02:47;2015;7;12;Sim;2015-07-12;Domingo
707;2015-07-13;03:30;2015;7;13;Não;2015-07-13;Segunda-feira
708;2015-07-13;08:41;2015;7;13;Não;2015-07-13;Segunda-feira
709;2015-07-13;16:49;2015;7;13;Não;2015-07-13;Segunda-feira
710;2015-07-13;17:46;2015;7;13;Não;2015-07-13;Segunda-feira
711;2015-07-13;18:24;2015;7;13;Não;2015-07-13;Segunda-feira
712;2015-07-13;19:37;2015;7;13;Não;2015-07-13;Segunda-feira
713;2015-07-13;20:28;2015;7;13;Não;2015-07-13;Segunda-feira
714;2015-07-14;06:45;2015;7;14;Não;2015-07-14;Terça-feira
715;2015-07-14;06:51;2015;7;14;Não;2015-07-14;Terça-feira
716;2015-07-14;15:15;2015;7;14;Não;2015-07-14;Terça-feira
717;2015-07-14;15:48;2015;7;14;Não;2015-07-14;Terça-feira
718;2015-07-14;17:08;2015;7;14;Não;2015-07-14;Terça-feira
719;2015-07-14;17:51;2015;7;14;Não;2015-07-14;Terça-feira
720;2015-07-14;19:21;2015;7;14;Não;2015-07-14;Terça-feira
721;2015-07-15;ago/59;2015;7;15;Não;2015-07-15;Quarta-feira
722;2015-07-15;09:19;2015;7;15;Não;2015-07-15;Quarta-feira
723;2015-07-15;09:22;2015;7;15;Não;2015-07-15;Quarta-feira
724;2015-07-15;10:53;2015;7;15;Não;2015-07-15;Quarta-feira
725;2015-07-15;10:55;2015;7;15;Não;2015-07-15;Quarta-feira
726;2015-07-15;11:20;2015;7;15;Não;2015-07-15;Quarta-feira
727;2015-07-15;16:04;2015;7;15;Não;2015-07-15;Quarta-feira
728;2015-07-16;16:00;2015;7;16;Não;2015-07-16;Quinta-feira
729;2015-07-16;20:19;2015;7;16;Não;2015-07-16;Quinta-feira
730;2015-07-17;08:54;2015;7;17;Não;2015-07-17;Sexta-feira
731;2015-07-17;09:49;2015;7;17;Não;2015-07-17;Sexta-feira
732;2015-07-17;14:43;2015;7;17;Não;2015-07-17;Sexta-feira
733;2015-07-17;19:23;2015;7;17;Não;2015-07-17;Sexta-feira
734;2015-07-17;20:21;2015;7;17;Não;2015-07-17;Sexta-feira
735;2015-07-18;00:05;2015;7;18;Sim;2015-07-18;Sábado
736;2015-07-18;08:20;2015;7;18;Sim;2015-07-18;Sábado
737;2015-07-19;17:21;2015;7;19;Sim;2015-07-19;Domingo
738;2015-07-19;18:30;2015;7;19;Sim;2015-07-19;Domingo
739;2015-07-20;06:57;2015;7;20;Não;2015-07-20;Segunda-feira
740;2015-07-20;07:43;2015;7;20;Não;2015-07-20;Segunda-feira
741;2015-07-20;08:01;2015;7;20;Não;2015-07-20;Segunda-feira
742;2015-07-20;09:49;2015;7;20;Não;2015-07-20;Segunda-feira
743;2015-07-20;19:00;2015;7;20;Não;2015-07-20;Segunda-feira
744;2015-07-21;18:08;2015;7;21;Não;2015-07-21;Terça-feira
745;2015-07-22;08:00;2015;7;22;Não;2015-07-22;Quarta-feira
746;2015-07-22;08:34;2015;7;22;Não;2015-07-22;Quarta-feira
747;2015-07-22;18:38;2015;7;22;Não;2015-07-22;Quarta-feira
748;2015-07-23;03:07;2015;7;23;Não;2015-07-23;Quinta-feira
749;2015-07-23;06:40;2015;7;23;Não;2015-07-23;Quinta-feira
750;2015-07-23;12:13;2015;7;23;Não;2015-07-23;Quinta-feira
751;2015-07-23;12:23;2015;7;23;Não;2015-07-23;Quinta-feira
752;2015-07-23;13:56;2015;7;23;Não;2015-07-23;Quinta-feira
753;2015-07-23;16:05;2015;7;23;Não;2015-07-23;Quinta-feira
754;2015-07-23;18:27;2015;7;23;Não;2015-07-23;Quinta-feira
755;2015-07-23;19:25;2015;7;23;Não;2015-07-23;Quinta-feira
756;2015-07-24;12:41;2015;7;24;Não;2015-07-24;Sexta-feira
757;2015-07-24;16:25;2015;7;24;Não;2015-07-24;Sexta-feira
758;2015-07-24;20:33;2015;7;24;Não;2015-07-24;Sexta-feira
759;2015-07-25;07:09;2015;7;25;Sim;2015-07-25;Sábado
760;2015-07-26;;2015;7;26;Sim;2015-07-26;Domingo
761;2015-07-26;23:03;2015;7;26;Sim;2015-07-26;Domingo
762;2015-07-27;13:24;2015;7;27;Não;2015-07-27;Segunda-feira
763;2015-07-27;15:15;2015;7;27;Não;2015-07-27;Segunda-feira
764;2015-07-27;17:53;2015;7;27;Não;2015-07-27;Segunda-feira
765;2015-07-28;18:17;2015;7;28;Não;2015-07-28;Terça-feira
766;2015-07-28;19:22;2015;7;28;Não;2015-07-28;Terça-feira
767;2015-07-28;22:32;2015;7;28;Não;2015-07-28;Terça-feira
768;2015-07-29;21:58;2015;7;29;Não;2015-07-29;Quarta-feira
769;2015-07-30;08:29;2015;7;30;Não;2015-07-30;Quinta-feira
770;2015-07-30;09:50;2015;7;30;Não;2015-07-30;Quinta-feira
771;2015-07-30;12:31;2015;7;30;Não;2015-07-30;Quinta-feira
772;2015-07-30;20:36;2015;7;30;Não;2015-07-30;Quinta-feira
773;2015-07-31;02:45;2015;7;31;Não;2015-07-31;Sexta-feira
774;2015-07-31;07:48;2015;7;31;Não;2015-07-31;Sexta-feira
775;2015-07-31;09:23;2015;7;31;Não;2015-07-31;Sexta-feira
776;2015-07-31;15:52;2015;7;31;Não;2015-07-31;Sexta-feira
777;2015-07-15;15:31;2015;7;15;Não;2015-07-15;Quarta-feira
778;2015-07-15;15:54;2015;7;15;Não;2015-07-15;Quarta-feira
779;2015-07-01;05:40;2015;7;1;Não;2015-07-01;Quarta-feira
780;2015-07-01;09:05;2015;7;1;Não;2015-07-01;Quarta-feira
781;2015-07-03;12:43;2015;7;3;Não;2015-07-03;Sexta-feira
782;2015-07-04;07:40;2015;7;4;Sim;2015-07-04;Sábado
783;2015-07-04;22:45;2015;7;4;Sim;2015-07-04;Sábado
784;2015-07-06;19:45;2015;7;6;Não;2015-07-06;Segunda-feira
785;2015-07-01;13:50;2015;7;1;Não;2015-07-01;Quarta-feira
786;2015-07-01;15:50;2015;7;1;Não;2015-07-01;Quarta-feira
787;2015-07-02;17:18;2015;7;2;Não;2015-07-02;Quinta-feira
788;2015-07-02;21:07;2015;7;2;Não;2015-07-02;Quinta-feira
789;2015-07-04;12:12;2015;7;4;Sim;2015-07-04;Sábado
790;2015-07-04;13:26;2015;7;4;Sim;2015-07-04;Sábado
791;2015-07-05;18:03;2015;7;5;Sim;2015-07-05;Domingo
792;2015-07-06;14:07;2015;7;6;Não;2015-07-06;Segunda-feira
793;2015-07-08;10:51;2015;7;8;Não;2015-07-08;Quarta-feira
794;2015-07-01;12:56;2015;7;1;Não;2015-07-01;Quarta-feira
795;2015-07-09;07:08;2015;7;9;Não;2015-07-09;Quinta-feira
796;2015-07-10;13:03;2015;7;10;Não;2015-07-10;Sexta-feira
797;2015-07-10;16:56;2015;7;10;Não;2015-07-10;Sexta-feira
798;2015-07-10;23:41;2015;7;10;Não;2015-07-10;Sexta-feira
799;2015-07-13;09:45;2015;7;13;Não;2015-07-13;Segunda-feira
800;2015-07-13;18:10;2015;7;13;Não;2015-07-13;Segunda-feira
801;2015-07-14;09:24;2015;7;14;Não;2015-07-14;Terça-feira
802;2015-07-15;16:03;2015;7;15;Não;2015-07-15;Quarta-feira
803;2015-07-16;10:48;2015;7;16;Não;2015-07-16;Quinta-feira
804;2015-07-17;09:34;2015;7;17;Não;2015-07-17;Sexta-feira
805;2015-07-17;12:28;2015;7;17;Não;2015-07-17;Sexta-feira
806;2015-07-17;16:28;2015;7;17;Não;2015-07-17;Sexta-feira
807;2015-07-19;23:40;2015;7;19;Sim;2015-07-19;Domingo
808;2015-07-20;09:07;2015;7;20;Não;2015-07-20;Segunda-feira
809;2015-07-21;07:55;2015;7;21;Não;2015-07-21;Terça-feira
810;2015-07-22;13:33;2015;7;22;Não;2015-07-22;Quarta-feira
811;2015-07-22;21:56;2015;7;22;Não;2015-07-22;Quarta-feira
812;2015-07-25;13:14;2015;7;25;Sim;2015-07-25;Sábado
813;2015-07-30;21:24;2015;7;30;Não;2015-07-30;Quinta-feira
814;2015-07-31;22:24;2015;7;31;Não;2015-07-31;Sexta-feira
815;2015-06-03;11:15;2015;6;3;Não;2015-06-03;Quarta-feira
816;2015-06-04;08:58;2015;6;4;Não;2015-06-04;Quinta-feira
817;2015-06-06;00:36;2015;6;6;Sim;2015-06-06;Sábado
818;2015-06-06;03:40;2015;6;6;Sim;2015-06-06;Sábado
819;2015-06-06;04:38;2015;6;6;Sim;2015-06-06;Sábado
820;2015-06-07;00:45;2015;6;7;Sim;2015-06-07;Domingo
821;2015-06-07;09:02;2015;6;7;Sim;2015-06-07;Domingo
822;2015-06-07;12:12;2015;6;7;Sim;2015-06-07;Domingo
823;2015-06-12;11:01;2015;6;12;Não;2015-06-12;Sexta-feira
824;2015-06-12;16:00;2015;6;12;Não;2015-06-12;Sexta-feira
825;2015-06-13;06:15;2015;6;13;Sim;2015-06-13;Sábado
826;2015-06-13;07:13;2015;6;13;Sim;2015-06-13;Sábado
827;2015-06-17;08:45;2015;6;17;Não;2015-06-17;Quarta-feira
828;2015-06-21;00:00;2015;6;21;Sim;2015-06-21;Domingo
829;2015-06-21;00:08;2015;6;21;Sim;2015-06-21;Domingo
830;2015-06-21;03:58;2015;6;21;Sim;2015-06-21;Domingo
831;2015-06-23;10:13;2015;6;23;Não;2015-06-23;Terça-feira
832;2015-06-26;23:34;2015;6;26;Não;2015-06-26;Sexta-feira
833;2015-06-26;23:53;2015;6;26;Não;2015-06-26;Sexta-feira
834;2015-06-27;08:36;2015;6;27;Sim;2015-06-27;Sábado
835;2015-06-30;08:18;2015;6;30;Não;2015-06-30;Terça-feira
836;2015-06-09;10:15;2015;6;9;Não;2015-06-09;Terça-feira
837;2015-06-11;16:40;2015;6;11;Não;2015-06-11;Quinta-feira
838;2015-06-15;23:24;2015;6;15;Não;2015-06-15;Segunda-feira
839;2015-06-21;13:28;2015;6;21;Sim;2015-06-21;Domingo
840;2015-06-21;22:24;2015;6;21;Sim;2015-06-21;Domingo
841;2015-06-23;09:34;2015;6;23;Não;2015-06-23;Terça-feira
842;2015-06-26;20:54;2015;6;26;Não;2015-06-26;Sexta-feira
843;2015-06-27;08:54;2015;6;27;Sim;2015-06-27;Sábado
844;2015-06-01;10:30;2015;6;1;Não;2015-06-01;Segunda-feira
845;2015-06-02;21:30;2015;6;2;Não;2015-06-02;Terça-feira
846;2015-06-06;15:56;2015;6;6;Sim;2015-06-06;Sábado
847;2015-06-12;12:53;2015;6;12;Não;2015-06-12;Sexta-feira
848;2015-06-17;08:27;2015;6;17;Não;2015-06-17;Quarta-feira
849;2015-06-17;19:20;2015;6;17;Não;2015-06-17;Quarta-feira
850;2015-06-22;17:30;2015;6;22;Não;2015-06-22;Segunda-feira
851;2013-06-23;16:56;2013;6;23;Sim;2013-06-23;Domingo
852;2015-06-17;11:36;2015;6;17;Não;2015-06-17;Quarta-feira
853;2015-06-01;09:10;2015;6;1;Não;2015-06-01;Segunda-feira
854;2015-06-01;11:37;2015;6;1;Não;2015-06-01;Segunda-feira
855;2015-06-01;18:41;2015;6;1;Não;2015-06-01;Segunda-feira
856;2015-06-02;10:02;2015;6;2;Não;2015-06-02;Terça-feira
857;2015-06-02;10:48;2015;6;2;Não;2015-06-02;Terça-feira
858;2015-06-02;15:01;2015;6;2;Não;2015-06-02;Terça-feira
859;2015-06-03;07:39;2015;6;3;Não;2015-06-03;Quarta-feira
860;2015-06-03;14:25;2015;6;3;Não;2015-06-03;Quarta-feira
861;2015-06-03;17:26;2015;6;3;Não;2015-06-03;Quarta-feira
862;2015-06-03;18:03;2015;6;3;Não;2015-06-03;Quarta-feira
863;2015-06-04;11:30;2015;6;4;Não;2015-06-04;Quinta-feira
864;2015-06-04;16:26;2015;6;4;Não;2015-06-04;Quinta-feira
865;2015-06-04;21:37;2015;6;4;Não;2015-06-04;Quinta-feira
866;2012-06-05;08:09;2012;6;5;Não;2012-06-05;Terça-feira
867;2015-06-05;12:05;2015;6;5;Não;2015-06-05;Sexta-feira
868;2015-06-05;12:02;2015;6;5;Não;2015-06-05;Sexta-feira
869;2015-06-05;15:08;2015;6;5;Não;2015-06-05;Sexta-feira
870;2015-06-05;15:09;2015;6;5;Não;2015-06-05;Sexta-feira
871;2015-06-05;17:14;2015;6;5;Não;2015-06-05;Sexta-feira
872;2015-06-05;18:04;2015;6;5;Não;2015-06-05;Sexta-feira
873;2015-06-05;21:11;2015;6;5;Não;2015-06-05;Sexta-feira
874;2015-06-06;10:57;2015;6;6;Sim;2015-06-06;Sábado
875;2015-06-06;20:05;2015;6;6;Sim;2015-06-06;Sábado
876;2015-06-06;21:23;2015;6;6;Sim;2015-06-06;Sábado
877;2015-06-07;18:09;2015;6;7;Sim;2015-06-07;Domingo
878;2015-06-08;09:03;2015;6;8;Não;2015-06-08;Segunda-feira
879;2015-06-08;12:17;2015;6;8;Não;2015-06-08;Segunda-feira
880;2015-06-08;18:22;2015;6;8;Não;2015-06-08;Segunda-feira
881;2015-06-08;19:36;2015;6;8;Não;2015-06-08;Segunda-feira
882;2015-06-08;22:45;2015;6;8;Não;2015-06-08;Segunda-feira
883;2015-06-09;07:47;2015;6;9;Não;2015-06-09;Terça-feira
884;2015-06-09;08:54;2015;6;9;Não;2015-06-09;Terça-feira
885;2015-06-09;09:13;2015;6;9;Não;2015-06-09;Terça-feira
886;2015-06-09;14:25;2015;6;9;Não;2015-06-09;Terça-feira
887;2015-06-09;14:58;2015;6;9;Não;2015-06-09;Terça-feira
888;2015-06-09;19:07;2015;6;9;Não;2015-06-09;Terça-feira
889;2015-06-09;21:03;2015;6;9;Não;2015-06-09;Terça-feira
890;2015-06-09;22:33;2015;6;9;Não;2015-06-09;Terça-feira
891;2015-06-09;22:44;2015;6;9;Não;2015-06-09;Terça-feira
892;2015-06-10;09:09;2015;6;10;Não;2015-06-10;Quarta-feira
893;2015-06-10;10:14;2015;6;10;Não;2015-06-10;Quarta-feira
894;2015-06-10;21:37;2015;6;10;Não;2015-06-10;Quarta-feira
895;2015-06-11;12:05;2015;6;11;Não;2015-06-11;Quinta-feira
896;2015-06-11;14:07;2015;6;11;Não;2015-06-11;Quinta-feira
897;2015-06-11;18:55;2015;6;11;Não;2015-06-11;Quinta-feira
898;2015-06-11;19:12;2015;6;11;Não;2015-06-11;Quinta-feira
899;2015-06-11;19:27;2015;6;11;Não;2015-06-11;Quinta-feira
900;2015-06-11;21:44;2015;6;11;Não;2015-06-11;Quinta-feira
901;2015-06-12;00:38;2015;6;12;Não;2015-06-12;Sexta-feira
902;1899-12-30;09:07;1899;12;30;Sim;1899-12-30;Sábado
903;2015-06-12;10:20;2015;6;12;Não;2015-06-12;Sexta-feira
904;2015-06-11;01:33;2015;6;11;Não;2015-06-11;Quinta-feira
905;2015-06-11;06:30;2015;6;11;Não;2015-06-11;Quinta-feira
906;2015-06-11;13:03;2015;6;11;Não;2015-06-11;Quinta-feira
907;2015-06-11;13:08;2015;6;11;Não;2015-06-11;Quinta-feira
908;2015-06-12;12:19;2015;6;12;Não;2015-06-12;Sexta-feira
909;2015-06-12;20:53;2015;6;12;Não;2015-06-12;Sexta-feira
910;2015-06-12;21:35;2015;6;12;Não;2015-06-12;Sexta-feira
911;2015-06-13;07:37;2015;6;13;Sim;2015-06-13;Sábado
912;2015-06-13;13:13;2015;6;13;Sim;2015-06-13;Sábado
913;2015-06-13;17:59;2015;6;13;Sim;2015-06-13;Sábado
914;2015-06-13;21:35;2015;6;13;Sim;2015-06-13;Sábado
915;2015-06-13;23:18;2015;6;13;Sim;2015-06-13;Sábado
916;2015-06-14;13:52;2015;6;14;Sim;2015-06-14;Domingo
917;2015-06-14;22:49;2015;6;14;Sim;2015-06-14;Domingo
918;2015-06-15;07:02;2015;6;15;Não;2015-06-15;Segunda-feira
919;2015-06-15;07:35;2015;6;15;Não;2015-06-15;Segunda-feira
920;2015-06-15;09:25;2015;6;15;Não;2015-06-15;Segunda-feira
921;2015-06-15;10:08;2015;6;15;Não;2015-06-15;Segunda-feira
922;2015-06-15;11:42;2015;6;15;Não;2015-06-15;Segunda-feira
923;2015-06-15;14:21;2015;6;15;Não;2015-06-15;Segunda-feira
924;2015-06-15;14:45;2015;6;15;Não;2015-06-15;Segunda-feira
925;2015-06-15;16:17;2015;6;15;Não;2015-06-15;Segunda-feira
926;2015-06-15;16:44;2015;6;15;Não;2015-06-15;Segunda-feira
927;2015-06-15;17:25;2015;6;15;Não;2015-06-15;Segunda-feira
928;2015-06-15;22:10;2015;6;15;Não;2015-06-15;Segunda-feira
929;2015-06-15;22:38;2015;6;15;Não;2015-06-15;Segunda-feira
930;2015-06-15;23:18;2015;6;15;Não;2015-06-15;Segunda-feira
931;2015-06-15;23:59;2015;6;15;Não;2015-06-15;Segunda-feira
932;2015-06-17;14:45;2015;6;17;Não;2015-06-17;Quarta-feira
933;2015-06-17;17:20;2015;6;17;Não;2015-06-17;Quarta-feira
934;2015-06-18;07:27;2015;6;18;Não;2015-06-18;Quinta-feira
935;2015-06-18;07:54;2015;6;18;Não;2015-06-18;Quinta-feira
936;2015-06-18;07:56;2015;6;18;Não;2015-06-18;Quinta-feira
937;2015-06-18;09:48;2015;6;18;Não;2015-06-18;Quinta-feira
938;2015-06-18;14:14;2015;6;18;Não;2015-06-18;Quinta-feira
939;2015-06-18;14:25;2015;6;18;Não;2015-06-18;Quinta-feira
940;2015-06-18;16:03;2015;6;18;Não;2015-06-18;Quinta-feira
941;2015-06-19;08:17;2015;6;19;Não;2015-06-19;Sexta-feira
942;2015-06-19;12:25;2015;6;19;Não;2015-06-19;Sexta-feira
943;2015-06-19;19:11;2015;6;19;Não;2015-06-19;Sexta-feira
944;2015-06-19;23:00;2015;6;19;Não;2015-06-19;Sexta-feira
945;2015-06-20;04:43;2015;6;20;Sim;2015-06-20;Sábado
946;2015-06-20;05:43;2015;6;20;Sim;2015-06-20;Sábado
947;2015-06-20;11:00;2015;6;20;Sim;2015-06-20;Sábado
948;2015-06-20;17:07;2015;6;20;Sim;2015-06-20;Sábado
949;2015-06-20;22:00;2015;6;20;Sim;2015-06-20;Sábado
950;2015-06-21;03:47;2015;6;21;Sim;2015-06-21;Domingo
951;2015-06-21;09:41;2015;6;21;Sim;2015-06-21;Domingo
952;2015-06-22;01:01;2015;6;22;Não;2015-06-22;Segunda-feira
953;2015-06-22;06:29;2015;6;22;Não;2015-06-22;Segunda-feira
954;2015-06-22;08:37;2015;6;22;Não;2015-06-22;Segunda-feira
955;2015-06-22;14:26;2015;6;22;Não;2015-06-22;Segunda-feira
956;2015-06-22;16:00;2015;6;22;Não;2015-06-22;Segunda-feira
957;2015-06-22;18:08;2015;6;22;Não;2015-06-22;Segunda-feira
958;2015-06-23;02:23;2015;6;23;Não;2015-06-23;Terça-feira
959;2015-06-23;09:04;2015;6;23;Não;2015-06-23;Terça-feira
960;2015-06-23;15:55;2015;6;23;Não;2015-06-23;Terça-feira
961;2015-06-23;19:32;2015;6;23;Não;2015-06-23;Terça-feira
962;2015-06-24;02:22;2015;6;24;Não;2015-06-24;Quarta-feira
963;2014-06-24;13:41;2014;6;24;Não;2014-06-24;Terça-feira
964;2015-06-24;17:56;2015;6;24;Não;2015-06-24;Quarta-feira
965;2015-06-25;04:43;2015;6;25;Não;2015-06-25;Quinta-feira
966;2015-06-25;08:20;2015;6;25;Não;2015-06-25;Quinta-feira
967;2015-06-25;12:35;2015;6;25;Não;2015-06-25;Quinta-feira
968;2015-06-25;14:54;2015;6;25;Não;2015-06-25;Quinta-feira
969;2015-06-25;18:59;2015;6;25;Não;2015-06-25;Quinta-feira
970;2015-06-04;08:10;2015;6;4;Não;2015-06-04;Quinta-feira
971;2015-06-25;20:20;2015;6;25;Não;2015-06-25;Quinta-feira
972;2015-06-25;21:41;2015;6;25;Não;2015-06-25;Quinta-feira
973;2015-06-26;19:37;2015;6;26;Não;2015-06-26;Sexta-feira
974;2015-06-27;08:49;2015;6;27;Sim;2015-06-27;Sábado
975;2015-06-27;19:25;2015;6;27;Sim;2015-06-27;Sábado
976;2015-06-28;12:35;2015;6;28;Sim;2015-06-28;Domingo
977;2015-06-29;08:10;2015;6;29;Não;2015-06-29;Segunda-feira
978;2015-06-29;09:15;2015;6;29;Não;2015-06-29;Segunda-feira
979;2015-06-29;15:14;2015;6;29;Não;2015-06-29;Segunda-feira
980;2015-06-29;16:10;2015;6;29;Não;2015-06-29;Segunda-feira
981;2015-06-30;10:37;2015;6;30;Não;2015-06-30;Terça-feira
982;2015-06-30;13:59;2015;6;30;Não;2015-06-30;Terça-feira
983;2015-06-30;16:25;2015;6;30;Não;2015-06-30;Terça-feira
984;2015-06-30;19:30;2015;6;30;Não;2015-06-30;Terça-feira
985;2015-06-18;16:04;2015;6;18;Não;2015-06-18;Quinta-feira
986;2015-06-13;10:10;2015;6;13;Sim;2015-06-13;Sábado
987;2015-06-05;15:47;2015;6;5;Não;2015-06-05;Sexta-feira
988;2015-06-01;15:50;2015;6;1;Não;2015-06-01;Segunda-feira
989;2015-06-02;07:46;2015;6;2;Não;2015-06-02;Terça-feira
990;2015-06-02;09:35;2015;6;2;Não;2015-06-02;Terça-feira
991;2015-06-02;09:38;2015;6;2;Não;2015-06-02;Terça-feira
992;2015-06-05;16:45;2015;6;5;Não;2015-06-05;Sexta-feira
993;2015-06-06;21:02;2015;6;6;Sim;2015-06-06;Sábado
994;2015-06-06;22:03;2015;6;6;Sim;2015-06-06;Sábado
995;2015-06-07;21:46;2015;6;7;Sim;2015-06-07;Domingo
996;2015-06-08;07:54;2015;6;8;Não;2015-06-08;Segunda-feira
997;2015-06-08;08:56;2015;6;8;Não;2015-06-08;Segunda-feira
998;2015-06-08;15:09;2015;6;8;Não;2015-06-08;Segunda-feira
999;2015-06-08;18:43;2015;6;8;Não;2015-06-08;Segunda-feira
1000;2015-06-09;07:03;2015;6;9;Não;2015-06-09;Terça-feira
1001;2015-06-16;07:03;2015;6;16;Não;2015-06-16;Terça-feira
1002;2015-06-16;21:53;2015;6;16;Não;2015-06-16;Terça-feira
1003;2015-06-22;21:52;2015;6;22;Não;2015-06-22;Segunda-feira
1004;2015-06-23;13:54;2015;6;23;Não;2015-06-23;Terça-feira
1005;2015-06-25;17:51;2015;6;25;Não;2015-06-25;Quinta-feira
1006;2015-06-28;08:28;2015;6;28;Sim;2015-06-28;Domingo
1007;2015-11-04;00:41;2015;11;4;Não;2015-11-04;Quarta-feira
1008;2015-11-09;13:17;2015;11;9;Não;2015-11-09;Segunda-feira
1009;2015-11-13;23:13;2015;11;13;Não;2015-11-13;Sexta-feira
1010;2015-11-15;11:40;2015;11;15;Sim;2015-11-15;Domingo
1011;2015-11-15;15:33;2015;11;15;Sim;2015-11-15;Domingo
1012;2015-11-17;08:55;2015;11;17;Não;2015-11-17;Terça-feira
1013;2015-11-18;14:05;2015;11;18;Não;2015-11-18;Quarta-feira
1014;2015-11-20;01:31;2015;11;20;Não;2015-11-20;Sexta-feira
1015;2015-11-21;12:17;2015;11;21;Sim;2015-11-21;Sábado
1016;2015-11-22;04:51;2015;11;22;Sim;2015-11-22;Domingo
1017;2015-11-22;18:02;2015;11;22;Sim;2015-11-22;Domingo
1018;2015-11-24;10:28;2015;11;24;Não;2015-11-24;Terça-feira
1019;2015-11-24;17:43;2015;11;24;Não;2015-11-24;Terça-feira
1020;2015-11-28;06:33;2015;11;28;Sim;2015-11-28;Sábado
1021;2015-11-28;09:13;2015;11;28;Sim;2015-11-28;Sábado
1022;2015-11-29;05:41;2015;11;29;Sim;2015-11-29;Domingo
1023;2015-11-05;19:56;2015;11;5;Não;2015-11-05;Quinta-feira
1024;2015-11-06;09:45;2015;11;6;Não;2015-11-06;Sexta-feira
1025;2015-11-06;10:02;2015;11;6;Não;2015-11-06;Sexta-feira
1026;2015-11-09;07:05;2015;11;9;Não;2015-11-09;Segunda-feira
1027;2015-11-14;10:56;2015;11;14;Sim;2015-11-14;Sábado
1028;2015-11-16;19:09;2015;11;16;Não;2015-11-16;Segunda-feira
1029;2015-11-17;06:33;2015;11;17;Não;2015-11-17;Terça-feira
1030;2015-11-17;15:21;2015;11;17;Não;2015-11-17;Terça-feira
1031;2015-11-19;14:01;2015;11;19;Não;2015-11-19;Quinta-feira
1032;2015-11-22;23:01;2015;11;22;Sim;2015-11-22;Domingo
1033;2015-11-24;21:50;2015;11;24;Não;2015-11-24;Terça-feira
1034;2015-11-24;21:55;2015;11;24;Não;2015-11-24;Terça-feira
1035;2015-11-26;13:00;2015;11;26;Não;2015-11-26;Quinta-feira
1036;2015-11-03;20:41;2015;11;3;Não;2015-11-03;Terça-feira
1037;2015-11-04;20:45;2015;11;4;Não;2015-11-04;Quarta-feira
1038;2015-11-07;19:16;2015;11;7;Sim;2015-11-07;Sábado
1039;2015-11-17;18:05;2015;11;17;Não;2015-11-17;Terça-feira
1040;2015-11-25;10:29;2015;11;25;Não;2015-11-25;Quarta-feira
1041;2015-11-01;07:47;2015;11;1;Sim;2015-11-01;Domingo
1042;2015-11-01;13:18;2015;11;1;Sim;2015-11-01;Domingo
1043;2015-11-01;22:08;2015;11;1;Sim;2015-11-01;Domingo
1044;2015-11-03;06:48;2015;11;3;Não;2015-11-03;Terça-feira
1045;2015-11-03;08:16;2015;11;3;Não;2015-11-03;Terça-feira
1046;2015-11-03;08:34;2015;11;3;Não;2015-11-03;Terça-feira
1047;2015-11-03;14:34;2015;11;3;Não;2015-11-03;Terça-feira
1048;2015-11-03;18:05;2015;11;3;Não;2015-11-03;Terça-feira
1049;2015-11-04;07:09;2015;11;4;Não;2015-11-04;Quarta-feira
1050;2015-11-04;07:52;2015;11;4;Não;2015-11-04;Quarta-feira
1051;2015-11-04;14:36;2015;11;4;Não;2015-11-04;Quarta-feira
1052;2015-11-04;16:18;2015;11;4;Não;2015-11-04;Quarta-feira
1053;2015-11-05;09:28;2015;11;5;Não;2015-11-05;Quinta-feira
1054;2015-11-05;12:14;2015;11;5;Não;2015-11-05;Quinta-feira
1055;2015-11-05;13:02;2015;11;5;Não;2015-11-05;Quinta-feira
1056;2015-11-05;19:57;2015;11;5;Não;2015-11-05;Quinta-feira
1057;2015-11-05;21:17;2015;11;5;Não;2015-11-05;Quinta-feira
1058;2015-11-05;23:38;2015;11;5;Não;2015-11-05;Quinta-feira
1059;2015-11-06;08:39;2015;11;6;Não;2015-11-06;Sexta-feira
1060;2015-11-06;10:23;2015;11;6;Não;2015-11-06;Sexta-feira
1061;2015-11-06;15:27;2015;11;6;Não;2015-11-06;Sexta-feira
1062;2015-11-06;20:19;2015;11;6;Não;2015-11-06;Sexta-feira
1063;2015-11-07;06:52;2015;11;7;Sim;2015-11-07;Sábado
1064;2015-11-07;07:41;2015;11;7;Sim;2015-11-07;Sábado
1065;2015-11-08;13:45;2015;11;8;Sim;2015-11-08;Domingo
1066;2015-11-08;14:00;2015;11;8;Sim;2015-11-08;Domingo
1067;2015-11-08;21:39;2015;11;8;Sim;2015-11-08;Domingo
1068;2015-11-09;01:34;2015;11;9;Não;2015-11-09;Segunda-feira
1069;2015-11-09;10:45;2015;11;9;Não;2015-11-09;Segunda-feira
1070;2015-11-09;11:09;2015;11;9;Não;2015-11-09;Segunda-feira
1071;2015-11-09;14:24;2015;11;9;Não;2015-11-09;Segunda-feira
1072;2015-11-09;14:52;2015;11;9;Não;2015-11-09;Segunda-feira
1073;2015-11-09;17:18;2015;11;9;Não;2015-11-09;Segunda-feira
1074;2015-11-09;19:16;2015;11;9;Não;2015-11-09;Segunda-feira
1075;2015-11-09;21:22;2015;11;9;Não;2015-11-09;Segunda-feira
1076;2015-11-09;22:01;2015;11;9;Não;2015-11-09;Segunda-feira
1077;2015-11-10;06:18;2015;11;10;Não;2015-11-10;Terça-feira
1078;2015-11-10;07:22;2015;11;10;Não;2015-11-10;Terça-feira
1079;2015-11-10;08:44;2015;11;10;Não;2015-11-10;Terça-feira
1080;2015-11-10;09:55;2015;11;10;Não;2015-11-10;Terça-feira
1081;2015-11-10;15:51;2015;11;10;Não;2015-11-10;Terça-feira
1082;2015-11-10;18:02;2015;11;10;Não;2015-11-10;Terça-feira
1083;2015-11-10;19:00;2015;11;10;Não;2015-11-10;Terça-feira
1084;2015-11-10;23:12;2015;11;10;Não;2015-11-10;Terça-feira
1085;2015-11-11;14:23;2015;11;11;Não;2015-11-11;Quarta-feira
1086;2015-11-11;14:54;2015;11;11;Não;2015-11-11;Quarta-feira
1087;2015-11-11;15:36;2015;11;11;Não;2015-11-11;Quarta-feira
1088;2015-11-11;15:38;2015;11;11;Não;2015-11-11;Quarta-feira
1089;2015-11-11;15:59;2015;11;11;Não;2015-11-11;Quarta-feira
1090;2015-11-11;19:30;2015;11;11;Não;2015-11-11;Quarta-feira
1091;2015-11-11;19:33;2015;11;11;Não;2015-11-11;Quarta-feira
1092;2015-11-12;20:59;2015;11;12;Não;2015-11-12;Quinta-feira
1093;2015-11-13;07:02;2015;11;13;Não;2015-11-13;Sexta-feira
1094;2015-11-13;07:49;2015;11;13;Não;2015-11-13;Sexta-feira
1095;2015-11-13;08:01;2015;11;13;Não;2015-11-13;Sexta-feira
1096;2015-11-13;08:04;2015;11;13;Não;2015-11-13;Sexta-feira
1097;2015-11-13;08:08;2015;11;13;Não;2015-11-13;Sexta-feira
1098;2015-11-13;08:39;2015;11;13;Não;2015-11-13;Sexta-feira
1099;2015-11-13;14:11;2015;11;13;Não;2015-11-13;Sexta-feira
1100;2015-11-13;16:23;2015;11;13;Não;2015-11-13;Sexta-feira
1101;2015-11-13;18:24;2015;11;13;Não;2015-11-13;Sexta-feira
1102;2015-11-13;19:29;2015;11;13;Não;2015-11-13;Sexta-feira
1103;2015-11-14;05:20;2015;11;14;Sim;2015-11-14;Sábado
1104;2015-11-14;09:30;2015;11;14;Sim;2015-11-14;Sábado
1105;2015-11-14;09:46;2015;11;14;Sim;2015-11-14;Sábado
1106;2015-11-14;15:32;2015;11;14;Sim;2015-11-14;Sábado
1107;2015-11-14;20:51;2015;11;14;Sim;2015-11-14;Sábado
1108;2015-11-14;21:18;2015;11;14;Sim;2015-11-14;Sábado
1109;2015-11-15;00:54;2015;11;15;Sim;2015-11-15;Domingo
1110;2015-11-15;20:37;2015;11;15;Sim;2015-11-15;Domingo
1111;2015-11-16;11:55;2015;11;16;Não;2015-11-16;Segunda-feira
1112;2015-11-16;14:08;2015;11;16;Não;2015-11-16;Segunda-feira
1113;2015-11-16;16:00;2015;11;16;Não;2015-11-16;Segunda-feira
1114;2015-11-16;17:37;2015;11;16;Não;2015-11-16;Segunda-feira
1115;2015-11-17;08:20;2015;11;17;Não;2015-11-17;Terça-feira
1116;2015-11-17;08:24;2015;11;17;Não;2015-11-17;Terça-feira
1117;2015-11-17;09:34;2015;11;17;Não;2015-11-17;Terça-feira
1118;2015-11-17;17:10;2015;11;17;Não;2015-11-17;Terça-feira
1119;2015-11-17;17:12;2015;11;17;Não;2015-11-17;Terça-feira
1120;2015-11-17;20:53;2015;11;17;Não;2015-11-17;Terça-feira
1121;2015-11-18;10:42;2015;11;18;Não;2015-11-18;Quarta-feira
1122;2015-11-19;07:10;2015;11;19;Não;2015-11-19;Quinta-feira
1123;2015-11-19;12:28;2015;11;19;Não;2015-11-19;Quinta-feira
1124;2015-11-19;14:02;2015;11;19;Não;2015-11-19;Quinta-feira
1125;2015-11-19;17:15;2015;11;19;Não;2015-11-19;Quinta-feira
1126;2015-11-19;21:45;2015;11;19;Não;2015-11-19;Quinta-feira
1127;2015-11-19;22:02;2015;11;19;Não;2015-11-19;Quinta-feira
1128;2015-11-20;07:49;2015;11;20;Não;2015-11-20;Sexta-feira
1129;2015-11-20;11:30;2015;11;20;Não;2015-11-20;Sexta-feira
1130;2015-11-20;14:26;2015;11;20;Não;2015-11-20;Sexta-feira
1131;2015-11-21;09:18;2015;11;21;Sim;2015-11-21;Sábado
1132;2015-11-21;14:37;2015;11;21;Sim;2015-11-21;Sábado
1133;2015-11-21;21:05;2015;11;21;Sim;2015-11-21;Sábado
1134;2015-11-22;01:13;2015;11;22;Sim;2015-11-22;Domingo
1135;2015-11-22;13:06;2015;11;22;Sim;2015-11-22;Domingo
1136;2015-11-22;21:08;2015;11;22;Sim;2015-11-22;Domingo
1137;2015-11-22;21:47;2015;11;22;Sim;2015-11-22;Domingo
1138;2015-11-22;22:30;2015;11;22;Sim;2015-11-22;Domingo
1139;2015-11-23;07:55;2015;11;23;Não;2015-11-23;Segunda-feira
1140;2015-11-23;08:54;2015;11;23;Não;2015-11-23;Segunda-feira
1141;2015-11-23;14:31;2015;11;23;Não;2015-11-23;Segunda-feira
1142;2015-11-23;22:59;2015;11;23;Não;2015-11-23;Segunda-feira
1143;2015-11-24;07:19;2015;11;24;Não;2015-11-24;Terça-feira
1144;2015-11-24;10:40;2015;11;24;Não;2015-11-24;Terça-feira
1145;2015-11-24;18:41;2015;11;24;Não;2015-11-24;Terça-feira
1146;2015-11-24;20:06;2015;11;24;Não;2015-11-24;Terça-feira
1147;2015-11-25;09:37;2015;11;25;Não;2015-11-25;Quarta-feira
1148;2015-11-25;12:09;2015;11;25;Não;2015-11-25;Quarta-feira
1149;2015-11-25;14:55;2015;11;25;Não;2015-11-25;Quarta-feira
1150;2015-11-25;17:53;2015;11;25;Não;2015-11-25;Quarta-feira
1151;2015-11-25;20:02;2015;11;25;Não;2015-11-25;Quarta-feira
1152;2015-11-25;21:51;2015;11;25;Não;2015-11-25;Quarta-feira
1153;2015-11-25;22:05;2015;11;25;Não;2015-11-25;Quarta-feira
1154;2015-11-26;10:00;2015;11;26;Não;2015-11-26;Quinta-feira
1155;2015-11-26;11:24;2015;11;26;Não;2015-11-26;Quinta-feira
1156;2015-11-26;17:24;2015;11;26;Não;2015-11-26;Quinta-feira
1157;2015-11-26;17:32;2015;11;26;Não;2015-11-26;Quinta-feira
1158;2015-11-27;12:34;2015;11;27;Não;2015-11-27;Sexta-feira
1159;2015-11-27;18:39;2015;11;27;Não;2015-11-27;Sexta-feira
1160;2015-11-27;19:46;2015;11;27;Não;2015-11-27;Sexta-feira
1161;2015-11-27;20:34;2015;11;27;Não;2015-11-27;Sexta-feira
1162;2015-11-28;06:15;2015;11;28;Sim;2015-11-28;Sábado
1163;2015-11-28;22:44;2015;11;28;Sim;2015-11-28;Sábado
1164;2015-11-29;06:29;2015;11;29;Sim;2015-11-29;Domingo
1165;2015-11-29;08:26;2015;11;29;Sim;2015-11-29;Domingo
1166;2015-11-29;10:03;2015;11;29;Sim;2015-11-29;Domingo
1167;2015-11-29;12:37;2015;11;29;Sim;2015-11-29;Domingo
1168;2015-11-29;23:08;2015;11;29;Sim;2015-11-29;Domingo
1169;2015-11-30;07:27;2015;11;30;Não;2015-11-30;Segunda-feira
1170;2015-11-30;20:09;2015;11;30;Não;2015-11-30;Segunda-feira
1171;2015-11-30;21:15;2015;11;30;Não;2015-11-30;Segunda-feira
1172;2015-11-30;21:22;2015;11;30;Não;2015-11-30;Segunda-feira
1173;2015-11-03;23:52;2015;11;3;Não;2015-11-03;Terça-feira
1174;2015-11-04;06:17;2015;11;4;Não;2015-11-04;Quarta-feira
1175;2015-11-23;06:33;2015;11;23;Não;2015-11-23;Segunda-feira
1176;2015-11-24;23:20;2015;11;24;Não;2015-11-24;Terça-feira
1177;2015-11-01;05:17;2015;11;1;Sim;2015-11-01;Domingo
1178;2015-11-02;19:30;2015;11;2;Não;2015-11-02;Segunda-feira
1179;2015-11-03;09:34;2015;11;3;Não;2015-11-03;Terça-feira
1180;2015-11-04;16:07;2015;11;4;Não;2015-11-04;Quarta-feira
1181;2015-11-06;14:06;2015;11;6;Não;2015-11-06;Sexta-feira
1182;2015-11-06;15:18;2015;11;6;Não;2015-11-06;Sexta-feira
1183;2015-11-09;08:34;2015;11;9;Não;2015-11-09;Segunda-feira
1184;2015-11-12;19:26;2015;11;12;Não;2015-11-12;Quinta-feira
1185;2015-11-14;14:30;2015;11;14;Sim;2015-11-14;Sábado
1186;2015-11-15;16:38;2015;11;15;Sim;2015-11-15;Domingo
1187;2015-11-17;10:02;2015;11;17;Não;2015-11-17;Terça-feira
1188;2015-11-18;11:04;2015;11;18;Não;2015-11-18;Quarta-feira
1189;2015-11-19;07:42;2015;11;19;Não;2015-11-19;Quinta-feira
1190;2015-11-20;20:20;2015;11;20;Não;2015-11-20;Sexta-feira
1191;2015-11-21;21:04;2015;11;21;Sim;2015-11-21;Sábado
1192;2015-11-24;10:46;2015;11;24;Não;2015-11-24;Terça-feira
1193;2015-11-27;08:40;2015;11;27;Não;2015-11-27;Sexta-feira
1194;2015-11-27;13:58;2015;11;27;Não;2015-11-27;Sexta-feira
1195;2015-11-27;18:46;2015;11;27;Não;2015-11-27;Sexta-feira
1196;2015-11-28;09:18;2015;11;28;Sim;2015-11-28;Sábado
1197;2015-11-28;17:26;2015;11;28;Sim;2015-11-28;Sábado
1198;2015-11-30;17:03;2015;11;30;Não;2015-11-30;Segunda-feira
1199;2015-10-04;02:03;2015;10;4;Sim;2015-10-04;Domingo
1200;2015-10-05;20:39;2015;10;5;Não;2015-10-05;Segunda-feira
1201;2015-10-08;07:56;2015;10;8;Não;2015-10-08;Quinta-feira
1202;2015-10-08;14:29;2015;10;8;Não;2015-10-08;Quinta-feira
1203;2015-10-08;16:52;2015;10;8;Não;2015-10-08;Quinta-feira
1204;2015-10-09;21:24;2015;10;9;Não;2015-10-09;Sexta-feira
1205;2015-10-10;03:28;2015;10;10;Sim;2015-10-10;Sábado
1206;2015-10-10;14:00;2015;10;10;Sim;2015-10-10;Sábado
1207;2015-10-11;03:09;2015;10;11;Sim;2015-10-11;Domingo
1208;2015-10-13;09:26;2015;10;13;Não;2015-10-13;Terça-feira
1209;2015-10-18;01:08;2015;10;18;Sim;2015-10-18;Domingo
1210;2015-10-19;22:42;2015;10;19;Não;2015-10-19;Segunda-feira
1211;2015-10-22;08:07;2015;10;22;Não;2015-10-22;Quinta-feira
1212;2015-10-22;21:02;2015;10;22;Não;2015-10-22;Quinta-feira
1213;2015-10-23;10:43;2015;10;23;Não;2015-10-23;Sexta-feira
1214;2015-10-24;23:31;2015;10;24;Sim;2015-10-24;Sábado
1215;2015-10-26;04:16;2015;10;26;Não;2015-10-26;Segunda-feira
1216;2015-10-27;10:00;2015;10;27;Não;2015-10-27;Terça-feira
1217;2015-10-28;15:14;2015;10;28;Não;2015-10-28;Quarta-feira
1218;2015-10-02;19:31;2015;10;2;Não;2015-10-02;Sexta-feira
1219;2015-10-09;17:33;2015;10;9;Não;2015-10-09;Sexta-feira
1220;2015-10-17;20:29;2015;10;17;Sim;2015-10-17;Sábado
1221;2015-10-20;14:56;2015;10;20;Não;2015-10-20;Terça-feira
1222;2015-10-29;17:30;2015;10;29;Não;2015-10-29;Quinta-feira
1223;2015-10-30;18:32;2015;10;30;Não;2015-10-30;Sexta-feira
1224;2015-10-01;22:14;2015;10;1;Não;2015-10-01;Quinta-feira
1225;2015-10-02;16:33;2015;10;2;Não;2015-10-02;Sexta-feira
1226;2015-10-04;19:49;2015;10;4;Sim;2015-10-04;Domingo
1227;2015-10-06;21:35;2015;10;6;Não;2015-10-06;Terça-feira
1228;2015-10-16;15:24;2015;10;16;Não;2015-10-16;Sexta-feira
1229;2015-10-18;00:59;2015;10;18;Sim;2015-10-18;Domingo
1230;2015-10-18;16:10;2015;10;18;Sim;2015-10-18;Domingo
1231;2015-10-01;09:30;2015;10;1;Não;2015-10-01;Quinta-feira
1232;2015-10-01;15:41;2015;10;1;Não;2015-10-01;Quinta-feira
1233;2015-10-01;18:36;2015;10;1;Não;2015-10-01;Quinta-feira
1234;2015-10-02;07:12;2015;10;2;Não;2015-10-02;Sexta-feira
1235;2015-10-02;01:34;2015;10;2;Não;2015-10-02;Sexta-feira
1236;2015-10-02;07:04;2015;10;2;Não;2015-10-02;Sexta-feira
1237;2015-10-02;08:48;2015;10;2;Não;2015-10-02;Sexta-feira
1238;2015-10-02;08:53;2015;10;2;Não;2015-10-02;Sexta-feira
1239;2015-10-02;12:10;2015;10;2;Não;2015-10-02;Sexta-feira
1240;2015-10-02;13:30;2015;10;2;Não;2015-10-02;Sexta-feira
1241;2015-10-02;13:32;2015;10;2;Não;2015-10-02;Sexta-feira
1242;2015-10-02;15:17;2015;10;2;Não;2015-10-02;Sexta-feira
1243;2015-10-02;16:32;2015;10;2;Não;2015-10-02;Sexta-feira
1244;2015-10-02;16:53;2015;10;2;Não;2015-10-02;Sexta-feira
1245;2015-10-02;17:58;2015;10;2;Não;2015-10-02;Sexta-feira
1246;2015-10-02;21:42;2015;10;2;Não;2015-10-02;Sexta-feira
1247;2015-10-03;07:19;2015;10;3;Sim;2015-10-03;Sábado
1248;2015-10-03;08:56;2015;10;3;Sim;2015-10-03;Sábado
1249;2015-10-03;11:32;2015;10;3;Sim;2015-10-03;Sábado
1250;2015-10-03;12:13;2015;10;3;Sim;2015-10-03;Sábado
1251;2015-10-03;13:12;2015;10;3;Sim;2015-10-03;Sábado
1252;2015-10-03;21:45;2015;10;3;Sim;2015-10-03;Sábado
1253;2015-10-04;13:24;2015;10;4;Sim;2015-10-04;Domingo
1254;2015-10-04;21:17;2015;10;4;Sim;2015-10-04;Domingo
1255;2015-10-04;22:27;2015;10;4;Sim;2015-10-04;Domingo
1256;2015-10-05;09:09;2015;10;5;Não;2015-10-05;Segunda-feira
1257;2015-10-05;18:56;2015;10;5;Não;2015-10-05;Segunda-feira
1258;2015-10-06;10:23;2015;10;6;Não;2015-10-06;Terça-feira
1259;2015-10-06;12:29;2015;10;6;Não;2015-10-06;Terça-feira
1260;2015-10-06;15:57;2015;10;6;Não;2015-10-06;Terça-feira
1261;2015-10-06;17:39;2015;10;6;Não;2015-10-06;Terça-feira
1262;2015-10-06;19:33;2015;10;6;Não;2015-10-06;Terça-feira
1263;2015-10-07;08:51;2015;10;7;Não;2015-10-07;Quarta-feira
1264;2015-10-07;12:10;2015;10;7;Não;2015-10-07;Quarta-feira
1265;2015-10-07;17:26;2015;10;7;Não;2015-10-07;Quarta-feira
1266;2015-10-07;19:37;2015;10;7;Não;2015-10-07;Quarta-feira
1267;2015-10-07;20:21;2015;10;7;Não;2015-10-07;Quarta-feira
1268;2015-10-08;08:14;2015;10;8;Não;2015-10-08;Quinta-feira
1269;2015-10-08;14:11;2015;10;8;Não;2015-10-08;Quinta-feira
1270;2015-10-08;16:39;2015;10;8;Não;2015-10-08;Quinta-feira
1271;2015-10-08;19:35;2015;10;8;Não;2015-10-08;Quinta-feira
1272;2015-10-08;19:54;2015;10;8;Não;2015-10-08;Quinta-feira
1273;2015-10-08;20:32;2015;10;8;Não;2015-10-08;Quinta-feira
1274;2015-10-08;20:39;2015;10;8;Não;2015-10-08;Quinta-feira
1275;2015-10-08;20:43;2015;10;8;Não;2015-10-08;Quinta-feira
1276;2015-10-08;23:55;2015;10;8;Não;2015-10-08;Quinta-feira
1277;2015-10-09;09:03;2015;10;9;Não;2015-10-09;Sexta-feira
1278;2015-10-09;12:16;2015;10;9;Não;2015-10-09;Sexta-feira
1279;2015-10-09;13:41;2015;10;9;Não;2015-10-09;Sexta-feira
1280;2015-10-09;16:59;2015;10;9;Não;2015-10-09;Sexta-feira
1281;2015-10-09;19:15;2015;10;9;Não;2015-10-09;Sexta-feira
1282;2015-10-09;22:56;2015;10;9;Não;2015-10-09;Sexta-feira
1283;2015-10-10;08:54;2015;10;10;Sim;2015-10-10;Sábado
1284;2015-10-10;08:57;2015;10;10;Sim;2015-10-10;Sábado
1285;2015-10-10;11:38;2015;10;10;Sim;2015-10-10;Sábado
1286;2015-10-10;14:04;2015;10;10;Sim;2015-10-10;Sábado
1287;2015-10-11;05:39;2015;10;11;Sim;2015-10-11;Domingo
1288;2015-10-11;06:54;2015;10;11;Sim;2015-10-11;Domingo
1289;2015-10-12;03:59;2015;10;12;Não;2015-10-12;Segunda-feira
1290;2015-10-12;08:05;2015;10;12;Não;2015-10-12;Segunda-feira
1291;2015-10-12;10:12;2015;10;12;Não;2015-10-12;Segunda-feira
1292;2015-10-12;13:26;2015;10;12;Não;2015-10-12;Segunda-feira
1293;2015-10-12;14:56;2015;10;12;Não;2015-10-12;Segunda-feira
1294;2015-10-12;19:25;2015;10;12;Não;2015-10-12;Segunda-feira
1295;2015-10-12;19:46;2015;10;12;Não;2015-10-12;Segunda-feira
1296;2015-10-13;07:08;2015;10;13;Não;2015-10-13;Terça-feira
1297;2015-10-13;07:12;2015;10;13;Não;2015-10-13;Terça-feira
1298;2015-10-13;07:46;2015;10;13;Não;2015-10-13;Terça-feira
1299;2015-10-13;08:24;2015;10;13;Não;2015-10-13;Terça-feira
1300;2015-10-13;14:11;2015;10;13;Não;2015-10-13;Terça-feira
1301;2015-10-13;14:47;2015;10;13;Não;2015-10-13;Terça-feira
1302;2015-10-13;17:45;2015;10;13;Não;2015-10-13;Terça-feira
1303;2015-10-13;18:04;2015;10;13;Não;2015-10-13;Terça-feira
1304;2015-10-14;07:57;2015;10;14;Não;2015-10-14;Quarta-feira
1305;2015-10-14;08:15;2015;10;14;Não;2015-10-14;Quarta-feira
1306;2015-10-14;08:20;2015;10;14;Não;2015-10-14;Quarta-feira
1307;2015-10-14;11:35;2015;10;14;Não;2015-10-14;Quarta-feira
1308;2015-10-14;14:51;2015;10;14;Não;2015-10-14;Quarta-feira
1309;2015-10-14;17:35;2015;10;14;Não;2015-10-14;Quarta-feira
1310;2015-10-15;00:07;2015;10;15;Não;2015-10-15;Quinta-feira
1311;2015-10-15;02:40;2015;10;15;Não;2015-10-15;Quinta-feira
1312;2015-10-15;10:03;2015;10;15;Não;2015-10-15;Quinta-feira
1313;2015-10-15;20:09;2015;10;15;Não;2015-10-15;Quinta-feira
1314;2015-10-15;22:13;2015;10;15;Não;2015-10-15;Quinta-feira
1315;2015-10-16;10:15;2015;10;16;Não;2015-10-16;Sexta-feira
1316;2015-10-16;11:24;2015;10;16;Não;2015-10-16;Sexta-feira
1317;2015-10-16;15:11;2015;10;16;Não;2015-10-16;Sexta-feira
1318;2015-10-16;16:00;2015;10;16;Não;2015-10-16;Sexta-feira
1319;2015-10-16;17:00;2015;10;16;Não;2015-10-16;Sexta-feira
1320;2015-10-16;17:05;2015;10;16;Não;2015-10-16;Sexta-feira
1321;2015-10-16;18:27;2015;10;16;Não;2015-10-16;Sexta-feira
1322;2015-10-16;18:45;2015;10;16;Não;2015-10-16;Sexta-feira
1323;2015-10-16;18:48;2015;10;16;Não;2015-10-16;Sexta-feira
1324;2015-10-16;19:48;2015;10;16;Não;2015-10-16;Sexta-feira
1325;2015-10-16;22:39;2015;10;16;Não;2015-10-16;Sexta-feira
1326;2015-10-17;01:23;2015;10;17;Sim;2015-10-17;Sábado
1327;2015-10-17;15:21;2015;10;17;Sim;2015-10-17;Sábado
1328;2015-10-17;17:29;2015;10;17;Sim;2015-10-17;Sábado
1329;2015-10-18;07:00;2015;10;18;Sim;2015-10-18;Domingo
1330;2015-10-18;10:09;2015;10;18;Sim;2015-10-18;Domingo
1331;2015-10-18;11:28;2015;10;18;Sim;2015-10-18;Domingo
1332;2015-10-18;11:46;2015;10;18;Sim;2015-10-18;Domingo
1333;2015-10-18;15:03;2015;10;18;Sim;2015-10-18;Domingo
1334;2015-10-18;21:18;2015;10;18;Sim;2015-10-18;Domingo
1335;2015-10-18;23:53;2015;10;18;Sim;2015-10-18;Domingo
1336;2015-10-20;00:14;2015;10;20;Não;2015-10-20;Terça-feira
1337;2015-10-20;11:25;2015;10;20;Não;2015-10-20;Terça-feira
1338;2015-10-20;12:02;2015;10;20;Não;2015-10-20;Terça-feira
1339;2015-10-20;13:16;2015;10;20;Não;2015-10-20;Terça-feira
1340;2015-10-21;08:24;2015;10;21;Não;2015-10-21;Quarta-feira
1341;2015-10-21;12:49;2015;10;21;Não;2015-10-21;Quarta-feira
1342;2015-10-22;08:14;2015;10;22;Não;2015-10-22;Quinta-feira
1343;2015-10-22;11:44;2015;10;22;Não;2015-10-22;Quinta-feira
1344;2015-10-22;12:30;2015;10;22;Não;2015-10-22;Quinta-feira
1345;2015-10-22;15:36;2015;10;22;Não;2015-10-22;Quinta-feira
1346;2015-10-23;06:59;2015;10;23;Não;2015-10-23;Sexta-feira
1347;2015-10-23;07:28;2015;10;23;Não;2015-10-23;Sexta-feira
1348;2015-10-23;09:38;2015;10;23;Não;2015-10-23;Sexta-feira
1349;2015-10-23;09:40;2015;10;23;Não;2015-10-23;Sexta-feira
1350;2015-10-23;09:55;2015;10;23;Não;2015-10-23;Sexta-feira
1351;2015-10-23;13:46;2015;10;23;Não;2015-10-23;Sexta-feira
1352;2015-10-23;15:52;2015;10;23;Não;2015-10-23;Sexta-feira
1353;2015-10-23;16:40;2015;10;23;Não;2015-10-23;Sexta-feira
1354;2015-10-23;16:47;2015;10;23;Não;2015-10-23;Sexta-feira
1355;2015-10-24;00:34;2015;10;24;Sim;2015-10-24;Sábado
1356;2015-10-24;08:13;2015;10;24;Sim;2015-10-24;Sábado
1357;2015-10-24;10:30;2015;10;24;Sim;2015-10-24;Sábado
1358;2015-10-24;15:06;2015;10;24;Sim;2015-10-24;Sábado
1359;2015-10-24;20:55;2015;10;24;Sim;2015-10-24;Sábado
1360;2015-10-24;22:28;2015;10;24;Sim;2015-10-24;Sábado
1361;2015-10-26;06:24;2015;10;26;Não;2015-10-26;Segunda-feira
1362;2015-10-26;09:00;2015;10;26;Não;2015-10-26;Segunda-feira
1363;2015-10-26;10:50;2015;10;26;Não;2015-10-26;Segunda-feira
1364;2015-10-26;14:26;2015;10;26;Não;2015-10-26;Segunda-feira
1365;2015-10-26;14:40;2015;10;26;Não;2015-10-26;Segunda-feira
1366;2015-10-26;14:46;2015;10;26;Não;2015-10-26;Segunda-feira
1367;2015-10-26;16:21;2015;10;26;Não;2015-10-26;Segunda-feira
1368;2015-10-26;18:36;2015;10;26;Não;2015-10-26;Segunda-feira
1369;2015-10-26;19:41;2015;10;26;Não;2015-10-26;Segunda-feira
1370;2015-10-26;19:56;2015;10;26;Não;2015-10-26;Segunda-feira
1371;2015-10-26;21:31;2015;10;26;Não;2015-10-26;Segunda-feira
1372;2015-10-26;22:52;2015;10;26;Não;2015-10-26;Segunda-feira
1373;2015-10-27;14:55;2015;10;27;Não;2015-10-27;Terça-feira
1374;2015-10-27;16:44;2015;10;27;Não;2015-10-27;Terça-feira
1375;2015-10-27;21:03;2015;10;27;Não;2015-10-27;Terça-feira
1376;2015-10-28;13:21;2015;10;28;Não;2015-10-28;Quarta-feira
1377;2015-10-28;14:02;2015;10;28;Não;2015-10-28;Quarta-feira
1378;2015-10-28;15:34;2015;10;28;Não;2015-10-28;Quarta-feira
1379;2015-10-28;15:53;2015;10;28;Não;2015-10-28;Quarta-feira
1380;2015-10-28;18:46;2015;10;28;Não;2015-10-28;Quarta-feira
1381;2015-10-29;01:53;2015;10;29;Não;2015-10-29;Quinta-feira
1382;2015-10-29;12:39;2015;10;29;Não;2015-10-29;Quinta-feira
1383;2015-10-29;14:58;2015;10;29;Não;2015-10-29;Quinta-feira
1384;2015-10-29;23:07;2015;10;29;Não;2015-10-29;Quinta-feira
1385;2015-10-30;08:09;2015;10;30;Não;2015-10-30;Sexta-feira
1386;2015-10-30;14:19;2015;10;30;Não;2015-10-30;Sexta-feira
1387;2015-10-30;17:26;2015;10;30;Não;2015-10-30;Sexta-feira
1388;2015-10-31;05:27;2015;10;31;Sim;2015-10-31;Sábado
1389;2015-10-31;07:19;2015;10;31;Sim;2015-10-31;Sábado
1390;2015-10-31;08:17;2015;10;31;Sim;2015-10-31;Sábado
1391;2015-10-31;15:14;2015;10;31;Sim;2015-10-31;Sábado
1392;2015-10-31;17:22;2015;10;31;Sim;2015-10-31;Sábado
1393;2015-10-13;08:36;2015;10;13;Não;2015-10-13;Terça-feira
1394;2015-10-13;22:18;2015;10;13;Não;2015-10-13;Terça-feira
1395;2015-10-02;16:24;2015;10;2;Não;2015-10-02;Sexta-feira
1396;2015-10-04;22:40;2015;10;4;Sim;2015-10-04;Domingo
1397;2015-10-05;20:16;2015;10;5;Não;2015-10-05;Segunda-feira
1398;2015-10-06;08:24;2015;10;6;Não;2015-10-06;Terça-feira
1399;2015-10-06;11:36;2015;10;6;Não;2015-10-06;Terça-feira
1400;2015-10-07;13:28;2015;10;7;Não;2015-10-07;Quarta-feira
1401;2015-10-07;21:06;2015;10;7;Não;2015-10-07;Quarta-feira
1402;2015-10-08;13:32;2015;10;8;Não;2015-10-08;Quinta-feira
1403;2015-10-08;20:10;2015;10;8;Não;2015-10-08;Quinta-feira
1404;2015-10-09;12:23;2015;10;9;Não;2015-10-09;Sexta-feira
1405;2015-10-09;14:16;2015;10;9;Não;2015-10-09;Sexta-feira
1406;2015-10-11;22:41;2015;10;11;Sim;2015-10-11;Domingo
1407;2015-10-13;12:34;2015;10;13;Não;2015-10-13;Terça-feira
1408;2015-10-14;20:28;2015;10;14;Não;2015-10-14;Quarta-feira
1409;2015-10-15;12:43;2015;10;15;Não;2015-10-15;Quinta-feira
1410;2015-10-18;07:38;2015;10;18;Sim;2015-10-18;Domingo
1411;2015-10-19;08:28;2015;10;19;Não;2015-10-19;Segunda-feira
1412;2015-10-21;19:07;2015;10;21;Não;2015-10-21;Quarta-feira
1413;2015-10-22;08:28;2015;10;22;Não;2015-10-22;Quinta-feira
1414;2015-10-22;11:11;2015;10;22;Não;2015-10-22;Quinta-feira
1415;2015-10-22;19:33;2015;10;22;Não;2015-10-22;Quinta-feira
1416;2015-10-27;06:38;2015;10;27;Não;2015-10-27;Terça-feira
1417;2015-10-27;16:51;2015;10;27;Não;2015-10-27;Terça-feira
1418;2015-10-27;20:08;2015;10;27;Não;2015-10-27;Terça-feira
1419;2015-10-28;08:59;2015;10;28;Não;2015-10-28;Quarta-feira
1420;2015-10-28;17:01;2015;10;28;Não;2015-10-28;Quarta-feira
1421;2015-10-29;09:14;2015;10;29;Não;2015-10-29;Quinta-feira
1422;2015-10-29;16:44;2015;10;29;Não;2015-10-29;Quinta-feira
1423;2015-09-01;12:29;2015;9;1;Não;2015-09-01;Terça-feira
1424;2015-09-02;10:51;2015;9;2;Não;2015-09-02;Quarta-feira
1425;2015-09-06;04:06;2015;9;6;Sim;2015-09-06;Domingo
1426;2015-09-06;21:10;2015;9;6;Sim;2015-09-06;Domingo
1427;2015-09-07;12:58;2015;9;7;Não;2015-09-07;Segunda-feira
1428;2015-09-08;17:15;2015;9;8;Não;2015-09-08;Terça-feira
1429;2015-09-08;17:41;2015;9;8;Não;2015-09-08;Terça-feira
1430;2015-09-09;02:03;2015;9;9;Não;2015-09-09;Quarta-feira
1431;2015-09-10;07:15;2015;9;10;Não;2015-09-10;Quinta-feira
1432;2015-09-10;14:25;2015;9;10;Não;2015-09-10;Quinta-feira
1433;2015-09-11;19:41;2015;9;11;Não;2015-09-11;Sexta-feira
1434;2015-09-12;01:42;2015;9;12;Sim;2015-09-12;Sábado
1435;2015-09-13;16:15;2015;9;13;Sim;2015-09-13;Domingo
1436;2015-09-14;12:38;2015;9;14;Não;2015-09-14;Segunda-feira
1437;2015-09-15;11:19;2015;9;15;Não;2015-09-15;Terça-feira
1438;2015-09-15;12:27;2015;9;15;Não;2015-09-15;Terça-feira
1439;2015-09-16;14:34;2015;9;16;Não;2015-09-16;Quarta-feira
1440;2015-09-17;12:57;2015;9;17;Não;2015-09-17;Quinta-feira
1441;2015-09-18;00:40;2015;9;18;Não;2015-09-18;Sexta-feira
1442;2015-09-21;23:16;2015;9;21;Não;2015-09-21;Segunda-feira
1443;2015-09-22;20:45;2015;9;22;Não;2015-09-22;Terça-feira
1444;2015-09-26;19:37;2015;9;26;Sim;2015-09-26;Sábado
1445;2015-09-27;00:54;2015;9;27;Sim;2015-09-27;Domingo
1446;2015-09-02;06:24;2015;9;2;Não;2015-09-02;Quarta-feira
1447;2015-09-03;20:48;2015;9;3;Não;2015-09-03;Quinta-feira
1448;2015-09-11;16:56;2015;9;11;Não;2015-09-11;Sexta-feira
1449;2015-09-13;14:04;2015;9;13;Sim;2015-09-13;Domingo
1450;2015-09-19;07:18;2015;9;19;Sim;2015-09-19;Sábado
1451;2015-09-26;20:19;2015;9;26;Sim;2015-09-26;Sábado
1452;2015-09-02;19:32;2015;9;2;Não;2015-09-02;Quarta-feira
1453;2015-09-03;21:51;2015;9;3;Não;2015-09-03;Quinta-feira
1454;2015-09-08;08:58;2015;9;8;Não;2015-09-08;Terça-feira
1455;2015-09-16;13:00;2015;9;16;Não;2015-09-16;Quarta-feira
1456;2015-09-20;21:42;2015;9;20;Sim;2015-09-20;Domingo
1457;2015-09-26;21:03;2015;9;26;Sim;2015-09-26;Sábado
1458;2015-09-01;10:06;2015;9;1;Não;2015-09-01;Terça-feira
1459;2015-09-01;09:09;2015;9;1;Não;2015-09-01;Terça-feira
1460;2015-09-01;09:47;2015;9;1;Não;2015-09-01;Terça-feira
1461;2015-09-01;22:10;2015;9;1;Não;2015-09-01;Terça-feira
1462;2015-09-01;22:20;2015;9;1;Não;2015-09-01;Terça-feira
1463;2015-09-02;14:36;2015;9;2;Não;2015-09-02;Quarta-feira
1464;2015-09-02;14:58;2015;9;2;Não;2015-09-02;Quarta-feira
1465;2015-09-02;18:16;2015;9;2;Não;2015-09-02;Quarta-feira
1466;2015-09-02;20:10;2015;9;2;Não;2015-09-02;Quarta-feira
1467;2015-09-03;07:24;2015;9;3;Não;2015-09-03;Quinta-feira
1468;2015-09-03;07:27;2015;9;3;Não;2015-09-03;Quinta-feira
1469;2015-09-03;09:06;2015;9;3;Não;2015-09-03;Quinta-feira
1470;2015-09-03;10:28;2015;9;3;Não;2015-09-03;Quinta-feira
1471;2015-09-03;14:33;2015;9;3;Não;2015-09-03;Quinta-feira
1472;2015-09-04;08:58;2015;9;4;Não;2015-09-04;Sexta-feira
1473;2015-09-04;12:56;2015;9;4;Não;2015-09-04;Sexta-feira
1474;2015-09-04;18:54;2015;9;4;Não;2015-09-04;Sexta-feira
1475;2015-09-05;11:20;2015;9;5;Sim;2015-09-05;Sábado
1476;2015-09-05;12:08;2015;9;5;Sim;2015-09-05;Sábado
1477;2015-09-05;13:39;2015;9;5;Sim;2015-09-05;Sábado
1478;2015-09-05;13:40;2015;9;5;Sim;2015-09-05;Sábado
1479;2015-09-05;14:43;2015;9;5;Sim;2015-09-05;Sábado
1480;2015-09-05;19:54;2015;9;5;Sim;2015-09-05;Sábado
1481;2015-09-05;21:26;2015;9;5;Sim;2015-09-05;Sábado
1482;2015-09-05;22:08;2015;9;5;Sim;2015-09-05;Sábado
1483;2015-09-05;22:26;2015;9;5;Sim;2015-09-05;Sábado
1484;2015-09-06;12:35;2015;9;6;Sim;2015-09-06;Domingo
1485;2015-09-06;18:52;2015;9;6;Sim;2015-09-06;Domingo
1486;2015-09-06;20:46;2015;9;6;Sim;2015-09-06;Domingo
1487;2015-09-06;23:59;2015;9;6;Sim;2015-09-06;Domingo
1488;2015-09-07;04:38;2015;9;7;Não;2015-09-07;Segunda-feira
1489;2015-09-07;13:14;2015;9;7;Não;2015-09-07;Segunda-feira
1490;2015-09-08;07:26;2015;9;8;Não;2015-09-08;Terça-feira
1491;2015-09-08;11:57;2015;9;8;Não;2015-09-08;Terça-feira
1492;2015-09-08;21:29;2015;9;8;Não;2015-09-08;Terça-feira
1493;2015-09-09;09:20;2015;9;9;Não;2015-09-09;Quarta-feira
1494;2015-09-09;09:35;2015;9;9;Não;2015-09-09;Quarta-feira
1495;2015-09-09;16:01;2015;9;9;Não;2015-09-09;Quarta-feira
1496;2015-09-09;21:40;2015;9;9;Não;2015-09-09;Quarta-feira
1497;2015-09-10;23:41;2015;9;10;Não;2015-09-10;Quinta-feira
1498;2015-09-11;07:37;2015;9;11;Não;2015-09-11;Sexta-feira
1499;2015-09-11;09:00;2015;9;11;Não;2015-09-11;Sexta-feira
1500;2015-09-11;09:07;2015;9;11;Não;2015-09-11;Sexta-feira
1501;2015-09-11;09:10;2015;9;11;Não;2015-09-11;Sexta-feira
1502;2015-09-11;12:41;2015;9;11;Não;2015-09-11;Sexta-feira
1503;2015-09-11;19:15;2015;9;11;Não;2015-09-11;Sexta-feira
1504;2015-09-11;21:11;2015;9;11;Não;2015-09-11;Sexta-feira
1505;2015-09-12;10:27;2015;9;12;Sim;2015-09-12;Sábado
1506;2015-09-12;18:02;2015;9;12;Sim;2015-09-12;Sábado
1507;2015-09-13;22:03;2015;9;13;Sim;2015-09-13;Domingo
1508;2015-09-14;13:33;2015;9;14;Não;2015-09-14;Segunda-feira
1509;2015-09-14;15:40;2015;9;14;Não;2015-09-14;Segunda-feira
1510;2015-09-14;18:34;2015;9;14;Não;2015-09-14;Segunda-feira
1511;2015-09-14;18:43;2015;9;14;Não;2015-09-14;Segunda-feira
1512;2015-09-14;18:59;2015;9;14;Não;2015-09-14;Segunda-feira
1513;2015-09-14;20:01;2015;9;14;Não;2015-09-14;Segunda-feira
1514;2015-09-14;21:58;2015;9;14;Não;2015-09-14;Segunda-feira
1515;2015-09-15;08:03;2015;9;15;Não;2015-09-15;Terça-feira
1516;2015-09-15;08:15;2015;9;15;Não;2015-09-15;Terça-feira
1517;2015-09-15;09:05;2015;9;15;Não;2015-09-15;Terça-feira
1518;2015-09-15;14:30;2015;9;15;Não;2015-09-15;Terça-feira
1519;2015-09-15;14:43;2015;9;15;Não;2015-09-15;Terça-feira
1520;2015-09-15;15:48;2015;9;15;Não;2015-09-15;Terça-feira
1521;2015-09-15;16:31;2015;9;15;Não;2015-09-15;Terça-feira
1522;2015-09-15;17:58;2015;9;15;Não;2015-09-15;Terça-feira
1523;2015-09-15;20:08;2015;9;15;Não;2015-09-15;Terça-feira
1524;2015-09-15;21:25;2015;9;15;Não;2015-09-15;Terça-feira
1525;2015-09-15;22:06;2015;9;15;Não;2015-09-15;Terça-feira
1526;2015-09-15;13:30;2015;9;15;Não;2015-09-15;Terça-feira
1527;2015-09-15;13:49;2015;9;15;Não;2015-09-15;Terça-feira
1528;2015-09-15;22:28;2015;9;15;Não;2015-09-15;Terça-feira
1529;2015-09-16;06:29;2015;9;16;Não;2015-09-16;Quarta-feira
1530;2015-09-16;10:43;2015;9;16;Não;2015-09-16;Quarta-feira
1531;2015-09-16;15:55;2015;9;16;Não;2015-09-16;Quarta-feira
1532;2015-09-16;16:52;2015;9;16;Não;2015-09-16;Quarta-feira
1533;2015-09-16;21:57;2015;9;16;Não;2015-09-16;Quarta-feira
1534;2015-09-17;00:00;2015;9;17;Não;2015-09-17;Quinta-feira
1535;2015-09-17;08:00;2015;9;17;Não;2015-09-17;Quinta-feira
1536;2015-09-17;08:39;2015;9;17;Não;2015-09-17;Quinta-feira
1537;2015-09-17;09:10;2015;9;17;Não;2015-09-17;Quinta-feira
1538;2015-09-17;10:07;2015;9;17;Não;2015-09-17;Quinta-feira
1539;2015-09-17;21:22;2015;9;17;Não;2015-09-17;Quinta-feira
1540;2015-09-18;00:45;2015;9;18;Não;2015-09-18;Sexta-feira
1541;2015-09-18;09:23;2015;9;18;Não;2015-09-18;Sexta-feira
1542;2015-09-18;11:57;2015;9;18;Não;2015-09-18;Sexta-feira
1543;2015-09-18;12:41;2015;9;18;Não;2015-09-18;Sexta-feira
1544;2015-09-19;08:34;2015;9;19;Sim;2015-09-19;Sábado
1545;2015-09-19;10:08;2015;9;19;Sim;2015-09-19;Sábado
1546;2015-09-19;13:00;2015;9;19;Sim;2015-09-19;Sábado
1547;2015-09-19;14:04;2015;9;19;Sim;2015-09-19;Sábado
1548;2015-09-20;05:49;2015;9;20;Sim;2015-09-20;Domingo
1549;2015-09-20;07:02;2015;9;20;Sim;2015-09-20;Domingo
1550;2015-09-20;07:04;2015;9;20;Sim;2015-09-20;Domingo
1551;2015-09-20;12:44;2015;9;20;Sim;2015-09-20;Domingo
1552;2015-09-21;10:35;2015;9;21;Não;2015-09-21;Segunda-feira
1553;2015-09-21;10:38;2015;9;21;Não;2015-09-21;Segunda-feira
1554;2015-09-21;12:17;2015;9;21;Não;2015-09-21;Segunda-feira
1555;2015-09-22;06:02;2015;9;22;Não;2015-09-22;Terça-feira
1556;2015-09-22;16:55;2015;9;22;Não;2015-09-22;Terça-feira
1557;2015-09-22;18:21;2015;9;22;Não;2015-09-22;Terça-feira
1558;2015-09-22;19:07;2015;9;22;Não;2015-09-22;Terça-feira
1559;2015-09-22;19:53;2015;9;22;Não;2015-09-22;Terça-feira
1560;2015-09-22;22:21;2015;9;22;Não;2015-09-22;Terça-feira
1561;2015-09-23;13:51;2015;9;23;Não;2015-09-23;Quarta-feira
1562;2015-09-23;15:28;2015;9;23;Não;2015-09-23;Quarta-feira
1563;2015-09-23;16:37;2015;9;23;Não;2015-09-23;Quarta-feira
1564;2015-09-23;16:44;2015;9;23;Não;2015-09-23;Quarta-feira
1565;2015-09-23;19:56;2015;9;23;Não;2015-09-23;Quarta-feira
1566;2015-09-24;00:31;2015;9;24;Não;2015-09-24;Quinta-feira
1567;2015-09-24;06:23;2015;9;24;Não;2015-09-24;Quinta-feira
1568;2015-09-24;07:22;2015;9;24;Não;2015-09-24;Quinta-feira
1569;2015-09-24;07:40;2015;9;24;Não;2015-09-24;Quinta-feira
1570;2015-09-24;07:58;2015;9;24;Não;2015-09-24;Quinta-feira
1571;2015-09-24;14:48;2015;9;24;Não;2015-09-24;Quinta-feira
1572;2015-09-24;16:19;2015;9;24;Não;2015-09-24;Quinta-feira
1573;2015-09-25;07:54;2015;9;25;Não;2015-09-25;Sexta-feira
1574;2015-09-25;09:25;2015;9;25;Não;2015-09-25;Sexta-feira
1575;2015-09-25;09:31;2015;9;25;Não;2015-09-25;Sexta-feira
1576;2015-09-25;12:21;2015;9;25;Não;2015-09-25;Sexta-feira
1577;2015-09-25;14:20;2015;9;25;Não;2015-09-25;Sexta-feira
1578;2015-09-25;16:45;2015;9;25;Não;2015-09-25;Sexta-feira
1579;2015-09-25;16:46;2015;9;25;Não;2015-09-25;Sexta-feira
1580;2015-09-25;17:28;2015;9;25;Não;2015-09-25;Sexta-feira
1581;2015-09-25;23:08;2015;9;25;Não;2015-09-25;Sexta-feira
1582;2015-09-26;02:01;2015;9;26;Sim;2015-09-26;Sábado
1583;2015-09-26;05:40;2015;9;26;Sim;2015-09-26;Sábado
1584;2015-09-26;13:20;2015;9;26;Sim;2015-09-26;Sábado
1585;2015-09-26;16:51;2015;9;26;Sim;2015-09-26;Sábado
1586;2015-09-26;17:23;2015;9;26;Sim;2015-09-26;Sábado
1587;2015-09-26;19:36;2015;9;26;Sim;2015-09-26;Sábado
1588;2015-09-27;23:42;2015;9;27;Sim;2015-09-27;Domingo
1589;2015-09-28;02:15;2015;9;28;Não;2015-09-28;Segunda-feira
1590;2015-09-28;08:51;2015;9;28;Não;2015-09-28;Segunda-feira
1591;2015-09-28;08:54;2015;9;28;Não;2015-09-28;Segunda-feira
1592;2015-09-28;16:42;2015;9;28;Não;2015-09-28;Segunda-feira
1593;2015-09-28;19:37;2015;9;28;Não;2015-09-28;Segunda-feira
1594;2015-09-28;22:48;2015;9;28;Não;2015-09-28;Segunda-feira
1595;2015-09-29;08:18;2015;9;29;Não;2015-09-29;Terça-feira
1596;2015-09-29;09:09;2015;9;29;Não;2015-09-29;Terça-feira
1597;2015-09-29;13:37;2015;9;29;Não;2015-09-29;Terça-feira
1598;2015-09-29;15:39;2015;9;29;Não;2015-09-29;Terça-feira
1599;2015-09-29;15:43;2015;9;29;Não;2015-09-29;Terça-feira
1600;2015-09-29;15:47;2015;9;29;Não;2015-09-29;Terça-feira
1601;2015-09-29;16:03;2015;9;29;Não;2015-09-29;Terça-feira
1602;2015-09-30;09:51;2015;9;30;Não;2015-09-30;Quarta-feira
1603;2015-09-30;14:38;2015;9;30;Não;2015-09-30;Quarta-feira
1604;2015-09-30;14:39;2015;9;30;Não;2015-09-30;Quarta-feira
1605;2015-09-30;19:50;2015;9;30;Não;2015-09-30;Quarta-feira
1606;2015-09-30;20:57;2015;9;30;Não;2015-09-30;Quarta-feira
1607;2015-09-08;12:06;2015;9;8;Não;2015-09-08;Terça-feira
1608;2015-09-16;18:15;2015;9;16;Não;2015-09-16;Quarta-feira
1609;2015-09-19;17:31;2015;9;19;Sim;2015-09-19;Sábado
1610;2015-09-21;12:15;2015;9;21;Não;2015-09-21;Segunda-feira
1611;2015-09-28;06:58;2015;9;28;Não;2015-09-28;Segunda-feira
1612;2015-09-29;17:52;2015;9;29;Não;2015-09-29;Terça-feira
1613;2015-09-29;07:15;2015;9;29;Não;2015-09-29;Terça-feira
1614;2015-09-01;22:55;2015;9;1;Não;2015-09-01;Terça-feira
1615;2015-09-03;08:00;2015;9;3;Não;2015-09-03;Quinta-feira
1616;2015-09-04;12:52;2015;9;4;Não;2015-09-04;Sexta-feira
1617;2015-09-06;15:27;2015;9;6;Sim;2015-09-06;Domingo
1618;2015-09-08;08:32;2015;9;8;Não;2015-09-08;Terça-feira
1619;2015-09-09;22:43;2015;9;9;Não;2015-09-09;Quarta-feira
1620;2015-09-10;11:04;2015;9;10;Não;2015-09-10;Quinta-feira
1621;2015-09-15;10:59;2015;9;15;Não;2015-09-15;Terça-feira
1622;2015-09-15;16:57;2015;9;15;Não;2015-09-15;Terça-feira
1623;2015-09-17;12:04;2015;9;17;Não;2015-09-17;Quinta-feira
1624;2015-09-18;12:48;2015;9;18;Não;2015-09-18;Sexta-feira
1625;2015-09-23;10:04;2015;9;23;Não;2015-09-23;Quarta-feira
1626;2015-09-27;08:48;2015;9;27;Sim;2015-09-27;Domingo
1627;2015-09-27;10:50;2015;9;27;Sim;2015-09-27;Domingo
1628;2015-09-27;15:08;2015;9;27;Sim;2015-09-27;Domingo
1629;2015-09-30;08:33;2015;9;30;Não;2015-09-30;Quarta-feira
1630;2016-01-01;18:30;2016;1;1;Não;2016-01-01;Sexta-feira
1631;2016-01-04;16:05;2016;1;4;Não;2016-01-04;Segunda-feira
1632;2016-01-06;17:33;2016;1;6;Não;2016-01-06;Quarta-feira
1633;2016-01-07;10:29;2016;1;7;Não;2016-01-07;Quinta-feira
1634;2016-01-07;13:53;2016;1;7;Não;2016-01-07;Quinta-feira
1635;2016-01-07;20:09;2016;1;7;Não;2016-01-07;Quinta-feira
1636;2016-01-08;02:42;2016;1;8;Não;2016-01-08;Sexta-feira
1637;2016-01-08;06:38;2016;1;8;Não;2016-01-08;Sexta-feira
1638;2016-01-08;18:56;2016;1;8;Não;2016-01-08;Sexta-feira
1639;2016-01-09;15:03;2016;1;9;Sim;2016-01-09;Sábado
1640;2016-01-09;17:40;2016;1;9;Sim;2016-01-09;Sábado
1641;2016-01-10;18:31;2016;1;10;Sim;2016-01-10;Domingo
1642;2016-01-12;12:56;2016;1;12;Não;2016-01-12;Terça-feira
1643;2016-01-14;16:53;2016;1;14;Não;2016-01-14;Quinta-feira
1644;2016-01-16;08:52;2016;1;16;Sim;2016-01-16;Sábado
1645;2016-01-17;05:26;2016;1;17;Sim;2016-01-17;Domingo
1646;2016-01-20;12:15;2016;1;20;Não;2016-01-20;Quarta-feira
1647;2016-01-20;15:50;2016;1;20;Não;2016-01-20;Quarta-feira
1648;2016-01-21;01:31;2016;1;21;Não;2016-01-21;Quinta-feira
1649;2016-01-21;18:07;2016;1;21;Não;2016-01-21;Quinta-feira
1650;2016-01-25;07:23;2016;1;25;Não;2016-01-25;Segunda-feira
1651;2016-01-26;21:44;2016;1;26;Não;2016-01-26;Terça-feira
1652;2016-01-27;05:44;2016;1;27;Não;2016-01-27;Quarta-feira
1653;2016-01-27;10:29;2016;1;27;Não;2016-01-27;Quarta-feira
1654;2016-01-27;13:41;2016;1;27;Não;2016-01-27;Quarta-feira
1655;2016-01-27;15:23;2016;1;27;Não;2016-01-27;Quarta-feira
1656;2016-01-29;06:12;2016;1;29;Não;2016-01-29;Sexta-feira
1657;2016-01-05;18:50;2016;1;5;Não;2016-01-05;Terça-feira
1658;2016-01-06;18:40;2016;1;6;Não;2016-01-06;Quarta-feira
1659;2016-01-12;08:28;2016;1;12;Não;2016-01-12;Terça-feira
1660;2016-01-13;13:13;2016;1;13;Não;2016-01-13;Quarta-feira
1661;2016-01-26;09:55;2016;1;26;Não;2016-01-26;Terça-feira
1662;2016-01-29;09:42;2016;1;29;Não;2016-01-29;Sexta-feira
1663;2016-01-02;06:32;2016;1;2;Sim;2016-01-02;Sábado
1664;2016-01-10;21:33;2016;1;10;Sim;2016-01-10;Domingo
1665;2016-01-12;21:38;2016;1;12;Não;2016-01-12;Terça-feira
1666;2016-01-18;12:53;2016;1;18;Não;2016-01-18;Segunda-feira
1667;2016-01-01;05:34;2016;1;1;Não;2016-01-01;Sexta-feira
1668;2016-01-02;11:00;2016;1;2;Sim;2016-01-02;Sábado
1669;2016-01-02;12:52;2016;1;2;Sim;2016-01-02;Sábado
1670;2016-01-03;00:49;2016;1;3;Sim;2016-01-03;Domingo
1671;2016-01-03;03:41;2016;1;3;Sim;2016-01-03;Domingo
1672;2016-01-03;11:42;2016;1;3;Sim;2016-01-03;Domingo
1673;2016-01-03;14:38;2016;1;3;Sim;2016-01-03;Domingo
1674;2016-01-03;15:42;2016;1;3;Sim;2016-01-03;Domingo
1675;2016-01-04;12:33;2016;1;4;Não;2016-01-04;Segunda-feira
1676;2016-01-04;15:34;2016;1;4;Não;2016-01-04;Segunda-feira
1677;2016-01-04;16:43;2016;1;4;Não;2016-01-04;Segunda-feira
1678;2016-01-04;17:08;2016;1;4;Não;2016-01-04;Segunda-feira
1679;2016-01-05;18:10;2016;1;5;Não;2016-01-05;Terça-feira
1680;2016-01-06;12:59;2016;1;6;Não;2016-01-06;Quarta-feira
1681;2016-01-06;19:13;2016;1;6;Não;2016-01-06;Quarta-feira
1682;2016-01-06;19:48;2016;1;6;Não;2016-01-06;Quarta-feira
1683;2016-01-06;19:58;2016;1;6;Não;2016-01-06;Quarta-feira
1684;2016-01-07;10:36;2016;1;7;Não;2016-01-07;Quinta-feira
1685;2016-01-07;13:41;2016;1;7;Não;2016-01-07;Quinta-feira
1686;2016-01-07;16:05;2016;1;7;Não;2016-01-07;Quinta-feira
1687;2016-01-08;06:03;2016;1;8;Não;2016-01-08;Sexta-feira
1688;2016-01-08;07:32;2016;1;8;Não;2016-01-08;Sexta-feira
1689;2016-01-08;08:54;2016;1;8;Não;2016-01-08;Sexta-feira
1690;2016-01-08;16:20;2016;1;8;Não;2016-01-08;Sexta-feira
1691;2016-01-08;23:53;2016;1;8;Não;2016-01-08;Sexta-feira
1692;2016-01-09;10:31;2016;1;9;Sim;2016-01-09;Sábado
1693;2016-01-10;21:35;2016;1;10;Sim;2016-01-10;Domingo
1694;2016-01-09;19:13;2016;1;9;Sim;2016-01-09;Sábado
1695;2016-01-10;15:17;2016;1;10;Sim;2016-01-10;Domingo
1696;2016-01-11;05:53;2016;1;11;Não;2016-01-11;Segunda-feira
1697;2016-01-11;12:22;2016;1;11;Não;2016-01-11;Segunda-feira
1698;2016-01-11;12:27;2016;1;11;Não;2016-01-11;Segunda-feira
1699;2016-01-11;15:56;2016;1;11;Não;2016-01-11;Segunda-feira
1700;2016-01-11;17:31;2016;1;11;Não;2016-01-11;Segunda-feira
1701;2016-01-11;18:19;2016;1;11;Não;2016-01-11;Segunda-feira
1702;2016-01-11;20:02;2016;1;11;Não;2016-01-11;Segunda-feira
1703;2016-01-12;08:00;2016;1;12;Não;2016-01-12;Terça-feira
1704;2016-01-12;08:16;2016;1;12;Não;2016-01-12;Terça-feira
1705;2016-01-12;08:45;2016;1;12;Não;2016-01-12;Terça-feira
1706;2016-01-12;12:47;2016;1;12;Não;2016-01-12;Terça-feira
1707;2016-01-12;17:34;2016;1;12;Não;2016-01-12;Terça-feira
1708;2016-01-13;11:36;2016;1;13;Não;2016-01-13;Quarta-feira
1709;2016-01-13;17:39;2016;1;13;Não;2016-01-13;Quarta-feira
1710;2016-01-13;22:46;2016;1;13;Não;2016-01-13;Quarta-feira
1711;2016-01-14;08:13;2016;1;14;Não;2016-01-14;Quinta-feira
1712;2016-01-14;13:56;2016;1;14;Não;2016-01-14;Quinta-feira
1713;2016-01-14;17:32;2016;1;14;Não;2016-01-14;Quinta-feira
1714;2016-01-14;18:32;2016;1;14;Não;2016-01-14;Quinta-feira
1715;2016-01-14;20:44;2016;1;14;Não;2016-01-14;Quinta-feira
1716;2016-01-14;22:31;2016;1;14;Não;2016-01-14;Quinta-feira
1717;2016-01-15;12:31;2016;1;15;Não;2016-01-15;Sexta-feira
1718;2016-01-15;12:46;2016;1;15;Não;2016-01-15;Sexta-feira
1719;2016-01-15;14:36;2016;1;15;Não;2016-01-15;Sexta-feira
1720;2016-01-15;19:56;2016;1;15;Não;2016-01-15;Sexta-feira
1721;2016-01-16;09:48;2016;1;16;Sim;2016-01-16;Sábado
1722;2016-01-16;12:33;2016;1;16;Sim;2016-01-16;Sábado
1723;2016-01-16;18:34;2016;1;16;Sim;2016-01-16;Sábado
1724;2016-01-16;23:45;2016;1;16;Sim;2016-01-16;Sábado
1725;2016-01-17;07:08;2016;1;17;Sim;2016-01-17;Domingo
1726;2016-01-18;07:54;2016;1;18;Não;2016-01-18;Segunda-feira
1727;2016-01-18;13:45;2016;1;18;Não;2016-01-18;Segunda-feira
1728;2016-01-18;18:25;2016;1;18;Não;2016-01-18;Segunda-feira
1729;2016-01-18;19:23;2016;1;18;Não;2016-01-18;Segunda-feira
1730;2016-01-19;12:04;2016;1;19;Não;2016-01-19;Terça-feira
1731;2016-01-19;13:30;2016;1;19;Não;2016-01-19;Terça-feira
1732;2016-01-19;23:33;2016;1;19;Não;2016-01-19;Terça-feira
1733;2016-01-20;06:45;2016;1;20;Não;2016-01-20;Quarta-feira
1734;2016-01-20;07:27;2016;1;20;Não;2016-01-20;Quarta-feira
1735;2016-01-20;10:50;2016;1;20;Não;2016-01-20;Quarta-feira
1736;2016-01-20;10:46;2016;1;20;Não;2016-01-20;Quarta-feira
1737;2016-01-20;14:16;2016;1;20;Não;2016-01-20;Quarta-feira
1738;2016-01-20;14:38;2016;1;20;Não;2016-01-20;Quarta-feira
1739;2016-01-20;15:34;2016;1;20;Não;2016-01-20;Quarta-feira
1740;2016-01-21;06:52;2016;1;21;Não;2016-01-21;Quinta-feira
1741;2016-01-21;13:41;2016;1;21;Não;2016-01-21;Quinta-feira
1742;2016-01-21;19:42;2016;1;21;Não;2016-01-21;Quinta-feira
1743;2016-01-22;15:10;2016;1;22;Não;2016-01-22;Sexta-feira
1744;2016-01-22;22:05;2016;1;22;Não;2016-01-22;Sexta-feira
1745;2016-01-23;00:35;2016;1;23;Sim;2016-01-23;Sábado
1746;2016-01-23;04:01;2016;1;23;Sim;2016-01-23;Sábado
1747;2016-01-23;10:17;2016;1;23;Sim;2016-01-23;Sábado
1748;2016-01-23;13:04;2016;1;23;Sim;2016-01-23;Sábado
1749;2016-01-23;13:07;2016;1;23;Sim;2016-01-23;Sábado
1750;2016-01-24;17:02;2016;1;24;Sim;2016-01-24;Domingo
1751;2016-01-24;17:05;2016;1;24;Sim;2016-01-24;Domingo
1752;2016-01-24;19:53;2016;1;24;Sim;2016-01-24;Domingo
1753;2016-01-25;05:37;2016;1;25;Não;2016-01-25;Segunda-feira
1754;2016-01-25;11:24;2016;1;25;Não;2016-01-25;Segunda-feira
1755;2016-01-25;11:50;2016;1;25;Não;2016-01-25;Segunda-feira
1756;2016-01-25;19:39;2016;1;25;Não;2016-01-25;Segunda-feira
1757;2016-01-25;22:52;2016;1;25;Não;2016-01-25;Segunda-feira
1758;2016-01-26;00:28;2016;1;26;Não;2016-01-26;Terça-feira
1759;2016-01-26;09:51;2016;1;26;Não;2016-01-26;Terça-feira
1760;2016-01-26;11:55;2016;1;26;Não;2016-01-26;Terça-feira
1761;2015-01-26;16:09;2015;1;26;Não;2015-01-26;Segunda-feira
1762;2016-01-26;17:19;2016;1;26;Não;2016-01-26;Terça-feira
1763;2016-01-26;17:20;2016;1;26;Não;2016-01-26;Terça-feira
1764;2016-01-27;11:54;2016;1;27;Não;2016-01-27;Quarta-feira
1765;2016-01-27;12:14;2016;1;27;Não;2016-01-27;Quarta-feira
1766;2016-01-27;13:29;2016;1;27;Não;2016-01-27;Quarta-feira
1767;2016-01-27;16:18;2016;1;27;Não;2016-01-27;Quarta-feira
1768;2016-01-27;16:35;2016;1;27;Não;2016-01-27;Quarta-feira
1769;2016-01-27;16:56;2016;1;27;Não;2016-01-27;Quarta-feira
1770;2016-01-28;13:04;2016;1;28;Não;2016-01-28;Quinta-feira
1771;2016-01-28;13:15;2016;1;28;Não;2016-01-28;Quinta-feira
1772;2016-01-28;16:29;2016;1;28;Não;2016-01-28;Quinta-feira
1773;2016-01-28;17:36;2016;1;28;Não;2016-01-28;Quinta-feira
1774;2016-01-28;21:32;2016;1;28;Não;2016-01-28;Quinta-feira
1775;2016-01-28;22:56;2016;1;28;Não;2016-01-28;Quinta-feira
1776;2016-01-29;07:34;2016;1;29;Não;2016-01-29;Sexta-feira
1777;2016-01-29;09:46;2016;1;29;Não;2016-01-29;Sexta-feira
1778;2016-01-29;12:43;2016;1;29;Não;2016-01-29;Sexta-feira
1779;2016-01-29;18:50;2016;1;29;Não;2016-01-29;Sexta-feira
1780;2016-01-30;09:05;2016;1;30;Sim;2016-01-30;Sábado
1781;2015-01-30;10:30;2015;1;30;Não;2015-01-30;Sexta-feira
1782;2016-01-30;14:39;2016;1;30;Sim;2016-01-30;Sábado
1783;2016-01-30;23:28;2016;1;30;Sim;2016-01-30;Sábado
1784;2016-01-31;17:12;2016;1;31;Sim;2016-01-31;Domingo
1785;2016-01-31;17:24;2016;1;31;Sim;2016-01-31;Domingo
1786;2016-01-31;20:22;2016;1;31;Sim;2016-01-31;Domingo
1787;2016-01-01;23:09;2016;1;1;Não;2016-01-01;Sexta-feira
1788;2016-01-03;10:51;2016;1;3;Sim;2016-01-03;Domingo
1789;2016-01-04;17:50;2016;1;4;Não;2016-01-04;Segunda-feira
1790;2016-01-05;16:04;2016;1;5;Não;2016-01-05;Terça-feira
1791;2016-01-08;07:20;2016;1;8;Não;2016-01-08;Sexta-feira
1792;2016-01-08;09:02;2016;1;8;Não;2016-01-08;Sexta-feira
1793;2016-01-11;13:26;2016;1;11;Não;2016-01-11;Segunda-feira
1794;2016-01-17;19:50;2016;1;17;Sim;2016-01-17;Domingo
1795;2016-01-18;19:13;2016;1;18;Não;2016-01-18;Segunda-feira
1796;2016-01-19;14:08;2016;1;19;Não;2016-01-19;Terça-feira
1797;2016-01-20;12:21;2016;1;20;Não;2016-01-20;Quarta-feira
1798;2016-01-25;19:56;2016;1;25;Não;2016-01-25;Segunda-feira
1799;2016-01-27;21:00;2016;1;27;Não;2016-01-27;Quarta-feira
1800;2016-01-29;00:19;2016;1;29;Não;2016-01-29;Sexta-feira
1801;2016-01-30;20:29;2016;1;30;Sim;2016-01-30;Sábado
1802;2016-01-30;20:46;2016;1;30;Sim;2016-01-30;Sábado
1803;2016-02-04;01:17;2016;2;4;Não;2016-02-04;Quinta-feira
1804;2016-02-06;17:10;2016;2;6;Sim;2016-02-06;Sábado
1805;2016-02-06;19:56;2016;2;6;Sim;2016-02-06;Sábado
1806;2016-02-08;09:19;2016;2;8;Não;2016-02-08;Segunda-feira
1807;2016-02-08;16:26;2016;2;8;Não;2016-02-08;Segunda-feira
1808;2016-02-09;23:33;2016;2;9;Não;2016-02-09;Terça-feira
1809;2016-02-10;13:37;2016;2;10;Não;2016-02-10;Quarta-feira
1810;2016-02-11;06:12;2016;2;11;Não;2016-02-11;Quinta-feira
1811;2016-02-12;12:33;2016;2;12;Não;2016-02-12;Sexta-feira
1812;2016-02-12;17:50;2016;2;12;Não;2016-02-12;Sexta-feira
1813;2016-02-13;03:01;2016;2;13;Sim;2016-02-13;Sábado
1814;2016-02-13;10:15;2016;2;13;Sim;2016-02-13;Sábado
1815;2016-02-14;18:16;2016;2;14;Sim;2016-02-14;Domingo
1816;2016-02-17;17:29;2016;2;17;Não;2016-02-17;Quarta-feira
1817;2016-02-18;01:31;2016;2;18;Não;2016-02-18;Quinta-feira
1818;2016-02-18;06:40;2016;2;18;Não;2016-02-18;Quinta-feira
1819;2016-02-18;08:19;2016;2;18;Não;2016-02-18;Quinta-feira
1820;2016-02-19;20:13;2016;2;19;Não;2016-02-19;Sexta-feira
1821;2016-02-20;01:03;2016;2;20;Sim;2016-02-20;Sábado
1822;2016-02-20;10:56;2016;2;20;Sim;2016-02-20;Sábado
1823;2016-02-20;18:50;2016;2;20;Sim;2016-02-20;Sábado
1824;2016-02-21;00:40;2016;2;21;Sim;2016-02-21;Domingo
1825;2016-02-22;17:17;2016;2;22;Não;2016-02-22;Segunda-feira
1826;2016-02-26;23:59;2016;2;26;Não;2016-02-26;Sexta-feira
1827;2016-02-27;12:54;2016;2;27;Sim;2016-02-27;Sábado
1828;2016-02-27;15:22;2016;2;27;Sim;2016-02-27;Sábado
1829;2016-02-29;18:44;2016;2;29;Não;2016-02-29;Segunda-feira
1830;2016-02-29;22:19;2016;2;29;Não;2016-02-29;Segunda-feira
1831;2016-02-01;09:15;2016;2;1;Não;2016-02-01;Segunda-feira
1832;2016-02-08;17:37;2016;2;8;Não;2016-02-08;Segunda-feira
1833;2016-02-17;22:43;2016;2;17;Não;2016-02-17;Quarta-feira
1834;2016-02-25;19:21;2016;2;25;Não;2016-02-25;Quinta-feira
1835;2016-02-28;06:57;2016;2;28;Sim;2016-02-28;Domingo
1836;2016-02-14;20:10;2016;2;14;Sim;2016-02-14;Domingo
1837;2016-02-25;15:00;2016;2;25;Não;2016-02-25;Quinta-feira
1838;2016-02-28;09:08;2016;2;28;Sim;2016-02-28;Domingo
1839;2016-02-01;08:41;2016;2;1;Não;2016-02-01;Segunda-feira
1840;2016-02-01;10:42;2016;2;1;Não;2016-02-01;Segunda-feira
1841;2016-02-01;15:07;2016;2;1;Não;2016-02-01;Segunda-feira
1842;2016-02-02;08:46;2016;2;2;Não;2016-02-02;Terça-feira
1843;2016-02-02;19:48;2016;2;2;Não;2016-02-02;Terça-feira
1844;2016-02-03;07:04;2016;2;3;Não;2016-02-03;Quarta-feira
1845;2016-02-03;22:20;2016;2;3;Não;2016-02-03;Quarta-feira
1846;2016-02-04;07:50;2016;2;4;Não;2016-02-04;Quinta-feira
1847;2016-02-04;14:26;2016;2;4;Não;2016-02-04;Quinta-feira
1848;2016-02-05;00:04;2016;2;5;Não;2016-02-05;Sexta-feira
1849;2016-02-05;00:08;2016;2;5;Não;2016-02-05;Sexta-feira
1850;2016-02-05;09:53;2016;2;5;Não;2016-02-05;Sexta-feira
1851;2016-02-05;16:14;2016;2;5;Não;2016-02-05;Sexta-feira
1852;2016-02-05;16:52;2016;2;5;Não;2016-02-05;Sexta-feira
1853;2016-02-05;17:53;2016;2;5;Não;2016-02-05;Sexta-feira
1854;2016-02-06;08:45;2016;2;6;Sim;2016-02-06;Sábado
1855;2016-02-06;21:01;2016;2;6;Sim;2016-02-06;Sábado
1856;2016-02-07;02:26;2016;2;7;Sim;2016-02-07;Domingo
1857;2016-02-07;13:01;2016;2;7;Sim;2016-02-07;Domingo
1858;2016-02-08;19:30;2016;2;8;Não;2016-02-08;Segunda-feira
1859;2016-02-09;08:00;2016;2;9;Não;2016-02-09;Terça-feira
1860;2016-02-09;15:11;2016;2;9;Não;2016-02-09;Terça-feira
1861;2016-02-09;19:18;2016;2;9;Não;2016-02-09;Terça-feira
1862;2016-02-10;03:08;2016;2;10;Não;2016-02-10;Quarta-feira
1863;2016-02-10;13:59;2016;2;10;Não;2016-02-10;Quarta-feira
1864;2016-02-10;16:19;2016;2;10;Não;2016-02-10;Quarta-feira
1865;2016-02-10;17:02;2016;2;10;Não;2016-02-10;Quarta-feira
1866;2016-02-10;20:22;2016;2;10;Não;2016-02-10;Quarta-feira
1867;2016-02-11;07:30;2016;2;11;Não;2016-02-11;Quinta-feira
1868;2016-02-12;00:36;2016;2;12;Não;2016-02-12;Sexta-feira
1869;2016-02-12;13:16;2016;2;12;Não;2016-02-12;Sexta-feira
1870;2016-02-12;14:32;2016;2;12;Não;2016-02-12;Sexta-feira
1871;2016-02-12;14:39;2016;2;12;Não;2016-02-12;Sexta-feira
1872;2016-02-12;15:09;2016;2;12;Não;2016-02-12;Sexta-feira
1873;2016-02-12;19:09;2016;2;12;Não;2016-02-12;Sexta-feira
1874;2016-02-12;19:25;2016;2;12;Não;2016-02-12;Sexta-feira
1875;2016-02-12;22:30;2016;2;12;Não;2016-02-12;Sexta-feira
1876;2016-02-13;13:38;2016;2;13;Sim;2016-02-13;Sábado
1877;2016-02-13;19:00;2016;2;13;Sim;2016-02-13;Sábado
1878;2016-02-14;02:49;2016;2;14;Sim;2016-02-14;Domingo
1879;2016-02-14;19:00;2016;2;14;Sim;2016-02-14;Domingo
1880;2016-02-15;09:17;2016;2;15;Não;2016-02-15;Segunda-feira
1881;2016-02-15;14:16;2016;2;15;Não;2016-02-15;Segunda-feira
1882;2016-02-15;19:29;2016;2;15;Não;2016-02-15;Segunda-feira
1883;2016-02-15;19:46;2016;2;15;Não;2016-02-15;Segunda-feira
1884;2016-02-16;06:00;2016;2;16;Não;2016-02-16;Terça-feira
1885;2016-02-16;09:21;2016;2;16;Não;2016-02-16;Terça-feira
1886;2016-02-16;12:11;2016;2;16;Não;2016-02-16;Terça-feira
1887;2016-02-16;15:29;2016;2;16;Não;2016-02-16;Terça-feira
1888;2016-02-16;20:22;2016;2;16;Não;2016-02-16;Terça-feira
1889;2016-02-16;23:20;2016;2;16;Não;2016-02-16;Terça-feira
1890;2016-02-17;08:34;2016;2;17;Não;2016-02-17;Quarta-feira
1891;2016-02-17;09:23;2016;2;17;Não;2016-02-17;Quarta-feira
1892;2016-02-17;14:35;2016;2;17;Não;2016-02-17;Quarta-feira
1893;2016-02-17;15:39;2016;2;17;Não;2016-02-17;Quarta-feira
1894;2016-02-17;16:07;2016;2;17;Não;2016-02-17;Quarta-feira
1895;2016-02-18;08:21;2016;2;18;Não;2016-02-18;Quinta-feira
1896;2016-02-18;12:25;2016;2;18;Não;2016-02-18;Quinta-feira
1897;2016-02-18;13:49;2016;2;18;Não;2016-02-18;Quinta-feira
1898;2016-02-19;07:56;2016;2;19;Não;2016-02-19;Sexta-feira
1899;2016-02-19;09:06;2016;2;19;Não;2016-02-19;Sexta-feira
1900;2016-02-19;10:33;2016;2;19;Não;2016-02-19;Sexta-feira
1901;2016-02-19;10:43;2016;2;19;Não;2016-02-19;Sexta-feira
1902;2016-02-19;10:46;2016;2;19;Não;2016-02-19;Sexta-feira
1903;2016-02-19;11:05;2016;2;19;Não;2016-02-19;Sexta-feira
1904;2016-02-19;12:04;2016;2;19;Não;2016-02-19;Sexta-feira
1905;2016-02-19;17:34;2016;2;19;Não;2016-02-19;Sexta-feira
1906;2016-02-19;18:36;2016;2;19;Não;2016-02-19;Sexta-feira
1907;2016-02-19;20:21;2016;2;19;Não;2016-02-19;Sexta-feira
1908;2016-02-20;07:10;2016;2;20;Sim;2016-02-20;Sábado
1909;2016-02-20;10:22;2016;2;20;Sim;2016-02-20;Sábado
1910;2016-02-20;20:13;2016;2;20;Sim;2016-02-20;Sábado
1911;2016-02-21;04:25;2016;2;21;Sim;2016-02-21;Domingo
1912;2016-02-21;16:37;2016;2;21;Sim;2016-02-21;Domingo
1913;2016-02-22;09:19;2016;2;22;Não;2016-02-22;Segunda-feira
1914;2016-02-22;11:04;2016;2;22;Não;2016-02-22;Segunda-feira
1915;2016-02-22;17:06;2016;2;22;Não;2016-02-22;Segunda-feira
1916;2016-02-22;17:25;2016;2;22;Não;2016-02-22;Segunda-feira
1917;2016-02-23;07:49;2016;2;23;Não;2016-02-23;Terça-feira
1918;2016-02-23;11:03;2016;2;23;Não;2016-02-23;Terça-feira
1919;2016-02-23;14:53;2016;2;23;Não;2016-02-23;Terça-feira
1920;2016-02-23;20:48;2016;2;23;Não;2016-02-23;Terça-feira
1921;2016-02-24;<br><;2016;2;24;Não;2016-02-24;Quarta-feira
1922;2016-02-24;12:25;2016;2;24;Não;2016-02-24;Quarta-feira
1923;2016-02-24;16:53;2016;2;24;Não;2016-02-24;Quarta-feira
1924;2016-02-25;07:54;2016;2;25;Não;2016-02-25;Quinta-feira
1925;2016-02-25;09:11;2016;2;25;Não;2016-02-25;Quinta-feira
1926;2016-02-25;15:01;2016;2;25;Não;2016-02-25;Quinta-feira
1927;2016-02-25;14:09;2016;2;25;Não;2016-02-25;Quinta-feira
1928;2016-02-25;15:32;2016;2;25;Não;2016-02-25;Quinta-feira
1929;2016-02-25;16:06;2016;2;25;Não;2016-02-25;Quinta-feira
1930;2016-02-26;01:30;2016;2;26;Não;2016-02-26;Sexta-feira
1931;2016-02-26;06:47;2016;2;26;Não;2016-02-26;Sexta-feira
1932;2016-02-26;08:18;2016;2;26;Não;2016-02-26;Sexta-feira
1933;2016-02-26;10:29;2016;2;26;Não;2016-02-26;Sexta-feira
1934;2016-02-26;13:48;2016;2;26;Não;2016-02-26;Sexta-feira
1935;2016-02-26;15:08;2016;2;26;Não;2016-02-26;Sexta-feira
1936;2016-02-26;17:20;2016;2;26;Não;2016-02-26;Sexta-feira
1937;2016-02-26;18:49;2016;2;26;Não;2016-02-26;Sexta-feira
1938;2016-02-26;19:50;2016;2;26;Não;2016-02-26;Sexta-feira
1939;2016-02-27;00:39;2016;2;27;Sim;2016-02-27;Sábado
1940;2016-02-27;23:14;2016;2;27;Sim;2016-02-27;Sábado
1941;2016-02-28;15:09;2016;2;28;Sim;2016-02-28;Domingo
1942;2016-02-29;07:51;2016;2;29;Não;2016-02-29;Segunda-feira
1943;2016-02-29;17:04;2016;2;29;Não;2016-02-29;Segunda-feira
1944;2016-02-29;18:17;2016;2;29;Não;2016-02-29;Segunda-feira
1945;2016-02-02;15:55;2016;2;2;Não;2016-02-02;Terça-feira
1946;2016-02-05;06:40;2016;2;5;Não;2016-02-05;Sexta-feira
1947;2016-02-18;06:36;2016;2;18;Não;2016-02-18;Quinta-feira
1948;2016-02-18;13:41;2016;2;18;Não;2016-02-18;Quinta-feira
1949;2016-02-22;07:05;2016;2;22;Não;2016-02-22;Segunda-feira
1950;2016-02-29;10:06;2016;2;29;Não;2016-02-29;Segunda-feira
1951;2016-02-01;16:23;2016;2;1;Não;2016-02-01;Segunda-feira
1952;2016-02-02;11:18;2016;2;2;Não;2016-02-02;Terça-feira
1953;2016-02-03;16:58;2016;2;3;Não;2016-02-03;Quarta-feira
1954;2016-02-03;18:33;2016;2;3;Não;2016-02-03;Quarta-feira
1955;2016-02-04;20:17;2016;2;4;Não;2016-02-04;Quinta-feira
1956;2016-02-06;12:29;2016;2;6;Sim;2016-02-06;Sábado
1957;2016-02-10;20:07;2016;2;10;Não;2016-02-10;Quarta-feira
1958;2016-02-13;08:12;2016;2;13;Sim;2016-02-13;Sábado
1959;2016-02-14;13:32;2016;2;14;Sim;2016-02-14;Domingo
1960;2016-02-16;20:17;2016;2;16;Não;2016-02-16;Terça-feira
1961;2016-02-19;19:51;2016;2;19;Não;2016-02-19;Sexta-feira
1962;2016-02-23;07:53;2016;2;23;Não;2016-02-23;Terça-feira
1963;2016-02-24;19:27;2016;2;24;Não;2016-02-24;Quarta-feira
1964;2016-02-26;09:43;2016;2;26;Não;2016-02-26;Sexta-feira
1965;2016-03-02;13:15;2016;3;2;Não;2016-03-02;Quarta-feira
1966;2016-03-02;17:13;2016;3;2;Não;2016-03-02;Quarta-feira
1967;2016-03-04;22:18;2016;3;4;Não;2016-03-04;Sexta-feira
1968;2016-03-06;00:37;2016;3;6;Sim;2016-03-06;Domingo
1969;2016-03-06;19:26;2016;3;6;Sim;2016-03-06;Domingo
1970;2016-03-08;10:10;2016;3;8;Não;2016-03-08;Terça-feira
1971;2016-03-12;00:29;2016;3;12;Sim;2016-03-12;Sábado
1972;2016-03-15;09:27;2016;3;15;Não;2016-03-15;Terça-feira
1973;2016-03-16;09:19;2016;3;16;Não;2016-03-16;Quarta-feira
1974;2016-03-16;21:01;2016;3;16;Não;2016-03-16;Quarta-feira
1975;2016-03-17;13:07;2016;3;17;Não;2016-03-17;Quinta-feira
1976;2016-03-18;10:22;2016;3;18;Não;2016-03-18;Sexta-feira
1977;2016-03-18;18:59;2016;3;18;Não;2016-03-18;Sexta-feira
1978;2016-03-20;04:59;2016;3;20;Sim;2016-03-20;Domingo
1979;2016-03-20;18:10;2016;3;20;Sim;2016-03-20;Domingo
1980;2016-03-25;19:38;2016;3;25;Não;2016-03-25;Sexta-feira
1981;2016-03-26;02:47;2016;3;26;Sim;2016-03-26;Sábado
1982;2016-03-27;12:06;2016;3;27;Sim;2016-03-27;Domingo
1983;2016-03-30;13:08;2016;3;30;Não;2016-03-30;Quarta-feira
1984;2016-03-30;19:16;2016;3;30;Não;2016-03-30;Quarta-feira
1985;2016-03-01;19:00;2016;3;1;Não;2016-03-01;Terça-feira
1986;2016-03-10;21:13;2016;3;10;Não;2016-03-10;Quinta-feira
1987;2016-03-11;08:15;2016;3;11;Não;2016-03-11;Sexta-feira
1988;2016-03-12;09:55;2016;3;12;Sim;2016-03-12;Sábado
1989;2016-03-13;20:02;2016;3;13;Sim;2016-03-13;Domingo
1990;2016-03-14;11:23;2016;3;14;Não;2016-03-14;Segunda-feira
1991;2016-03-19;19:12;2016;3;19;Sim;2016-03-19;Sábado
1992;2016-03-21;10:09;2016;3;21;Não;2016-03-21;Segunda-feira
1993;2016-03-24;16:51;2016;3;24;Não;2016-03-24;Quinta-feira
1994;2016-03-21;06:16;2016;3;21;Não;2016-03-21;Segunda-feira
1995;2016-03-01;07:22;2016;3;1;Não;2016-03-01;Terça-feira
1996;2016-03-01;19:39;2016;3;1;Não;2016-03-01;Terça-feira
1997;2016-03-02;07:11;2016;3;2;Não;2016-03-02;Quarta-feira
1998;2016-03-02;12:49;2016;3;2;Não;2016-03-02;Quarta-feira
1999;2016-03-02;13:26;2016;3;2;Não;2016-03-02;Quarta-feira
2000;2016-03-03;09:25;2016;3;3;Não;2016-03-03;Quinta-feira
2001;2016-03-03;10:10;2016;3;3;Não;2016-03-03;Quinta-feira
2002;2016-03-03;11:54;2016;3;3;Não;2016-03-03;Quinta-feira
2003;2016-03-04;16:56;2016;3;4;Não;2016-03-04;Sexta-feira
2004;2016-03-04;21:37;2016;3;4;Não;2016-03-04;Sexta-feira
2005;2016-03-05;09:55;2016;3;5;Sim;2016-03-05;Sábado
2006;2016-03-05;10:27;2016;3;5;Sim;2016-03-05;Sábado
2007;2016-03-05;15:12;2016;3;5;Sim;2016-03-05;Sábado
2008;2016-03-06;02:22;2016;3;6;Sim;2016-03-06;Domingo
2009;2016-03-06;04:11;2016;3;6;Sim;2016-03-06;Domingo
2010;2016-03-06;10:14;2016;3;6;Sim;2016-03-06;Domingo
2011;2016-03-06;14:40;2016;3;6;Sim;2016-03-06;Domingo
2012;2016-03-06;14:54;2016;3;6;Sim;2016-03-06;Domingo
2013;2016-03-06;18:06;2016;3;6;Sim;2016-03-06;Domingo
2014;2016-03-06;21:59;2016;3;6;Sim;2016-03-06;Domingo
2015;2016-03-07;14:04;2016;3;7;Não;2016-03-07;Segunda-feira
2016;2016-03-07;19:54;2016;3;7;Não;2016-03-07;Segunda-feira
2017;2016-03-08;06:54;2016;3;8;Não;2016-03-08;Terça-feira
2018;2016-03-08;11:49;2016;3;8;Não;2016-03-08;Terça-feira
2019;2016-03-08;14:13;2016;3;8;Não;2016-03-08;Terça-feira
2020;2016-03-08;14:40;2016;3;8;Não;2016-03-08;Terça-feira
2021;2016-03-08;15:45;2016;3;8;Não;2016-03-08;Terça-feira
2022;2016-03-08;18:07;2016;3;8;Não;2016-03-08;Terça-feira
2023;2016-03-08;18:23;2016;3;8;Não;2016-03-08;Terça-feira
2024;2016-03-09;09:43;2016;3;9;Não;2016-03-09;Quarta-feira
2025;2016-03-09;11:39;2016;3;9;Não;2016-03-09;Quarta-feira
2026;2016-03-09;19:10;2016;3;9;Não;2016-03-09;Quarta-feira
2027;2016-03-10;08:00;2016;3;10;Não;2016-03-10;Quinta-feira
2028;2016-03-11;09:48;2016;3;11;Não;2016-03-11;Sexta-feira
2029;2016-03-11;12:38;2016;3;11;Não;2016-03-11;Sexta-feira
2030;2016-03-11;15:48;2016;3;11;Não;2016-03-11;Sexta-feira
2031;2016-03-11;19:03;2016;3;11;Não;2016-03-11;Sexta-feira
2032;2016-03-11;19:07;2016;3;11;Não;2016-03-11;Sexta-feira
2033;2016-03-12;08:44;2016;3;12;Sim;2016-03-12;Sábado
2034;2016-03-12;15:48;2016;3;12;Sim;2016-03-12;Sábado
2035;2016-03-12;16:28;2016;3;12;Sim;2016-03-12;Sábado
2036;2016-03-12;18:15;2016;3;12;Sim;2016-03-12;Sábado
2037;2016-03-12;20:37;2016;3;12;Sim;2016-03-12;Sábado
2038;2016-03-12;21:46;2016;3;12;Sim;2016-03-12;Sábado
2039;2016-03-12;22:10;2016;3;12;Sim;2016-03-12;Sábado
2040;2016-03-12;23:01;2016;3;12;Sim;2016-03-12;Sábado
2041;2016-03-12;23:17;2016;3;12;Sim;2016-03-12;Sábado
2042;2016-03-13;12:06;2016;3;13;Sim;2016-03-13;Domingo
2043;2016-03-14;10:52;2016;3;14;Não;2016-03-14;Segunda-feira
2044;2016-03-14;14:42;2016;3;14;Não;2016-03-14;Segunda-feira
2045;2016-03-14;16:19;2016;3;14;Não;2016-03-14;Segunda-feira
2046;2016-03-14;18:58;2016;3;14;Não;2016-03-14;Segunda-feira
2047;2016-03-14;22:05;2016;3;14;Não;2016-03-14;Segunda-feira
2048;2016-03-15;09:30;2016;3;15;Não;2016-03-15;Terça-feira
2049;2016-03-15;10:17;2016;3;15;Não;2016-03-15;Terça-feira
2050;2016-03-15;12:21;2016;3;15;Não;2016-03-15;Terça-feira
2051;2016-03-15;13:14;2016;3;15;Não;2016-03-15;Terça-feira
2052;2016-03-16;07:13;2016;3;16;Não;2016-03-16;Quarta-feira
2053;2016-03-17;08:07;2016;3;17;Não;2016-03-17;Quinta-feira
2054;2016-03-17;11:54;2016;3;17;Não;2016-03-17;Quinta-feira
2055;2016-03-17;16:08;2016;3;17;Não;2016-03-17;Quinta-feira
2056;2016-03-17;21:05;2016;3;17;Não;2016-03-17;Quinta-feira
2057;2016-03-19;05:39;2016;3;19;Sim;2016-03-19;Sábado
2058;2016-03-19;08:28;2016;3;19;Sim;2016-03-19;Sábado
2059;2016-03-19;13:30;2016;3;19;Sim;2016-03-19;Sábado
2060;2016-03-20;14:25;2016;3;20;Sim;2016-03-20;Domingo
2061;2016-03-20;15:30;2016;3;20;Sim;2016-03-20;Domingo
2062;2016-03-21;06:59;2016;3;21;Não;2016-03-21;Segunda-feira
2063;2016-03-21;07:43;2016;3;21;Não;2016-03-21;Segunda-feira
2064;2016-03-21;09:21;2016;3;21;Não;2016-03-21;Segunda-feira
2065;2016-03-21;13:53;2016;3;21;Não;2016-03-21;Segunda-feira
2066;2016-03-21;14:10;2016;3;21;Não;2016-03-21;Segunda-feira
2067;2016-03-21;22:01;2016;3;21;Não;2016-03-21;Segunda-feira
2068;2016-03-21;22:50;2016;3;21;Não;2016-03-21;Segunda-feira
2069;2016-03-22;22:16;2016;3;22;Não;2016-03-22;Terça-feira
2070;2016-03-23;16:40;2016;3;23;Não;2016-03-23;Quarta-feira
2071;2016-03-23;19:18;2016;3;23;Não;2016-03-23;Quarta-feira
2072;2016-03-24;08:42;2016;3;24;Não;2016-03-24;Quinta-feira
2073;2016-03-24;08:52;2016;3;24;Não;2016-03-24;Quinta-feira
2074;2016-03-24;14:27;2016;3;24;Não;2016-03-24;Quinta-feira
2075;2016-03-24;16:28;2016;3;24;Não;2016-03-24;Quinta-feira
2076;2016-03-24;16:36;2016;3;24;Não;2016-03-24;Quinta-feira
2077;2016-03-25;10:00;2016;3;25;Não;2016-03-25;Sexta-feira
2078;2016-03-25;12:25;2016;3;25;Não;2016-03-25;Sexta-feira
2079;2016-03-25;18:21;2016;3;25;Não;2016-03-25;Sexta-feira
2080;2016-03-26;20:35;2016;3;26;Sim;2016-03-26;Sábado
2081;2016-03-26;22:51;2016;3;26;Sim;2016-03-26;Sábado
2082;2016-03-27;01:11;2016;3;27;Sim;2016-03-27;Domingo
2083;2016-03-28;07:54;2016;3;28;Não;2016-03-28;Segunda-feira
2084;2016-03-28;15:40;2016;3;28;Não;2016-03-28;Segunda-feira
2085;2016-03-28;17:05;2016;3;28;Não;2016-03-28;Segunda-feira
2086;2016-03-28;17:31;2016;3;28;Não;2016-03-28;Segunda-feira
2087;2016-03-29;19:09;2016;3;29;Não;2016-03-29;Terça-feira
2088;2016-03-29;22:41;2016;3;29;Não;2016-03-29;Terça-feira
2089;2016-03-30;12:25;2016;3;30;Não;2016-03-30;Quarta-feira
2090;2016-03-30;18:12;2016;3;30;Não;2016-03-30;Quarta-feira
2091;2016-03-30;18:19;2016;3;30;Não;2016-03-30;Quarta-feira
2092;2016-03-30;18:34;2016;3;30;Não;2016-03-30;Quarta-feira
2093;2016-03-30;19:21;2016;3;30;Não;2016-03-30;Quarta-feira
2094;2016-03-31;08:07;2016;3;31;Não;2016-03-31;Quinta-feira
2095;2016-03-31;20:22;2016;3;31;Não;2016-03-31;Quinta-feira
2096;2016-03-26;17:33;2016;3;26;Sim;2016-03-26;Sábado
2097;2016-03-09;10:40;2016;3;9;Não;2016-03-09;Quarta-feira
2098;2016-03-15;23:58;2016;3;15;Não;2016-03-15;Terça-feira
2099;2016-03-04;21:33;2016;3;4;Não;2016-03-04;Sexta-feira
2100;2016-03-05;00:59;2016;3;5;Sim;2016-03-05;Sábado
2101;2016-03-06;05:55;2016;3;6;Sim;2016-03-06;Domingo
2102;2016-03-07;10:00;2016;3;7;Não;2016-03-07;Segunda-feira
2103;2016-03-07;12:35;2016;3;7;Não;2016-03-07;Segunda-feira
2104;2016-03-07;23:55;2016;3;7;Não;2016-03-07;Segunda-feira
2105;2016-03-08;21:39;2016;3;8;Não;2016-03-08;Terça-feira
2106;2016-03-09;11:37;2016;3;9;Não;2016-03-09;Quarta-feira
2107;2016-03-11;12:47;2016;3;11;Não;2016-03-11;Sexta-feira
2108;2016-03-11;13:50;2016;3;11;Não;2016-03-11;Sexta-feira
2109;2016-03-11;22:28;2016;3;11;Não;2016-03-11;Sexta-feira
2110;2016-03-15;13:38;2016;3;15;Não;2016-03-15;Terça-feira
2111;2016-03-15;23:26;2016;3;15;Não;2016-03-15;Terça-feira
2112;2016-03-17;08:00;2016;3;17;Não;2016-03-17;Quinta-feira
2113;2016-03-17;14:29;2016;3;17;Não;2016-03-17;Quinta-feira
2114;2016-03-17;17:26;2016;3;17;Não;2016-03-17;Quinta-feira
2115;2016-03-20;12:59;2016;3;20;Sim;2016-03-20;Domingo
2116;2016-03-20;14:04;2016;3;20;Sim;2016-03-20;Domingo
2117;2016-03-21;15:22;2016;3;21;Não;2016-03-21;Segunda-feira
2118;2016-03-23;15:32;2016;3;23;Não;2016-03-23;Quarta-feira
2119;2016-03-26;01:03;2016;3;26;Sim;2016-03-26;Sábado
2120;2016-04-01;05:24;2016;4;1;Não;2016-04-01;Sexta-feira
2121;2016-04-03;13:57;2016;4;3;Sim;2016-04-03;Domingo
2122;2016-04-04;23:48;2016;4;4;Não;2016-04-04;Segunda-feira
2123;2016-04-08;00:05;2016;4;8;Não;2016-04-08;Sexta-feira
2124;2016-04-10;08:18;2016;4;10;Sim;2016-04-10;Domingo
2125;2016-04-11;18:01;2016;4;11;Não;2016-04-11;Segunda-feira
2126;2016-04-13;03:06;2016;4;13;Não;2016-04-13;Quarta-feira
2127;2016-04-16;01:55;2016;4;16;Sim;2016-04-16;Sábado
2128;2016-04-16;02:57;2016;4;16;Sim;2016-04-16;Sábado
2129;2016-04-16;03:56;2016;4;16;Sim;2016-04-16;Sábado
2130;2016-04-17;00:46;2016;4;17;Sim;2016-04-17;Domingo
2131;2016-04-18;14:22;2016;4;18;Não;2016-04-18;Segunda-feira
2132;2016-04-19;11:12;2016;4;19;Não;2016-04-19;Terça-feira
2133;2016-04-19;17:03;2016;4;19;Não;2016-04-19;Terça-feira
2134;2016-04-20;02:31;2016;4;20;Não;2016-04-20;Quarta-feira
2135;2016-04-20;11:15;2016;4;20;Não;2016-04-20;Quarta-feira
2136;2016-04-21;12:25;2016;4;21;Não;2016-04-21;Quinta-feira
2137;2016-04-23;23:34;2016;4;23;Sim;2016-04-23;Sábado
2138;2016-04-29;07:14;2016;4;29;Não;2016-04-29;Sexta-feira
2139;2016-04-04;06:47;2016;4;4;Não;2016-04-04;Segunda-feira
2140;2016-04-09;16:55;2016;4;9;Sim;2016-04-09;Sábado
2141;2016-04-15;11:14;2016;4;15;Não;2016-04-15;Sexta-feira
2142;2016-04-18;20:18;2016;4;18;Não;2016-04-18;Segunda-feira
2143;2016-04-21;16:42;2016;4;21;Não;2016-04-21;Quinta-feira
2144;2016-04-24;11:35;2016;4;24;Sim;2016-04-24;Domingo
2145;2016-04-26;15:18;2016;4;26;Não;2016-04-26;Terça-feira
2146;2016-04-30;08:48;2016;4;30;Sim;2016-04-30;Sábado
2147;2016-04-30;14:38;2016;4;30;Sim;2016-04-30;Sábado
2148;2016-04-30;15:20;2016;4;30;Sim;2016-04-30;Sábado
2149;2016-04-30;15:48;2016;4;30;Sim;2016-04-30;Sábado
2150;2016-04-08;10:26;2016;4;8;Não;2016-04-08;Sexta-feira
2151;2016-04-09;14:18;2016;4;9;Sim;2016-04-09;Sábado
2152;2016-04-11;23:00;2016;4;11;Não;2016-04-11;Segunda-feira
2153;2016-04-13;19:01;2016;4;13;Não;2016-04-13;Quarta-feira
2154;2016-04-17;14:39;2016;4;17;Sim;2016-04-17;Domingo
2155;2016-04-22;02:49;2016;4;22;Não;2016-04-22;Sexta-feira
2156;2016-04-27;11:42;2016;4;27;Não;2016-04-27;Quarta-feira
2157;2016-04-02;08:48;2016;4;2;Sim;2016-04-02;Sábado
2158;2016-04-02;19:48;2016;4;2;Sim;2016-04-02;Sábado
2159;2016-04-03;07:36;2016;4;3;Sim;2016-04-03;Domingo
2160;2016-04-03;12:49;2016;4;3;Sim;2016-04-03;Domingo
2161;2016-04-03;19:27;2016;4;3;Sim;2016-04-03;Domingo
2162;2016-04-04;04:49;2016;4;4;Não;2016-04-04;Segunda-feira
2163;2016-04-04;08:44;2016;4;4;Não;2016-04-04;Segunda-feira
2164;2016-04-04;10:55;2016;4;4;Não;2016-04-04;Segunda-feira
2165;2016-04-04;17:13;2016;4;4;Não;2016-04-04;Segunda-feira
2166;2016-04-05;07:24;2016;4;5;Não;2016-04-05;Terça-feira
2167;2016-04-05;17:18;2016;4;5;Não;2016-04-05;Terça-feira
2168;2016-04-06;06:27;2016;4;6;Não;2016-04-06;Quarta-feira
2169;2016-04-06;10:09;2016;4;6;Não;2016-04-06;Quarta-feira
2170;2016-04-06;17:08;2016;4;6;Não;2016-04-06;Quarta-feira
2171;2016-04-06;22:49;2016;4;6;Não;2016-04-06;Quarta-feira
2172;2016-04-07;17:46;2016;4;7;Não;2016-04-07;Quinta-feira
2173;2016-04-07;20:05;2016;4;7;Não;2016-04-07;Quinta-feira
2174;2016-04-07;21:37;2016;4;7;Não;2016-04-07;Quinta-feira
2175;2016-04-08;00:29;2016;4;8;Não;2016-04-08;Sexta-feira
2176;2016-04-08;08:27;2016;4;8;Não;2016-04-08;Sexta-feira
2177;2016-04-08;08:52;2016;4;8;Não;2016-04-08;Sexta-feira
2178;2016-04-08;09:48;2016;4;8;Não;2016-04-08;Sexta-feira
2179;2016-04-08;09:59;2016;4;8;Não;2016-04-08;Sexta-feira
2180;2016-04-08;11:38;2016;4;8;Não;2016-04-08;Sexta-feira
2181;2016-04-08;20:33;2016;4;8;Não;2016-04-08;Sexta-feira
2182;2016-04-09;08:48;2016;4;9;Sim;2016-04-09;Sábado
2183;2016-04-09;09:01;2016;4;9;Sim;2016-04-09;Sábado
2184;2016-04-09;16:11;2016;4;9;Sim;2016-04-09;Sábado
2185;2016-04-10;09:27;2016;4;10;Sim;2016-04-10;Domingo
2186;2016-04-11;08:48;2016;4;11;Não;2016-04-11;Segunda-feira
2187;2016-04-11;09:33;2016;4;11;Não;2016-04-11;Segunda-feira
2188;2016-04-11;12:07;2016;4;11;Não;2016-04-11;Segunda-feira
2189;2016-04-12;08:46;2016;4;12;Não;2016-04-12;Terça-feira
2190;2016-04-12;11:08;2016;4;12;Não;2016-04-12;Terça-feira
2191;2016-04-12;19:48;2016;4;12;Não;2016-04-12;Terça-feira
2192;2016-04-12;21:15;2016;4;12;Não;2016-04-12;Terça-feira
2193;2016-04-13;00:45;2016;4;13;Não;2016-04-13;Quarta-feira
2194;2016-04-13;08:00;2016;4;13;Não;2016-04-13;Quarta-feira
2195;2016-04-13;14:16;2016;4;13;Não;2016-04-13;Quarta-feira
2196;2016-04-13;15:52;2016;4;13;Não;2016-04-13;Quarta-feira
2197;2016-04-13;18:31;2016;4;13;Não;2016-04-13;Quarta-feira
2198;2016-04-14;20:12;2016;4;14;Não;2016-04-14;Quinta-feira
2199;2016-04-15;05:51;2016;4;15;Não;2016-04-15;Sexta-feira
2200;2016-04-15;11:13;2016;4;15;Não;2016-04-15;Sexta-feira
2201;2016-04-15;12:13;2016;4;15;Não;2016-04-15;Sexta-feira
2202;2016-04-15;16:05;2016;4;15;Não;2016-04-15;Sexta-feira
2203;2016-04-15;17:00;2016;4;15;Não;2016-04-15;Sexta-feira
2204;2016-04-16;10:06;2016;4;16;Sim;2016-04-16;Sábado
2205;2016-04-16;14:36;2016;4;16;Sim;2016-04-16;Sábado
2206;2016-04-17;14:02;2016;4;17;Sim;2016-04-17;Domingo
2207;2016-04-17;15:22;2016;4;17;Sim;2016-04-17;Domingo
2208;2016-04-17;17:49;2016;4;17;Sim;2016-04-17;Domingo
2209;2016-04-18;00:08;2016;4;18;Não;2016-04-18;Segunda-feira
2210;2016-04-18;06:51;2016;4;18;Não;2016-04-18;Segunda-feira
2211;2016-04-18;07:28;2016;4;18;Não;2016-04-18;Segunda-feira
2212;2016-04-18;08:39;2016;4;18;Não;2016-04-18;Segunda-feira
2213;2016-04-18;12:09;2016;4;18;Não;2016-04-18;Segunda-feira
2214;2016-04-18;17:01;2016;4;18;Não;2016-04-18;Segunda-feira
2215;2016-04-18;18:30;2016;4;18;Não;2016-04-18;Segunda-feira
2216;2016-04-18;19:52;2016;4;18;Não;2016-04-18;Segunda-feira
2217;2016-04-18;20:17;2016;4;18;Não;2016-04-18;Segunda-feira
2218;2016-04-19;07:40;2016;4;19;Não;2016-04-19;Terça-feira
2219;2016-04-19;12:29;2016;4;19;Não;2016-04-19;Terça-feira
2220;2016-04-19;14:28;2016;4;19;Não;2016-04-19;Terça-feira
2221;2016-04-19;19:50;2016;4;19;Não;2016-04-19;Terça-feira
2222;2016-04-20;03:55;2016;4;20;Não;2016-04-20;Quarta-feira
2223;2016-04-20;09:08;2016;4;20;Não;2016-04-20;Quarta-feira
2224;2016-04-20;14:43;2016;4;20;Não;2016-04-20;Quarta-feira
2225;2016-04-22;16:19;2016;4;22;Não;2016-04-22;Sexta-feira
2226;2016-04-23;09:46;2016;4;23;Sim;2016-04-23;Sábado
2227;2016-04-23;12:01;2016;4;23;Sim;2016-04-23;Sábado
2228;2016-04-23;13:49;2016;4;23;Sim;2016-04-23;Sábado
2229;2016-04-23;19:05;2016;4;23;Sim;2016-04-23;Sábado
2230;2016-04-21;04:14;2016;4;21;Não;2016-04-21;Quinta-feira
2231;2016-04-22;15:35;2016;4;22;Não;2016-04-22;Sexta-feira
2232;2016-04-24;08:51;2016;4;24;Sim;2016-04-24;Domingo
2233;2016-04-24;19:42;2016;4;24;Sim;2016-04-24;Domingo
2234;2016-04-24;23:09;2016;4;24;Sim;2016-04-24;Domingo
2235;2016-04-25;09:04;2016;4;25;Não;2016-04-25;Segunda-feira
2236;2016-04-25;12:31;2016;4;25;Não;2016-04-25;Segunda-feira
2237;2016-04-25;13:18;2016;4;25;Não;2016-04-25;Segunda-feira
2238;2016-04-25;17:15;2016;4;25;Não;2016-04-25;Segunda-feira
2239;2016-04-25;18:12;2016;4;25;Não;2016-04-25;Segunda-feira
2240;2016-04-25;20:33;2016;4;25;Não;2016-04-25;Segunda-feira
2241;2016-04-25;20:36;2016;4;25;Não;2016-04-25;Segunda-feira
2242;2016-04-26;07:50;2016;4;26;Não;2016-04-26;Terça-feira
2243;2016-04-26;13:39;2016;4;26;Não;2016-04-26;Terça-feira
2244;2016-04-27;10:17;2016;4;27;Não;2016-04-27;Quarta-feira
2245;2016-04-27;14:50;2016;4;27;Não;2016-04-27;Quarta-feira
2246;2016-04-27;15:07;2016;4;27;Não;2016-04-27;Quarta-feira
2247;2016-04-27;16:46;2016;4;27;Não;2016-04-27;Quarta-feira
2248;2016-04-27;17:10;2016;4;27;Não;2016-04-27;Quarta-feira
2249;2016-04-27;18:18;2016;4;27;Não;2016-04-27;Quarta-feira
2250;2016-04-28;10:00;2016;4;28;Não;2016-04-28;Quinta-feira
2251;2016-04-28;12:34;2016;4;28;Não;2016-04-28;Quinta-feira
2252;2016-04-28;17:49;2016;4;28;Não;2016-04-28;Quinta-feira
2253;2016-04-29;07:19;2016;4;29;Não;2016-04-29;Sexta-feira
2254;2016-04-29;08:21;2016;4;29;Não;2016-04-29;Sexta-feira
2255;2016-04-29;09:38;2016;4;29;Não;2016-04-29;Sexta-feira
2256;2016-04-29;10:06;2016;4;29;Não;2016-04-29;Sexta-feira
2257;2016-04-29;14:15;2016;4;29;Não;2016-04-29;Sexta-feira
2258;2016-04-29;18:08;2016;4;29;Não;2016-04-29;Sexta-feira
2259;2016-04-30;13:26;2016;4;30;Sim;2016-04-30;Sábado
2260;2016-04-30;15:24;2016;4;30;Sim;2016-04-30;Sábado
2261;2016-04-30;21:26;2016;4;30;Sim;2016-04-30;Sábado
2262;2016-04-03;14:06;2016;4;3;Sim;2016-04-03;Domingo
2263;2016-04-05;13:51;2016;4;5;Não;2016-04-05;Terça-feira
2264;2016-04-05;14:34;2016;4;5;Não;2016-04-05;Terça-feira
2265;2016-04-08;15:36;2016;4;8;Não;2016-04-08;Sexta-feira
2266;2016-04-09;06:45;2016;4;9;Sim;2016-04-09;Sábado
2267;2016-04-09;09:22;2016;4;9;Sim;2016-04-09;Sábado
2268;2016-04-10;06:17;2016;4;10;Sim;2016-04-10;Domingo
2269;2016-04-11;14:30;2016;4;11;Não;2016-04-11;Segunda-feira
2270;2016-04-11;17:21;2016;4;11;Não;2016-04-11;Segunda-feira
2271;2016-04-12;18:30;2016;4;12;Não;2016-04-12;Terça-feira
2272;2016-04-12;18:53;2016;4;12;Não;2016-04-12;Terça-feira
2273;2016-04-13;08:08;2016;4;13;Não;2016-04-13;Quarta-feira
2274;2016-04-18;13:22;2016;4;18;Não;2016-04-18;Segunda-feira
2275;2016-04-20;09:50;2016;4;20;Não;2016-04-20;Quarta-feira
2276;2016-04-20;19:07;2016;4;20;Não;2016-04-20;Quarta-feira
2277;2016-04-28;09:43;2016;4;28;Não;2016-04-28;Quinta-feira
2278;2016-04-29;12:45;2016;4;29;Não;2016-04-29;Sexta-feira
2279;2016-04-29;18:05;2016;4;29;Não;2016-04-29;Sexta-feira
2280;2016-05-02;11:43;2016;5;2;Não;2016-05-02;Segunda-feira
2281;2016-05-02;12:46;2016;5;2;Não;2016-05-02;Segunda-feira
2282;2016-05-04;14:26;2016;5;4;Não;2016-05-04;Quarta-feira
2283;2016-05-05;08:06;2016;5;5;Não;2016-05-05;Quinta-feira
2284;2016-05-08;16:40;2016;5;8;Sim;2016-05-08;Domingo
2285;2016-05-08;17:38;2016;5;8;Sim;2016-05-08;Domingo
2286;2016-05-08;18:28;2016;5;8;Sim;2016-05-08;Domingo
2287;2016-05-08;19:08;2016;5;8;Sim;2016-05-08;Domingo
2288;2016-05-08;19:22;2016;5;8;Sim;2016-05-08;Domingo
2289;2016-05-08;19:34;2016;5;8;Sim;2016-05-08;Domingo
2290;2016-05-08;19:40;2016;5;8;Sim;2016-05-08;Domingo
2291;2016-05-10;14:52;2016;5;10;Não;2016-05-10;Terça-feira
2292;2016-05-11;23:31;2016;5;11;Não;2016-05-11;Quarta-feira
2293;2016-05-16;23:56;2016;5;16;Não;2016-05-16;Segunda-feira
2294;2016-05-17;14:27;2016;5;17;Não;2016-05-17;Terça-feira
2295;2016-05-18;14:06;2016;5;18;Não;2016-05-18;Quarta-feira
2296;2016-05-18;15:46;2016;5;18;Não;2016-05-18;Quarta-feira
2297;2016-05-20;02:39;2016;5;20;Não;2016-05-20;Sexta-feira
2298;2016-05-21;07:04;2016;5;21;Sim;2016-05-21;Sábado
2299;2016-05-23;09:53;2016;5;23;Não;2016-05-23;Segunda-feira
2300;2016-05-23;20:44;2016;5;23;Não;2016-05-23;Segunda-feira
2301;2016-05-25;18:42;2016;5;25;Não;2016-05-25;Quarta-feira
2302;2016-05-26;22:28;2016;5;26;Não;2016-05-26;Quinta-feira
2303;2016-05-27;11:17;2016;5;27;Não;2016-05-27;Sexta-feira
2304;2016-05-28;19:11;2016;5;28;Sim;2016-05-28;Sábado
2305;2016-05-31;07:00;2016;5;31;Não;2016-05-31;Terça-feira
2306;2016-05-07;13:19;2016;5;7;Sim;2016-05-07;Sábado
2307;2016-05-10;15:07;2016;5;10;Não;2016-05-10;Terça-feira
2308;2016-05-16;18:17;2016;5;16;Não;2016-05-16;Segunda-feira
2309;2016-05-17;20:34;2016;5;17;Não;2016-05-17;Terça-feira
2310;2016-05-18;16:33;2016;5;18;Não;2016-05-18;Quarta-feira
2311;2016-05-24;12:12;2016;5;24;Não;2016-05-24;Terça-feira
2312;2016-05-24;18:32;2016;5;24;Não;2016-05-24;Terça-feira
2313;2016-05-27;11:30;2016;5;27;Não;2016-05-27;Sexta-feira
2314;2016-05-27;12:31;2016;5;27;Não;2016-05-27;Sexta-feira
2315;2016-05-13;10:24;2016;5;13;Não;2016-05-13;Sexta-feira
2316;2016-05-15;21:34;2016;5;15;Sim;2016-05-15;Domingo
2317;2016-05-17;09:18;2016;5;17;Não;2016-05-17;Terça-feira
2318;2016-05-24;22:10;2016;5;24;Não;2016-05-24;Terça-feira
2319;2016-05-27;13:39;2016;5;27;Não;2016-05-27;Sexta-feira
2320;2016-05-28;07:59;2016;5;28;Sim;2016-05-28;Sábado
2321;2016-05-31;19:35;2016;5;31;Não;2016-05-31;Terça-feira
2322;2016-05-01;02:54;2016;5;1;Sim;2016-05-01;Domingo
2323;2016-05-01;06:22;2016;5;1;Sim;2016-05-01;Domingo
2324;2016-05-01;10:29;2016;5;1;Sim;2016-05-01;Domingo
2325;2016-05-01;12:18;2016;5;1;Sim;2016-05-01;Domingo
2326;2016-05-01;13:54;2016;5;1;Sim;2016-05-01;Domingo
2327;2016-05-02;14:21;2016;5;2;Não;2016-05-02;Segunda-feira
2328;2016-05-02;14:36;2016;5;2;Não;2016-05-02;Segunda-feira
2329;2016-05-02;20:47;2016;5;2;Não;2016-05-02;Segunda-feira
2330;2016-05-02;21:00;2016;5;2;Não;2016-05-02;Segunda-feira
2331;2016-05-03;00:06;2016;5;3;Não;2016-05-03;Terça-feira
2332;2016-05-03;14:54;2016;5;3;Não;2016-05-03;Terça-feira
2333;2016-05-03;16:35;2016;5;3;Não;2016-05-03;Terça-feira
2334;2016-05-03;16:42;2016;5;3;Não;2016-05-03;Terça-feira
2335;2016-05-03;19:49;2016;5;3;Não;2016-05-03;Terça-feira
2336;2016-05-04;09:31;2016;5;4;Não;2016-05-04;Quarta-feira
2337;2016-05-04;10:36;2016;5;4;Não;2016-05-04;Quarta-feira
2338;2016-05-04;11:51;2016;5;4;Não;2016-05-04;Quarta-feira
2339;2016-05-05;08:02;2016;5;5;Não;2016-05-05;Quinta-feira
2340;2016-05-05;08:15;2016;5;5;Não;2016-05-05;Quinta-feira
2341;2016-05-05;19:26;2016;5;5;Não;2016-05-05;Quinta-feira
2342;2016-05-06;00:15;2016;5;6;Não;2016-05-06;Sexta-feira
2343;2016-05-06;18:11;2016;5;6;Não;2016-05-06;Sexta-feira
2344;2016-05-06;22:17;2016;5;6;Não;2016-05-06;Sexta-feira
2345;2016-05-07;04:55;2016;5;7;Sim;2016-05-07;Sábado
2346;2016-05-07;09:00;2016;5;7;Sim;2016-05-07;Sábado
2347;2016-05-07;09:02;2016;5;7;Sim;2016-05-07;Sábado
2348;2016-05-07;16:08;2016;5;7;Sim;2016-05-07;Sábado
2349;2016-05-07;16:13;2016;5;7;Sim;2016-05-07;Sábado
2350;2016-05-07;17:17;2016;5;7;Sim;2016-05-07;Sábado
2351;2016-05-07;22:28;2016;5;7;Sim;2016-05-07;Sábado
2352;2016-05-08;03:39;2016;5;8;Sim;2016-05-08;Domingo
2353;2016-05-08;07:18;2016;5;8;Sim;2016-05-08;Domingo
2354;2016-05-08;10:52;2016;5;8;Sim;2016-05-08;Domingo
2355;2016-05-08;12:31;2016;5;8;Sim;2016-05-08;Domingo
2356;2016-05-08;12:47;2016;5;8;Sim;2016-05-08;Domingo
2357;2016-05-08;17:33;2016;5;8;Sim;2016-05-08;Domingo
2358;2016-05-09;18:29;2016;5;9;Não;2016-05-09;Segunda-feira
2359;2016-05-10;07:21;2016;5;10;Não;2016-05-10;Terça-feira
2360;2016-05-10;07:44;2016;5;10;Não;2016-05-10;Terça-feira
2361;2016-05-10;09:07;2016;5;10;Não;2016-05-10;Terça-feira
2362;2016-05-10;11:06;2016;5;10;Não;2016-05-10;Terça-feira
2363;2016-05-10;12:09;2016;5;10;Não;2016-05-10;Terça-feira
2364;2016-05-10;19:23;2016;5;10;Não;2016-05-10;Terça-feira
2365;2016-05-11;07:04;2016;5;11;Não;2016-05-11;Quarta-feira
2366;2016-05-11;07:08;2016;5;11;Não;2016-05-11;Quarta-feira
2367;2016-05-11;16:04;2016;5;11;Não;2016-05-11;Quarta-feira
2368;2016-05-12;10:27;2016;5;12;Não;2016-05-12;Quinta-feira
2369;2016-05-12;13:54;2016;5;12;Não;2016-05-12;Quinta-feira
2370;2016-05-12;14:43;2016;5;12;Não;2016-05-12;Quinta-feira
2371;2016-05-12;15:41;2016;5;12;Não;2016-05-12;Quinta-feira
2372;2016-05-12;22:16;2016;5;12;Não;2016-05-12;Quinta-feira
2373;2016-05-12;23:12;2016;5;12;Não;2016-05-12;Quinta-feira
2374;2016-05-13;19:22;2016;5;13;Não;2016-05-13;Sexta-feira
2375;2016-05-13;21:00;2016;5;13;Não;2016-05-13;Sexta-feira
2376;2016-05-14;10:12;2016;5;14;Sim;2016-05-14;Sábado
2377;2016-05-15;19:29;2016;5;15;Sim;2016-05-15;Domingo
2378;2016-05-16;10:41;2016;5;16;Não;2016-05-16;Segunda-feira
2379;2016-05-16;10:51;2016;5;16;Não;2016-05-16;Segunda-feira
2380;2016-05-16;10:59;2016;5;16;Não;2016-05-16;Segunda-feira
2381;2016-05-18;14:47;2016;5;18;Não;2016-05-18;Quarta-feira
2382;2016-05-19;06:31;2016;5;19;Não;2016-05-19;Quinta-feira
2383;2016-05-19;08:35;2016;5;19;Não;2016-05-19;Quinta-feira
2384;2016-05-19;09:45;2016;5;19;Não;2016-05-19;Quinta-feira
2385;2016-05-19;10:23;2016;5;19;Não;2016-05-19;Quinta-feira
2386;2016-05-19;11:03;2016;5;19;Não;2016-05-19;Quinta-feira
2387;2016-05-19;11:20;2016;5;19;Não;2016-05-19;Quinta-feira
2388;2016-05-19;20:49;2016;5;19;Não;2016-05-19;Quinta-feira
2389;2016-05-20;09:12;2016;5;20;Não;2016-05-20;Sexta-feira
2390;2016-05-20;08:45;2016;5;20;Não;2016-05-20;Sexta-feira
2391;2016-05-20;09:37;2016;5;20;Não;2016-05-20;Sexta-feira
2392;2016-05-20;19:01;2016;5;20;Não;2016-05-20;Sexta-feira
2393;2016-05-21;08:05;2016;5;21;Sim;2016-05-21;Sábado
2394;2016-05-21;10:57;2016;5;21;Sim;2016-05-21;Sábado
2395;2016-05-21;15:17;2016;5;21;Sim;2016-05-21;Sábado
2396;2016-05-22;00:28;2016;5;22;Sim;2016-05-22;Domingo
2397;2016-05-22;09:22;2016;5;22;Sim;2016-05-22;Domingo
2398;2016-05-22;16:11;2016;5;22;Sim;2016-05-22;Domingo
2399;2016-05-23;13:09;2016;5;23;Não;2016-05-23;Segunda-feira
2400;2016-05-23;18:06;2016;5;23;Não;2016-05-23;Segunda-feira
2401;2016-05-23;21:51;2016;5;23;Não;2016-05-23;Segunda-feira
2402;2016-05-23;22:59;2016;5;23;Não;2016-05-23;Segunda-feira
2403;2016-05-24;10:48;2016;5;24;Não;2016-05-24;Terça-feira
2404;2016-05-24;18:36;2016;5;24;Não;2016-05-24;Terça-feira
2405;2016-05-25;08:51;2016;5;25;Não;2016-05-25;Quarta-feira
2406;2016-05-25;12:34;2016;5;25;Não;2016-05-25;Quarta-feira
2407;2016-05-25;17:13;2016;5;25;Não;2016-05-25;Quarta-feira
2408;2016-05-25;18:06;2016;5;25;Não;2016-05-25;Quarta-feira
2409;2016-05-25;19:43;2016;5;25;Não;2016-05-25;Quarta-feira
2410;2016-05-25;20:21;2016;5;25;Não;2016-05-25;Quarta-feira
2411;2016-05-25;22:18;2016;5;25;Não;2016-05-25;Quarta-feira
2412;2016-05-26;11:04;2016;5;26;Não;2016-05-26;Quinta-feira
2413;2016-05-26;16:01;2016;5;26;Não;2016-05-26;Quinta-feira
2414;2016-05-27;11:04;2016;5;27;Não;2016-05-27;Sexta-feira
2415;2016-05-27;17:32;2016;5;27;Não;2016-05-27;Sexta-feira
2416;2016-05-28;07:52;2016;5;28;Sim;2016-05-28;Sábado
2417;2016-05-28;22:09;2016;5;28;Sim;2016-05-28;Sábado
2418;2016-05-29;07:02;2016;5;29;Sim;2016-05-29;Domingo
2419;2016-05-29;07:10;2016;5;29;Sim;2016-05-29;Domingo
2420;2016-05-29;09:54;2016;5;29;Sim;2016-05-29;Domingo
2421;2016-05-29;14:44;2016;5;29;Sim;2016-05-29;Domingo
2422;2016-05-29;20:24;2016;5;29;Sim;2016-05-29;Domingo
2423;2016-05-30;11:30;2016;5;30;Não;2016-05-30;Segunda-feira
2424;2016-05-31;15:05;2016;5;31;Não;2016-05-31;Terça-feira
2425;2016-05-23;16:09;2016;5;23;Não;2016-05-23;Segunda-feira
2426;2016-05-07;08:35;2016;5;7;Sim;2016-05-07;Sábado
2427;2016-05-08;18:19;2016;5;8;Sim;2016-05-08;Domingo
2428;2016-05-09;06:10;2016;5;9;Não;2016-05-09;Segunda-feira
2429;2016-05-14;08:07;2016;5;14;Sim;2016-05-14;Sábado
2430;2016-05-21;09:47;2016;5;21;Sim;2016-05-21;Sábado
2431;2016-05-27;15:17;2016;5;27;Não;2016-05-27;Sexta-feira
2432;2016-05-27;16:07;2016;5;27;Não;2016-05-27;Sexta-feira
2433;2016-05-01;11:54;2016;5;1;Sim;2016-05-01;Domingo
2434;2016-05-03;10:06;2016;5;3;Não;2016-05-03;Terça-feira
2435;2016-05-03;19:06;2016;5;3;Não;2016-05-03;Terça-feira
2436;2016-05-04;14:19;2016;5;4;Não;2016-05-04;Quarta-feira
2437;2016-05-04;19:57;2016;5;4;Não;2016-05-04;Quarta-feira
2438;2016-05-05;12:08;2016;5;5;Não;2016-05-05;Quinta-feira
2439;2016-05-06;07:09;2016;5;6;Não;2016-05-06;Sexta-feira
2440;2016-05-06;12:09;2016;5;6;Não;2016-05-06;Sexta-feira
2441;2016-05-08;21:35;2016;5;8;Sim;2016-05-08;Domingo
2442;2016-05-09;11:07;2016;5;9;Não;2016-05-09;Segunda-feira
2443;2016-05-12;09:05;2016;5;12;Não;2016-05-12;Quinta-feira
2444;2016-05-13;13:11;2016;5;13;Não;2016-05-13;Sexta-feira
2445;2016-05-13;19:07;2016;5;13;Não;2016-05-13;Sexta-feira
2446;2016-05-19;21:27;2016;5;19;Não;2016-05-19;Quinta-feira
2447;2016-05-20;20:04;2016;5;20;Não;2016-05-20;Sexta-feira
2448;2016-05-20;20:35;2016;5;20;Não;2016-05-20;Sexta-feira
2449;2016-05-21;06:34;2016;5;21;Sim;2016-05-21;Sábado
2450;2016-05-23;16:24;2016;5;23;Não;2016-05-23;Segunda-feira
2451;2016-05-28;12:17;2016;5;28;Sim;2016-05-28;Sábado
2452;2016-05-30;04:01;2016;5;30;Não;2016-05-30;Segunda-feira
2453;2016-06-01;08:37;2016;6;1;Não;2016-06-01;Quarta-feira
2454;2016-06-02;15:08;2016;6;2;Não;2016-06-02;Quinta-feira
2455;2016-06-03;20:43;2016;6;3;Não;2016-06-03;Sexta-feira
2456;2016-06-04;13:26;2016;6;4;Sim;2016-06-04;Sábado
2457;2016-06-05;12:23;2016;6;5;Sim;2016-06-05;Domingo
2458;2016-06-06;13:31;2016;6;6;Não;2016-06-06;Segunda-feira
2459;2016-06-06;18:29;2016;6;6;Não;2016-06-06;Segunda-feira
2460;2016-06-07;03:28;2016;6;7;Não;2016-06-07;Terça-feira
2461;2016-06-07;09:14;2016;6;7;Não;2016-06-07;Terça-feira
2462;2016-06-07;12:57;2016;6;7;Não;2016-06-07;Terça-feira
2463;2016-06-08;13:13;2016;6;8;Não;2016-06-08;Quarta-feira
2464;2016-06-08;14:56;2016;6;8;Não;2016-06-08;Quarta-feira
2465;2016-06-09;11:25;2016;6;9;Não;2016-06-09;Quinta-feira
2466;2016-06-10;17:50;2016;6;10;Não;2016-06-10;Sexta-feira
2467;2016-06-14;15:33;2016;6;14;Não;2016-06-14;Terça-feira
2468;2016-06-15;08:20;2016;6;15;Não;2016-06-15;Quarta-feira
2469;2016-06-15;08:46;2016;6;15;Não;2016-06-15;Quarta-feira
2470;2016-06-17;22:18;2016;6;17;Não;2016-06-17;Sexta-feira
2471;2016-06-18;19:33;2016;6;18;Sim;2016-06-18;Sábado
2472;2016-06-22;23:44;2016;6;22;Não;2016-06-22;Quarta-feira
2473;2016-06-24;03:40;2016;6;24;Não;2016-06-24;Sexta-feira
2474;2016-06-27;12:59;2016;6;27;Não;2016-06-27;Segunda-feira
2475;2016-06-27;15:14;2016;6;27;Não;2016-06-27;Segunda-feira
2476;2016-06-29;16:02;2016;6;29;Não;2016-06-29;Quarta-feira
2477;2016-06-09;08:53;2016;6;9;Não;2016-06-09;Quinta-feira
2478;2016-06-09;17:33;2016;6;9;Não;2016-06-09;Quinta-feira
2479;2016-06-10;06:50;2016;6;10;Não;2016-06-10;Sexta-feira
2480;2016-06-17;20:53;2016;6;17;Não;2016-06-17;Sexta-feira
2481;2016-06-18;08:32;2016;6;18;Sim;2016-06-18;Sábado
2482;2016-06-18;15:39;2016;6;18;Sim;2016-06-18;Sábado
2483;2016-06-21;19:43;2016;6;21;Não;2016-06-21;Terça-feira
2484;2016-06-24;23:46;2016;6;24;Não;2016-06-24;Sexta-feira
2485;2016-06-25;08:52;2016;6;25;Sim;2016-06-25;Sábado
2486;2016-06-27;17:03;2016;6;27;Não;2016-06-27;Segunda-feira
2487;2016-06-04;08:27;2016;6;4;Sim;2016-06-04;Sábado
2488;2016-06-18;16:54;2016;6;18;Sim;2016-06-18;Sábado
2489;2016-06-21;10:25;2016;6;21;Não;2016-06-21;Terça-feira
2490;2016-06-01;07:04;2016;6;1;Não;2016-06-01;Quarta-feira
2491;2016-06-01;11:59;2016;6;1;Não;2016-06-01;Quarta-feira
2492;2016-06-01;16:09;2016;6;1;Não;2016-06-01;Quarta-feira
2493;2016-06-01;17:05;2016;6;1;Não;2016-06-01;Quarta-feira
2494;2016-06-01;19:27;2016;6;1;Não;2016-06-01;Quarta-feira
2495;2016-06-03;18:16;2016;6;3;Não;2016-06-03;Sexta-feira
2496;2016-06-03;18:36;2016;6;3;Não;2016-06-03;Sexta-feira
2497;2016-06-03;20:24;2016;6;3;Não;2016-06-03;Sexta-feira
2498;2016-06-04;02:48;2016;6;4;Sim;2016-06-04;Sábado
2499;2016-06-04;10:21;2016;6;4;Sim;2016-06-04;Sábado
2500;2016-06-04;10:45;2016;6;4;Sim;2016-06-04;Sábado
2501;2016-06-05;04:27;2016;6;5;Sim;2016-06-05;Domingo
2502;2016-06-05;11:43;2016;6;5;Sim;2016-06-05;Domingo
2503;2016-06-05;20:28;2016;6;5;Sim;2016-06-05;Domingo
2504;2016-06-06;06:41;2016;6;6;Não;2016-06-06;Segunda-feira
2505;2016-06-06;09:35;2016;6;6;Não;2016-06-06;Segunda-feira
2506;2016-06-06;09:45;2016;6;6;Não;2016-06-06;Segunda-feira
2507;2016-06-07;07:54;2016;6;7;Não;2016-06-07;Terça-feira
2508;2016-06-07;07:57;2016;6;7;Não;2016-06-07;Terça-feira
2509;2016-06-07;07:58;2016;6;7;Não;2016-06-07;Terça-feira
2510;2016-06-07;11:02;2016;6;7;Não;2016-06-07;Terça-feira
2511;2016-06-07;11:38;2016;6;7;Não;2016-06-07;Terça-feira
2512;2016-06-07;15:12;2016;6;7;Não;2016-06-07;Terça-feira
2513;2016-06-07;15:22;2016;6;7;Não;2016-06-07;Terça-feira
2514;2016-06-07;21:27;2016;6;7;Não;2016-06-07;Terça-feira
2515;2016-06-08;02:57;2016;6;8;Não;2016-06-08;Quarta-feira
2516;2016-06-08;11:46;2016;6;8;Não;2016-06-08;Quarta-feira
2517;2016-06-08;13:24;2016;6;8;Não;2016-06-08;Quarta-feira
2518;2016-06-08;19:06;2016;6;8;Não;2016-06-08;Quarta-feira
2519;2016-06-08;21:19;2016;6;8;Não;2016-06-08;Quarta-feira
2520;2016-06-09;06:31;2016;6;9;Não;2016-06-09;Quinta-feira
2521;2016-06-09;07:18;2016;6;9;Não;2016-06-09;Quinta-feira
2522;2016-06-09;13:12;2016;6;9;Não;2016-06-09;Quinta-feira
2523;2016-06-09;14:31;2016;6;9;Não;2016-06-09;Quinta-feira
2524;2016-06-09;14:40;2016;6;9;Não;2016-06-09;Quinta-feira
2525;2016-06-09;17:17;2016;6;9;Não;2016-06-09;Quinta-feira
2526;2016-06-09;18:32;2016;6;9;Não;2016-06-09;Quinta-feira
2527;2016-06-09;19:55;2016;6;9;Não;2016-06-09;Quinta-feira
2528;2016-06-09;22:42;2016;6;9;Não;2016-06-09;Quinta-feira
2529;2016-06-09;23:43;2016;6;9;Não;2016-06-09;Quinta-feira
2530;2016-06-10;07:40;2016;6;10;Não;2016-06-10;Sexta-feira
2531;2016-06-10;09:28;2016;6;10;Não;2016-06-10;Sexta-feira
2532;2016-06-10;14:05;2016;6;10;Não;2016-06-10;Sexta-feira
2533;2016-06-10;15:24;2016;6;10;Não;2016-06-10;Sexta-feira
2534;2016-06-11;05:21;2016;6;11;Sim;2016-06-11;Sábado
2535;2016-06-11;15:11;2016;6;11;Sim;2016-06-11;Sábado
2536;2016-06-11;16:57;2016;6;11;Sim;2016-06-11;Sábado
2537;2016-06-12;12:07;2016;6;12;Sim;2016-06-12;Domingo
2538;2016-06-12;16:22;2016;6;12;Sim;2016-06-12;Domingo
2539;2016-06-13;07:37;2016;6;13;Não;2016-06-13;Segunda-feira
2540;2016-06-13;12:33;2016;6;13;Não;2016-06-13;Segunda-feira
2541;2016-06-13;19:41;2016;6;13;Não;2016-06-13;Segunda-feira
2542;2016-06-14;11:09;2016;6;14;Não;2016-06-14;Terça-feira
2543;2016-06-14;12:34;2016;6;14;Não;2016-06-14;Terça-feira
2544;2016-06-14;18:01;2016;6;14;Não;2016-06-14;Terça-feira
2545;2016-06-14;20:39;2016;6;14;Não;2016-06-14;Terça-feira
2546;2016-06-15;10:17;2016;6;15;Não;2016-06-15;Quarta-feira
2547;2016-06-15;16:15;2016;6;15;Não;2016-06-15;Quarta-feira
2548;2016-06-15;17:22;2016;6;15;Não;2016-06-15;Quarta-feira
2549;2016-06-16;00:07;2016;6;16;Não;2016-06-16;Quinta-feira
2550;2016-06-16;09:14;2016;6;16;Não;2016-06-16;Quinta-feira
2551;2016-06-16;10:09;2016;6;16;Não;2016-06-16;Quinta-feira
2552;2016-06-16;12:21;2016;6;16;Não;2016-06-16;Quinta-feira
2553;2016-06-16;15:11;2016;6;16;Não;2016-06-16;Quinta-feira
2554;2016-06-16;20:19;2016;6;16;Não;2016-06-16;Quinta-feira
2555;2016-06-16;20:28;2016;6;16;Não;2016-06-16;Quinta-feira
2556;2016-06-16;21:26;2016;6;16;Não;2016-06-16;Quinta-feira
2557;2016-06-17;06:30;2016;6;17;Não;2016-06-17;Sexta-feira
2558;2016-06-17;15:12;2016;6;17;Não;2016-06-17;Sexta-feira
2559;2016-06-17;18:33;2016;6;17;Não;2016-06-17;Sexta-feira
2560;2016-06-17;22:20;2016;6;17;Não;2016-06-17;Sexta-feira
2561;2016-06-17;23:34;2016;6;17;Não;2016-06-17;Sexta-feira
2562;2016-06-18;01:33;2016;6;18;Sim;2016-06-18;Sábado
2563;2016-06-18;07:25;2016;6;18;Sim;2016-06-18;Sábado
2564;2016-06-18;07:58;2016;6;18;Sim;2016-06-18;Sábado
2565;2016-06-18;14:45;2016;6;18;Sim;2016-06-18;Sábado
2566;2016-06-18;19:23;2016;6;18;Sim;2016-06-18;Sábado
2567;2016-06-18;19:40;2016;6;18;Sim;2016-06-18;Sábado
2568;2016-06-18;20:12;2016;6;18;Sim;2016-06-18;Sábado
2569;2016-06-18;21:29;2016;6;18;Sim;2016-06-18;Sábado
2570;2016-06-19;08:22;2016;6;19;Sim;2016-06-19;Domingo
2571;2016-06-20;07:53;2016;6;20;Não;2016-06-20;Segunda-feira
2572;2016-06-20;12:26;2016;6;20;Não;2016-06-20;Segunda-feira
2573;2016-06-20;12:40;2016;6;20;Não;2016-06-20;Segunda-feira
2574;2016-06-20;16:21;2016;6;20;Não;2016-06-20;Segunda-feira
2575;2016-06-20;18:38;2016;6;20;Não;2016-06-20;Segunda-feira
2576;2016-06-20;20:30;2016;6;20;Não;2016-06-20;Segunda-feira
2577;2016-06-20;22:34;2016;6;20;Não;2016-06-20;Segunda-feira
2578;2016-06-21;07:41;2016;6;21;Não;2016-06-21;Terça-feira
2579;2016-06-21;07:42;2016;6;21;Não;2016-06-21;Terça-feira
2580;2016-06-21;19:52;2016;6;21;Não;2016-06-21;Terça-feira
2581;2016-06-21;23:35;2016;6;21;Não;2016-06-21;Terça-feira
2582;2016-06-22;09:02;2016;6;22;Não;2016-06-22;Quarta-feira
2583;2016-06-23;08:22;2016;6;23;Não;2016-06-23;Quinta-feira
2584;2016-06-23;10:15;2016;6;23;Não;2016-06-23;Quinta-feira
2585;2016-06-23;11:17;2016;6;23;Não;2016-06-23;Quinta-feira
2586;2016-06-23;14:34;2016;6;23;Não;2016-06-23;Quinta-feira
2587;2016-06-23;17:02;2016;6;23;Não;2016-06-23;Quinta-feira
2588;2016-06-23;21:37;2016;6;23;Não;2016-06-23;Quinta-feira
2589;2016-06-24;00:10;2016;6;24;Não;2016-06-24;Sexta-feira
2590;2016-06-24;07:00;2016;6;24;Não;2016-06-24;Sexta-feira
2591;2016-06-24;23:26;2016;6;24;Não;2016-06-24;Sexta-feira
2592;2016-06-25;11:58;2016;6;25;Sim;2016-06-25;Sábado
2593;2016-06-25;15:10;2016;6;25;Sim;2016-06-25;Sábado
2594;2016-06-26;23:24;2016;6;26;Sim;2016-06-26;Domingo
2595;2016-06-27;10:14;2016;6;27;Não;2016-06-27;Segunda-feira
2596;2016-06-27;18:06;2016;6;27;Não;2016-06-27;Segunda-feira
2597;2016-06-28;07:32;2016;6;28;Não;2016-06-28;Terça-feira
2598;2016-06-28;08:06;2016;6;28;Não;2016-06-28;Terça-feira
2599;2016-06-28;10:07;2016;6;28;Não;2016-06-28;Terça-feira
2600;2016-06-28;14:19;2016;6;28;Não;2016-06-28;Terça-feira
2601;2016-06-28;18:40;2016;6;28;Não;2016-06-28;Terça-feira
2602;2016-06-28;20:16;2016;6;28;Não;2016-06-28;Terça-feira
2603;2016-06-28;23:59;2016;6;28;Não;2016-06-28;Terça-feira
2604;2016-06-29;07:34;2016;6;29;Não;2016-06-29;Quarta-feira
2605;2016-06-29;14:42;2016;6;29;Não;2016-06-29;Quarta-feira
2606;2016-06-30;08:35;2016;6;30;Não;2016-06-30;Quinta-feira
2607;2016-06-30;09:08;2016;6;30;Não;2016-06-30;Quinta-feira
2608;2016-06-30;09:19;2016;6;30;Não;2016-06-30;Quinta-feira
2609;2016-06-30;11:09;2016;6;30;Não;2016-06-30;Quinta-feira
2610;2016-06-05;15:37;2016;6;5;Sim;2016-06-05;Domingo
2611;2016-06-10;12:48;2016;6;10;Não;2016-06-10;Sexta-feira
2612;2016-06-14;06:54;2016;6;14;Não;2016-06-14;Terça-feira
2613;2016-06-14;16:39;2016;6;14;Não;2016-06-14;Terça-feira
2614;2016-06-15;13:43;2016;6;15;Não;2016-06-15;Quarta-feira
2615;2016-06-25;10:59;2016;6;25;Sim;2016-06-25;Sábado
2616;2016-06-30;11:19;2016;6;30;Não;2016-06-30;Quinta-feira
2617;2016-06-01;21:17;2016;6;1;Não;2016-06-01;Quarta-feira
2618;2016-06-02;18:18;2016;6;2;Não;2016-06-02;Quinta-feira
2619;2016-06-04;08:45;2016;6;4;Sim;2016-06-04;Sábado
2620;2016-06-08;18:29;2016;6;8;Não;2016-06-08;Quarta-feira
2621;2016-06-09;08:35;2016;6;9;Não;2016-06-09;Quinta-feira
2622;2016-06-10;19:26;2016;6;10;Não;2016-06-10;Sexta-feira
2623;2016-06-14;12:02;2016;6;14;Não;2016-06-14;Terça-feira
2624;2016-06-14;17:28;2016;6;14;Não;2016-06-14;Terça-feira
2625;2016-06-14;22:50;2016;6;14;Não;2016-06-14;Terça-feira
2626;2016-06-16;17:07;2016;6;16;Não;2016-06-16;Quinta-feira
2627;2016-06-22;11:38;2016;6;22;Não;2016-06-22;Quarta-feira
2628;2016-06-23;08:17;2016;6;23;Não;2016-06-23;Quinta-feira
2629;2016-06-23;20:01;2016;6;23;Não;2016-06-23;Quinta-feira
2630;2016-06-23;23:41;2016;6;23;Não;2016-06-23;Quinta-feira
2631;2016-06-29;16:22;2016;6;29;Não;2016-06-29;Quarta-feira
2632;2016-06-29;17:41;2016;6;29;Não;2016-06-29;Quarta-feira
2633;2016-06-30;06:33;2016;6;30;Não;2016-06-30;Quinta-feira
2634;2016-06-30;11:12;2016;6;30;Não;2016-06-30;Quinta-feira
2635;2016-06-30;18:06;2016;6;30;Não;2016-06-30;Quinta-feira
2636;2016-06-30;18:18;2016;6;30;Não;2016-06-30;Quinta-feira
2637;2016-06-30;18:58;2016;6;30;Não;2016-06-30;Quinta-feira
2638;2016-07-02;23:02;2016;7;2;Sim;2016-07-02;Sábado
2639;2016-07-04;02:32;2016;7;4;Não;2016-07-04;Segunda-feira
2640;2016-07-05;18:45;2016;7;5;Não;2016-07-05;Terça-feira
2641;2016-07-05;20:40;2016;7;5;Não;2016-07-05;Terça-feira
2642;2016-07-10;08:36;2016;7;10;Sim;2016-07-10;Domingo
2643;2016-07-11;22:49;2016;7;11;Não;2016-07-11;Segunda-feira
2644;2016-07-12;04:24;2016;7;12;Não;2016-07-12;Terça-feira
2645;2016-07-12;14:29;2016;7;12;Não;2016-07-12;Terça-feira
2646;2016-07-13;07:53;2016;7;13;Não;2016-07-13;Quarta-feira
2647;2016-07-14;00:28;2016;7;14;Não;2016-07-14;Quinta-feira
2648;2016-07-15;01:13;2016;7;15;Não;2016-07-15;Sexta-feira
2649;2016-07-15;08:32;2016;7;15;Não;2016-07-15;Sexta-feira
2650;2016-07-15;15:53;2016;7;15;Não;2016-07-15;Sexta-feira
2651;2016-07-16;07:26;2016;7;16;Sim;2016-07-16;Sábado
2652;2016-07-16;14:13;2016;7;16;Sim;2016-07-16;Sábado
2653;2016-07-17;11:05;2016;7;17;Sim;2016-07-17;Domingo
2654;2016-07-17;23:46;2016;7;17;Sim;2016-07-17;Domingo
2655;2016-07-19;17:33;2016;7;19;Não;2016-07-19;Terça-feira
2656;2016-07-19;21:11;2016;7;19;Não;2016-07-19;Terça-feira
2657;2016-07-23;15:08;2016;7;23;Sim;2016-07-23;Sábado
2658;2016-07-23;19:26;2016;7;23;Sim;2016-07-23;Sábado
2659;2016-07-24;02:22;2016;7;24;Sim;2016-07-24;Domingo
2660;2016-07-24;12:13;2016;7;24;Sim;2016-07-24;Domingo
2661;2016-07-25;08:45;2016;7;25;Não;2016-07-25;Segunda-feira
2662;2016-07-26;08:30;2016;7;26;Não;2016-07-26;Terça-feira
2663;2016-07-26;07:39;2016;7;26;Não;2016-07-26;Terça-feira
2664;2016-07-27;01:57;2016;7;27;Não;2016-07-27;Quarta-feira
2665;2016-07-29;08:39;2016;7;29;Não;2016-07-29;Sexta-feira
2666;2016-07-29;23:57;2016;7;29;Não;2016-07-29;Sexta-feira
2667;2016-07-31;01:39;2016;7;31;Sim;2016-07-31;Domingo
2668;2016-07-06;17:35;2016;7;6;Não;2016-07-06;Quarta-feira
2669;2016-07-20;22:39;2016;7;20;Não;2016-07-20;Quarta-feira
2670;2016-07-23;19:02;2016;7;23;Sim;2016-07-23;Sábado
2671;2016-07-24;10:03;2016;7;24;Sim;2016-07-24;Domingo
2672;2016-07-25;12:52;2016;7;25;Não;2016-07-25;Segunda-feira
2673;2016-07-29;13:47;2016;7;29;Não;2016-07-29;Sexta-feira
2674;2016-07-04;05:17;2016;7;4;Não;2016-07-04;Segunda-feira
2675;2016-07-21;06:44;2016;7;21;Não;2016-07-21;Quinta-feira
2676;2016-07-22;07:44;2016;7;22;Não;2016-07-22;Sexta-feira
2677;2016-07-09;07:59;2016;7;9;Sim;2016-07-09;Sábado
2678;2016-07-09;18:34;2016;7;9;Sim;2016-07-09;Sábado
2679;2016-07-10;05:21;2016;7;10;Sim;2016-07-10;Domingo
2680;2016-07-10;06:29;2016;7;10;Sim;2016-07-10;Domingo
2681;2016-07-10;06:45;2016;7;10;Sim;2016-07-10;Domingo
2682;2016-07-10;10:37;2016;7;10;Sim;2016-07-10;Domingo
2683;2016-07-09;06:56;2016;7;9;Sim;2016-07-09;Sábado
2684;2016-07-09;03:23;2016;7;9;Sim;2016-07-09;Sábado
2685;2016-07-08;15:13;2016;7;8;Não;2016-07-08;Sexta-feira
2686;2016-07-07;19:26;2016;7;7;Não;2016-07-07;Quinta-feira
2687;2016-07-07;13:49;2016;7;7;Não;2016-07-07;Quinta-feira
2688;2016-07-07;13:08;2016;7;7;Não;2016-07-07;Quinta-feira
2689;2016-07-07;09:54;2016;7;7;Não;2016-07-07;Quinta-feira
2690;2016-07-07;09:16;2016;7;7;Não;2016-07-07;Quinta-feira
2691;2016-07-07;08:35;2016;7;7;Não;2016-07-07;Quinta-feira
2692;2016-07-06;20:16;2016;7;6;Não;2016-07-06;Quarta-feira
2693;2016-07-06;13:16;2016;7;6;Não;2016-07-06;Quarta-feira
2694;2016-07-06;12:11;2016;7;6;Não;2016-07-06;Quarta-feira
2695;2016-07-06;10:18;2016;7;6;Não;2016-07-06;Quarta-feira
2696;2016-07-06;08:46;2016;7;6;Não;2016-07-06;Quarta-feira
2697;2016-07-06;08:41;2016;7;6;Não;2016-07-06;Quarta-feira
2698;2016-07-06;08:16;2016;7;6;Não;2016-07-06;Quarta-feira
2699;2016-07-06;07:56;2016;7;6;Não;2016-07-06;Quarta-feira
2700;2016-07-05;23:29;2016;7;5;Não;2016-07-05;Terça-feira
2701;2016-07-05;20:58;2016;7;5;Não;2016-07-05;Terça-feira
2702;2016-07-05;12:21;2016;7;5;Não;2016-07-05;Terça-feira
2703;2016-07-04;18:34;2016;7;4;Não;2016-07-04;Segunda-feira
2704;2016-07-04;15:24;2016;7;4;Não;2016-07-04;Segunda-feira
2705;2016-07-04;15:18;2016;7;4;Não;2016-07-04;Segunda-feira
2706;2016-07-04;08:28;2016;7;4;Não;2016-07-04;Segunda-feira
2707;2016-07-04;07:27;2016;7;4;Não;2016-07-04;Segunda-feira
2708;2016-07-04;05:47;2016;7;4;Não;2016-07-04;Segunda-feira
2709;2016-07-03;21:42;2016;7;3;Sim;2016-07-03;Domingo
2710;2016-07-03;19:01;2016;7;3;Sim;2016-07-03;Domingo
2711;2016-07-03;06:35;2016;7;3;Sim;2016-07-03;Domingo
2712;2016-07-03;00:58;2016;7;3;Sim;2016-07-03;Domingo
2713;2016-07-02;20:38;2016;7;2;Sim;2016-07-02;Sábado
2714;2016-07-02;19:33;2016;7;2;Sim;2016-07-02;Sábado
2715;2016-07-02;13:24;2016;7;2;Sim;2016-07-02;Sábado
2716;2016-07-02;13:17;2016;7;2;Sim;2016-07-02;Sábado
2717;2016-07-02;13:06;2016;7;2;Sim;2016-07-02;Sábado
2718;2016-07-01;18:23;2016;7;1;Não;2016-07-01;Sexta-feira
2719;2016-07-01;08:33;2016;7;1;Não;2016-07-01;Sexta-feira
2720;2016-07-01;08:22;2016;7;1;Não;2016-07-01;Sexta-feira
2721;2016-07-01;09:09;2016;7;1;Não;2016-07-01;Sexta-feira
2722;2016-07-10;15:47;2016;7;10;Sim;2016-07-10;Domingo
2723;2016-07-11;04:27;2016;7;11;Não;2016-07-11;Segunda-feira
2724;2016-07-11;05:47;2016;7;11;Não;2016-07-11;Segunda-feira
2725;2016-07-11;09:39;2016;7;11;Não;2016-07-11;Segunda-feira
2726;2016-07-11;10:47;2016;7;11;Não;2016-07-11;Segunda-feira
2727;2016-07-11;11:09;2016;7;11;Não;2016-07-11;Segunda-feira
2728;2016-07-11;17:33;2016;7;11;Não;2016-07-11;Segunda-feira
2729;2016-07-11;19:02;2016;7;11;Não;2016-07-11;Segunda-feira
2730;2016-07-12;06:12;2016;7;12;Não;2016-07-12;Terça-feira
2731;2016-07-12;13:24;2016;7;12;Não;2016-07-12;Terça-feira
2732;2016-07-12;15:08;2016;7;12;Não;2016-07-12;Terça-feira
2733;2016-07-12;17:40;2016;7;12;Não;2016-07-12;Terça-feira
2734;2016-07-12;18:06;2016;7;12;Não;2016-07-12;Terça-feira
2735;2016-07-13;12:45;2016;7;13;Não;2016-07-13;Quarta-feira
2736;2016-07-13;23:50;2016;7;13;Não;2016-07-13;Quarta-feira
2737;2016-07-14;06:49;2016;7;14;Não;2016-07-14;Quinta-feira
2738;2016-07-14;08:23;2016;7;14;Não;2016-07-14;Quinta-feira
2739;2016-07-14;14:33;2016;7;14;Não;2016-07-14;Quinta-feira
2740;2016-07-14;16:54;2016;7;14;Não;2016-07-14;Quinta-feira
2741;2016-07-14;17:09;2016;7;14;Não;2016-07-14;Quinta-feira
2742;2016-07-14;17:52;2016;7;14;Não;2016-07-14;Quinta-feira
2743;2016-07-15;11:10;2016;7;15;Não;2016-07-15;Sexta-feira
2744;2016-07-15;15:52;2016;7;15;Não;2016-07-15;Sexta-feira
2745;2016-07-15;17:10;2016;7;15;Não;2016-07-15;Sexta-feira
2746;2016-07-15;17:33;2016;7;15;Não;2016-07-15;Sexta-feira
2747;2016-07-15;18:16;2016;7;15;Não;2016-07-15;Sexta-feira
2748;2016-07-15;19:21;2016;7;15;Não;2016-07-15;Sexta-feira
2749;2016-07-15;22:21;2016;7;15;Não;2016-07-15;Sexta-feira
2750;2016-07-16;12:42;2016;7;16;Sim;2016-07-16;Sábado
2751;2016-07-16;12:51;2016;7;16;Sim;2016-07-16;Sábado
2752;2016-07-16;15:57;2016;7;16;Sim;2016-07-16;Sábado
2753;2016-07-16;19:20;2016;7;16;Sim;2016-07-16;Sábado
2754;2016-07-17;14:34;2016;7;17;Sim;2016-07-17;Domingo
2755;2016-07-17;17:33;2016;7;17;Sim;2016-07-17;Domingo
2756;2016-07-17;19:25;2016;7;17;Sim;2016-07-17;Domingo
2757;2016-07-17;21:31;2016;7;17;Sim;2016-07-17;Domingo
2758;2016-07-18;13:56;2016;7;18;Não;2016-07-18;Segunda-feira
2759;2016-07-18;18:59;2016;7;18;Não;2016-07-18;Segunda-feira
2760;2016-07-19;00:01;2016;7;19;Não;2016-07-19;Terça-feira
2761;2016-07-19;12:31;2016;7;19;Não;2016-07-19;Terça-feira
2762;2016-07-19;12:37;2016;7;19;Não;2016-07-19;Terça-feira
2763;2016-07-19;20:05;2016;7;19;Não;2016-07-19;Terça-feira
2764;2016-07-19;21:29;2016;7;19;Não;2016-07-19;Terça-feira
2765;2016-07-20;07:15;2016;7;20;Não;2016-07-20;Quarta-feira
2766;2016-07-20;10:14;2016;7;20;Não;2016-07-20;Quarta-feira
2767;2016-07-20;13:02;2016;7;20;Não;2016-07-20;Quarta-feira
2768;2016-07-20;13:36;2016;7;20;Não;2016-07-20;Quarta-feira
2769;2016-07-20;19:19;2016;7;20;Não;2016-07-20;Quarta-feira
2770;2016-07-20;19:21;2016;7;20;Não;2016-07-20;Quarta-feira
2771;2016-07-20;19:42;2016;7;20;Não;2016-07-20;Quarta-feira
2772;2016-07-21;16:16;2016;7;21;Não;2016-07-21;Quinta-feira
2773;2016-07-21;20:40;2016;7;21;Não;2016-07-21;Quinta-feira
2774;2016-07-22;09:01;2016;7;22;Não;2016-07-22;Sexta-feira
2775;2016-07-22;10:58;2016;7;22;Não;2016-07-22;Sexta-feira
2776;2016-07-22;16:35;2016;7;22;Não;2016-07-22;Sexta-feira
2777;2016-07-22;17:08;2016;7;22;Não;2016-07-22;Sexta-feira
2778;2016-07-23;08:40;2016;7;23;Sim;2016-07-23;Sábado
2779;2016-07-23;15:59;2016;7;23;Sim;2016-07-23;Sábado
2780;2016-07-23;17:53;2016;7;23;Sim;2016-07-23;Sábado
2781;2016-07-23;19:53;2016;7;23;Sim;2016-07-23;Sábado
2782;2016-07-23;20:41;2016;7;23;Sim;2016-07-23;Sábado
2783;2016-07-24;17:24;2016;7;24;Sim;2016-07-24;Domingo
2784;2016-07-24;23:37;2016;7;24;Sim;2016-07-24;Domingo
2785;2016-07-25;15:22;2016;7;25;Não;2016-07-25;Segunda-feira
2786;2016-07-25;17:14;2016;7;25;Não;2016-07-25;Segunda-feira
2787;2016-07-25;19:32;2016;7;25;Não;2016-07-25;Segunda-feira
2788;2016-07-26;13:30;2016;7;26;Não;2016-07-26;Terça-feira
2789;2016-07-26;15:11;2016;7;26;Não;2016-07-26;Terça-feira
2790;2016-07-26;18:39;2016;7;26;Não;2016-07-26;Terça-feira
2791;2016-07-27;16:37;2016;7;27;Não;2016-07-27;Quarta-feira
2792;2016-07-27;18:37;2016;7;27;Não;2016-07-27;Quarta-feira
2793;2016-07-28;06:33;2016;7;28;Não;2016-07-28;Quinta-feira
2794;2016-07-28;09:10;2016;7;28;Não;2016-07-28;Quinta-feira
2795;2016-07-28;09:14;2016;7;28;Não;2016-07-28;Quinta-feira
2796;2016-07-28;15:18;2016;7;28;Não;2016-07-28;Quinta-feira
2797;2016-07-29;08:36;2016;7;29;Não;2016-07-29;Sexta-feira
2798;2016-07-29;09:50;2016;7;29;Não;2016-07-29;Sexta-feira
2799;2016-07-29;16:55;2016;7;29;Não;2016-07-29;Sexta-feira
2800;2016-07-29;19:15;2016;7;29;Não;2016-07-29;Sexta-feira
2801;2016-07-30;10:39;2016;7;30;Sim;2016-07-30;Sábado
2802;2016-07-30;11:11;2016;7;30;Sim;2016-07-30;Sábado
2803;2016-07-30;13:37;2016;7;30;Sim;2016-07-30;Sábado
2804;2016-07-30;14:55;2016;7;30;Sim;2016-07-30;Sábado
2805;2016-07-30;14:58;2016;7;30;Sim;2016-07-30;Sábado
2806;2016-07-30;15:43;2016;7;30;Sim;2016-07-30;Sábado
2807;2016-07-30;17:36;2016;7;30;Sim;2016-07-30;Sábado
2808;2016-07-30;19:31;2016;7;30;Sim;2016-07-30;Sábado
2809;2016-07-30;21:51;2016;7;30;Sim;2016-07-30;Sábado
2810;2016-07-31;04:02;2016;7;31;Sim;2016-07-31;Domingo
2811;2016-07-31;07:43;2016;7;31;Sim;2016-07-31;Domingo
2812;2016-07-31;12:17;2016;7;31;Sim;2016-07-31;Domingo
2813;2016-07-31;19:33;2016;7;31;Sim;2016-07-31;Domingo
2814;2016-07-03;06:26;2016;7;3;Sim;2016-07-03;Domingo
2815;2016-07-10;14:41;2016;7;10;Sim;2016-07-10;Domingo
2816;2016-07-13;18:23;2016;7;13;Não;2016-07-13;Quarta-feira
2817;2016-07-13;21:38;2016;7;13;Não;2016-07-13;Quarta-feira
2818;2016-07-18;12:25;2016;7;18;Não;2016-07-18;Segunda-feira
2819;2016-07-23;10:14;2016;7;23;Sim;2016-07-23;Sábado
2820;2016-07-24;09:31;2016;7;24;Sim;2016-07-24;Domingo
2821;2016-07-24;10:48;2016;7;24;Sim;2016-07-24;Domingo
2822;2016-07-01;12:43;2016;7;1;Não;2016-07-01;Sexta-feira
2823;2016-07-01;13:33;2016;7;1;Não;2016-07-01;Sexta-feira
2824;2016-07-01;15:37;2016;7;1;Não;2016-07-01;Sexta-feira
2825;2016-07-03;14:32;2016;7;3;Sim;2016-07-03;Domingo
2826;2016-07-03;16:06;2016;7;3;Sim;2016-07-03;Domingo
2827;2016-07-04;20:13;2016;7;4;Não;2016-07-04;Segunda-feira
2828;2016-07-05;18:59;2016;7;5;Não;2016-07-05;Terça-feira
2829;2016-07-07;07:41;2016;7;7;Não;2016-07-07;Quinta-feira
2830;2016-07-10;13:41;2016;7;10;Sim;2016-07-10;Domingo
2831;2016-07-10;14:57;2016;7;10;Sim;2016-07-10;Domingo
2832;2016-07-11;15:19;2016;7;11;Não;2016-07-11;Segunda-feira
2833;2016-07-11;15:44;2016;7;11;Não;2016-07-11;Segunda-feira
2834;2016-07-13;18:29;2016;7;13;Não;2016-07-13;Quarta-feira
2835;2016-07-16;15:06;2016;7;16;Sim;2016-07-16;Sábado
2836;2016-07-16;16:21;2016;7;16;Sim;2016-07-16;Sábado
2837;2016-07-18;15:00;2016;7;18;Não;2016-07-18;Segunda-feira
2838;2016-07-19;19:29;2016;7;19;Não;2016-07-19;Terça-feira
2839;2016-07-19;21:57;2016;7;19;Não;2016-07-19;Terça-feira
2840;2016-07-20;17:26;2016;7;20;Não;2016-07-20;Quarta-feira
2841;2016-07-22;09:00;2016;7;22;Não;2016-07-22;Sexta-feira
2842;2016-07-22;12:51;2016;7;22;Não;2016-07-22;Sexta-feira
2843;2016-07-22;13:44;2016;7;22;Não;2016-07-22;Sexta-feira
2844;2016-07-22;15:45;2016;7;22;Não;2016-07-22;Sexta-feira
2845;2016-07-23;19:29;2016;7;23;Sim;2016-07-23;Sábado
2846;2016-07-24;20:51;2016;7;24;Sim;2016-07-24;Domingo
2847;2016-07-25;08:32;2016;7;25;Não;2016-07-25;Segunda-feira
2848;2016-07-25;17:53;2016;7;25;Não;2016-07-25;Segunda-feira
2849;2016-07-26;14:00;2016;7;26;Não;2016-07-26;Terça-feira
2850;2016-07-27;17:02;2016;7;27;Não;2016-07-27;Quarta-feira
2851;2016-07-27;18:27;2016;7;27;Não;2016-07-27;Quarta-feira
2852;2016-07-28;14:02;2016;7;28;Não;2016-07-28;Quinta-feira
2853;2016-07-31;21:17;2016;7;31;Sim;2016-07-31;Domingo
2854;2015-01-02;;2015;1;2;Não;2015-01-02;Sexta-feira
2855;2015-01-03;;2015;1;3;Sim;2015-01-03;Sábado
2856;2015-01-04;;2015;1;4;Sim;2015-01-04;Domingo
2857;2015-01-05;;2015;1;5;Não;2015-01-05;Segunda-feira
2858;2015-01-06;;2015;1;6;Não;2015-01-06;Terça-feira
2859;2015-01-07;;2015;1;7;Não;2015-01-07;Quarta-feira
2860;2015-01-08;;2015;1;8;Não;2015-01-08;Quinta-feira
2861;2015-01-09;;2015;1;9;Não;2015-01-09;Sexta-feira
2862;2015-01-12;;2015;1;12;Não;2015-01-12;Segunda-feira
2863;2015-01-13;;2015;1;13;Não;2015-01-13;Terça-feira
2864;2015-01-14;;2015;1;14;Não;2015-01-14;Quarta-feira
2865;2015-01-15;;2015;1;15;Não;2015-01-15;Quinta-feira
2866;2015-01-16;;2015;1;16;Não;2015-01-16;Sexta-feira
2867;2015-01-17;;2015;1;17;Sim;2015-01-17;Sábado
2868;2015-01-18;;2015;1;18;Sim;2015-01-18;Domingo
2869;2015-01-19;;2015;1;19;Não;2015-01-19;Segunda-feira
2870;2015-01-20;;2015;1;20;Não;2015-01-20;Terça-feira
2871;2015-01-21;;2015;1;21;Não;2015-01-21;Quarta-feira
2872;2015-01-22;;2015;1;22;Não;2015-01-22;Quinta-feira
2873;2015-01-23;;2015;1;23;Não;2015-01-23;Sexta-feira
2874;2015-01-24;;2015;1;24;Sim;2015-01-24;Sábado
2875;2015-01-25;;2015;1;25;Sim;2015-01-25;Domingo
2876;2015-01-26;;2015;1;26;Não;2015-01-26;Segunda-feira
2877;2015-01-27;;2015;1;27;Não;2015-01-27;Terça-feira
2878;2015-01-28;;2015;1;28;Não;2015-01-28;Quarta-feira
2879;2015-01-29;;2015;1;29;Não;2015-01-29;Quinta-feira
2880;2015-01-30;;2015;1;30;Não;2015-01-30;Sexta-feira
2881;2015-01-31;;2015;1;31;Sim;2015-01-31;Sábado
2882;2015-01-10;;2015;1;10;Sim;2015-01-10;Sábado
2883;2015-01-11;;2015;1;11;Sim;2015-01-11;Domingo
2884;2015-01-01;;2015;1;1;Não;2015-01-01;Quinta-feira
2885;2015-02-01;;2015;2;1;Sim;2015-02-01;Domingo
2886;2015-02-02;;2015;2;2;Não;2015-02-02;Segunda-feira
2887;2015-02-03;;2015;2;3;Não;2015-02-03;Terça-feira
2888;2015-02-04;;2015;2;4;Não;2015-02-04;Quarta-feira
2889;2015-02-05;;2015;2;5;Não;2015-02-05;Quinta-feira
2890;2015-02-06;;2015;2;6;Não;2015-02-06;Sexta-feira
2891;2015-02-07;;2015;2;7;Sim;2015-02-07;Sábado
2892;2015-02-08;;2015;2;8;Sim;2015-02-08;Domingo
2893;2015-02-09;;2015;2;9;Não;2015-02-09;Segunda-feira
2894;2015-02-10;;2015;2;10;Não;2015-02-10;Terça-feira
2895;2015-02-11;;2015;2;11;Não;2015-02-11;Quarta-feira
2896;2015-02-12;;2015;2;12;Não;2015-02-12;Quinta-feira
2897;2015-02-13;;2015;2;13;Não;2015-02-13;Sexta-feira
2898;2015-02-14;;2015;2;14;Sim;2015-02-14;Sábado
2899;2015-02-15;;2015;2;15;Sim;2015-02-15;Domingo
2900;2015-02-16;;2015;2;16;Não;2015-02-16;Segunda-feira
2901;2015-02-18;;2015;2;18;Não;2015-02-18;Quarta-feira
2902;2015-09-18;;2015;9;18;Não;2015-09-18;Sexta-feira
2903;2015-02-19;;2015;2;19;Não;2015-02-19;Quinta-feira
2904;2015-02-20;;2015;2;20;Não;2015-02-20;Sexta-feira
2905;2015-02-21;;2015;2;21;Sim;2015-02-21;Sábado
2906;2015-02-22;;2015;2;22;Sim;2015-02-22;Domingo
2907;2015-02-23;;2015;2;23;Não;2015-02-23;Segunda-feira
2908;2015-02-24;;2015;2;24;Não;2015-02-24;Terça-feira
2909;2015-02-25;;2015;2;25;Não;2015-02-25;Quarta-feira
2910;2014-02-25;;2014;2;25;Não;2014-02-25;Terça-feira
2911;2015-02-26;;2015;2;26;Não;2015-02-26;Quinta-feira
2912;2015-02-27;;2015;2;27;Não;2015-02-27;Sexta-feira
2913;2015-02-28;;2015;2;28;Sim;2015-02-28;Sábado
2914;2015-02-17;;2015;2;17;Não;2015-02-17;Terça-feira
2915;2015-03-01;;2015;3;1;Sim;2015-03-01;Domingo
2916;2015-03-02;;2015;3;2;Não;2015-03-02;Segunda-feira
2917;2015-03-03;;2015;3;3;Não;2015-03-03;Terça-feira
2918;2015-03-04;;2015;3;4;Não;2015-03-04;Quarta-feira
2919;2015-03-05;;2015;3;5;Não;2015-03-05;Quinta-feira
2920;2015-03-06;;2015;3;6;Não;2015-03-06;Sexta-feira
2921;2015-03-08;;2015;3;8;Sim;2015-03-08;Domingo
2922;2015-03-09;;2015;3;9;Não;2015-03-09;Segunda-feira
2923;2015-03-10;;2015;3;10;Não;2015-03-10;Terça-feira
2924;2015-03-11;;2015;3;11;Não;2015-03-11;Quarta-feira
2925;2015-03-13;;2015;3;13;Não;2015-03-13;Sexta-feira
2926;2015-03-14;;2015;3;14;Sim;2015-03-14;Sábado
2927;2015-03-15;;2015;3;15;Sim;2015-03-15;Domingo
2928;2015-03-16;;2015;3;16;Não;2015-03-16;Segunda-feira
2929;2015-03-18;;2015;3;18;Não;2015-03-18;Quarta-feira
2930;2015-03-19;;2015;3;19;Não;2015-03-19;Quinta-feira
2931;2015-03-21;;2015;3;21;Sim;2015-03-21;Sábado
2932;2015-03-22;;2015;3;22;Sim;2015-03-22;Domingo
2933;2015-03-23;;2015;3;23;Não;2015-03-23;Segunda-feira
2934;2015-03-24;;2015;3;24;Não;2015-03-24;Terça-feira
2935;2015-03-25;;2015;3;25;Não;2015-03-25;Quarta-feira
2936;2015-03-26;;2015;3;26;Não;2015-03-26;Quinta-feira
2937;2015-03-27;;2015;3;27;Não;2015-03-27;Sexta-feira
2938;2015-03-28;;2015;3;28;Sim;2015-03-28;Sábado
2939;2015-03-29;;2015;3;29;Sim;2015-03-29;Domingo
2940;2015-03-30;;2015;3;30;Não;2015-03-30;Segunda-feira
2941;2015-03-31;;2015;3;31;Não;2015-03-31;Terça-feira
2942;2015-03-20;;2015;3;20;Não;2015-03-20;Sexta-feira
2943;2015-03-07;;2015;3;7;Sim;2015-03-07;Sábado
2944;2015-03-17;;2015;3;17;Não;2015-03-17;Terça-feira
2945;2015-03-12;;2015;3;12;Não;2015-03-12;Quinta-feira
2946;2015-04-01;;2015;4;1;Não;2015-04-01;Quarta-feira
2947;2015-04-05;;2015;4;5;Sim;2015-04-05;Domingo
2948;2015-04-08;;2015;4;8;Não;2015-04-08;Quarta-feira
2949;2015-04-10;;2015;4;10;Não;2015-04-10;Sexta-feira
2950;2015-04-11;;2015;4;11;Sim;2015-04-11;Sábado
2951;2015-04-17;;2015;4;17;Não;2015-04-17;Sexta-feira
2952;2015-04-18;;2015;4;18;Sim;2015-04-18;Sábado
2953;2015-04-19;;2015;4;19;Sim;2015-04-19;Domingo
2954;2015-04-21;;2015;4;21;Não;2015-04-21;Terça-feira
2955;2015-04-27;;2015;4;27;Não;2015-04-27;Segunda-feira
2956;2015-04-28;;2015;4;28;Não;2015-04-28;Terça-feira
2957;2015-04-02;;2015;4;2;Não;2015-04-02;Quinta-feira
2958;2015-04-04;;2015;4;4;Sim;2015-04-04;Sábado
2959;2015-04-07;;2015;4;7;Não;2015-04-07;Terça-feira
2960;2015-04-12;;2015;4;12;Sim;2015-04-12;Domingo
2961;2015-04-14;;2015;4;14;Não;2015-04-14;Terça-feira
2962;2015-04-25;;2015;4;25;Sim;2015-04-25;Sábado
2963;2015-04-06;;2015;4;6;Não;2015-04-06;Segunda-feira
2964;2015-04-13;;2015;4;13;Não;2015-04-13;Segunda-feira
2965;2015-04-16;;2015;4;16;Não;2015-04-16;Quinta-feira
2966;2015-04-20;;2015;4;20;Não;2015-04-20;Segunda-feira
2967;2015-04-23;;2015;4;23;Não;2015-04-23;Quinta-feira
2968;2015-04-24;;2015;4;24;Não;2015-04-24;Sexta-feira
2969;2015-04-03;;2015;4;3;Não;2015-04-03;Sexta-feira
2970;2015-04-09;;2015;4;9;Não;2015-04-09;Quinta-feira
2971;2015-04-15;;2015;4;15;Não;2015-04-15;Quarta-feira
2972;2015-04-22;;2015;4;22;Não;2015-04-22;Quarta-feira
2973;2015-04-26;;2015;4;26;Sim;2015-04-26;Domingo
2974;2015-04-29;;2015;4;29;Não;2015-04-29;Quarta-feira
2975;2015-04-30;;2015;4;30;Não;2015-04-30;Quinta-feira
2976;2015-05-02;;2015;5;2;Sim;2015-05-02;Sábado
2977;2015-05-10;;2015;5;10;Sim;2015-05-10;Domingo
2978;2015-05-11;;2015;5;11;Não;2015-05-11;Segunda-feira
2979;2015-05-12;;2015;5;12;Não;2015-05-12;Terça-feira
2980;2015-05-16;;2015;5;16;Sim;2015-05-16;Sábado
2981;2015-05-17;;2015;5;17;Sim;2015-05-17;Domingo
2982;2015-05-20;;2015;5;20;Não;2015-05-20;Quarta-feira
2983;2015-05-23;;2015;5;23;Sim;2015-05-23;Sábado
2984;2015-05-08;;2015;5;8;Não;2015-05-08;Sexta-feira
2985;2015-05-09;;2015;5;9;Sim;2015-05-09;Sábado
2986;2015-05-18;;2015;5;18;Não;2015-05-18;Segunda-feira
2987;2015-05-22;;2015;5;22;Não;2015-05-22;Sexta-feira
2988;2015-05-03;;2015;5;3;Sim;2015-05-03;Domingo
2989;2015-05-05;;2015;5;5;Não;2015-05-05;Terça-feira
2990;2015-05-21;;2015;5;21;Não;2015-05-21;Quinta-feira
2991;2015-05-25;;2015;5;25;Não;2015-05-25;Segunda-feira
2992;2015-05-01;;2015;5;1;Não;2015-05-01;Sexta-feira
2993;2015-05-04;;2015;5;4;Não;2015-05-04;Segunda-feira
2994;2015-05-06;;2015;5;6;Não;2015-05-06;Quarta-feira
2995;2015-05-07;;2015;5;7;Não;2015-05-07;Quinta-feira
2996;2015-05-13;;2015;5;13;Não;2015-05-13;Quarta-feira
2997;2015-05-14;;2015;5;14;Não;2015-05-14;Quinta-feira
2998;2015-05-15;;2015;5;15;Não;2015-05-15;Sexta-feira
2999;2015-05-24;;2015;5;24;Sim;2015-05-24;Domingo
