sk_local;bairro;endereco;latitude;longitude
1;NÃO INFORMADO;NÃO INFORMADO;-8.029113;-34.925988
2;NÃO INFORMADO;NÃO INFORMADO;-8.020438;-34.903339
3;NÃO INFORMADO;NÃO INFORMADO;-8.034818;-34.949516
4;NÃO INFORMADO;NÃO INFORMADO;-8.011427;-34.924636
5;NÃO INFORMADO;NÃO INFORMADO;-8.016449;-34.941486
6;NÃO INFORMADO;NÃO INFORMADO;-8.115814;-34.895518
7;NÃO INFORMADO;NÃO INFORMADO;-8.115803;-34.895561
8;NÃO INFORMADO;NÃO INFORMADO;-8.069481;-34.932779
9;NÃO INFORMADO;NÃO INFORMADO;-8.061715;-34.876217
10;NÃO INFORMADO;NÃO INFORMADO;-8.021134;-34.886355
11;NÃO INFORMADO;NÃO INFORMADO;-8.095959;-34.911858
12;NÃO INFORMADO;NÃO INFORMADO;-8.056723;-34.879929
13;NÃO INFORMADO;NÃO INFORMADO;-8.026011;-34.917791
14;NÃO INFORMADO;NÃO INFORMADO;-8.039858;-34.878695
15;NÃO INFORMADO;NÃO INFORMADO;-8.034456;-34.949956
16;NÃO INFORMADO;NÃO INFORMADO;-8.078228;-34.89908
17;NÃO INFORMADO;NÃO INFORMADO;-8.066262;-34.882665
18;NÃO INFORMADO;NÃO INFORMADO;-8.019902;-34.890389
19;NÃO INFORMADO;NÃO INFORMADO;-8.02311;-34.918655
20;NÃO INFORMADO;NÃO INFORMADO;-8.097728;-34.928455
21;NÃO INFORMADO;NÃO INFORMADO;-8.082605;-34.932878
22;NÃO INFORMADO;NÃO INFORMADO;-8.049945;-34.873803
23;NÃO INFORMADO;NÃO INFORMADO;-8.055097;-34.879913
24;NÃO INFORMADO;NÃO INFORMADO;-8.108453;-34.890121
25;NÃO INFORMADO;NÃO INFORMADO;-8.132221;-34.899992
26;NÃO INFORMADO;NÃO INFORMADO;-8.04236;-34.924003
27;NÃO INFORMADO;NÃO INFORMADO;-8.08602;-34.937929
28;NÃO INFORMADO;NÃO INFORMADO;-8.024194;-34.881871
29;NÃO INFORMADO;NÃO INFORMADO;-8.00336;-34.917952
30;NÃO INFORMADO;NÃO INFORMADO;-8.013851;-34.931467
31;NÃO INFORMADO;NÃO INFORMADO;-8.013846;-34.914851
32;NÃO INFORMADO;NÃO INFORMADO;-8.077819;-34.90026
33;NÃO INFORMADO;NÃO INFORMADO;-8.062416;-34.916289
34;NÃO INFORMADO;NÃO INFORMADO;-8.018478;-34.926068
35;NÃO INFORMADO;NÃO INFORMADO;-8.016332;-34.930183
36;NÃO INFORMADO;NÃO INFORMADO;-8.106403;-34.921288
37;NÃO INFORMADO;NÃO INFORMADO;-8.036257;-34.88017
38;NÃO INFORMADO;NÃO INFORMADO;-8.04739;-34.891752
39;NÃO INFORMADO;NÃO INFORMADO;-8.037943;-34.917971
40;NÃO INFORMADO;NÃO INFORMADO;-8.088378;-34.929882
41;NÃO INFORMADO;NÃO INFORMADO;-8.029315;-34.92584
42;NÃO INFORMADO;NÃO INFORMADO;-8.020715;-34.888351
43;NÃO INFORMADO;NÃO INFORMADO;-8.108846;-34.911847
44;NÃO INFORMADO;NÃO INFORMADO;-8.041027;-34.908669
45;NÃO INFORMADO;NÃO INFORMADO;-8.059925;-34.882177
46;NÃO INFORMADO;NÃO INFORMADO;-8.044623;-34.874886
47;NÃO INFORMADO;NÃO INFORMADO;-8.022048;-34.915473
48;NÃO INFORMADO;NÃO INFORMADO;-8.043935;-34.882304
49;NÃO INFORMADO;NÃO INFORMADO;-8.087029;-34.907518
50;NÃO INFORMADO;NÃO INFORMADO;-8.080268;-34.906896
51;NÃO INFORMADO;NÃO INFORMADO;-8.089392;-34.933739
52;NÃO INFORMADO;NÃO INFORMADO;-8.061264;-34.905404
53;NÃO INFORMADO;NÃO INFORMADO;-8.059283;-34.893707
54;NÃO INFORMADO;NÃO INFORMADO;-8.139169;-34.914556
55;NÃO INFORMADO;NÃO INFORMADO;-8.058922;-34.907244
56;NÃO INFORMADO;NÃO INFORMADO;-8.064084;-34.878411
57;NÃO INFORMADO;NÃO INFORMADO;-8.065274;-34.876195
58;NÃO INFORMADO;NÃO INFORMADO;-8.096546;-34.886001
59;NÃO INFORMADO;NÃO INFORMADO;-8.067484;-34.9007
60;NÃO INFORMADO;NÃO INFORMADO;-8.110567;-34.937038
61;NÃO INFORMADO;NÃO INFORMADO;-8.061758;-34.908248
62;NÃO INFORMADO;NÃO INFORMADO;-8.037431;-34.919336
63;NÃO INFORMADO;NÃO INFORMADO;-8.110522;-34.892364
64;NÃO INFORMADO;NÃO INFORMADO;-8.090661;-34.956468
65;NÃO INFORMADO;NÃO INFORMADO;-8.013934;-34.910265
66;NÃO INFORMADO;NÃO INFORMADO;-8.03111;-34.895673
67;NÃO INFORMADO;NÃO INFORMADO;-8.006314;-34.909444
68;NÃO INFORMADO;NÃO INFORMADO;-8.04713;-34.939989
69;NÃO INFORMADO;NÃO INFORMADO;-8.043712;-34.887916
70;NÃO INFORMADO;NÃO INFORMADO;-8.067245;-34.923193
71;NÃO INFORMADO;NÃO INFORMADO;-8.109961;-34.936352
72;NÃO INFORMADO;NÃO INFORMADO;-8.043757;-34.88627
73;NÃO INFORMADO;NÃO INFORMADO;-8.062007;-34.887922
74;NÃO INFORMADO;NÃO INFORMADO;-8.109489;-34.908907
75;NÃO INFORMADO;NÃO INFORMADO;-8.11866;-34.942607
76;NÃO INFORMADO;NÃO INFORMADO;-8.119117;-34.897535
77;NÃO INFORMADO;NÃO INFORMADO;-8.034881;-34.961361
78;NÃO INFORMADO;NÃO INFORMADO;-8.118119;-34.893833
79;NÃO INFORMADO;NÃO INFORMADO;-8.026388;-34.897825
80;NÃO INFORMADO;NÃO INFORMADO;-8.062533;-34.911665
81;NÃO INFORMADO;NÃO INFORMADO;-8.119839;-34.909798
82;NÃO INFORMADO;NÃO INFORMADO;-8.036135;-34.989964
83;NÃO INFORMADO;NÃO INFORMADO;-8.018287;-34.888834
84;NÃO INFORMADO;NÃO INFORMADO;-8.13327;-34.948443
85;NÃO INFORMADO;NÃO INFORMADO;-8.072752;-34.894187
86;NÃO INFORMADO;NÃO INFORMADO;-8.10327;-34.910785
87;NÃO INFORMADO;NÃO INFORMADO;-8.074165;-34.929936
88;NÃO INFORMADO;NÃO INFORMADO;-8.112447;-34.893512
89;NÃO INFORMADO;NÃO INFORMADO;-8.001203;-34.914025
90;NÃO INFORMADO;NÃO INFORMADO;-8.114847;-34.897229
91;NÃO INFORMADO;NÃO INFORMADO;-8.039694;-34.879253
92;NÃO INFORMADO;NÃO INFORMADO;-8.042296;-34.902599
93;NÃO INFORMADO;NÃO INFORMADO;-8.060048;-34.889166
94;NÃO INFORMADO;NÃO INFORMADO;-8.067622;-34.928316
95;NÃO INFORMADO;NÃO INFORMADO;-8.116886;-34.913435
96;NÃO INFORMADO;NÃO INFORMADO;-8.036079;-34.938511
97;NÃO INFORMADO;NÃO INFORMADO;-8.06309;-34.893631
98;NÃO INFORMADO;NÃO INFORMADO;-8.03214;-34.88134
99;NÃO INFORMADO;NÃO INFORMADO;-8.040809;-34.93854
100;NÃO INFORMADO;NÃO INFORMADO;-8.067473;-34.911429
101;NÃO INFORMADO;NÃO INFORMADO;-8.031423;-34.904986
102;NÃO INFORMADO;NÃO INFORMADO;-8.02421;-34.893678
103;NÃO INFORMADO;NÃO INFORMADO;-8.06128;-34.888785
104;NÃO INFORMADO;NÃO INFORMADO;-8.099541;-34.910066
105;NÃO INFORMADO;NÃO INFORMADO;-8.141129;-34.911144
106;NÃO INFORMADO;NÃO INFORMADO;-8.079556;-34.89342
107;NÃO INFORMADO;NÃO INFORMADO;-8.086083;-34.909599
108;NÃO INFORMADO;NÃO INFORMADO;-8.105723;-34.889826
109;NÃO INFORMADO;NÃO INFORMADO;-8.04466;-34.943985
110;NÃO INFORMADO;NÃO INFORMADO;-8.020736;-34.935826
111;NÃO INFORMADO;NÃO INFORMADO;-8.092273;-34.908854
112;NÃO INFORMADO;NÃO INFORMADO;-8.038711;-34.879293
113;NÃO INFORMADO;NÃO INFORMADO;-8.052949;-34.880902
114;NÃO INFORMADO;NÃO INFORMADO;-8.063702;-34.935172
115;NÃO INFORMADO;NÃO INFORMADO;-8.008895;-34.938806
116;NÃO INFORMADO;NÃO INFORMADO;-8.033665;-34.896427
117;NÃO INFORMADO;NÃO INFORMADO;-8.043454;-34.887428
118;NÃO INFORMADO;NÃO INFORMADO;-8.08534;-34.891366
119;NÃO INFORMADO;NÃO INFORMADO;-8.124651;-34.915063
120;NÃO INFORMADO;NÃO INFORMADO;-8.049945;-34.904873
121;NÃO INFORMADO;NÃO INFORMADO;-8.087124;-34.931417
122;NÃO INFORMADO;NÃO INFORMADO;-8.06367;-34.897669
123;NÃO INFORMADO;NÃO INFORMADO;-8.085499;-34.886664
124;NÃO INFORMADO;NÃO INFORMADO;-8.088965;-34.8851
125;NÃO INFORMADO;NÃO INFORMADO;-8.016662;-34.917855
126;NÃO INFORMADO;NÃO INFORMADO;-8.036645;-34.975491
127;NÃO INFORMADO;NÃO INFORMADO;-8.060834;-34.924196
128;NÃO INFORMADO;NÃO INFORMADO;-8.039582;-34.904235
129;NÃO INFORMADO;NÃO INFORMADO;-8.032194;-34.912984
130;NÃO INFORMADO;NÃO INFORMADO;-8.069831;-34.897723
131;NÃO INFORMADO;NÃO INFORMADO;-8.134788;-34.913537
132;NÃO INFORMADO;NÃO INFORMADO;-8.05668;-34.919422
133;NÃO INFORMADO;NÃO INFORMADO;-8.084554;-34.927812
134;NÃO INFORMADO;NÃO INFORMADO;-8.109855;-34.918199
135;NÃO INFORMADO;NÃO INFORMADO;-8.129834;-34.89952
136;NÃO INFORMADO;NÃO INFORMADO;-8.010106;-34.91322
137;NÃO INFORMADO;NÃO INFORMADO;-8.080908;-34.920245
138;NÃO INFORMADO;NÃO INFORMADO;-8.056701;-34.892642
139;NÃO INFORMADO;NÃO INFORMADO;-8.022271;-34.883968
140;NÃO INFORMADO;NÃO INFORMADO;-8.10421;-34.888185
141;NÃO INFORMADO;NÃO INFORMADO;-8.140826;-34.930365
142;NÃO INFORMADO;NÃO INFORMADO;-8.030133;-34.892567
143;NÃO INFORMADO;NÃO INFORMADO;-8.053962;-34.912105
144;NÃO INFORMADO;NÃO INFORMADO;-8.086923;-34.89098
145;NÃO INFORMADO;NÃO INFORMADO;-8.053201;-34.905775
146;NÃO INFORMADO;NÃO INFORMADO;-8.080491;-34.905831
147;NÃO INFORMADO;NÃO INFORMADO;-8.055676;-34.90402
148;NÃO INFORMADO;NÃO INFORMADO;-8.00021;-34.904552
149;NÃO INFORMADO;NÃO INFORMADO;-8.12515;-34.93691
150;NÃO INFORMADO;NÃO INFORMADO;-8.047109;-34.918756
151;NÃO INFORMADO;NÃO INFORMADO;-8.061418;-34.882659
152;NÃO INFORMADO;NÃO INFORMADO;-8.045266;-34.889976
153;NÃO INFORMADO;NÃO INFORMADO;-8.090821;-34.956983
154;NÃO INFORMADO;NÃO INFORMADO;-8.148091;-34.918832
155;NÃO INFORMADO;NÃO INFORMADO;-8.062438;-34.897261
156;NÃO INFORMADO;NÃO INFORMADO;-8.028029;-34.916916
157;NÃO INFORMADO;NÃO INFORMADO;-8.004986;-34.910227
158;NÃO INFORMADO;NÃO INFORMADO;-8.121018;-34.895571
159;NÃO INFORMADO;NÃO INFORMADO;-8.039303;-34.889274
160;NÃO INFORMADO;NÃO INFORMADO;-8.049459;-34.881664
161;NÃO INFORMADO;NÃO INFORMADO;-8.039619;-34.89224
162;NÃO INFORMADO;NÃO INFORMADO;-8.097491;-34.914647
163;NÃO INFORMADO;NÃO INFORMADO;-8.10686;-34.911375
164;NÃO INFORMADO;NÃO INFORMADO;-7.989006;-34.931427
165;NÃO INFORMADO;NÃO INFORMADO;-8.112808;-34.89054
166;NÃO INFORMADO;NÃO INFORMADO;-8.118097;-34.942102
167;NÃO INFORMADO;NÃO INFORMADO;-8.006797;-34.886886
168;NÃO INFORMADO;NÃO INFORMADO;-8.123594;-34.899799
169;NÃO INFORMADO;NÃO INFORMADO;-8.054237;-34.927447
170;NÃO INFORMADO;NÃO INFORMADO;-8.083741;-34.948846
171;NÃO INFORMADO;NÃO INFORMADO;-8.092828;-34.946319
172;NÃO INFORMADO;NÃO INFORMADO;-8.038355;-34.900357
173;NÃO INFORMADO;NÃO INFORMADO;-8.069725;-34.982915
174;NÃO INFORMADO;NÃO INFORMADO;-8.029612;-34.900399
175;NÃO INFORMADO;NÃO INFORMADO;-8.054566;-34.88054
176;NÃO INFORMADO;NÃO INFORMADO;-8.09883;-34.910216
177;NÃO INFORMADO;NÃO INFORMADO;-8.009315;-34.889043
178;NÃO INFORMADO;NÃO INFORMADO;-8.087162;-34.884945
179;NÃO INFORMADO;NÃO INFORMADO;-8.115739;-34.89555
180;NÃO INFORMADO;NÃO INFORMADO;-7.986642;-34.931878
181;NÃO INFORMADO;NÃO INFORMADO;-8.031105;-34.902143
182;NÃO INFORMADO;NÃO INFORMADO;-8.135473;-34.910538
183;NÃO INFORMADO;NÃO INFORMADO;-8.002842;-34.897666
184;NÃO INFORMADO;NÃO INFORMADO;-8.089344;-34.929786
185;NÃO INFORMADO;NÃO INFORMADO;-8.03163;-34.954886
186;NÃO INFORMADO;NÃO INFORMADO;-8.045441;-34.897036
187;NÃO INFORMADO;NÃO INFORMADO;-8.022499;-34.931138
188;NÃO INFORMADO;NÃO INFORMADO;-8.046864;-34.904197
189;NÃO INFORMADO;NÃO INFORMADO;-8.115336;-34.924534
190;NÃO INFORMADO;NÃO INFORMADO;-8.081282;-34.905185
191;NÃO INFORMADO;NÃO INFORMADO;-8.095856;-34.88318
192;NÃO INFORMADO;NÃO INFORMADO;-8.087485;-34.907641
193;NÃO INFORMADO;NÃO INFORMADO;-8.023918;-34.89378
194;NÃO INFORMADO;NÃO INFORMADO;-8.141039;-34.911268
195;NÃO INFORMADO;NÃO INFORMADO;-8.0809;-34.920688
196;NÃO INFORMADO;NÃO INFORMADO;-8.04032;-34.915044
197;NÃO INFORMADO;NÃO INFORMADO;-8.07561;-34.916096
198;NÃO INFORMADO;NÃO INFORMADO;-8.021564;-34.916643
199;NÃO INFORMADO;NÃO INFORMADO;-8.1243;-34.908521
200;NÃO INFORMADO;NÃO INFORMADO;-8.080666;-34.914701
201;NÃO INFORMADO;NÃO INFORMADO;-8.084224;-34.889553
202;NÃO INFORMADO;NÃO INFORMADO;-8.080374;-34.904321
203;NÃO INFORMADO;NÃO INFORMADO;-8.093062;-34.943111
204;NÃO INFORMADO;NÃO INFORMADO;-8.077169;-34.943208
205;NÃO INFORMADO;NÃO INFORMADO;-8.036942;-34.890516
206;NÃO INFORMADO;NÃO INFORMADO;-8.080278;-34.906767
207;NÃO INFORMADO;NÃO INFORMADO;-8.029761;-34.958306
208;NÃO INFORMADO;NÃO INFORMADO;-8.109961;-34.912244
209;NÃO INFORMADO;NÃO INFORMADO;-8.115251;-34.959408
210;NÃO INFORMADO;NÃO INFORMADO;-8.119914;-34.914063
211;NÃO INFORMADO;NÃO INFORMADO;-8.109547;-34.935772
212;NÃO INFORMADO;NÃO INFORMADO;-8.109271;-34.917466
213;NÃO INFORMADO;NÃO INFORMADO;-8.052272;-34.934737
214;NÃO INFORMADO;NÃO INFORMADO;-8.024465;-34.89363
215;NÃO INFORMADO;NÃO INFORMADO;-8.08407;-34.949398
216;NÃO INFORMADO;NÃO INFORMADO;-8.035381;-34.880508
217;NÃO INFORMADO;NÃO INFORMADO;-8.09098;-34.910613
218;NÃO INFORMADO;NÃO INFORMADO;-8.069693;-34.894799
219;NÃO INFORMADO;NÃO INFORMADO;-8.039816;-34.879532
220;NÃO INFORMADO;NÃO INFORMADO;-8.091384;-34.935783
221;NÃO INFORMADO;NÃO INFORMADO;-8.073836;-34.923128
222;NÃO INFORMADO;NÃO INFORMADO;-8.063261;-34.87157
223;NÃO INFORMADO;NÃO INFORMADO;-8.040618;-34.957981
224;NÃO INFORMADO;NÃO INFORMADO;-7.98941;-34.930344
225;NÃO INFORMADO;NÃO INFORMADO;-8.10755;-34.924518
226;NÃO INFORMADO;NÃO INFORMADO;-8.034297;-34.908864
227;NÃO INFORMADO;NÃO INFORMADO;-8.032502;-34.919738
228;NÃO INFORMADO;NÃO INFORMADO;-8.027102;-34.918346
229;NÃO INFORMADO;NÃO INFORMADO;-8.076454;-34.895947
230;NÃO INFORMADO;NÃO INFORMADO;-8.039885;-34.878733
231;NÃO INFORMADO;NÃO INFORMADO;-8.026011;-34.905742
232;NÃO INFORMADO;NÃO INFORMADO;-8.071552;-34.892042
233;NÃO INFORMADO;NÃO INFORMADO;-8.070946;-34.883856
234;NÃO INFORMADO;NÃO INFORMADO;-8.022207;-34.884167
235;NÃO INFORMADO;NÃO INFORMADO;-8.053971;-34.880186
236;NÃO INFORMADO;NÃO INFORMADO;-8.058916;-34.907247
237;NÃO INFORMADO;NÃO INFORMADO;-8.053801;-34.90457
238;NÃO INFORMADO;NÃO INFORMADO;-8.073321;-34.885218
239;NÃO INFORMADO;NÃO INFORMADO;-8.02413;-34.911547
240;NÃO INFORMADO;NÃO INFORMADO;-8.05429;-34.880401
241;NÃO INFORMADO;NÃO INFORMADO;-8.033166;-34.890132
242;NÃO INFORMADO;NÃO INFORMADO;-8.076406;-34.913124
243;NÃO INFORMADO;NÃO INFORMADO;-8.133647;-34.916439
244;NÃO INFORMADO;NÃO INFORMADO;-8.071164;-34.876335
245;NÃO INFORMADO;NÃO INFORMADO;-8.084787;-34.928606
246;NÃO INFORMADO;NÃO INFORMADO;-8.074967;-34.891436
247;NÃO INFORMADO;NÃO INFORMADO;-8.065168;-34.9191
248;NÃO INFORMADO;NÃO INFORMADO;-8.115729;-34.940536
249;NÃO INFORMADO;NÃO INFORMADO;-7.998749;-34.924132
250;NÃO INFORMADO;NÃO INFORMADO;-8.140508;-34.925666
251;NÃO INFORMADO;NÃO INFORMADO;-8.036894;-34.8904
252;NÃO INFORMADO;NÃO INFORMADO;-8.07263;-34.92669
253;NÃO INFORMADO;NÃO INFORMADO;-8.070596;-34.895968
254;NÃO INFORMADO;NÃO INFORMADO;-8.095617;-34.885942
255;NÃO INFORMADO;NÃO INFORMADO;-8.064817;-34.901376
256;NÃO INFORMADO;NÃO INFORMADO;-8.013379;-34.914835
257;NÃO INFORMADO;NÃO INFORMADO;-8.0188;-34.940976
258;NÃO INFORMADO;NÃO INFORMADO;-8.041627;-34.93706
259;NÃO INFORMADO;NÃO INFORMADO;-8.10541;-34.889681
260;NÃO INFORMADO;NÃO INFORMADO;-8.04432;-34.888249
261;NÃO INFORMADO;NÃO INFORMADO;-8.077224;-34.918692
262;NÃO INFORMADO;NÃO INFORMADO;-8.036884;-34.962852
263;NÃO INFORMADO;NÃO INFORMADO;-8.034329;-34.950106
264;NÃO INFORMADO;NÃO INFORMADO;-8.141113;-34.904755
265;NÃO INFORMADO;NÃO INFORMADO;-8.092627;-34.938991
266;NÃO INFORMADO;NÃO INFORMADO;-8.130503;-34.901204
267;NÃO INFORMADO;NÃO INFORMADO;-8.055984;-34.910817
268;NÃO INFORMADO;NÃO INFORMADO;-8.060781;-34.886795
269;NÃO INFORMADO;NÃO INFORMADO;-8.025809;-34.911633
270;NÃO INFORMADO;NÃO INFORMADO;-8.053408;-34.937924
271;NÃO INFORMADO;NÃO INFORMADO;-8.0477;-34.910696
272;NÃO INFORMADO;NÃO INFORMADO;-8.069536;-34.875441
273;NÃO INFORMADO;NÃO INFORMADO;-8.112048;-34.926422
274;NÃO INFORMADO;NÃO INFORMADO;-8.026863;-34.893101
275;NÃO INFORMADO;NÃO INFORMADO;-8.071826;-34.878505
276;NÃO INFORMADO;NÃO INFORMADO;-8.106244;-34.912249
277;NÃO INFORMADO;NÃO INFORMADO;-8.131475;-34.916192
278;NÃO INFORMADO;NÃO INFORMADO;-8.03657;-34.914024
279;NÃO INFORMADO;NÃO INFORMADO;-8.037914;-34.916965
280;NÃO INFORMADO;NÃO INFORMADO;-8.114613;-34.91299
281;NÃO INFORMADO;NÃO INFORMADO;-8.078329;-34.892251
282;NÃO INFORMADO;NÃO INFORMADO;-8.075684;-34.907368
283;NÃO INFORMADO;NÃO INFORMADO;-8.066586;-34.895496
284;NÃO INFORMADO;NÃO INFORMADO;-8.107141;-34.914266
285;NÃO INFORMADO;NÃO INFORMADO;-8.056569;-34.898103
286;NÃO INFORMADO;NÃO INFORMADO;-8.030058;-34.901011
287;NÃO INFORMADO;NÃO INFORMADO;-8.065193;-34.895735
288;NÃO INFORMADO;NÃO INFORMADO;-8.077798;-34.905831
289;NÃO INFORMADO;NÃO INFORMADO;-8.029872;-34.957922
290;NÃO INFORMADO;NÃO INFORMADO;-8.072981;-34.888064
291;NÃO INFORMADO;NÃO INFORMADO;-8.05174;-34.934759
292;NÃO INFORMADO;NÃO INFORMADO;-8.023546;-34.897143
293;NÃO INFORMADO;NÃO INFORMADO;-8.0214;-34.886484
294;NÃO INFORMADO;NÃO INFORMADO;-8.070224;-34.93059
295;NÃO INFORMADO;NÃO INFORMADO;-8.035821;-34.906799
296;NÃO INFORMADO;NÃO INFORMADO;-8.080926;-34.919913
297;NÃO INFORMADO;NÃO INFORMADO;-8.033585;-34.951367
298;NÃO INFORMADO;NÃO INFORMADO;-8.080231;-34.906147
299;NÃO INFORMADO;NÃO INFORMADO;-8.033426;-34.885175
300;NÃO INFORMADO;NÃO INFORMADO;-8.027153;-34.904063
301;NÃO INFORMADO;NÃO INFORMADO;-8.065455;-34.918166
302;NÃO INFORMADO;NÃO INFORMADO;-8.058274;-34.913843
303;NÃO INFORMADO;NÃO INFORMADO;-8.051709;-34.932125
304;NÃO INFORMADO;NÃO INFORMADO;-8.088261;-34.932586
305;NÃO INFORMADO;NÃO INFORMADO;-8.048681;-34.892948
306;NÃO INFORMADO;NÃO INFORMADO;-8.02685;-34.904552
307;NÃO INFORMADO;NÃO INFORMADO;-8.037633;-34.91016
308;NÃO INFORMADO;NÃO INFORMADO;-8.038716;-34.883502
309;NÃO INFORMADO;NÃO INFORMADO;-8.051921;-34.908768
310;NÃO INFORMADO;NÃO INFORMADO;-8.064113;-34.935542
311;NÃO INFORMADO;NÃO INFORMADO;-8.109048;-34.9261
312;NÃO INFORMADO;NÃO INFORMADO;-8.016415;-34.950876
313;NÃO INFORMADO;NÃO INFORMADO;-8.031819;-34.892165
314;NÃO INFORMADO;NÃO INFORMADO;-8.084288;-34.953888
315;NÃO INFORMADO;NÃO INFORMADO;-8.072572;-34.896516
316;NÃO INFORMADO;NÃO INFORMADO;-8.081006;-34.921036
317;NÃO INFORMADO;NÃO INFORMADO;-8.001235;-34.919325
318;NÃO INFORMADO;NÃO INFORMADO;-8.052819;-34.923531
319;NÃO INFORMADO;NÃO INFORMADO;-8.026266;-34.90364
320;NÃO INFORMADO;NÃO INFORMADO;-8.144448;-34.906386
321;NÃO INFORMADO;NÃO INFORMADO;-8.117354;-34.941716
322;NÃO INFORMADO;NÃO INFORMADO;-8.09063;-34.956629
323;NÃO INFORMADO;NÃO INFORMADO;-8.059997;-34.882112
324;NÃO INFORMADO;NÃO INFORMADO;-8.048708;-34.908761
325;NÃO INFORMADO;NÃO INFORMADO;-8.033444;-34.891787
326;NÃO INFORMADO;NÃO INFORMADO;-8.143179;-34.908999
327;NÃO INFORMADO;NÃO INFORMADO;-8.077086;-34.943036
328;NÃO INFORMADO;NÃO INFORMADO;-8.1023;-34.913003
329;NÃO INFORMADO;NÃO INFORMADO;-8.066481;-34.883837
330;NÃO INFORMADO;NÃO INFORMADO;-8.053493;-34.928949
331;NÃO INFORMADO;NÃO INFORMADO;-8.117773;-34.941936
332;NÃO INFORMADO;NÃO INFORMADO;-8.115267;-34.949076
333;NÃO INFORMADO;NÃO INFORMADO;-8.059028;-34.939254
334;NÃO INFORMADO;NÃO INFORMADO;-8.132754;-34.902776
335;NÃO INFORMADO;NÃO INFORMADO;-8.056717;-34.899445
336;NÃO INFORMADO;NÃO INFORMADO;-8.06947;-34.908328
337;NÃO INFORMADO;NÃO INFORMADO;-8.062321;-34.910324
338;NÃO INFORMADO;NÃO INFORMADO;-8.111183;-34.917458
339;NÃO INFORMADO;NÃO INFORMADO;-8.068896;-34.908521
340;NÃO INFORMADO;NÃO INFORMADO;-8.056847;-34.88558
341;NÃO INFORMADO;NÃO INFORMADO;-8.037909;-34.917372
342;NÃO INFORMADO;NÃO INFORMADO;-8.070707;-34.88421
343;NÃO INFORMADO;NÃO INFORMADO;-8.134953;-34.912695
344;NÃO INFORMADO;NÃO INFORMADO;-8.033256;-34.910645
345;NÃO INFORMADO;NÃO INFORMADO;-8.123079;-34.908795
346;NÃO INFORMADO;NÃO INFORMADO;-8.006967;-34.887047
347;NÃO INFORMADO;NÃO INFORMADO;-8.052627;-34.883743
348;NÃO INFORMADO;NÃO INFORMADO;-8.09252;-34.938658
349;NÃO INFORMADO;NÃO INFORMADO;-8.047162;-34.898785
350;NÃO INFORMADO;NÃO INFORMADO;-8.046418;-34.880626
351;NÃO INFORMADO;NÃO INFORMADO;-8.039194;-34.899262
352;NÃO INFORMADO;NÃO INFORMADO;-8.058879;-34.897926
353;NÃO INFORMADO;NÃO INFORMADO;-8.138622;-34.935848
354;NÃO INFORMADO;NÃO INFORMADO;-8.121586;-34.918419
355;NÃO INFORMADO;NÃO INFORMADO;-8.077285;-34.906298
356;NÃO INFORMADO;NÃO INFORMADO;-8.062409;-34.916466
357;NÃO INFORMADO;NÃO INFORMADO;-8.011105;-34.884076
358;NÃO INFORMADO;NÃO INFORMADO;-8.021591;-34.932457
359;NÃO INFORMADO;NÃO INFORMADO;-8.141156;-34.911139
360;NÃO INFORMADO;NÃO INFORMADO;-8.113408;-34.92227
361;NÃO INFORMADO;NÃO INFORMADO;-8.123928;-34.897513
362;NÃO INFORMADO;NÃO INFORMADO;-8.143078;-34.909176
363;NÃO INFORMADO;NÃO INFORMADO;-8.080034;-34.903798
364;NÃO INFORMADO;NÃO INFORMADO;-8.109972;-34.912137
365;NÃO INFORMADO;NÃO INFORMADO;-8.064193;-34.876815
366;NÃO INFORMADO;NÃO INFORMADO;-8.020837;-34.921637
367;NÃO INFORMADO;NÃO INFORMADO;-8.008003;-34.889853
368;NÃO INFORMADO;NÃO INFORMADO;-8.122335;-34.896124
369;NÃO INFORMADO;NÃO INFORMADO;-8.132128;-34.9163
370;NÃO INFORMADO;NÃO INFORMADO;-8.152158;-34.908264
371;NÃO INFORMADO;NÃO INFORMADO;-8.028831;-34.909422
372;NÃO INFORMADO;NÃO INFORMADO;-8.032873;-34.884644
373;NÃO INFORMADO;NÃO INFORMADO;-8.024765;-34.917802
374;NÃO INFORMADO;NÃO INFORMADO;-8.113206;-34.955932
375;NÃO INFORMADO;NÃO INFORMADO;-8.04807;-34.913424
376;NÃO INFORMADO;NÃO INFORMADO;-8.075543;-34.916367
377;NÃO INFORMADO;NÃO INFORMADO;-8.077171;-34.89422
378;NÃO INFORMADO;NÃO INFORMADO;-8.090396;-34.934785
379;NÃO INFORMADO;NÃO INFORMADO;-8.051879;-34.895732
380;NÃO INFORMADO;NÃO INFORMADO;-8.074409;-34.889719
381;NÃO INFORMADO;NÃO INFORMADO;-8.122962;-34.903886
382;NÃO INFORMADO;NÃO INFORMADO;-8.140996;-34.920462
383;NÃO INFORMADO;NÃO INFORMADO;-8.051576;-34.887729
384;NÃO INFORMADO;NÃO INFORMADO;-8.039917;-34.887415
385;NÃO INFORMADO;NÃO INFORMADO;-8.100232;-34.92823
386;NÃO INFORMADO;NÃO INFORMADO;-8.022335;-34.879006
387;NÃO INFORMADO;NÃO INFORMADO;-8.039534;-34.878899
388;NÃO INFORMADO;NÃO INFORMADO;-8.120036;-34.913086
389;NÃO INFORMADO;NÃO INFORMADO;-8.120484;-34.943822
390;NÃO INFORMADO;NÃO INFORMADO;-8.03418;-34.92146
391;NÃO INFORMADO;NÃO INFORMADO;-8.091803;-34.948797
392;NÃO INFORMADO;NÃO INFORMADO;-8.122627;-34.943698
393;NÃO INFORMADO;NÃO INFORMADO;-8.025198;-34.921975
394;NÃO INFORMADO;NÃO INFORMADO;-8.056234;-34.895255
395;NÃO INFORMADO;NÃO INFORMADO;-8.114959;-34.901376
396;NÃO INFORMADO;NÃO INFORMADO;-8.133036;-34.902835
397;NÃO INFORMADO;NÃO INFORMADO;-8.107736;-34.925789
398;NÃO INFORMADO;NÃO INFORMADO;-8.062119;-34.93103
399;NÃO INFORMADO;NÃO INFORMADO;-8.067723;-34.875157
400;NÃO INFORMADO;NÃO INFORMADO;-8.034581;-34.880845
401;NÃO INFORMADO;NÃO INFORMADO;-8.051624;-34.879897
402;NÃO INFORMADO;NÃO INFORMADO;-8.113939;-34.894343
403;NÃO INFORMADO;NÃO INFORMADO;-8.037511;-34.972277
404;NÃO INFORMADO;NÃO INFORMADO;-8.060454;-34.878692
405;NÃO INFORMADO;NÃO INFORMADO;-8.056744;-34.919068
406;NÃO INFORMADO;NÃO INFORMADO;-8.088638;-34.883491
407;NÃO INFORMADO;NÃO INFORMADO;-8.095266;-34.939291
408;NÃO INFORMADO;NÃO INFORMADO;-8.090436;-34.96371
409;NÃO INFORMADO;NÃO INFORMADO;-8.125113;-34.897964
410;NÃO INFORMADO;NÃO INFORMADO;-8.072463;-34.918225
411;NÃO INFORMADO;NÃO INFORMADO;-8.056614;-34.931505
412;NÃO INFORMADO;NÃO INFORMADO;-8.073581;-34.909074
413;NÃO INFORMADO;NÃO INFORMADO;-8.093583;-34.88554
414;NÃO INFORMADO;NÃO INFORMADO;-8.025663;-34.9063
415;NÃO INFORMADO;NÃO INFORMADO;-8.04049;-34.90887
416;NÃO INFORMADO;NÃO INFORMADO;-8.035901;-34.955803
417;NÃO INFORMADO;NÃO INFORMADO;-8.030186;-34.957541
418;NÃO INFORMADO;NÃO INFORMADO;-8.015822;-34.900979
419;NÃO INFORMADO;NÃO INFORMADO;-8.10857;-34.916702
420;NÃO INFORMADO;NÃO INFORMADO;-8.044944;-34.88878
421;NÃO INFORMADO;NÃO INFORMADO;-8.05667;-34.898887
422;NÃO INFORMADO;NÃO INFORMADO;-8.071478;-34.90939
423;NÃO INFORMADO;NÃO INFORMADO;-8.080709;-34.914025
424;NÃO INFORMADO;NÃO INFORMADO;-8.080793;-34.916975
425;NÃO INFORMADO;NÃO INFORMADO;-8.028496;-34.910447
426;NÃO INFORMADO;NÃO INFORMADO;-8.08629;-34.930596
427;NÃO INFORMADO;NÃO INFORMADO;-8.03989;-34.878706
428;NÃO INFORMADO;NÃO INFORMADO;-8.047109;-34.926932
429;NÃO INFORMADO;NÃO INFORMADO;-8.026308;-34.893984
430;NÃO INFORMADO;NÃO INFORMADO;-8.025888;-34.914465
431;NÃO INFORMADO;NÃO INFORMADO;-8.075397;-34.91697
432;NÃO INFORMADO;NÃO INFORMADO;-8.086997;-34.931309
433;NÃO INFORMADO;NÃO INFORMADO;-8.029394;-34.916715
434;NÃO INFORMADO;NÃO INFORMADO;-8.038581;-34.891999
435;NÃO INFORMADO;NÃO INFORMADO;-8.082334;-34.959483
436;NÃO INFORMADO;NÃO INFORMADO;-8.027121;-34.89309
437;NÃO INFORMADO;NÃO INFORMADO;-8.082297;-34.923627
438;NÃO INFORMADO;NÃO INFORMADO;-8.05276;-34.940059
439;NÃO INFORMADO;NÃO INFORMADO;-8.004385;-34.894059
440;NÃO INFORMADO;NÃO INFORMADO;-8.047916;-34.912362
441;NÃO INFORMADO;NÃO INFORMADO;-8.037829;-34.894123
442;NÃO INFORMADO;NÃO INFORMADO;-8.085;-34.888802
443;NÃO INFORMADO;NÃO INFORMADO;-8.095702;-34.886023
444;NÃO INFORMADO;NÃO INFORMADO;-8.045574;-34.959317
445;NÃO INFORMADO;NÃO INFORMADO;-8.062172;-34.909723
446;NÃO INFORMADO;NÃO INFORMADO;-8.021979;-34.913215
447;NÃO INFORMADO;NÃO INFORMADO;-8.030823;-34.885969
448;NÃO INFORMADO;NÃO INFORMADO;-8.024497;-34.910576
449;NÃO INFORMADO;NÃO INFORMADO;-8.054396;-34.895958
450;NÃO INFORMADO;NÃO INFORMADO;-8.033585;-34.89651
451;NÃO INFORMADO;NÃO INFORMADO;-8.10909;-34.935257
452;NÃO INFORMADO;NÃO INFORMADO;-8.057796;-34.906075
453;NÃO INFORMADO;NÃO INFORMADO;-8.081256;-34.908972
454;NÃO INFORMADO;NÃO INFORMADO;-8.019572;-34.891226
455;NÃO INFORMADO;NÃO INFORMADO;-8.077527;-34.907057
456;NÃO INFORMADO;NÃO INFORMADO;-8.088819;-34.910211
457;NÃO INFORMADO;NÃO INFORMADO;-8.04457;-34.890229
458;NÃO INFORMADO;NÃO INFORMADO;-8.106727;-34.911531
459;NÃO INFORMADO;NÃO INFORMADO;-8.071563;-34.892047
460;NÃO INFORMADO;NÃO INFORMADO;-8.061503;-34.929518
461;NÃO INFORMADO;NÃO INFORMADO;-8.027094;-34.877633
462;NÃO INFORMADO;NÃO INFORMADO;-8.045653;-34.896108
463;NÃO INFORMADO;NÃO INFORMADO;-8.07578;-34.893168
464;NÃO INFORMADO;NÃO INFORMADO;-8.033431;-34.88517
465;NÃO INFORMADO;NÃO INFORMADO;-8.02174;-34.894204
466;NÃO INFORMADO;NÃO INFORMADO;-8.008545;-34.904712
467;NÃO INFORMADO;NÃO INFORMADO;-8.140561;-34.92381
468;NÃO INFORMADO;NÃO INFORMADO;-8.099934;-34.887176
469;NÃO INFORMADO;NÃO INFORMADO;-8.075992;-34.914604
470;NÃO INFORMADO;NÃO INFORMADO;-8.141007;-34.905131
471;NÃO INFORMADO;NÃO INFORMADO;-8.034318;-34.950374
472;NÃO INFORMADO;NÃO INFORMADO;-8.034972;-34.891478
473;NÃO INFORMADO;NÃO INFORMADO;-8.054518;-34.923424
474;NÃO INFORMADO;NÃO INFORMADO;-8.060034;-34.872735
475;NÃO INFORMADO;NÃO INFORMADO;-8.06264;-34.932532
476;NÃO INFORMADO;NÃO INFORMADO;-8.016954;-34.887428
477;NÃO INFORMADO;NÃO INFORMADO;-8.030366;-34.88628
478;NÃO INFORMADO;NÃO INFORMADO;-8.051833;-34.893825
479;NÃO INFORMADO;NÃO INFORMADO;-8.1149;-34.925065
480;NÃO INFORMADO;NÃO INFORMADO;-8.014505;-34.920017
481;NÃO INFORMADO;NÃO INFORMADO;-8.008056;-34.90335
482;NÃO INFORMADO;NÃO INFORMADO;-8.03252;-34.906906
483;NÃO INFORMADO;NÃO INFORMADO;-8.102802;-34.909079
484;NÃO INFORMADO;NÃO INFORMADO;-8.062624;-34.911697
485;NÃO INFORMADO;NÃO INFORMADO;-8.056595;-34.89776
486;NÃO INFORMADO;NÃO INFORMADO;-8.080905;-34.919937
487;NÃO INFORMADO;NÃO INFORMADO;-8.017905;-34.940702
488;NÃO INFORMADO;NÃO INFORMADO;-8.109093;-34.917313
489;NÃO INFORMADO;NÃO INFORMADO;-8.048787;-34.935654
490;NÃO INFORMADO;NÃO INFORMADO;-8.023185;-34.893898
491;NÃO INFORMADO;NÃO INFORMADO;-8.051281;-34.882898
492;NÃO INFORMADO;NÃO INFORMADO;-8.030743;-34.90158
493;NÃO INFORMADO;NÃO INFORMADO;-8.085977;-34.931572
494;NÃO INFORMADO;NÃO INFORMADO;-8.126977;-34.949613
495;NÃO INFORMADO;NÃO INFORMADO;-8.057835;-34.882901
496;NÃO INFORMADO;NÃO INFORMADO;-8.051464;-34.893815
497;NÃO INFORMADO;NÃO INFORMADO;-8.083343;-34.89025
498;NÃO INFORMADO;NÃO INFORMADO;-8.110301;-34.912115
499;NÃO INFORMADO;NÃO INFORMADO;-8.053764;-34.910423
500;NÃO INFORMADO;NÃO INFORMADO;-8.03661;-34.975601
501;NÃO INFORMADO;NÃO INFORMADO;-8.035014;-34.879231
502;NÃO INFORMADO;NÃO INFORMADO;-8.092297;-34.883834
503;NÃO INFORMADO;NÃO INFORMADO;-8.016271;-34.93026
504;NÃO INFORMADO;NÃO INFORMADO;-8.019631;-34.894563
505;NÃO INFORMADO;NÃO INFORMADO;-8.065319;-34.872723
506;NÃO INFORMADO;NÃO INFORMADO;-8.086354;-34.909626
507;NÃO INFORMADO;NÃO INFORMADO;-8.11293;-34.953116
508;NÃO INFORMADO;NÃO INFORMADO;-8.06214;-34.895153
509;NÃO INFORMADO;NÃO INFORMADO;-8.065518;-34.908087
510;NÃO INFORMADO;NÃO INFORMADO;-8.032993;-34.884558
511;NÃO INFORMADO;NÃO INFORMADO;-8.087565;-34.931883
512;NÃO INFORMADO;NÃO INFORMADO;-8.099467;-34.910034
513;NÃO INFORMADO;NÃO INFORMADO;-8.032236;-34.959295
514;NÃO INFORMADO;NÃO INFORMADO;-8.032504;-34.907306
515;NÃO INFORMADO;NÃO INFORMADO;-8.02506;-34.90593
516;NÃO INFORMADO;NÃO INFORMADO;-8.054648;-34.899761
517;NÃO INFORMADO;NÃO INFORMADO;-8.020731;-34.935818
518;NÃO INFORMADO;NÃO INFORMADO;-8.115761;-34.895523
519;NÃO INFORMADO;NÃO INFORMADO;-8.034884;-34.911807
520;NÃO INFORMADO;NÃO INFORMADO;-8.032353;-34.881307
521;NÃO INFORMADO;NÃO INFORMADO;-8.053063;-34.904707
522;NÃO INFORMADO;NÃO INFORMADO;-8.122972;-34.90586
523;NÃO INFORMADO;NÃO INFORMADO;-8.109385;-34.890558
524;NÃO INFORMADO;NÃO INFORMADO;-8.056861;-34.909497
525;NÃO INFORMADO;NÃO INFORMADO;-8.088033;-34.907894
526;NÃO INFORMADO;NÃO INFORMADO;-8.111953;-34.894544
527;NÃO INFORMADO;NÃO INFORMADO;-8.09867;-34.910173
528;NÃO INFORMADO;NÃO INFORMADO;-8.052601;-34.883732
529;NÃO INFORMADO;NÃO INFORMADO;-8.048503;-34.877646
530;NÃO INFORMADO;NÃO INFORMADO;-8.045175;-34.935107
531;NÃO INFORMADO;NÃO INFORMADO;-8.062778;-34.907714
532;NÃO INFORMADO;NÃO INFORMADO;-8.133365;-34.917517
533;NÃO INFORMADO;NÃO INFORMADO;-8.003793;-34.897234
534;NÃO INFORMADO;NÃO INFORMADO;-8.06359;-34.930574
535;NÃO INFORMADO;NÃO INFORMADO;-8.111435;-34.890676
536;NÃO INFORMADO;NÃO INFORMADO;-8.093012;-34.943025
537;NÃO INFORMADO;NÃO INFORMADO;-8.002011;-34.920259
538;NÃO INFORMADO;NÃO INFORMADO;-8.12173;-34.909852
539;NÃO INFORMADO;NÃO INFORMADO;-8.061174;-34.90482
540;NÃO INFORMADO;NÃO INFORMADO;-8.079513;-34.902658
541;NÃO INFORMADO;NÃO INFORMADO;-8.08031;-34.909675
542;NÃO INFORMADO;NÃO INFORMADO;-8.022855;-34.891666
543;NÃO INFORMADO;NÃO INFORMADO;-8.134454;-34.914991
544;NÃO INFORMADO;NÃO INFORMADO;-8.014707;-34.914588
545;NÃO INFORMADO;NÃO INFORMADO;-8.046652;-34.919583
546;NÃO INFORMADO;NÃO INFORMADO;-8.025554;-34.884746
547;NÃO INFORMADO;NÃO INFORMADO;-8.04841;-34.912357
548;NÃO INFORMADO;NÃO INFORMADO;-8.047592;-34.918746
549;NÃO INFORMADO;NÃO INFORMADO;-8.025479;-34.907003
550;NÃO INFORMADO;NÃO INFORMADO;-8.041457;-34.893807
551;NÃO INFORMADO;NÃO INFORMADO;-8.105054;-34.910989
552;NÃO INFORMADO;NÃO INFORMADO;-8.050391;-34.921374
553;NÃO INFORMADO;NÃO INFORMADO;-8.061885;-34.901381
554;NÃO INFORMADO;NÃO INFORMADO;-8.085738;-34.930054
555;NÃO INFORMADO;NÃO INFORMADO;-8.150512;-34.909197
556;NÃO INFORMADO;NÃO INFORMADO;-8.056765;-34.898216
557;NÃO INFORMADO;NÃO INFORMADO;-8.029227;-34.924893
558;NÃO INFORMADO;NÃO INFORMADO;-8.023764;-34.893764
559;NÃO INFORMADO;NÃO INFORMADO;-8.116839;-34.913537
560;NÃO INFORMADO;NÃO INFORMADO;-8.0243;-34.911018
561;NÃO INFORMADO;NÃO INFORMADO;-8.05975;-34.908822
562;NÃO INFORMADO;NÃO INFORMADO;-8.062411;-34.916487
563;NÃO INFORMADO;NÃO INFORMADO;-8.057657;-34.930859
564;NÃO INFORMADO;NÃO INFORMADO;-8.064435;-34.912169
565;NÃO INFORMADO;NÃO INFORMADO;-8.075546;-34.916385
566;NÃO INFORMADO;NÃO INFORMADO;-8.106775;-34.927189
567;NÃO INFORMADO;NÃO INFORMADO;-8.059203;-34.887085
568;NÃO INFORMADO;NÃO INFORMADO;-8.114911;-34.901429
569;NÃO INFORMADO;NÃO INFORMADO;-8.112972;-34.894638
570;NÃO INFORMADO;NÃO INFORMADO;-8.048899;-34.89349
571;NÃO INFORMADO;NÃO INFORMADO;-8.042774;-34.945487
572;NÃO INFORMADO;NÃO INFORMADO;-8.061646;-34.876549
573;NÃO INFORMADO;NÃO INFORMADO;-8.000661;-34.907266
574;NÃO INFORMADO;NÃO INFORMADO;-8.082137;-34.908902
575;NÃO INFORMADO;NÃO INFORMADO;-8.0266;-34.91778
576;NÃO INFORMADO;NÃO INFORMADO;-8.072582;-34.929281
577;NÃO INFORMADO;NÃO INFORMADO;-8.091118;-34.964671
578;NÃO INFORMADO;NÃO INFORMADO;-8.064206;-34.87682
579;NÃO INFORMADO;NÃO INFORMADO;-8.066273;-34.889389
580;NÃO INFORMADO;NÃO INFORMADO;-8.044039;-34.882249
581;NÃO INFORMADO;NÃO INFORMADO;-8.056677;-34.897715
582;NÃO INFORMADO;NÃO INFORMADO;-8.034499;-34.908537
583;NÃO INFORMADO;NÃO INFORMADO;-8.053315;-34.896513
584;NÃO INFORMADO;NÃO INFORMADO;-8.007716;-34.895915
585;NÃO INFORMADO;NÃO INFORMADO;-8.073188;-34.896441
586;NÃO INFORMADO;NÃO INFORMADO;-8.047587;-34.876992
587;NÃO INFORMADO;NÃO INFORMADO;-8.02681;-34.90453
588;NÃO INFORMADO;NÃO INFORMADO;-8.058945;-34.907228
589;NÃO INFORMADO;NÃO INFORMADO;-8.037431;-34.972497
590;NÃO INFORMADO;NÃO INFORMADO;-8.137056;-34.936953
591;NÃO INFORMADO;NÃO INFORMADO;-8.041728;-34.937044
592;NÃO INFORMADO;NÃO INFORMADO;-8.004083;-34.89975
593;NÃO INFORMADO;NÃO INFORMADO;-8.069783;-34.87538
594;NÃO INFORMADO;NÃO INFORMADO;-8.045101;-34.898645
595;NÃO INFORMADO;NÃO INFORMADO;-8.057089;-34.879054
596;NÃO INFORMADO;NÃO INFORMADO;-8.110402;-34.906284
597;NÃO INFORMADO;NÃO INFORMADO;-8.13212;-34.90705
598;NÃO INFORMADO;NÃO INFORMADO;-8.09495;-34.885771
599;NÃO INFORMADO;NÃO INFORMADO;-8.042238;-34.884682
600;NÃO INFORMADO;NÃO INFORMADO;-8.020934;-34.882748
601;NÃO INFORMADO;NÃO INFORMADO;-8.107439;-34.921541
602;NÃO INFORMADO;NÃO INFORMADO;-8.044681;-34.893871
603;NÃO INFORMADO;NÃO INFORMADO;-8.066982;-34.881773
604;NÃO INFORMADO;NÃO INFORMADO;-8.14252;-34.917812
605;NÃO INFORMADO;NÃO INFORMADO;-8.024066;-34.893721
606;NÃO INFORMADO;NÃO INFORMADO;-8.04713;-34.918767
607;NÃO INFORMADO;NÃO INFORMADO;-8.054518;-34.880573
608;NÃO INFORMADO;NÃO INFORMADO;-8.121687;-34.936175
609;NÃO INFORMADO;NÃO INFORMADO;-8.030125;-34.892487
610;NÃO INFORMADO;NÃO INFORMADO;-8.055374;-34.924282
611;NÃO INFORMADO;NÃO INFORMADO;-8.04117;-34.909489
612;NÃO INFORMADO;NÃO INFORMADO;-8.003519;-34.897315
613;NÃO INFORMADO;NÃO INFORMADO;-8.113971;-34.912818
614;NÃO INFORMADO;NÃO INFORMADO;-8.113105;-34.921916
615;NÃO INFORMADO;NÃO INFORMADO;-8.032794;-34.884687
616;NÃO INFORMADO;NÃO INFORMADO;-8.119595;-34.913853
617;NÃO INFORMADO;NÃO INFORMADO;-8.019997;-34.926744
618;NÃO INFORMADO;NÃO INFORMADO;-8.06265;-34.926417
619;NÃO INFORMADO;NÃO INFORMADO;-8.058;-34.91079
620;NÃO INFORMADO;NÃO INFORMADO;-8.027025;-34.893115
621;NÃO INFORMADO;NÃO INFORMADO;-8.099988;-34.928152
622;NÃO INFORMADO;NÃO INFORMADO;-8.048256;-34.959539
623;NÃO INFORMADO;NÃO INFORMADO;-8.046347;-34.891277
624;NÃO INFORMADO;NÃO INFORMADO;-8.079099;-34.901558
625;NÃO INFORMADO;NÃO INFORMADO;-8.066963;-34.889966
626;NÃO INFORMADO;NÃO INFORMADO;-8.052317;-34.88874
627;NÃO INFORMADO;NÃO INFORMADO;-8.009732;-34.920626
628;NÃO INFORMADO;NÃO INFORMADO;-8.104929;-34.911002
629;NÃO INFORMADO;NÃO INFORMADO;-8.087772;-34.909106
630;NÃO INFORMADO;NÃO INFORMADO;-8.020598;-34.895754
631;NÃO INFORMADO;NÃO INFORMADO;-8.090067;-34.882167
632;NÃO INFORMADO;NÃO INFORMADO;-8.043287;-34.897473
633;NÃO INFORMADO;NÃO INFORMADO;-8.060619;-34.905254
634;NÃO INFORMADO;NÃO INFORMADO;-8.066862;-34.912663
635;NÃO INFORMADO;NÃO INFORMADO;-8.047034;-34.877716
636;NÃO INFORMADO;NÃO INFORMADO;-8.092844;-34.942537
637;NÃO INFORMADO;NÃO INFORMADO;-8.051606;-34.919143
638;NÃO INFORMADO;NÃO INFORMADO;-8.103445;-34.887847
639;NÃO INFORMADO;NÃO INFORMADO;-8.062241;-34.910391
640;NÃO INFORMADO;NÃO INFORMADO;-8.123026;-34.943814
641;NÃO INFORMADO;NÃO INFORMADO;-8.125123;-34.897929
642;NÃO INFORMADO;NÃO INFORMADO;-8.019296;-34.89412
643;NÃO INFORMADO;NÃO INFORMADO;-8.140062;-34.922544
644;NÃO INFORMADO;NÃO INFORMADO;-8.068843;-34.88234
645;NÃO INFORMADO;NÃO INFORMADO;-8.052625;-34.883735
646;NÃO INFORMADO;NÃO INFORMADO;-8.117014;-34.895158
647;NÃO INFORMADO;NÃO INFORMADO;-8.049324;-34.906527
648;NÃO INFORMADO;NÃO INFORMADO;-8.052542;-34.883684
649;NÃO INFORMADO;NÃO INFORMADO;-8.126191;-34.900716
650;NÃO INFORMADO;NÃO INFORMADO;-8.053252;-34.896591
651;NÃO INFORMADO;NÃO INFORMADO;-8.092425;-34.947156
652;NÃO INFORMADO;NÃO INFORMADO;-8.020547;-34.888823
653;NÃO INFORMADO;NÃO INFORMADO;-8.099074;-34.885862
654;NÃO INFORMADO;NÃO INFORMADO;-8.071573;-34.927334
655;NÃO INFORMADO;NÃO INFORMADO;-8.020396;-34.924856
656;NÃO INFORMADO;NÃO INFORMADO;-8.063768;-34.878438
657;NÃO INFORMADO;NÃO INFORMADO;-8.037734;-34.915667
658;NÃO INFORMADO;NÃO INFORMADO;-8.038599;-34.890711
659;NÃO INFORMADO;NÃO INFORMADO;-8.03435;-34.949902
660;NÃO INFORMADO;NÃO INFORMADO;-8.03;-34.958013
661;NÃO INFORMADO;NÃO INFORMADO;-8.006911;-34.890918
662;NÃO INFORMADO;NÃO INFORMADO;-8.100513;-34.928187
663;NÃO INFORMADO;NÃO INFORMADO;-8.062045;-34.908934
664;NÃO INFORMADO;NÃO INFORMADO;-8.00242;-34.902062
665;NÃO INFORMADO;NÃO INFORMADO;-8.106876;-34.91137
666;NÃO INFORMADO;NÃO INFORMADO;-8.002021;-34.920189
667;NÃO INFORMADO;NÃO INFORMADO;-8.108926;-34.911772
668;NÃO INFORMADO;NÃO INFORMADO;-8.085313;-34.907282
669;NÃO INFORMADO;NÃO INFORMADO;-8.107609;-34.911493
670;NÃO INFORMADO;NÃO INFORMADO;-8.049722;-34.874082
671;NÃO INFORMADO;NÃO INFORMADO;-8.131983;-34.906109
672;NÃO INFORMADO;NÃO INFORMADO;-8.038897;-34.941067
673;NÃO INFORMADO;NÃO INFORMADO;-8.056417;-34.897028
674;NÃO INFORMADO;NÃO INFORMADO;-8.027652;-34.889858
675;NÃO INFORMADO;NÃO INFORMADO;-8.035521;-34.912676
676;NÃO INFORMADO;NÃO INFORMADO;-8.058766;-34.887729
677;NÃO INFORMADO;NÃO INFORMADO;-8.037942;-34.918098
678;NÃO INFORMADO;NÃO INFORMADO;-8.066346;-34.927544
679;NÃO INFORMADO;NÃO INFORMADO;-8.088465;-34.929911
680;NÃO INFORMADO;NÃO INFORMADO;-8.105086;-34.911205
681;NÃO INFORMADO;NÃO INFORMADO;-8.046011;-34.907047
682;NÃO INFORMADO;NÃO INFORMADO;-8.140369;-34.917666
683;NÃO INFORMADO;NÃO INFORMADO;-8.087905;-34.930022
684;NÃO INFORMADO;NÃO INFORMADO;-8.046333;-34.90954
685;NÃO INFORMADO;NÃO INFORMADO;-8.056015;-34.895335
686;NÃO INFORMADO;NÃO INFORMADO;-8.040097;-34.884167
687;NÃO INFORMADO;NÃO INFORMADO;-8.032162;-34.881334
688;NÃO INFORMADO;NÃO INFORMADO;-8.081813;-34.962895
689;NÃO INFORMADO;NÃO INFORMADO;-8.040243;-34.909744
690;NÃO INFORMADO;NÃO INFORMADO;-8.11532;-34.89216
691;NÃO INFORMADO;NÃO INFORMADO;-8.028608;-34.887903
692;NÃO INFORMADO;NÃO INFORMADO;-8.022175;-34.915388
693;NÃO INFORMADO;NÃO INFORMADO;-8.00081;-34.922866
694;NÃO INFORMADO;NÃO INFORMADO;-8.09098;-34.910672
695;NÃO INFORMADO;NÃO INFORMADO;-8.042318;-34.892557
696;NÃO INFORMADO;NÃO INFORMADO;-8.096132;-34.928777
697;NÃO INFORMADO;NÃO INFORMADO;-8.054757;-34.897782
698;NÃO INFORMADO;NÃO INFORMADO;-8.03822;-34.875149
699;NÃO INFORMADO;NÃO INFORMADO;-8.100264;-34.928225
700;NÃO INFORMADO;NÃO INFORMADO;-8.032241;-34.880503
701;NÃO INFORMADO;NÃO INFORMADO;-8.044825;-34.886144
702;NÃO INFORMADO;NÃO INFORMADO;-8.113854;-34.925462
703;NÃO INFORMADO;NÃO INFORMADO;-8.005007;-34.893503
704;NÃO INFORMADO;NÃO INFORMADO;-8.058003;-34.894606
705;NÃO INFORMADO;NÃO INFORMADO;-8.06452;-34.926975
706;NÃO INFORMADO;NÃO INFORMADO;-8.062416;-34.91652
707;NÃO INFORMADO;NÃO INFORMADO;-8.105463;-34.889601
708;NÃO INFORMADO;NÃO INFORMADO;-8.021432;-34.886511
709;NÃO INFORMADO;NÃO INFORMADO;-8.003796;-34.897224
710;NÃO INFORMADO;NÃO INFORMADO;-8.002824;-34.935397
711;NÃO INFORMADO;NÃO INFORMADO;-8.049122;-34.923311
712;NÃO INFORMADO;NÃO INFORMADO;-8.112611;-34.890416
713;NÃO INFORMADO;NÃO INFORMADO;-8.060786;-34.88403
714;NÃO INFORMADO;NÃO INFORMADO;-8.057033;-34.900032
715;NÃO INFORMADO;NÃO INFORMADO;-8.080767;-34.916359
716;NÃO INFORMADO;NÃO INFORMADO;-8.029771;-34.892551
717;NÃO INFORMADO;NÃO INFORMADO;-8.023179;-34.893898
718;NÃO INFORMADO;NÃO INFORMADO;-8.031306;-34.90151
719;NÃO INFORMADO;NÃO INFORMADO;-8.069666;-34.897379
720;NÃO INFORMADO;NÃO INFORMADO;-8.121358;-34.901193
721;NÃO INFORMADO;NÃO INFORMADO;-8.050373;-34.878982
722;NÃO INFORMADO;NÃO INFORMADO;-8.062022;-34.88164
723;NÃO INFORMADO;NÃO INFORMADO;-8.148906;-34.918893
724;NÃO INFORMADO;NÃO INFORMADO;-8.045536;-34.929839
725;NÃO INFORMADO;NÃO INFORMADO;-8.045425;-34.889995
726;NÃO INFORMADO;NÃO INFORMADO;-8.123928;-34.897524
727;NÃO INFORMADO;NÃO INFORMADO;-8.107816;-34.931492
728;NÃO INFORMADO;NÃO INFORMADO;-8.040424;-34.908926
729;NÃO INFORMADO;NÃO INFORMADO;-8.016072;-34.94211
730;NÃO INFORMADO;NÃO INFORMADO;-8.09268;-34.946405
731;NÃO INFORMADO;NÃO INFORMADO;-8.13277;-34.910624
732;NÃO INFORMADO;NÃO INFORMADO;-8.013049;-34.889483
733;NÃO INFORMADO;NÃO INFORMADO;-8.057939;-34.907121
734;NÃO INFORMADO;NÃO INFORMADO;-8.112925;-34.892659
735;NÃO INFORMADO;NÃO INFORMADO;-8.059644;-34.906391
736;NÃO INFORMADO;NÃO INFORMADO;-8.089039;-34.907947
737;NÃO INFORMADO;NÃO INFORMADO;-8.072399;-34.893343
738;NÃO INFORMADO;NÃO INFORMADO;-8.053329;-34.906751
739;NÃO INFORMADO;NÃO INFORMADO;-8.018151;-34.940772
740;NÃO INFORMADO;NÃO INFORMADO;-8.0473;-34.926685
741;NÃO INFORMADO;NÃO INFORMADO;-8.033856;-34.922013
742;NÃO INFORMADO;NÃO INFORMADO;-8.062432;-34.897739
743;NÃO INFORMADO;NÃO INFORMADO;-8.085385;-34.909409
744;NÃO INFORMADO;NÃO INFORMADO;-8.091708;-34.936057
745;NÃO INFORMADO;NÃO INFORMADO;-8.061482;-34.902929
746;NÃO INFORMADO;NÃO INFORMADO;-8.143248;-34.90629
747;NÃO INFORMADO;NÃO INFORMADO;-8.054011;-34.914816
748;NÃO INFORMADO;NÃO INFORMADO;-8.036719;-34.935247
749;NÃO INFORMADO;NÃO INFORMADO;-8.060812;-34.924217
750;NÃO INFORMADO;NÃO INFORMADO;-8.117216;-34.894794
751;NÃO INFORMADO;NÃO INFORMADO;-8.013591;-34.95738
752;NÃO INFORMADO;NÃO INFORMADO;-7.983503;-34.929324
753;NÃO INFORMADO;NÃO INFORMADO;-8.081718;-34.963732
754;NÃO INFORMADO;NÃO INFORMADO;-8.036677;-34.935306
755;NÃO INFORMADO;NÃO INFORMADO;-8.084028;-34.949368
756;NÃO INFORMADO;NÃO INFORMADO;-8.041144;-34.882297
757;NÃO INFORMADO;NÃO INFORMADO;-8.065247;-34.927629
758;NÃO INFORMADO;NÃO INFORMADO;-8.084426;-34.950085
759;NÃO INFORMADO;NÃO INFORMADO;-8.049321;-34.954551
760;NÃO INFORMADO;NÃO INFORMADO;-8.109196;-34.917415
761;NÃO INFORMADO;NÃO INFORMADO;-8.062616;-34.932511
762;NÃO INFORMADO;NÃO INFORMADO;-8.037991;-34.893235
763;NÃO INFORMADO;NÃO INFORMADO;-8.140688;-34.929196
764;NÃO INFORMADO;NÃO INFORMADO;-8.06384;-34.935075
765;NÃO INFORMADO;NÃO INFORMADO;-8.108955;-34.91715
766;NÃO INFORMADO;NÃO INFORMADO;-8.037039;-34.894358
767;NÃO INFORMADO;NÃO INFORMADO;-8.015865;-34.943696
768;NÃO INFORMADO;NÃO INFORMADO;-8.108737;-34.9169
769;NÃO INFORMADO;NÃO INFORMADO;-8.021166;-34.933938
770;NÃO INFORMADO;NÃO INFORMADO;-8.010632;-34.935145
771;NÃO INFORMADO;NÃO INFORMADO;-8.056648;-34.898339
772;NÃO INFORMADO;NÃO INFORMADO;-8.064783;-34.937722
773;NÃO INFORMADO;NÃO INFORMADO;-8.062002;-34.881554
774;NÃO INFORMADO;NÃO INFORMADO;-8.140101;-34.912915
775;NÃO INFORMADO;NÃO INFORMADO;-8.074611;-34.893418
776;NÃO INFORMADO;NÃO INFORMADO;-8.09601;-34.928643
777;NÃO INFORMADO;NÃO INFORMADO;-8.056032;-34.911128
778;NÃO INFORMADO;NÃO INFORMADO;-8.112447;-34.893544
779;NÃO INFORMADO;NÃO INFORMADO;-8.067229;-34.928209
780;NÃO INFORMADO;NÃO INFORMADO;-8.041531;-34.945182
781;NÃO INFORMADO;NÃO INFORMADO;-8.035078;-34.934984
782;NÃO INFORMADO;NÃO INFORMADO;-8.040687;-34.927168
783;NÃO INFORMADO;NÃO INFORMADO;-8.057307;-34.953432
784;NÃO INFORMADO;NÃO INFORMADO;-8.051539;-34.895512
785;NÃO INFORMADO;NÃO INFORMADO;-8.088208;-34.885787
786;NÃO INFORMADO;NÃO INFORMADO;-8.023153;-34.89389
787;NÃO INFORMADO;NÃO INFORMADO;-8.056839;-34.903167
788;NÃO INFORMADO;NÃO INFORMADO;-8.082153;-34.960073
789;NÃO INFORMADO;NÃO INFORMADO;-8.049972;-34.873824
790;NÃO INFORMADO;NÃO INFORMADO;-8.091586;-34.936191
791;NÃO INFORMADO;NÃO INFORMADO;-8.072147;-34.890615
792;NÃO INFORMADO;NÃO INFORMADO;-8.046588;-34.891092
793;NÃO INFORMADO;NÃO INFORMADO;-8.027724;-34.928404
794;NÃO INFORMADO;NÃO INFORMADO;-8.086381;-34.909637
795;NÃO INFORMADO;NÃO INFORMADO;-8.034531;-34.908521
796;NÃO INFORMADO;NÃO INFORMADO;-8.049109;-34.882482
797;NÃO INFORMADO;NÃO INFORMADO;-8.07255;-34.890625
798;NÃO INFORMADO;NÃO INFORMADO;-8.021429;-34.917308
799;NÃO INFORMADO;NÃO INFORMADO;-8.027317;-34.957058
800;NÃO INFORMADO;NÃO INFORMADO;-8.116547;-34.894887
801;NÃO INFORMADO;NÃO INFORMADO;-8.077023;-34.909192
802;NÃO INFORMADO;NÃO INFORMADO;-8.068177;-34.880414
803;NÃO INFORMADO;NÃO INFORMADO;-8.07672;-34.911472
804;NÃO INFORMADO;NÃO INFORMADO;-8.080857;-34.918697
805;NÃO INFORMADO;NÃO INFORMADO;-8.079343;-34.934099
806;NÃO INFORMADO;NÃO INFORMADO;-8.051695;-34.895453
807;NÃO INFORMADO;NÃO INFORMADO;-8.125394;-34.914969
808;NÃO INFORMADO;NÃO INFORMADO;-8.120354;-34.914186
809;NÃO INFORMADO;NÃO INFORMADO;-8.128341;-34.900394
810;NÃO INFORMADO;NÃO INFORMADO;-8.070915;-34.929083
811;NÃO INFORMADO;NÃO INFORMADO;-8.03784;-34.892342
812;NÃO INFORMADO;NÃO INFORMADO;-8.019155;-34.893959
813;NÃO INFORMADO;NÃO INFORMADO;-8.11575;-34.895545
814;NÃO INFORMADO;NÃO INFORMADO;-8.091394;-34.908682
815;NÃO INFORMADO;NÃO INFORMADO;-8.098628;-34.929786
816;NÃO INFORMADO;NÃO INFORMADO;-8.014462;-34.931524
817;NÃO INFORMADO;NÃO INFORMADO;-8.042477;-34.884773
818;NÃO INFORMADO;NÃO INFORMADO;-8.082148;-34.908891
819;NÃO INFORMADO;NÃO INFORMADO;-8.119605;-34.95443
820;NÃO INFORMADO;NÃO INFORMADO;-8.03154;-34.955041
821;NÃO INFORMADO;NÃO INFORMADO;-8.025354;-34.894246
822;NÃO INFORMADO;NÃO INFORMADO;-8.03393;-34.890808
823;NÃO INFORMADO;NÃO INFORMADO;-8.073634;-34.929694
824;NÃO INFORMADO;NÃO INFORMADO;-8.049897;-34.873862
825;NÃO INFORMADO;NÃO INFORMADO;-8.049924;-34.873985
826;NÃO INFORMADO;NÃO INFORMADO;-8.106023;-34.91322
827;NÃO INFORMADO;NÃO INFORMADO;-8.020468;-34.924373
828;NÃO INFORMADO;NÃO INFORMADO;-8.018967;-34.910753
829;NÃO INFORMADO;NÃO INFORMADO;-8.051637;-34.919084
830;NÃO INFORMADO;NÃO INFORMADO;-8.141163;-34.904753
831;NÃO INFORMADO;NÃO INFORMADO;-8.059219;-34.898077
832;NÃO INFORMADO;NÃO INFORMADO;-8.047932;-34.914599
833;NÃO INFORMADO;NÃO INFORMADO;-8.026584;-34.91778
834;NÃO INFORMADO;NÃO INFORMADO;-8.037484;-34.944667
835;NÃO INFORMADO;NÃO INFORMADO;-8.035184;-34.948824
836;NÃO INFORMADO;NÃO INFORMADO;-8.056651;-34.892664
837;NÃO INFORMADO;NÃO INFORMADO;-8.080703;-34.914181
838;NÃO INFORMADO;NÃO INFORMADO;-8.115938;-34.940662
839;NÃO INFORMADO;NÃO INFORMADO;-8.03733;-34.897084
840;NÃO INFORMADO;NÃO INFORMADO;-8.059325;-34.931765
841;NÃO INFORMADO;NÃO INFORMADO;-8.044862;-34.917855
842;NÃO INFORMADO;NÃO INFORMADO;-8.056064;-34.911064
843;NÃO INFORMADO;NÃO INFORMADO;-8.088064;-34.907733
844;NÃO INFORMADO;NÃO INFORMADO;-8.084458;-34.927522
845;NÃO INFORMADO;NÃO INFORMADO;-8.048394;-34.919255
846;NÃO INFORMADO;NÃO INFORMADO;-8.027747;-34.9131
847;NÃO INFORMADO;NÃO INFORMADO;-8.025195;-34.89349
848;NÃO INFORMADO;NÃO INFORMADO;-8.051857;-34.904959
849;NÃO INFORMADO;NÃO INFORMADO;-8.045313;-34.930456
850;NÃO INFORMADO;NÃO INFORMADO;-8.083481;-34.888512
851;NÃO INFORMADO;NÃO INFORMADO;-8.000449;-34.917877
852;NÃO INFORMADO;NÃO INFORMADO;-8.073841;-34.918295
853;NÃO INFORMADO;NÃO INFORMADO;-7.990446;-34.933959
854;NÃO INFORMADO;NÃO INFORMADO;-8.04675;-34.913341
855;NÃO INFORMADO;NÃO INFORMADO;-8.05173;-34.91892
856;NÃO INFORMADO;NÃO INFORMADO;-8.046269;-34.890824
857;NÃO INFORMADO;NÃO INFORMADO;-8.031928;-34.954355
858;NÃO INFORMADO;NÃO INFORMADO;-8.006035;-34.914167
859;NÃO INFORMADO;NÃO INFORMADO;-8.05331;-34.906751
860;NÃO INFORMADO;NÃO INFORMADO;-8.092958;-34.942899
861;NÃO INFORMADO;NÃO INFORMADO;-8.034645;-34.895877
862;NÃO INFORMADO;NÃO INFORMADO;-8.051023;-34.905007
863;NÃO INFORMADO;NÃO INFORMADO;-8.100258;-34.930424
864;NÃO INFORMADO;NÃO INFORMADO;-8.079949;-34.894305
865;NÃO INFORMADO;NÃO INFORMADO;-8.140678;-34.929056
866;NÃO INFORMADO;NÃO INFORMADO;-8.115994;-34.940686
867;NÃO INFORMADO;NÃO INFORMADO;-8.022019;-34.915514
868;NÃO INFORMADO;NÃO INFORMADO;-8.033564;-34.960349
869;NÃO INFORMADO;NÃO INFORMADO;-8.026844;-34.918561
870;NÃO INFORMADO;NÃO INFORMADO;-8.046641;-34.919604
871;NÃO INFORMADO;NÃO INFORMADO;-8.118219;-34.941233
872;NÃO INFORMADO;NÃO INFORMADO;-8.108814;-34.952145
873;NÃO INFORMADO;NÃO INFORMADO;-8.084883;-34.928766
874;NÃO INFORMADO;NÃO INFORMADO;-8.004587;-34.895443
875;NÃO INFORMADO;NÃO INFORMADO;-8.029678;-34.889805
876;NÃO INFORMADO;NÃO INFORMADO;-8.058093;-34.905654
877;NÃO INFORMADO;NÃO INFORMADO;-8.09055;-34.929576
878;NÃO INFORMADO;NÃO INFORMADO;-8.088622;-34.929882
879;NÃO INFORMADO;NÃO INFORMADO;-8.064886;-34.907995
880;NÃO INFORMADO;NÃO INFORMADO;-8.056712;-34.898087
881;NÃO INFORMADO;NÃO INFORMADO;-8.054545;-34.880476
882;NÃO INFORMADO;NÃO INFORMADO;-8.075827;-34.893962
883;NÃO INFORMADO;NÃO INFORMADO;-8.061338;-34.929153
884;NÃO INFORMADO;NÃO INFORMADO;-8.024948;-34.912957
885;NÃO INFORMADO;NÃO INFORMADO;-8.026042;-34.91984
886;NÃO INFORMADO;NÃO INFORMADO;-8.076208;-34.892948
887;NÃO INFORMADO;NÃO INFORMADO;-8.124661;-34.900362
888;NÃO INFORMADO;NÃO INFORMADO;-8.034488;-34.891591
889;NÃO INFORMADO;NÃO INFORMADO;-8.045478;-34.903505
890;NÃO INFORMADO;NÃO INFORMADO;-8.032383;-34.897181
891;NÃO INFORMADO;NÃO INFORMADO;-8.061476;-34.929496
892;NÃO INFORMADO;NÃO INFORMADO;-8.019227;-34.894033
893;NÃO INFORMADO;NÃO INFORMADO;-8.062488;-34.910973
894;NÃO INFORMADO;NÃO INFORMADO;-8.016122;-34.93047
895;NÃO INFORMADO;NÃO INFORMADO;-8.054741;-34.870203
896;NÃO INFORMADO;NÃO INFORMADO;-8.054178;-34.923225
897;NÃO INFORMADO;NÃO INFORMADO;-8.073159;-34.929051
898;NÃO INFORMADO;NÃO INFORMADO;-8.118559;-34.898653
899;NÃO INFORMADO;NÃO INFORMADO;-8.02732;-34.903795
900;NÃO INFORMADO;NÃO INFORMADO;-8.052792;-34.934541
901;NÃO INFORMADO;NÃO INFORMADO;-8.045924;-34.879079
902;NÃO INFORMADO;NÃO INFORMADO;-8.109568;-34.9116
903;NÃO INFORMADO;NÃO INFORMADO;-8.034223;-34.883577
904;NÃO INFORMADO;NÃO INFORMADO;-8.097024;-34.883389
905;NÃO INFORMADO;NÃO INFORMADO;-8.061099;-34.923552
906;NÃO INFORMADO;NÃO INFORMADO;-8.055761;-34.911649
907;NÃO INFORMADO;NÃO INFORMADO;-8.040448;-34.957911
908;NÃO INFORMADO;NÃO INFORMADO;-8.085409;-34.929699
909;NÃO INFORMADO;NÃO INFORMADO;-8.033192;-34.910527
910;NÃO INFORMADO;NÃO INFORMADO;-8.066331;-34.897047
911;NÃO INFORMADO;NÃO INFORMADO;-8.031545;-34.955041
912;NÃO INFORMADO;NÃO INFORMADO;-8.024244;-34.887514
913;NÃO INFORMADO;NÃO INFORMADO;-8.126918;-34.949645
914;NÃO INFORMADO;NÃO INFORMADO;-8.011573;-34.904246
915;NÃO INFORMADO;NÃO INFORMADO;-8.04755;-34.876978
916;NÃO INFORMADO;NÃO INFORMADO;-8.033734;-34.887868
917;NÃO INFORMADO;NÃO INFORMADO;-8.027485;-34.913864
918;NÃO INFORMADO;NÃO INFORMADO;-8.084931;-34.928042
919;NÃO INFORMADO;NÃO INFORMADO;-8.11798;-34.94162
920;NÃO INFORMADO;NÃO INFORMADO;-8.107582;-34.925741
921;NÃO INFORMADO;NÃO INFORMADO;-8.081378;-34.944709
922;NÃO INFORMADO;NÃO INFORMADO;-8.053419;-34.896204
923;NÃO INFORMADO;NÃO INFORMADO;-8.029636;-34.900453
924;NÃO INFORMADO;NÃO INFORMADO;-8.028988;-34.892723
925;NÃO INFORMADO;NÃO INFORMADO;-8.061171;-34.878639
926;NÃO INFORMADO;NÃO INFORMADO;-8.022645;-34.919137
927;NÃO INFORMADO;NÃO INFORMADO;-8.10922;-34.925837
928;NÃO INFORMADO;NÃO INFORMADO;-8.080762;-34.915345
929;NÃO INFORMADO;NÃO INFORMADO;-8.093179;-34.908435
930;NÃO INFORMADO;NÃO INFORMADO;-8.059423;-34.912209
931;NÃO INFORMADO;NÃO INFORMADO;-8.063022;-34.89717
932;NÃO INFORMADO;NÃO INFORMADO;-8.079495;-34.904391
933;NÃO INFORMADO;NÃO INFORMADO;-8.106758;-34.914633
934;NÃO INFORMADO;NÃO INFORMADO;-8.104072;-34.88812
935;NÃO INFORMADO;NÃO INFORMADO;-8.070617;-34.90953
936;NÃO INFORMADO;NÃO INFORMADO;-8.055282;-34.90001
937;NÃO INFORMADO;NÃO INFORMADO;-8.093179;-34.945246
938;NÃO INFORMADO;NÃO INFORMADO;-8.140545;-34.917512
939;NÃO INFORMADO;NÃO INFORMADO;-8.127221;-34.949382
940;NÃO INFORMADO;NÃO INFORMADO;-8.050266;-34.897696
941;NÃO INFORMADO;NÃO INFORMADO;-8.057708;-34.869653
942;NÃO INFORMADO;NÃO INFORMADO;-8.052322;-34.904914
943;NÃO INFORMADO;NÃO INFORMADO;-8.119069;-34.946217
944;NÃO INFORMADO;NÃO INFORMADO;-8.08803;-34.90788
945;NÃO INFORMADO;NÃO INFORMADO;-8.024582;-34.908763
946;NÃO INFORMADO;NÃO INFORMADO;-8.06051;-34.925717
947;NÃO INFORMADO;NÃO INFORMADO;-8.052561;-34.892323
948;NÃO INFORMADO;NÃO INFORMADO;-8.021471;-34.91719
949;NÃO INFORMADO;NÃO INFORMADO;-8.095824;-34.884167
950;NÃO INFORMADO;NÃO INFORMADO;-8.007488;-34.890325
951;NÃO INFORMADO;NÃO INFORMADO;-8.03592;-34.888848
952;NÃO INFORMADO;NÃO INFORMADO;-8.033442;-34.922699
953;NÃO INFORMADO;NÃO INFORMADO;-8.084702;-34.954194
954;NÃO INFORMADO;NÃO INFORMADO;-8.136432;-34.903682
955;NÃO INFORMADO;NÃO INFORMADO;-8.04444;-34.932052
956;NÃO INFORMADO;NÃO INFORMADO;-8.006744;-34.886865
957;NÃO INFORMADO;NÃO INFORMADO;-8.091793;-34.960602
958;NÃO INFORMADO;NÃO INFORMADO;-8.115421;-34.940303
959;NÃO INFORMADO;NÃO INFORMADO;-8.04692;-34.953907
960;NÃO INFORMADO;NÃO INFORMADO;-8.020754;-34.921712
961;NÃO INFORMADO;NÃO INFORMADO;-8.04739;-34.906574
962;NÃO INFORMADO;NÃO INFORMADO;-8.119539;-34.895491
963;NÃO INFORMADO;NÃO INFORMADO;-8.063797;-34.897556
964;NÃO INFORMADO;NÃO INFORMADO;-8.052303;-34.922184
965;NÃO INFORMADO;NÃO INFORMADO;-8.06256;-34.932379
966;NÃO INFORMADO;NÃO INFORMADO;-8.052659;-34.880634
967;NÃO INFORMADO;NÃO INFORMADO;-8.051852;-34.880041
968;NÃO INFORMADO;NÃO INFORMADO;-8.111756;-34.950133
969;NÃO INFORMADO;NÃO INFORMADO;-8.062857;-34.877056
970;NÃO INFORMADO;NÃO INFORMADO;-8.02984;-34.957941
971;NÃO INFORMADO;NÃO INFORMADO;-8.054104;-34.923163
972;NÃO INFORMADO;NÃO INFORMADO;-8.095569;-34.885996
973;NÃO INFORMADO;NÃO INFORMADO;-8.021084;-34.919684
974;NÃO INFORMADO;NÃO INFORMADO;-8.108341;-34.922265
975;NÃO INFORMADO;NÃO INFORMADO;-8.109892;-34.920044
976;NÃO INFORMADO;NÃO INFORMADO;-8.139621;-34.907405
977;NÃO INFORMADO;NÃO INFORMADO;-8.015126;-34.949607
978;NÃO INFORMADO;NÃO INFORMADO;-8.080416;-34.912416
979;NÃO INFORMADO;NÃO INFORMADO;-8.046923;-34.918714
980;NÃO INFORMADO;NÃO INFORMADO;-8.006903;-34.890904
981;NÃO INFORMADO;NÃO INFORMADO;-8.111613;-34.893058
982;NÃO INFORMADO;NÃO INFORMADO;-8.040042;-34.887219
983;NÃO INFORMADO;NÃO INFORMADO;-8.062671;-34.926428
984;NÃO INFORMADO;NÃO INFORMADO;-8.059336;-34.886294
985;NÃO INFORMADO;NÃO INFORMADO;-8.031755;-34.954673
986;NÃO INFORMADO;NÃO INFORMADO;-8.047948;-34.923177
987;NÃO INFORMADO;NÃO INFORMADO;-8.051528;-34.919304
988;NÃO INFORMADO;NÃO INFORMADO;-8.074914;-34.92043
989;NÃO INFORMADO;NÃO INFORMADO;-8.029317;-34.900906
990;NÃO INFORMADO;NÃO INFORMADO;-8.092127;-34.910946
991;NÃO INFORMADO;NÃO INFORMADO;-8.073549;-34.929652
992;NÃO INFORMADO;NÃO INFORMADO;-8.015833;-34.943572
993;NÃO INFORMADO;NÃO INFORMADO;-8.090906;-34.951082
994;NÃO INFORMADO;NÃO INFORMADO;-8.051966;-34.896344
995;NÃO INFORMADO;NÃO INFORMADO;-8.140529;-34.925634
996;NÃO INFORMADO;NÃO INFORMADO;-8.061492;-34.902829
997;NÃO INFORMADO;NÃO INFORMADO;-8.066031;-34.872926
998;NÃO INFORMADO;NÃO INFORMADO;-8.053945;-34.881581
999;NÃO INFORMADO;NÃO INFORMADO;-8.016492;-34.913735
1000;NÃO INFORMADO;NÃO INFORMADO;-8.020412;-34.939519
1001;NÃO INFORMADO;NÃO INFORMADO;-8.058778;-34.883373
1002;NÃO INFORMADO;NÃO INFORMADO;-8.080273;-34.906708
1003;NÃO INFORMADO;NÃO INFORMADO;-8.110535;-34.937022
1004;NÃO INFORMADO;NÃO INFORMADO;-8.088144;-34.930022
1005;NÃO INFORMADO;NÃO INFORMADO;-8.024119;-34.911611
1006;NÃO INFORMADO;NÃO INFORMADO;-8.082743;-34.890808
1007;NÃO INFORMADO;NÃO INFORMADO;-8.095901;-34.883118
1008;NÃO INFORMADO;NÃO INFORMADO;-8.069119;-34.917549
1009;NÃO INFORMADO;NÃO INFORMADO;-8.09098;-34.910699
1010;NÃO INFORMADO;NÃO INFORMADO;-8.086652;-34.907379
1011;NÃO INFORMADO;NÃO INFORMADO;-8.097916;-34.928546
1012;NÃO INFORMADO;NÃO INFORMADO;-8.143837;-34.907596
1013;NÃO INFORMADO;NÃO INFORMADO;-8.132383;-34.906729
1014;NÃO INFORMADO;NÃO INFORMADO;-8.031612;-34.954914
1015;NÃO INFORMADO;NÃO INFORMADO;-8.124895;-34.899093
1016;NÃO INFORMADO;NÃO INFORMADO;-8.084769;-34.928294
1017;NÃO INFORMADO;NÃO INFORMADO;-8.015642;-34.883716
1018;NÃO INFORMADO;NÃO INFORMADO;-8.003721;-34.898978
1019;NÃO INFORMADO;NÃO INFORMADO;-8.049754;-34.894059
1020;NÃO INFORMADO;NÃO INFORMADO;-8.03512;-34.891457
1021;NÃO INFORMADO;NÃO INFORMADO;-8.041446;-34.936341
1022;NÃO INFORMADO;NÃO INFORMADO;-8.019562;-34.940761
1023;NÃO INFORMADO;NÃO INFORMADO;-8.111337;-34.926519
1024;NÃO INFORMADO;NÃO INFORMADO;-8.042689;-34.911396
1025;NÃO INFORMADO;NÃO INFORMADO;-8.08979;-34.892986
1026;NÃO INFORMADO;NÃO INFORMADO;-8.13092;-34.900807
1027;NÃO INFORMADO;NÃO INFORMADO;-8.053576;-34.896325
1028;NÃO INFORMADO;NÃO INFORMADO;-8.049087;-34.956559
1029;NÃO INFORMADO;NÃO INFORMADO;-8.027469;-34.913849
1030;NÃO INFORMADO;NÃO INFORMADO;-8.070936;-34.881157
1031;NÃO INFORMADO;NÃO INFORMADO;-8.056473;-34.898087
1032;NÃO INFORMADO;NÃO INFORMADO;-8.019424;-34.894273
1033;NÃO INFORMADO;NÃO INFORMADO;-8.030109;-34.957965
1034;NÃO INFORMADO;NÃO INFORMADO;-8.045467;-34.890776
1035;NÃO INFORMADO;NÃO INFORMADO;-8.054518;-34.906853
1036;NÃO INFORMADO;NÃO INFORMADO;-8.029609;-34.900389
1037;NÃO INFORMADO;NÃO INFORMADO;-8.108562;-34.913118
1038;NÃO INFORMADO;NÃO INFORMADO;-8.107332;-34.913204
1039;NÃO INFORMADO;NÃO INFORMADO;-8.015503;-34.957278
1040;NÃO INFORMADO;NÃO INFORMADO;-8.023758;-34.918274
1041;NÃO INFORMADO;NÃO INFORMADO;-8.034122;-34.89165
1042;NÃO INFORMADO;NÃO INFORMADO;-8.071981;-34.884621
1043;NÃO INFORMADO;NÃO INFORMADO;-8.036273;-34.937983
1044;NÃO INFORMADO;NÃO INFORMADO;-8.117978;-34.894579
1045;NÃO INFORMADO;NÃO INFORMADO;-8.05915;-34.912067
1046;NÃO INFORMADO;NÃO INFORMADO;-8.022313;-34.907097
1047;NÃO INFORMADO;NÃO INFORMADO;-8.042501;-34.935212
1048;NÃO INFORMADO;NÃO INFORMADO;-8.089227;-34.88481
1049;NÃO INFORMADO;NÃO INFORMADO;-8.036597;-34.940681
1050;NÃO INFORMADO;NÃO INFORMADO;-8.007047;-34.902492
1051;NÃO INFORMADO;NÃO INFORMADO;-8.046604;-34.891076
1052;NÃO INFORMADO;NÃO INFORMADO;-8.054019;-34.881608
1053;NÃO INFORMADO;NÃO INFORMADO;-8.01714;-34.895153
1054;NÃO INFORMADO;NÃO INFORMADO;-8.04969;-34.935386
1055;NÃO INFORMADO;NÃO INFORMADO;-8.053387;-34.896435
1056;NÃO INFORMADO;NÃO INFORMADO;-8.107359;-34.915323
1057;NÃO INFORMADO;NÃO INFORMADO;-8.018032;-34.917651
1058;NÃO INFORMADO;NÃO INFORMADO;-8.100181;-34.886398
1059;NÃO INFORMADO;NÃO INFORMADO;-8.000651;-34.937993
1060;NÃO INFORMADO;NÃO INFORMADO;-8.02779;-34.892943
1061;NÃO INFORMADO;NÃO INFORMADO;-8.054157;-34.889794
1062;NÃO INFORMADO;NÃO INFORMADO;-8.061306;-34.901832
1063;NÃO INFORMADO;NÃO INFORMADO;-8.046493;-34.940343
1064;NÃO INFORMADO;NÃO INFORMADO;-8.035827;-34.906821
1065;NÃO INFORMADO;NÃO INFORMADO;-8.073323;-34.885116
1066;NÃO INFORMADO;NÃO INFORMADO;-8.093991;-34.929035
1067;NÃO INFORMADO;NÃO INFORMADO;-8.066033;-34.882576
1068;NÃO INFORMADO;NÃO INFORMADO;-8.029681;-34.95786
1069;NÃO INFORMADO;NÃO INFORMADO;-8.023997;-34.893729
1070;NÃO INFORMADO;NÃO INFORMADO;-8.007092;-34.890676
1071;NÃO INFORMADO;NÃO INFORMADO;-8.082589;-34.932964
1072;NÃO INFORMADO;NÃO INFORMADO;-8.117566;-34.893554
1073;NÃO INFORMADO;NÃO INFORMADO;-8.094602;-34.928906
1074;NÃO INFORMADO;NÃO INFORMADO;-8.046354;-34.922286
1075;NÃO INFORMADO;NÃO INFORMADO;-8.119552;-34.897744
1076;NÃO INFORMADO;NÃO INFORMADO;-8.099892;-34.928133
1077;NÃO INFORMADO;NÃO INFORMADO;-8.045085;-34.890041
1078;NÃO INFORMADO;NÃO INFORMADO;-8.092557;-34.911048
1079;NÃO INFORMADO;NÃO INFORMADO;-8.090815;-34.956865
1080;NÃO INFORMADO;NÃO INFORMADO;-8.041192;-34.877987
1081;NÃO INFORMADO;NÃO INFORMADO;-8.053822;-34.896966
1082;NÃO INFORMADO;NÃO INFORMADO;-8.081803;-34.963163
1083;NÃO INFORMADO;NÃO INFORMADO;-8.039449;-34.878952
1084;NÃO INFORMADO;NÃO INFORMADO;-8.030993;-34.934345
1085;NÃO INFORMADO;NÃO INFORMADO;-8.043561;-34.886586
1086;NÃO INFORMADO;NÃO INFORMADO;-8.047289;-34.927007
1087;NÃO INFORMADO;NÃO INFORMADO;-8.047204;-34.954011
1088;NÃO INFORMADO;NÃO INFORMADO;-8.114624;-34.907255
1089;NÃO INFORMADO;NÃO INFORMADO;-8.091139;-34.958067
1090;NÃO INFORMADO;NÃO INFORMADO;-8.062929;-34.876423
1091;NÃO INFORMADO;NÃO INFORMADO;-8.031264;-34.901977
1092;NÃO INFORMADO;NÃO INFORMADO;-8.062055;-34.878271
1093;NÃO INFORMADO;NÃO INFORMADO;-8.120992;-34.914138
1094;NÃO INFORMADO;NÃO INFORMADO;-8.063447;-34.934195
1095;NÃO INFORMADO;NÃO INFORMADO;-8.058842;-34.925226
1096;NÃO INFORMADO;NÃO INFORMADO;-8.023822;-34.912528
1097;NÃO INFORMADO;NÃO INFORMADO;-8.116977;-34.893168
1098;NÃO INFORMADO;NÃO INFORMADO;-8.056956;-34.918467
1099;NÃO INFORMADO;NÃO INFORMADO;-8.050269;-34.942692
1100;NÃO INFORMADO;NÃO INFORMADO;-8.133498;-34.916482
1101;NÃO INFORMADO;NÃO INFORMADO;-8.048118;-34.931298
1102;NÃO INFORMADO;NÃO INFORMADO;-8.035285;-34.907534
1103;NÃO INFORMADO;NÃO INFORMADO;-8.049637;-34.924056
1104;NÃO INFORMADO;NÃO INFORMADO;-8.049446;-34.894721
1105;NÃO INFORMADO;NÃO INFORMADO;-8.040937;-34.898415
1106;NÃO INFORMADO;NÃO INFORMADO;-8.065675;-34.878821
1107;NÃO INFORMADO;NÃO INFORMADO;-8.091649;-34.960041
1108;NÃO INFORMADO;NÃO INFORMADO;-8.085595;-34.929885
1109;NÃO INFORMADO;NÃO INFORMADO;-8.083513;-34.890143
1110;NÃO INFORMADO;NÃO INFORMADO;-8.023742;-34.91277
1111;NÃO INFORMADO;NÃO INFORMADO;-8.065497;-34.918215
1112;NÃO INFORMADO;NÃO INFORMADO;-8.036323;-34.880176
1113;NÃO INFORMADO;NÃO INFORMADO;-8.040703;-34.958947
1114;NÃO INFORMADO;NÃO INFORMADO;-8.039646;-34.940783
1115;NÃO INFORMADO;NÃO INFORMADO;-8.116886;-34.913542
1116;NÃO INFORMADO;NÃO INFORMADO;-8.10169;-34.887876
1117;NÃO INFORMADO;NÃO INFORMADO;-8.11645;-34.923623
1118;NÃO INFORMADO;NÃO INFORMADO;-8.037388;-34.933519
1119;NÃO INFORMADO;NÃO INFORMADO;-8.080862;-34.919379
1120;NÃO INFORMADO;NÃO INFORMADO;-8.033588;-34.922568
1121;NÃO INFORMADO;NÃO INFORMADO;-8.053668;-34.896301
1122;NÃO INFORMADO;NÃO INFORMADO;-8.057073;-34.909235
1123;NÃO INFORMADO;NÃO INFORMADO;-8.047491;-34.909154
1124;NÃO INFORMADO;NÃO INFORMADO;-8.034998;-34.891484
1125;NÃO INFORMADO;NÃO INFORMADO;-8.011161;-34.889196
1126;NÃO INFORMADO;NÃO INFORMADO;-8.094262;-34.928992
1127;NÃO INFORMADO;NÃO INFORMADO;-8.046078;-34.940246
1128;NÃO INFORMADO;NÃO INFORMADO;-8.098195;-34.883724
1129;NÃO INFORMADO;NÃO INFORMADO;-8.10857;-34.916734
1130;NÃO INFORMADO;NÃO INFORMADO;-8.004781;-34.893654
1131;NÃO INFORMADO;NÃO INFORMADO;-8.053068;-34.904745
1132;NÃO INFORMADO;NÃO INFORMADO;-8.118958;-34.921514
1133;NÃO INFORMADO;NÃO INFORMADO;-8.110564;-34.909747
1134;NÃO INFORMADO;NÃO INFORMADO;-8.053918;-34.911681
1135;NÃO INFORMADO;NÃO INFORMADO;-8.032167;-34.886809
1136;NÃO INFORMADO;NÃO INFORMADO;-8.018051;-34.926336
1137;NÃO INFORMADO;NÃO INFORMADO;-8.026961;-34.893131
1138;NÃO INFORMADO;NÃO INFORMADO;-8.03955;-34.878899
1139;NÃO INFORMADO;NÃO INFORMADO;-8.027551;-34.889586
1140;NÃO INFORMADO;NÃO INFORMADO;-8.007246;-34.912327
1141;NÃO INFORMADO;NÃO INFORMADO;-8.018815;-34.926108
1142;NÃO INFORMADO;NÃO INFORMADO;-8.077805;-34.900076
1143;NÃO INFORMADO;NÃO INFORMADO;-8.007195;-34.902553
1144;NÃO INFORMADO;NÃO INFORMADO;-8.061832;-34.930623
1145;NÃO INFORMADO;NÃO INFORMADO;-8.043782;-34.888041
1146;NÃO INFORMADO;NÃO INFORMADO;-8.039104;-34.890564
1147;NÃO INFORMADO;NÃO INFORMADO;-8.030674;-34.918022
1148;NÃO INFORMADO;NÃO INFORMADO;-8.019997;-34.89268
1149;NÃO INFORMADO;NÃO INFORMADO;-8.14072;-34.912105
1150;NÃO INFORMADO;NÃO INFORMADO;-8.002096;-34.923606
1151;NÃO INFORMADO;NÃO INFORMADO;-8.047749;-34.899706
1152;NÃO INFORMADO;NÃO INFORMADO;-8.110391;-34.906306
1153;NÃO INFORMADO;NÃO INFORMADO;-8.039213;-34.892219
1154;NÃO INFORMADO;NÃO INFORMADO;-8.030828;-34.901687
1155;NÃO INFORMADO;NÃO INFORMADO;-8.073331;-34.886323
1156;NÃO INFORMADO;NÃO INFORMADO;-8.047461;-34.876834
1157;NÃO INFORMADO;NÃO INFORMADO;-8.076321;-34.909143
1158;NÃO INFORMADO;NÃO INFORMADO;-8.02402;-34.918119
1159;NÃO INFORMADO;NÃO INFORMADO;-8.033551;-34.896475
1160;NÃO INFORMADO;NÃO INFORMADO;-8.035072;-34.90012
1161;NÃO INFORMADO;NÃO INFORMADO;-8.092518;-34.947083
1162;NÃO INFORMADO;NÃO INFORMADO;-8.09144;-34.949682
1163;NÃO INFORMADO;NÃO INFORMADO;-8.082206;-34.891253
1164;NÃO INFORMADO;NÃO INFORMADO;-8.088372;-34.940187
1165;NÃO INFORMADO;NÃO INFORMADO;-8.04424;-34.88812
1166;NÃO INFORMADO;NÃO INFORMADO;-8.12747;-34.901298
1167;NÃO INFORMADO;NÃO INFORMADO;-8.088797;-34.951222
1168;NÃO INFORMADO;NÃO INFORMADO;-8.121159;-34.918636
1169;NÃO INFORMADO;NÃO INFORMADO;-8.024012;-34.897265
1170;NÃO INFORMADO;NÃO INFORMADO;-8.090967;-34.91071
1171;NÃO INFORMADO;NÃO INFORMADO;-8.076794;-34.909178
1172;NÃO INFORMADO;NÃO INFORMADO;-8.030621;-34.881613
1173;NÃO INFORMADO;NÃO INFORMADO;-8.127364;-34.95009
1174;NÃO INFORMADO;NÃO INFORMADO;-8.075079;-34.918384
1175;NÃO INFORMADO;NÃO INFORMADO;-8.025564;-34.89341
1176;NÃO INFORMADO;NÃO INFORMADO;-8.005209;-34.893356
1177;NÃO INFORMADO;NÃO INFORMADO;-8.082031;-34.939721
1178;NÃO INFORMADO;NÃO INFORMADO;-8.026668;-34.916566
1179;NÃO INFORMADO;NÃO INFORMADO;-8.036719;-34.912113
1180;NÃO INFORMADO;NÃO INFORMADO;-8.03938;-34.888563
1181;NÃO INFORMADO;NÃO INFORMADO;-8.077591;-34.89183
1182;NÃO INFORMADO;NÃO INFORMADO;-8.053775;-34.884467
1183;NÃO INFORMADO;NÃO INFORMADO;-8.141166;-34.904884
1184;NÃO INFORMADO;NÃO INFORMADO;-8.140627;-34.917708
1185;NÃO INFORMADO;NÃO INFORMADO;-8.087215;-34.931518
1186;NÃO INFORMADO;NÃO INFORMADO;-8.048604;-34.893124
1187;NÃO INFORMADO;NÃO INFORMADO;-8.067449;-34.928268
1188;NÃO INFORMADO;NÃO INFORMADO;-8.092085;-34.929314
1189;NÃO INFORMADO;NÃO INFORMADO;-8.051671;-34.918917
1190;NÃO INFORMADO;NÃO INFORMADO;-8.042934;-34.934764
1191;NÃO INFORMADO;NÃO INFORMADO;-8.065582;-34.897084
1192;NÃO INFORMADO;NÃO INFORMADO;-8.137077;-34.901832
1193;NÃO INFORMADO;NÃO INFORMADO;-8.124035;-34.896762
1194;NÃO INFORMADO;NÃO INFORMADO;-8.053615;-34.881281
1195;NÃO INFORMADO;NÃO INFORMADO;-8.104921;-34.911024
1196;NÃO INFORMADO;NÃO INFORMADO;-8.139095;-34.9145
1197;NÃO INFORMADO;NÃO INFORMADO;-8.106449;-34.92127
1198;NÃO INFORMADO;NÃO INFORMADO;-8.080256;-34.895282
1199;NÃO INFORMADO;NÃO INFORMADO;-8.080277;-34.908678
1200;NÃO INFORMADO;NÃO INFORMADO;-8.122334;-34.916931
1201;NÃO INFORMADO;NÃO INFORMADO;-8.042599;-34.935424
1202;NÃO INFORMADO;NÃO INFORMADO;-8.019952;-34.906126
1203;NÃO INFORMADO;NÃO INFORMADO;-8.069385;-34.933026
1204;NÃO INFORMADO;NÃO INFORMADO;-8.048514;-34.877595
1205;NÃO INFORMADO;NÃO INFORMADO;-8.048738;-34.902453
1206;NÃO INFORMADO;NÃO INFORMADO;-8.0979;-34.910093
1207;NÃO INFORMADO;NÃO INFORMADO;-8.053432;-34.882595
1208;NÃO INFORMADO;NÃO INFORMADO;-8.038694;-34.911229
1209;NÃO INFORMADO;NÃO INFORMADO;-8.018478;-34.926049
1210;NÃO INFORMADO;NÃO INFORMADO;-8.123842;-34.896695
1211;NÃO INFORMADO;NÃO INFORMADO;-8.128323;-34.900403
1212;NÃO INFORMADO;NÃO INFORMADO;-8.106971;-34.927235
1213;NÃO INFORMADO;NÃO INFORMADO;-8.089554;-34.933873
1214;NÃO INFORMADO;NÃO INFORMADO;-8.045202;-34.889282
1215;NÃO INFORMADO;NÃO INFORMADO;-8.061487;-34.882823
1216;NÃO INFORMADO;NÃO INFORMADO;-8.052315;-34.895935
1217;NÃO INFORMADO;NÃO INFORMADO;-8.049575;-34.888658
1218;NÃO INFORMADO;NÃO INFORMADO;-8.050009;-34.921884
1219;NÃO INFORMADO;NÃO INFORMADO;-8.037476;-34.944648
1220;NÃO INFORMADO;NÃO INFORMADO;-8.086089;-34.885937
1221;NÃO INFORMADO;NÃO INFORMADO;-8.018707;-34.927889
1222;NÃO INFORMADO;NÃO INFORMADO;-7.991434;-34.913891
1223;NÃO INFORMADO;NÃO INFORMADO;-8.023169;-34.955926
1224;NÃO INFORMADO;NÃO INFORMADO;-8.080326;-34.911536
1225;NÃO INFORMADO;NÃO INFORMADO;-8.080472;-34.912805
1226;NÃO INFORMADO;NÃO INFORMADO;-8.116788;-34.897765
1227;NÃO INFORMADO;NÃO INFORMADO;-8.03665;-34.894059
1228;NÃO INFORMADO;NÃO INFORMADO;-8.136429;-34.903709
1229;NÃO INFORMADO;NÃO INFORMADO;-8.058985;-34.907244
1230;NÃO INFORMADO;NÃO INFORMADO;-8.025097;-34.906107
1231;NÃO INFORMADO;NÃO INFORMADO;-8.083778;-34.925666
1232;NÃO INFORMADO;NÃO INFORMADO;-8.058359;-34.925054
1233;NÃO INFORMADO;NÃO INFORMADO;-8.089006;-34.885017
1234;NÃO INFORMADO;NÃO INFORMADO;-8.061213;-34.904047
1235;NÃO INFORMADO;NÃO INFORMADO;-8.061304;-34.903621
1236;NÃO INFORMADO;NÃO INFORMADO;-8.032162;-34.881358
1237;NÃO INFORMADO;NÃO INFORMADO;-8.106953;-34.927192
1238;NÃO INFORMADO;NÃO INFORMADO;-8.021421;-34.886543
1239;NÃO INFORMADO;NÃO INFORMADO;-8.055719;-34.898055
1240;NÃO INFORMADO;NÃO INFORMADO;-8.083967;-34.890548
1241;NÃO INFORMADO;NÃO INFORMADO;-8.07109;-34.909492
1242;NÃO INFORMADO;NÃO INFORMADO;-8.065752;-34.927152
1243;NÃO INFORMADO;NÃO INFORMADO;-8.051775;-34.934839
1244;NÃO INFORMADO;NÃO INFORMADO;-8.031378;-34.915219
1245;NÃO INFORMADO;NÃO INFORMADO;-8.078204;-34.905501
1246;NÃO INFORMADO;NÃO INFORMADO;-8.031065;-34.90185
1247;NÃO INFORMADO;NÃO INFORMADO;-8.04347;-34.897397
1248;NÃO INFORMADO;NÃO INFORMADO;-8.044883;-34.890059
1249;NÃO INFORMADO;NÃO INFORMADO;-8.066671;-34.897216
1250;NÃO INFORMADO;NÃO INFORMADO;-8.047512;-34.931009
1251;NÃO INFORMADO;NÃO INFORMADO;-8.046838;-34.932913
1252;NÃO INFORMADO;NÃO INFORMADO;-8.082639;-34.932967
1253;NÃO INFORMADO;NÃO INFORMADO;-8.048426;-34.91645
1254;NÃO INFORMADO;NÃO INFORMADO;-8.125192;-34.897693
1255;NÃO INFORMADO;NÃO INFORMADO;-8.053552;-34.919963
1256;NÃO INFORMADO;NÃO INFORMADO;-8.06593;-34.878863
1257;NÃO INFORMADO;NÃO INFORMADO;-8.01417;-34.931486
1258;NÃO INFORMADO;NÃO INFORMADO;-8.100585;-34.928171
1259;NÃO INFORMADO;NÃO INFORMADO;-8.036831;-34.872217
1260;NÃO INFORMADO;NÃO INFORMADO;-8.037877;-34.916654
1261;NÃO INFORMADO;NÃO INFORMADO;-8.009998;-34.935799
1262;NÃO INFORMADO;NÃO INFORMADO;-8.050176;-34.883267
1263;NÃO INFORMADO;NÃO INFORMADO;-8.03808;-34.910031
1264;NÃO INFORMADO;NÃO INFORMADO;-8.032183;-34.885095
1265;NÃO INFORMADO;NÃO INFORMADO;-8.125337;-34.90378
1266;NÃO INFORMADO;NÃO INFORMADO;-8.073528;-34.907743
1267;NÃO INFORMADO;NÃO INFORMADO;-8.019673;-34.894558
1268;NÃO INFORMADO;NÃO INFORMADO;-8.092913;-34.941603
1269;NÃO INFORMADO;NÃO INFORMADO;-8.065311;-34.897224
1270;NÃO INFORMADO;NÃO INFORMADO;-8.044203;-34.88885
1271;NÃO INFORMADO;NÃO INFORMADO;-8.027716;-34.913204
1272;NÃO INFORMADO;NÃO INFORMADO;-8.07041;-34.928654
1273;NÃO INFORMADO;NÃO INFORMADO;-8.086367;-34.907531
1274;NÃO INFORMADO;NÃO INFORMADO;-8.034998;-34.981542
1275;NÃO INFORMADO;NÃO INFORMADO;-8.134786;-34.913545
1276;NÃO INFORMADO;NÃO INFORMADO;-8.03741;-34.972722
1277;NÃO INFORMADO;NÃO INFORMADO;-8.040761;-34.883228
1278;NÃO INFORMADO;NÃO INFORMADO;-8.053414;-34.881216
1279;NÃO INFORMADO;NÃO INFORMADO;-8.121273;-34.918534
1280;NÃO INFORMADO;NÃO INFORMADO;-8.012991;-34.920071
1281;NÃO INFORMADO;NÃO INFORMADO;-8.049571;-34.888665
1282;NÃO INFORMADO;NÃO INFORMADO;-8.004521;-34.895314
1283;NÃO INFORMADO;NÃO INFORMADO;-8.044851;-34.890017
1284;NÃO INFORMADO;NÃO INFORMADO;-8.051363;-34.894659
1285;NÃO INFORMADO;NÃO INFORMADO;-8.091203;-34.908639
1286;NÃO INFORMADO;NÃO INFORMADO;-8.032474;-34.883531
1287;NÃO INFORMADO;NÃO INFORMADO;-8.03209;-34.886876
1288;NÃO INFORMADO;NÃO INFORMADO;-8.079277;-34.903986
1289;NÃO INFORMADO;NÃO INFORMADO;-8.035537;-34.912673
1290;NÃO INFORMADO;NÃO INFORMADO;-8.004478;-34.895158
1291;NÃO INFORMADO;NÃO INFORMADO;-8.07346;-34.885567
1292;NÃO INFORMADO;NÃO INFORMADO;-8.046917;-34.877788
1293;NÃO INFORMADO;NÃO INFORMADO;-8.051422;-34.887965
1294;NÃO INFORMADO;NÃO INFORMADO;-8.124989;-34.897905
1295;NÃO INFORMADO;NÃO INFORMADO;-8.039354;-34.894617
1296;NÃO INFORMADO;NÃO INFORMADO;-8.014385;-34.920033
1297;NÃO INFORMADO;NÃO INFORMADO;-8.026935;-34.913668
1298;NÃO INFORMADO;NÃO INFORMADO;-8.022742;-34.914376
1299;NÃO INFORMADO;NÃO INFORMADO;-8.049276;-34.878226
1300;NÃO INFORMADO;NÃO INFORMADO;-8.062209;-34.910278
1301;NÃO INFORMADO;NÃO INFORMADO;-8.051719;-34.921793
1302;NÃO INFORMADO;NÃO INFORMADO;-8.03731;-34.891005
1303;NÃO INFORMADO;NÃO INFORMADO;-8.05079;-34.906566
1304;NÃO INFORMADO;NÃO INFORMADO;-8.122707;-34.91457
1305;NÃO INFORMADO;NÃO INFORMADO;-8.052967;-34.916659
1306;NÃO INFORMADO;NÃO INFORMADO;-8.09175;-34.884971
1307;NÃO INFORMADO;NÃO INFORMADO;-8.080886;-34.919558
1308;NÃO INFORMADO;NÃO INFORMADO;-8.038329;-34.942746
1309;NÃO INFORMADO;NÃO INFORMADO;-8.061192;-34.905559
1310;NÃO INFORMADO;NÃO INFORMADO;-8.023896;-34.912287
1311;NÃO INFORMADO;NÃO INFORMADO;-8.111342;-34.926546
1312;NÃO INFORMADO;NÃO INFORMADO;-8.081293;-34.905163
1313;NÃO INFORMADO;NÃO INFORMADO;-8.032011;-34.877551
1314;NÃO INFORMADO;NÃO INFORMADO;-8.052428;-34.898844
1315;NÃO INFORMADO;NÃO INFORMADO;-8.079498;-34.892986
1316;NÃO INFORMADO;NÃO INFORMADO;-8.04931;-34.887629
1317;NÃO INFORMADO;NÃO INFORMADO;-8.048535;-34.887946
1318;NÃO INFORMADO;NÃO INFORMADO;-8.068392;-34.924512
1319;NÃO INFORMADO;NÃO INFORMADO;-8.11345;-34.92231
1320;NÃO INFORMADO;NÃO INFORMADO;-8.143179;-34.908961
1321;NÃO INFORMADO;NÃO INFORMADO;-8.056311;-34.898565
1322;NÃO INFORMADO;NÃO INFORMADO;-8.05924;-34.887149
1323;NÃO INFORMADO;NÃO INFORMADO;-8.075627;-34.916039
1324;NÃO INFORMADO;NÃO INFORMADO;-8.10198;-34.888025
1325;NÃO INFORMADO;NÃO INFORMADO;-8.051013;-34.920248
1326;NÃO INFORMADO;NÃO INFORMADO;-8.065457;-34.895649
1327;NÃO INFORMADO;NÃO INFORMADO;-8.110949;-34.926631
1328;NÃO INFORMADO;NÃO INFORMADO;-8.134836;-34.906247
1329;NÃO INFORMADO;NÃO INFORMADO;-8.030834;-34.901773
1330;NÃO INFORMADO;NÃO INFORMADO;-8.140054;-34.910737
1331;NÃO INFORMADO;NÃO INFORMADO;-8.067284;-34.893812
1332;NÃO INFORMADO;NÃO INFORMADO;-8.001958;-34.92366
1333;NÃO INFORMADO;NÃO INFORMADO;-8.119074;-34.904509
1334;NÃO INFORMADO;NÃO INFORMADO;-8.047611;-34.92642
1335;NÃO INFORMADO;NÃO INFORMADO;-8.043237;-34.886795
1336;NÃO INFORMADO;NÃO INFORMADO;-8.142186;-34.917963
1337;NÃO INFORMADO;NÃO INFORMADO;-8.011318;-34.889276
1338;NÃO INFORMADO;NÃO INFORMADO;-8.14499;-34.905066
1339;NÃO INFORMADO;NÃO INFORMADO;-8.074686;-34.890507
1340;NÃO INFORMADO;NÃO INFORMADO;-8.146864;-34.906
1341;NÃO INFORMADO;NÃO INFORMADO;-8.098086;-34.886473
1342;NÃO INFORMADO;NÃO INFORMADO;-8.106769;-34.925848
1343;NÃO INFORMADO;NÃO INFORMADO;-8.112872;-34.896886
1344;NÃO INFORMADO;NÃO INFORMADO;-8.122999;-34.908087
1345;NÃO INFORMADO;NÃO INFORMADO;-8.1237;-34.898688
1346;NÃO INFORMADO;NÃO INFORMADO;-8.117837;-34.896746
1347;NÃO INFORMADO;NÃO INFORMADO;-8.033715;-34.896427
1348;NÃO INFORMADO;NÃO INFORMADO;-8.085648;-34.952359
1349;NÃO INFORMADO;NÃO INFORMADO;-8.109358;-34.890548
1350;NÃO INFORMADO;NÃO INFORMADO;-8.044384;-34.931808
1351;NÃO INFORMADO;NÃO INFORMADO;-8.057599;-34.908768
1352;NÃO INFORMADO;NÃO INFORMADO;-8.068312;-34.909787
1353;NÃO INFORMADO;NÃO INFORMADO;-8.119531;-34.896558
1354;NÃO INFORMADO;NÃO INFORMADO;-7.995121;-34.910425
1355;NÃO INFORMADO;NÃO INFORMADO;-8.015326;-34.931172
1356;NÃO INFORMADO;NÃO INFORMADO;-8.120338;-34.901075
1357;NÃO INFORMADO;NÃO INFORMADO;-8.055679;-34.900126
1358;NÃO INFORMADO;NÃO INFORMADO;-8.119266;-34.939678
1359;NÃO INFORMADO;NÃO INFORMADO;-8.054263;-34.91406
1360;NÃO INFORMADO;NÃO INFORMADO;-8.111451;-34.937594
1361;NÃO INFORMADO;NÃO INFORMADO;-8.061556;-34.929818
1362;NÃO INFORMADO;NÃO INFORMADO;-8.108963;-34.911961
1363;NÃO INFORMADO;NÃO INFORMADO;-8.04491;-34.92956
1364;NÃO INFORMADO;NÃO INFORMADO;-8.119523;-34.900973
1365;NÃO INFORMADO;NÃO INFORMADO;-8.026813;-34.897894
1366;NÃO INFORMADO;NÃO INFORMADO;-8.061729;-34.930054
1367;NÃO INFORMADO;NÃO INFORMADO;-8.072338;-34.944935
1368;NÃO INFORMADO;NÃO INFORMADO;-8.045462;-34.897025
1369;NÃO INFORMADO;NÃO INFORMADO;-8.031184;-34.902218
1370;NÃO INFORMADO;NÃO INFORMADO;-8.06393;-34.872939
1371;NÃO INFORMADO;NÃO INFORMADO;-8.080299;-34.910388
1372;NÃO INFORMADO;NÃO INFORMADO;-8.056523;-34.892795
1373;NÃO INFORMADO;NÃO INFORMADO;-8.08662;-34.894257
1374;NÃO INFORMADO;NÃO INFORMADO;-8.067712;-34.928155
1375;NÃO INFORMADO;NÃO INFORMADO;-8.047204;-34.926857
1376;NÃO INFORMADO;NÃO INFORMADO;-8.04696;-34.927361
1377;NÃO INFORMADO;NÃO INFORMADO;-8.070142;-34.882337
1378;NÃO INFORMADO;NÃO INFORMADO;-8.042502;-34.884625
1379;NÃO INFORMADO;NÃO INFORMADO;-8.054075;-34.896111
1380;NÃO INFORMADO;NÃO INFORMADO;-8.11131;-34.9127
1381;NÃO INFORMADO;NÃO INFORMADO;-8.029803;-34.957925
1382;NÃO INFORMADO;NÃO INFORMADO;-8.073586;-34.918292
1383;NÃO INFORMADO;NÃO INFORMADO;-8.030085;-34.957734
1384;NÃO INFORMADO;NÃO INFORMADO;-8.118381;-34.944465
1385;NÃO INFORMADO;NÃO INFORMADO;-8.056521;-34.897438
1386;NÃO INFORMADO;NÃO INFORMADO;-8.124048;-34.896746
1387;NÃO INFORMADO;NÃO INFORMADO;-8.055384;-34.924228
1388;NÃO INFORMADO;NÃO INFORMADO;-8.106842;-34.914764
1389;NÃO INFORMADO;NÃO INFORMADO;-8.025599;-34.906568
1390;NÃO INFORMADO;NÃO INFORMADO;-8.091274;-34.908458
1391;NÃO INFORMADO;NÃO INFORMADO;-8.061205;-34.903819
1392;NÃO INFORMADO;NÃO INFORMADO;-8.067664;-34.875219
1393;NÃO INFORMADO;NÃO INFORMADO;-8.075041;-34.919082
1394;NÃO INFORMADO;NÃO INFORMADO;-8.032446;-34.934587
1395;NÃO INFORMADO;NÃO INFORMADO;-8.093059;-34.943063
1396;NÃO INFORMADO;NÃO INFORMADO;-8.137045;-34.936963
1397;NÃO INFORMADO;NÃO INFORMADO;-8.054072;-34.913247
1398;NÃO INFORMADO;NÃO INFORMADO;-8.134106;-34.905133
1399;NÃO INFORMADO;NÃO INFORMADO;-8.035588;-34.948094
1400;NÃO INFORMADO;NÃO INFORMADO;-8.063657;-34.935054
1401;NÃO INFORMADO;NÃO INFORMADO;-8.070091;-34.928536
1402;NÃO INFORMADO;NÃO INFORMADO;-8.035714;-34.888535
1403;NÃO INFORMADO;NÃO INFORMADO;-8.056648;-34.898086
1404;NÃO INFORMADO;NÃO INFORMADO;-8.095213;-34.885886
1405;NÃO INFORMADO;NÃO INFORMADO;-8.038501;-34.892244
1406;NÃO INFORMADO;NÃO INFORMADO;-8.040119;-34.887184
1407;NÃO INFORMADO;NÃO INFORMADO;-8.038711;-34.932519
1408;NÃO INFORMADO;NÃO INFORMADO;-8.017777;-34.928724
1409;NÃO INFORMADO;NÃO INFORMADO;-8.035952;-34.955851
1410;NÃO INFORMADO;NÃO INFORMADO;-8.05417;-34.914164
1411;NÃO INFORMADO;NÃO INFORMADO;-8.088256;-34.885712
1412;NÃO INFORMADO;NÃO INFORMADO;-8.024045;-34.912579
1413;NÃO INFORMADO;NÃO INFORMADO;-8.109568;-34.888941
1414;NÃO INFORMADO;NÃO INFORMADO;-8.042227;-34.876946
1415;NÃO INFORMADO;NÃO INFORMADO;-8.061322;-34.932122
1416;NÃO INFORMADO;NÃO INFORMADO;-8.085388;-34.889713
1417;NÃO INFORMADO;NÃO INFORMADO;-8.03673;-34.935316
1418;NÃO INFORMADO;NÃO INFORMADO;-8.039548;-34.878931
1419;NÃO INFORMADO;NÃO INFORMADO;-8.03963;-34.888018
1420;NÃO INFORMADO;NÃO INFORMADO;-8.082708;-34.933039
1421;NÃO INFORMADO;NÃO INFORMADO;-8.021958;-34.900137
1422;NÃO INFORMADO;NÃO INFORMADO;-8.092303;-34.937693
1423;NÃO INFORMADO;NÃO INFORMADO;-8.053504;-34.928938
1424;NÃO INFORMADO;NÃO INFORMADO;-8.082615;-34.935815
1425;NÃO INFORMADO;NÃO INFORMADO;-8.114295;-34.907201
1426;NÃO INFORMADO;NÃO INFORMADO;-8.019772;-34.894584
1427;NÃO INFORMADO;NÃO INFORMADO;-8.054773;-34.935064
1428;NÃO INFORMADO;NÃO INFORMADO;-8.027044;-34.893081
1429;NÃO INFORMADO;NÃO INFORMADO;-8.048038;-34.896821
1430;NÃO INFORMADO;NÃO INFORMADO;-8.1008;-34.887581
1431;NÃO INFORMADO;NÃO INFORMADO;-8.091867;-34.96098
1432;NÃO INFORMADO;NÃO INFORMADO;-8.116897;-34.913379
1433;NÃO INFORMADO;NÃO INFORMADO;-8.114284;-34.912405
1434;NÃO INFORMADO;NÃO INFORMADO;-8.047273;-34.914036
1435;NÃO INFORMADO;NÃO INFORMADO;-8.025923;-34.890062
1436;NÃO INFORMADO;NÃO INFORMADO;-8.055865;-34.900147
1437;NÃO INFORMADO;NÃO INFORMADO;-8.007631;-34.890196
1438;NÃO INFORMADO;NÃO INFORMADO;-8.04819;-34.93136
1439;NÃO INFORMADO;NÃO INFORMADO;-8.034833;-34.908138
1440;NÃO INFORMADO;NÃO INFORMADO;-8.055421;-34.895805
1441;NÃO INFORMADO;NÃO INFORMADO;-8.061386;-34.905911
1442;NÃO INFORMADO;NÃO INFORMADO;-8.089121;-34.929788
1443;NÃO INFORMADO;NÃO INFORMADO;-8.116148;-34.894794
1444;NÃO INFORMADO;NÃO INFORMADO;-8.089735;-34.929697
1445;NÃO INFORMADO;NÃO INFORMADO;-8.061439;-34.902749
1446;NÃO INFORMADO;NÃO INFORMADO;-8.028637;-34.901859
1447;NÃO INFORMADO;NÃO INFORMADO;-8.118304;-34.894783
1448;NÃO INFORMADO;NÃO INFORMADO;-8.062592;-34.932452
1449;NÃO INFORMADO;NÃO INFORMADO;-8.046336;-34.904238
1450;NÃO INFORMADO;NÃO INFORMADO;-8.06367;-34.897605
1451;NÃO INFORMADO;NÃO INFORMADO;-8.062427;-34.901419
1452;NÃO INFORMADO;NÃO INFORMADO;-8.027798;-34.893305
1453;NÃO INFORMADO;NÃO INFORMADO;-8.035829;-34.891343
1454;NÃO INFORMADO;NÃO INFORMADO;-8.04722;-34.877389
1455;NÃO INFORMADO;NÃO INFORMADO;-8.115381;-34.924561
1456;NÃO INFORMADO;NÃO INFORMADO;-8.086429;-34.909691
1457;NÃO INFORMADO;NÃO INFORMADO;-8.07899;-34.892095
1458;NÃO INFORMADO;NÃO INFORMADO;-8.030816;-34.956432
1459;NÃO INFORMADO;NÃO INFORMADO;-8.125099;-34.909629
1460;NÃO INFORMADO;NÃO INFORMADO;-8.060887;-34.870477
1461;NÃO INFORMADO;NÃO INFORMADO;-8.041824;-34.883823
1462;NÃO INFORMADO;NÃO INFORMADO;-8.111469;-34.912271
1463;NÃO INFORMADO;NÃO INFORMADO;-8.060478;-34.925725
1464;NÃO INFORMADO;NÃO INFORMADO;-8.085265;-34.886935
1465;NÃO INFORMADO;NÃO INFORMADO;-8.05105;-34.889402
1466;NÃO INFORMADO;NÃO INFORMADO;-8.030571;-34.899045
1467;NÃO INFORMADO;NÃO INFORMADO;-8.122983;-34.90666
1468;NÃO INFORMADO;NÃO INFORMADO;-8.0827;-34.906043
1469;NÃO INFORMADO;NÃO INFORMADO;-8.031981;-34.954628
1470;NÃO INFORMADO;NÃO INFORMADO;-8.127412;-34.915302
1471;NÃO INFORMADO;NÃO INFORMADO;-8.086845;-34.931065
1472;NÃO INFORMADO;NÃO INFORMADO;-8.055078;-34.882262
1473;NÃO INFORMADO;NÃO INFORMADO;-8.036592;-34.89195
1474;NÃO INFORMADO;NÃO INFORMADO;-8.071507;-34.909379
1475;NÃO INFORMADO;NÃO INFORMADO;-8.039524;-34.878832
1476;NÃO INFORMADO;NÃO INFORMADO;-8.132202;-34.916128
1477;NÃO INFORMADO;NÃO INFORMADO;-8.114714;-34.906987
1478;NÃO INFORMADO;NÃO INFORMADO;-8.117848;-34.895633
1479;NÃO INFORMADO;NÃO INFORMADO;-8.086075;-34.887825
1480;NÃO INFORMADO;NÃO INFORMADO;-8.053252;-34.896052
1481;NÃO INFORMADO;NÃO INFORMADO;-8.060908;-34.928257
1482;NÃO INFORMADO;NÃO INFORMADO;-8.063582;-34.89555
1483;NÃO INFORMADO;NÃO INFORMADO;-8.104802;-34.889339
1484;NÃO INFORMADO;NÃO INFORMADO;-8.086936;-34.885207
1485;NÃO INFORMADO;NÃO INFORMADO;-8.095621;-34.885865
1486;NÃO INFORMADO;NÃO INFORMADO;-8.018882;-34.909755
1487;NÃO INFORMADO;NÃO INFORMADO;-8.061668;-34.907572
1488;NÃO INFORMADO;NÃO INFORMADO;-8.052513;-34.908481
1489;NÃO INFORMADO;NÃO INFORMADO;-8.031699;-34.892162
1490;NÃO INFORMADO;NÃO INFORMADO;-8.039518;-34.940633
1491;NÃO INFORMADO;NÃO INFORMADO;-8.006749;-34.886865
1492;NÃO INFORMADO;NÃO INFORMADO;-8.101913;-34.888005
1493;NÃO INFORMADO;NÃO INFORMADO;-8.052718;-34.908513
1494;NÃO INFORMADO;NÃO INFORMADO;-8.086402;-34.887526
1495;NÃO INFORMADO;NÃO INFORMADO;-8.050941;-34.879387
1496;NÃO INFORMADO;NÃO INFORMADO;-8.094095;-34.929088
1497;NÃO INFORMADO;NÃO INFORMADO;-8.079544;-34.933836
1498;NÃO INFORMADO;NÃO INFORMADO;-8.054044;-34.87813
1499;NÃO INFORMADO;NÃO INFORMADO;-8.111857;-34.88999
1500;NÃO INFORMADO;NÃO INFORMADO;-8.109329;-34.926398
1501;NÃO INFORMADO;NÃO INFORMADO;-8.05387;-34.911348
1502;NÃO INFORMADO;NÃO INFORMADO;-8.052315;-34.908441
1503;NÃO INFORMADO;NÃO INFORMADO;-8.084787;-34.955664
1504;NÃO INFORMADO;NÃO INFORMADO;-8.062201;-34.91023
1505;NÃO INFORMADO;NÃO INFORMADO;-8.045717;-34.890816
1506;NÃO INFORMADO;NÃO INFORMADO;-8.067895;-34.892516
1507;NÃO INFORMADO;NÃO INFORMADO;-8.054088;-34.906842
1508;NÃO INFORMADO;NÃO INFORMADO;-8.055538;-34.923708
1509;NÃO INFORMADO;NÃO INFORMADO;-8.048433;-34.919168
1510;NÃO INFORMADO;NÃO INFORMADO;-8.079285;-34.933192
1511;NÃO INFORMADO;NÃO INFORMADO;-8.058746;-34.90721
1512;NÃO INFORMADO;NÃO INFORMADO;-8.039184;-34.929791
1513;NÃO INFORMADO;NÃO INFORMADO;-8.10559;-34.926025
1514;NÃO INFORMADO;NÃO INFORMADO;-8.002622;-34.897419
1515;NÃO INFORMADO;NÃO INFORMADO;-8.0318;-34.876217
1516;NÃO INFORMADO;NÃO INFORMADO;-8.026781;-34.897921
1517;NÃO INFORMADO;NÃO INFORMADO;-8.091888;-34.946496
1518;NÃO INFORMADO;NÃO INFORMADO;-8.055055;-34.879895
1519;NÃO INFORMADO;NÃO INFORMADO;-8.014377;-34.913124
1520;NÃO INFORMADO;NÃO INFORMADO;-8.049961;-34.873829
1521;NÃO INFORMADO;NÃO INFORMADO;-8.036379;-34.909959
1522;NÃO INFORMADO;NÃO INFORMADO;-8.066035;-34.895465
1523;NÃO INFORMADO;NÃO INFORMADO;-8.078709;-34.891615
1524;NÃO INFORMADO;NÃO INFORMADO;-8.026842;-34.904554
1525;NÃO INFORMADO;NÃO INFORMADO;-8.09602;-34.911831
1526;NÃO INFORMADO;NÃO INFORMADO;-8.108708;-34.912394
1527;NÃO INFORMADO;NÃO INFORMADO;-8.102707;-34.910592
1528;NÃO INFORMADO;NÃO INFORMADO;-8.061429;-34.903092
1529;NÃO INFORMADO;NÃO INFORMADO;-8.019198;-34.894035
1530;NÃO INFORMADO;NÃO INFORMADO;-8.088064;-34.891505
1531;NÃO INFORMADO;NÃO INFORMADO;-8.111342;-34.919958
1532;NÃO INFORMADO;NÃO INFORMADO;-8.034658;-34.880817
1533;NÃO INFORMADO;NÃO INFORMADO;-8.05924;-34.886959
1534;NÃO INFORMADO;NÃO INFORMADO;-8.04524;-34.893741
1535;NÃO INFORMADO;NÃO INFORMADO;-8.061267;-34.894989
1536;NÃO INFORMADO;NÃO INFORMADO;-8.058474;-34.943773
1537;NÃO INFORMADO;NÃO INFORMADO;-8.062229;-34.872877
1538;NÃO INFORMADO;NÃO INFORMADO;-8.040751;-34.941024
1539;NÃO INFORMADO;NÃO INFORMADO;-8.113403;-34.897961
1540;NÃO INFORMADO;NÃO INFORMADO;-8.118586;-34.895641
1541;NÃO INFORMADO;NÃO INFORMADO;-8.064015;-34.897546
1542;NÃO INFORMADO;NÃO INFORMADO;-8.030095;-34.892498
1543;NÃO INFORMADO;NÃO INFORMADO;-8.040623;-34.943379
1544;NÃO INFORMADO;NÃO INFORMADO;-8.060103;-34.885277
1545;NÃO INFORMADO;NÃO INFORMADO;-8.063813;-34.878443
1546;NÃO INFORMADO;NÃO INFORMADO;-8.126807;-34.949739
1547;NÃO INFORMADO;NÃO INFORMADO;-8.021501;-34.93081
1548;NÃO INFORMADO;NÃO INFORMADO;-8.079338;-34.893509
1549;NÃO INFORMADO;NÃO INFORMADO;-8.046378;-34.952818
1550;NÃO INFORMADO;NÃO INFORMADO;-8.126671;-34.946579
1551;NÃO INFORMADO;NÃO INFORMADO;-8.088503;-34.951466
1552;NÃO INFORMADO;NÃO INFORMADO;-8.073544;-34.918311
1553;NÃO INFORMADO;NÃO INFORMADO;-8.02753;-34.913711
1554;NÃO INFORMADO;NÃO INFORMADO;-8.034697;-34.949458
1555;NÃO INFORMADO;NÃO INFORMADO;-8.084854;-34.955511
1556;NÃO INFORMADO;NÃO INFORMADO;-8.061344;-34.903462
1557;NÃO INFORMADO;NÃO INFORMADO;-8.097783;-34.885293
1558;NÃO INFORMADO;NÃO INFORMADO;-8.092453;-34.947119
1559;NÃO INFORMADO;NÃO INFORMADO;-8.091657;-34.949241
1560;NÃO INFORMADO;NÃO INFORMADO;-8.025582;-34.906567
1561;NÃO INFORMADO;NÃO INFORMADO;-8.061653;-34.901665
1562;NÃO INFORMADO;NÃO INFORMADO;-8.071483;-34.895303
1563;NÃO INFORMADO;NÃO INFORMADO;-8.049524;-34.887541
1564;NÃO INFORMADO;NÃO INFORMADO;-8.047288;-34.909225
1565;NÃO INFORMADO;NÃO INFORMADO;-8.032167;-34.88135
1566;NÃO INFORMADO;NÃO INFORMADO;-8.047305;-34.926642
1567;NÃO INFORMADO;NÃO INFORMADO;-8.039611;-34.90423
1568;NÃO INFORMADO;NÃO INFORMADO;-8.053514;-34.888671
1569;NÃO INFORMADO;NÃO INFORMADO;-8.049156;-34.944087
1570;NÃO INFORMADO;NÃO INFORMADO;-8.080687;-34.914122
1571;NÃO INFORMADO;NÃO INFORMADO;-8.064666;-34.904597
1572;NÃO INFORMADO;NÃO INFORMADO;-8.097162;-34.909798
1573;NÃO INFORMADO;NÃO INFORMADO;-8.127951;-34.901384
1574;NÃO INFORMADO;NÃO INFORMADO;-8.05063;-34.897395
1575;NÃO INFORMADO;NÃO INFORMADO;-8.036821;-34.879972
1576;NÃO INFORMADO;NÃO INFORMADO;-8.039508;-34.965599
1577;NÃO INFORMADO;NÃO INFORMADO;-8.114125;-34.908307
1578;NÃO INFORMADO;NÃO INFORMADO;-8.023365;-34.930537
1579;NÃO INFORMADO;NÃO INFORMADO;-8.032191;-34.892055
1580;NÃO INFORMADO;NÃO INFORMADO;-8.048784;-34.892693
1581;NÃO INFORMADO;NÃO INFORMADO;-8.020815;-34.921699
1582;NÃO INFORMADO;NÃO INFORMADO;-8.047571;-34.915715
1583;NÃO INFORMADO;NÃO INFORMADO;-8.05821;-34.904305
1584;NÃO INFORMADO;NÃO INFORMADO;-8.047082;-34.927211
1585;NÃO INFORMADO;NÃO INFORMADO;-8.052558;-34.917445
1586;NÃO INFORMADO;NÃO INFORMADO;-8.091501;-34.949548
1587;NÃO INFORMADO;NÃO INFORMADO;-8.096041;-34.928825
1588;NÃO INFORMADO;NÃO INFORMADO;-8.023867;-34.89717
1589;NÃO INFORMADO;NÃO INFORMADO;-8.026499;-34.905045
1590;NÃO INFORMADO;NÃO INFORMADO;-8.080321;-34.909433
1591;NÃO INFORMADO;NÃO INFORMADO;-8.046908;-34.927504
1592;NÃO INFORMADO;NÃO INFORMADO;-8.085159;-34.88683
1593;NÃO INFORMADO;NÃO INFORMADO;-8.037487;-34.885052
1594;NÃO INFORMADO;NÃO INFORMADO;-8.031933;-34.934512
1595;NÃO INFORMADO;NÃO INFORMADO;-8.080249;-34.90689
1596;NÃO INFORMADO;NÃO INFORMADO;-8.136214;-34.902394
1597;NÃO INFORMADO;NÃO INFORMADO;-8.096132;-34.928756
1598;NÃO INFORMADO;NÃO INFORMADO;-8.062257;-34.880178
1599;NÃO INFORMADO;NÃO INFORMADO;-8.051213;-34.933046
1600;NÃO INFORMADO;NÃO INFORMADO;-8.043037;-34.908065
1601;NÃO INFORMADO;NÃO INFORMADO;-8.040767;-34.888152
1602;NÃO INFORMADO;NÃO INFORMADO;-8.107072;-34.924593
1603;NÃO INFORMADO;NÃO INFORMADO;-8.026876;-34.956956
1604;NÃO INFORMADO;NÃO INFORMADO;-8.03855;-34.877575
1605;NÃO INFORMADO;NÃO INFORMADO;-8.118904;-34.897503
1606;NÃO INFORMADO;NÃO INFORMADO;-8.026605;-34.897857
1607;NÃO INFORMADO;NÃO INFORMADO;-8.0285;-34.926265
1608;NÃO INFORMADO;NÃO INFORMADO;-8.121347;-34.918612
1609;NÃO INFORMADO;NÃO INFORMADO;-8.062074;-34.897183
1610;NÃO INFORMADO;NÃO INFORMADO;-8.039396;-34.940879
1611;NÃO INFORMADO;NÃO INFORMADO;-8.115757;-34.895541
1612;NÃO INFORMADO;NÃO INFORMADO;-8.05046;-34.921052
1613;NÃO INFORMADO;NÃO INFORMADO;-8.062726;-34.871432
1614;NÃO INFORMADO;NÃO INFORMADO;-8.074696;-34.890529
1615;NÃO INFORMADO;NÃO INFORMADO;-8.036801;-34.919843
1616;NÃO INFORMADO;NÃO INFORMADO;-8.124372;-34.902057
1617;NÃO INFORMADO;NÃO INFORMADO;-8.085871;-34.890969
1618;NÃO INFORMADO;NÃO INFORMADO;-8.053599;-34.89632
1619;NÃO INFORMADO;NÃO INFORMADO;-8.119586;-34.90081
1620;NÃO INFORMADO;NÃO INFORMADO;-8.117011;-34.893182
1621;NÃO INFORMADO;NÃO INFORMADO;-8.097226;-34.885105
1622;NÃO INFORMADO;NÃO INFORMADO;-8.035643;-34.920205
1623;NÃO INFORMADO;NÃO INFORMADO;-8.087108;-34.882744
1624;NÃO INFORMADO;NÃO INFORMADO;-8.025923;-34.890057
1625;NÃO INFORMADO;NÃO INFORMADO;-8.029745;-34.890384
1626;NÃO INFORMADO;NÃO INFORMADO;-8.052885;-34.908548
1627;NÃO INFORMADO;NÃO INFORMADO;-8.047515;-34.92658
1628;NÃO INFORMADO;NÃO INFORMADO;-8.115376;-34.894147
1629;NÃO INFORMADO;NÃO INFORMADO;-8.045223;-34.880004
1630;NÃO INFORMADO;NÃO INFORMADO;-8.00812;-34.887249
1631;NÃO INFORMADO;NÃO INFORMADO;-8.079752;-34.97077
1632;NÃO INFORMADO;NÃO INFORMADO;-8.083144;-34.924848
1633;NÃO INFORMADO;NÃO INFORMADO;-8.019695;-34.894595
1634;NÃO INFORMADO;NÃO INFORMADO;-8.140226;-34.910812
1635;NÃO INFORMADO;NÃO INFORMADO;-8.011291;-34.928241
1636;NÃO INFORMADO;NÃO INFORMADO;-8.109717;-34.913682
1637;NÃO INFORMADO;NÃO INFORMADO;-8.049053;-34.889956
1638;NÃO INFORMADO;NÃO INFORMADO;-8.128331;-34.900394
1639;NÃO INFORMADO;NÃO INFORMADO;-8.119844;-34.943352
1640;NÃO INFORMADO;NÃO INFORMADO;-8.090789;-34.956812
1641;NÃO INFORMADO;NÃO INFORMADO;-8.054014;-34.871013
1642;NÃO INFORMADO;NÃO INFORMADO;-8.088537;-34.929818
1643;NÃO INFORMADO;NÃO INFORMADO;-8.101684;-34.92801
1644;NÃO INFORMADO;NÃO INFORMADO;-8.135309;-34.945691
1645;NÃO INFORMADO;NÃO INFORMADO;-8.085021;-34.888831
1646;NÃO INFORMADO;NÃO INFORMADO;-8.014484;-34.929711
1647;NÃO INFORMADO;NÃO INFORMADO;-8.138458;-34.935976
1648;NÃO INFORMADO;NÃO INFORMADO;-8.042913;-34.947064
1649;NÃO INFORMADO;NÃO INFORMADO;-8.032077;-34.88031
1650;NÃO INFORMADO;NÃO INFORMADO;-8.121634;-34.899064
1651;NÃO INFORMADO;NÃO INFORMADO;-8.030781;-34.956425
1652;NÃO INFORMADO;NÃO INFORMADO;-8.053963;-34.881589
1653;NÃO INFORMADO;NÃO INFORMADO;-8.060387;-34.905565
1654;NÃO INFORMADO;NÃO INFORMADO;-8.109175;-34.925457
1655;NÃO INFORMADO;NÃO INFORMADO;-8.036576;-34.910088
1656;NÃO INFORMADO;NÃO INFORMADO;-8.089028;-34.88499
1657;NÃO INFORMADO;NÃO INFORMADO;-8.090268;-34.934581
1658;NÃO INFORMADO;NÃO INFORMADO;-8.051199;-34.933055
1659;NÃO INFORMADO;NÃO INFORMADO;-8.14205;-34.911501
1660;NÃO INFORMADO;NÃO INFORMADO;-8.030523;-34.900493
1661;NÃO INFORMADO;NÃO INFORMADO;-8.021873;-34.929029
1662;NÃO INFORMADO;NÃO INFORMADO;-8.037038;-34.945396
1663;NÃO INFORMADO;NÃO INFORMADO;-8.102558;-34.887428
1664;NÃO INFORMADO;NÃO INFORMADO;-8.086434;-34.930692
1665;NÃO INFORMADO;NÃO INFORMADO;-8.04057;-34.881066
1666;NÃO INFORMADO;NÃO INFORMADO;-8.051621;-34.894917
1667;NÃO INFORMADO;NÃO INFORMADO;-8.061583;-34.911388
1668;NÃO INFORMADO;NÃO INFORMADO;-8.117433;-34.89651
1669;NÃO INFORMADO;NÃO INFORMADO;-8.06213;-34.909371
1670;NÃO INFORMADO;NÃO INFORMADO;-8.077025;-34.909201
1671;NÃO INFORMADO;NÃO INFORMADO;-8.053018;-34.916611
1672;NÃO INFORMADO;NÃO INFORMADO;-8.057996;-34.889034
1673;NÃO INFORMADO;NÃO INFORMADO;-8.119096;-34.897524
1674;NÃO INFORMADO;NÃO INFORMADO;-8.114932;-34.907352
1675;NÃO INFORMADO;NÃO INFORMADO;-8.01382;-34.918467
1676;NÃO INFORMADO;NÃO INFORMADO;-8.15065;-34.908907
1677;NÃO INFORMADO;NÃO INFORMADO;-8.040419;-34.886747
1678;NÃO INFORMADO;NÃO INFORMADO;-8.077017;-34.90917
1679;NÃO INFORMADO;NÃO INFORMADO;-8.128851;-34.902867
1680;NÃO INFORMADO;NÃO INFORMADO;-8.085847;-34.88802
1681;NÃO INFORMADO;NÃO INFORMADO;-8.048144;-34.931341
1682;NÃO INFORMADO;NÃO INFORMADO;-8.060889;-34.924319
1683;NÃO INFORMADO;NÃO INFORMADO;-8.126479;-34.908077
1684;NÃO INFORMADO;NÃO INFORMADO;-8.038557;-34.964113
1685;NÃO INFORMADO;NÃO INFORMADO;-8.081826;-34.906327
1686;NÃO INFORMADO;NÃO INFORMADO;-8.045818;-34.921192
1687;NÃO INFORMADO;NÃO INFORMADO;-8.131321;-34.916013
1688;NÃO INFORMADO;NÃO INFORMADO;-8.080698;-34.914666
1689;NÃO INFORMADO;NÃO INFORMADO;-8.077771;-34.897264
1690;NÃO INFORMADO;NÃO INFORMADO;-8.037659;-34.891342
1691;NÃO INFORMADO;NÃO INFORMADO;-8.057465;-34.898153
1692;NÃO INFORMADO;NÃO INFORMADO;-8.044973;-34.889225
1693;NÃO INFORMADO;NÃO INFORMADO;-8.025838;-34.90615
1694;NÃO INFORMADO;NÃO INFORMADO;-8.030163;-34.906874
1695;NÃO INFORMADO;NÃO INFORMADO;-8.0615;-34.902838
1696;NÃO INFORMADO;NÃO INFORMADO;-8.085451;-34.888394
1697;NÃO INFORMADO;NÃO INFORMADO;-8.045483;-34.903586
1698;NÃO INFORMADO;NÃO INFORMADO;-8.050115;-34.882091
1699;NÃO INFORMADO;NÃO INFORMADO;-8.016987;-34.89195
1700;NÃO INFORMADO;NÃO INFORMADO;-8.049039;-34.878043
1701;NÃO INFORMADO;NÃO INFORMADO;-8.07015;-34.882328
1702;NÃO INFORMADO;NÃO INFORMADO;-8.077976;-34.897814
1703;NÃO INFORMADO;NÃO INFORMADO;-8.043954;-34.898275
1704;NÃO INFORMADO;NÃO INFORMADO;-8.07834;-34.905383
1705;NÃO INFORMADO;NÃO INFORMADO;-8.048962;-34.881248
1706;NÃO INFORMADO;NÃO INFORMADO;-8.067576;-34.9007
1707;NÃO INFORMADO;NÃO INFORMADO;-8.093774;-34.964461
1708;NÃO INFORMADO;NÃO INFORMADO;-8.081672;-34.922552
1709;NÃO INFORMADO;NÃO INFORMADO;-8.072934;-34.885405
1710;NÃO INFORMADO;NÃO INFORMADO;-8.038977;-34.87078
1711;NÃO INFORMADO;NÃO INFORMADO;-8.029192;-34.958898
1712;NÃO INFORMADO;NÃO INFORMADO;-8.087892;-34.90781
1713;NÃO INFORMADO;NÃO INFORMADO;-8.073329;-34.884985
1714;NÃO INFORMADO;NÃO INFORMADO;-8.03614;-34.88918
1715;NÃO INFORMADO;NÃO INFORMADO;-8.060109;-34.883788
1716;NÃO INFORMADO;NÃO INFORMADO;-8.124705;-34.900185
1717;NÃO INFORMADO;NÃO INFORMADO;-8.055899;-34.922305
1718;NÃO INFORMADO;NÃO INFORMADO;-8.062937;-34.879996
1719;NÃO INFORMADO;NÃO INFORMADO;-8.033836;-34.905587
1720;NÃO INFORMADO;NÃO INFORMADO;-8.062422;-34.897326
1721;NÃO INFORMADO;NÃO INFORMADO;-8.119977;-34.938664
1722;NÃO INFORMADO;NÃO INFORMADO;-8.060491;-34.925736
1723;NÃO INFORMADO;NÃO INFORMADO;-8.030217;-34.957775
1724;NÃO INFORMADO;NÃO INFORMADO;-8.118769;-34.942612
1725;NÃO INFORMADO;NÃO INFORMADO;-8.131806;-34.915983
1726;NÃO INFORMADO;NÃO INFORMADO;-8.027593;-34.889861
1727;NÃO INFORMADO;NÃO INFORMADO;-8.071144;-34.908103
1728;NÃO INFORMADO;NÃO INFORMADO;-8.058443;-34.903994
1729;NÃO INFORMADO;NÃO INFORMADO;-8.022467;-34.955704
1730;NÃO INFORMADO;NÃO INFORMADO;-8.02192;-34.931738
1731;NÃO INFORMADO;NÃO INFORMADO;-8.062679;-34.878278
1732;NÃO INFORMADO;NÃO INFORMADO;-8.134794;-34.91355
1733;MADALENA;RUA JOSE OSORIO;-8.0540563;-34.9132258
1734;CABANGA;AV SUL;-8.0765392;-34.8936564
1735;AFOGADOS;RUA COSME VIANA 122;-8.0711164;-34.9094546
1736;ROSARINHO;RUA HIPOLITO BRAGA 181;-8.031981;-34.8966524
1737;AREIAS;AV TAPAJOS;-8.0933701;-34.9239063
1738;CASA AMARELA;AV NORTE;-8.0242085;-34.9112758
1739;IPUTINGA;AV CAXANGA;-8.0428276;-34.9346995
1740;VASCO DA GAMA;RUA VASCO DA GAMA;-8.0192857;-34.9213368
1741;IMBIRIBEIRA;AV MARECHAL MASCARENHAS DE MORAES 6369;-8.1419999;-34.9177533
1742;MADALENA;RUA BENFICA;-8.0581009;-34.9054661
1743;CAXANGÁ;RUA MAURICIO DE NASSAU 61;-8.0407826;-34.926956
1744;CAXANGÁ;RUA MAURICIO DE NASSAU 61;-8.1154221;-34.9578524
1745;SANTO AMARO;AV NORTE;-8.0444211;-34.8812699
1746;BOMBA DO HEMETÉRIO;COR DO BARTOLOMEU 467;-8.0197558;-34.9112999
1747;JARDIM SÃO PAULO;AV LIBERDADE;-8.0887601;-34.9512434
1748;SAN MARTIN;AV CONSUL VILARES FRAGOSO 368;-8.0658158;-34.9261916
1749;ESPINHEIRO;AV JOAO DE BARROS;-8.0442431;-34.8901454
1750;CASA AMARELA;RUA PAULA BATISTA;-8.0257901;-34.9155405
1751;VÁRZEA;AV CAXANGA;-8.0320766;-34.9544165
1752;PARNAMIRIM;EST DO ENCANAMENTO 236;-8.0325945;-34.9119303
1753;BONGI;RUA DELMIRO GOUVEIA;-8.0639302;-34.9298394
1754;TEJIPIÓ;AV DR JOSE RUFINO;-8.0908421;-34.9511254
1755;FUNDÃO;AV BEBERIBE 2666;-8.0153335;-34.8905316
1756;CABANGA;AV ANTONIO DE GOES;-8.0795626;-34.8919491
1757;CAMPO GRANDE;RUA ODORICO MENDES 429;-8.0363898;-34.8800898
1758;DOIS UNIDOS;AV HILDEBRANDO DE VASCONCELOS 316;-8.0031317;-34.9020919
1759;ILHA DO LEITE;RUA FRANCISCO ALVES;-8.0662832;-34.8959094
1760;AFOGADOS;AV MARECHAL MASCARENHAS DE MORAES;-8.0844369;-34.906944
1761;DOIS UNIDOS;AV HILDEBRANDO DE VASCONCELOS 2552;-8.0032432;-34.9019766
1762;PRADO;RUA SANTA EDWIRGES;-8.0641971;-34.9121381
1763;CABANGA;RUA GENERAL ESTILAC LEAL 439;-8.0796357;-34.8964512
1764;ALTO JOSÉ DO PINHO;RUA MARQUES DE ABRANTES;-8.0303662;-34.8796928
1765;CAMPO GRANDE;RUA MEM DE SA;-8.029681;-34.8897243
1766;BONGI;AV GENERAL SAN MARTIN;-8.0605522;-34.9258053
1767;ENCRUZILHADA;RUA DR JOSE MARIA;-8.036597;-34.8948902
1768;AREIAS;AV DR JOSE RUFINO;-8.0894692;-34.9337527
1769;BOA VIAGEM;RUA TOME GIBSON;-8.0987235;-34.8866612
1770;ARRUDA;AV BEBERIBE;-8.0267967;-34.8931628
1771;CASA AMARELA;AV NORTE;-8.025073;-34.9081349
1772;SAN MARTIN;AV GENERAL SAN MARTIN 2482;-8.0746166;-34.9301143
1773;PRADO;AV ENGENHEIRO ABDIAS DE CARVALHO;-8.0630366;-34.9331358
1774;PASSARINHO;EST DE PASSARINHO;-7.9851203;-34.915916
1775;IPSEP;RUA JAMAICA 80;-8.10744;-34.9126652
1776;BOA VIAGEM;AV ENGENHEIRO DOMINGOS FERREIRA 3647;-8.1190612;-34.8976153
1777;COELHOS;RUA DR JOSE MARIANO 556;-8.0654785;-34.8869401
1778;BARRO;AV DR JOSE RUFINO 2319;-8.0931895;-34.943524
1779;CORDEIRO;AV CAXANGA;-8.0525026;-34.9171619
1780;AFOGADOS;RUA COSME VIANA;-8.0711696;-34.9094868
1781;TEJIPIÓ;RUA DOUTOR LEONIDAS CRAVO GAMA;-8.0791948;-34.9029422
1782;PINA;AV ENGENHEIRO DOMINGOS FERREIRA 604;-8.0948466;-34.8858404
1783;BOA VIAGEM;RUA VISCONDE DE JEQUITINHONHA;-8.1394881;-34.9045837
1784;TORRE;RUA SOUZA BANDEIRA 362;-8.0486013;-34.9178016
1785;BOA VIAGEM;RUA ALMIRANTE NELSON FERNANDES 173;-8.1307949;-34.9090737
1786;AFOGADOS;RUA VINTE E UM DE ABRIL 681;-8.0764702;-34.9131694
1787;SANTO AMARO;AV GOVERNADOR AGAMENON MAGALHAES;-8.0468644;-34.8911096
1788;ILHA DO LEITE;AV GOVERNADOR AGAMENON MAGALHAES 4575;-8.0568873;-34.897728
1789;TAMARINEIRA;RUA CONEGO BARATA;-8.0296332;-34.900496
1790;ILHA DO RETIRO;RUA SPORT CLUBE DO RECIFE;-8.061471;-34.9027115
1791;BOA VIAGEM;RUA DOS NAVEGANTES;-8.1251126;-34.8979157
1792;IMBIRIBEIRA;AV MARECHAL MASCARENHAS DE MORAES;-8.1114164;-34.9123836
1793;ENCRUZILHADA;AV BEBERIBE 205;-8.0165553;-34.8916072
1794;BEBERIBE;AV BEBERIBE;-8.0111955;-34.8891073
1795;IMBIRIBEIRA;AV MARECHAL MASCARENHAS DE MORAES;-8.1191196;-34.9137488
1796;BOA VISTA;AV CONDE DA BOA VISTA;-8.0566775;-34.8927954
1797;JORDÃO;RUA DR ALVARO FERRAZ 25;-8.1330306;-34.9374247
1798;JORDÃO;45;-8.1341219;-34.94376
1799;MADALENA;AV BEIRA RIO;-8.0509596;-34.9050075
1800;BAIRRO DO RECIFE;RUA DO APOLO;-8.0619438;-34.8726118
1801;BOA VIAGEM;AV ANTONIO DE GOES;-8.0849202;-34.8870206
1802;TORREÃO;RUA OTHON PARAISO;-8.0405542;-34.8832735
1803;DOIS IRMÃOS;RUA DE APIPUCOS 1060;-8.0211209;-34.934257
1804;ROSARINHO;AV NORTE;-8.0336489;-34.8963761
1805;ENCRUZILHADA;EST DE BELEM 115;-8.0366554;-34.8900032
1806;NOVA DESCOBERTA;RUA NOVA DESCOBERTA;-8.0130069;-34.9251026
1807;IMBIRIBEIRA;RUA ITAJAI;-8.1091275;-34.9135691
1808;MANGABEIRA;AV PROFESSOR JOSE DOS ANJOS;-8.0267701;-34.8984843
1809;BOA VIAGEM;AV BOA VIAGEM;-8.1508521;-34.9092507
1810;CORDEIRO;AV CAXANGA;-8.0426842;-34.9352467
1811;CÓRREGO DO JENIPAPO;AV DA RECUPERACAO;-7.9882042;-34.9334268
1812;SÃO JOSÉ;AV SUL;-8.0751955;-34.8901749
1813;JORDÃO;AV SANTOS DUMONT;-8.0373672;-34.8983422
1814;CASA FORTE;AV DEZESSETE DE AGOSTO;-8.0335507;-34.9226028
1815;DERBY;AV GOVERNADOR AGAMENON MAGALHAES;-8.0552142;-34.8984789
1816;BOA VIAGEM;RUA ERNESTO DE PAULA SANTOS 1014;-8.1241673;-34.9058121
1817;JORDÃO;AV DONA CARENTINA;-8.1340768;-34.9432182
1818;MADALENA;RUA ARLINDO GOUVEIA 100;-8.0570333;-34.9040124
1819;BOA VIAGEM;RUA SA E SOUZA;-8.1356433;-34.906185
1820;BOA VIAGEM;RUA COSMORAMA 408;-8.148505;-34.9139392
1821;ALTO JOSÉ BONIFÁCIO;RUA ALTO JOSE BONIFACIO 1111;-8.0178727;-34.9119437
1822;CAMPO GRANDE;AV GOVERNADOR AGAMENON MAGALHAES;-8.041181;-34.8824072
1823;CAMPINA DO BARRETO;RUA ODORICO MENDES 65;-8.032406;-34.8812941
1824;IBURA;AV DOM HELDER CAMARA;-8.1091328;-34.9352574
1825;TEJIPIÓ;AV DR JOSE RUFINO 603;-8.0861683;-34.9304402
1826;BOA VIAGEM;RUA RIBEIRO DE BRITO;-8.1229937;-34.9065068
1827;ENCRUZILHADA;AV BEBERIBE;-8.0114159;-34.8891691
1828;CORDEIRO;AV CAXANGA;-8.0455684;-34.930011
1829;CAMPO GRANDE;EST DE BELEM 457;-8.0349397;-34.8873666
1830;BOA VISTA;RUA DO PRINCIPE;-8.0573706;-34.885084
1831;BOA VIAGEM;AV LINO JORDAO;-8.1432637;-34.9153635
1832;DERBY;AV GOVERNADOR AGAMENON MAGALHAES 4318;-8.0620234;-34.8977709
1833;SAN MARTIN;RUA COMENDADOR FRANCO FERREIRA 16;-8.0658689;-34.926948
1834;CAXANGÁ;AV CAXANGA;-8.0521229;-34.9179947
1835;MADALENA;RUA BENFICA;-8.0601299;-34.9016896
1836;SANTO AMARO;AV CRUZ CABUGA;-8.0385676;-34.8722309
1837;VÁRZEA;RUA VALE DO SIRIJI 150;-8.0374521;-34.9726045
1838;TOTÓ;RUA ONZE DE AGOSTO 573;-8.0794843;-34.9708906
1839;DERBY;AV GOVERNADOR AGAMENON MAGALHAES;-8.0567332;-34.8980606
1840;BEBERIBE;AV BEBERIBE;-8.004542;-34.8955849
1841;CABANGA;RUA BITURI;-8.079556;-34.8934203
1842;BOA VIAGEM;AV BOA VIAGEM 2682;-8.1138594;-34.8912585
1843;AFOGADOS;RUA COSME VIANA 67;-8.0757903;-34.9089932
1844;PARNAMIRIM;RUA JOAO TUDE DE MELO;-8.0371016;-34.9104309
1845;SAN MARTIN;AV CONSUL VILARES FRAGOSO 380;-8.0668674;-34.9239948
1846;ÁGUA FRIA;RUA LADEIRA DE PEDRA 185;-8.0188713;-34.8968804
1847;SÃO JOSÉ;AV DANTAS BARRETO;-8.0616835;-34.8781157
1848;ÁGUA FRIA;RUA DAS MOCAS;-8.0214423;-34.8865378
1849;AREIAS;AV DR JOSE RUFINO;-8.0913307;-34.9356598
1850;IMBIRIBEIRA;AV GENERAL MAC ARTHUR;-8.1088566;-34.9118686
1851;BOA VIAGEM;RUA BARAO DE SOUZA LEAO 1075;-8.1325646;-34.9093634
1852;CASA AMARELA;RUA ALTO JOSE BONIFACIO;-8.0169457;-34.9128261
1853;DERBY;AV GOVERNADOR AGAMENON MAGALHAES;-8.0512943;-34.8952281
1854;CABANGA;RUA GENERAL ESTILAC LEAL;-8.0799171;-34.8963922
1855;PINA;AV ANTONIO DE GOES;-8.0838315;-34.888072
1856;CABANGA;RUA BITURI;-8.078908;-34.8936403
1857;MADALENA;RUA JOSE OSORIO 970;-8.0540987;-34.9137568
1858;IBURA;RUA DOIS;-8.1116023;-34.9376822
1859;TAMARINEIRA;RUA CONEGO BARATA;-8.0314924;-34.9023789
1860;DERBY;AV GOVERNADOR CARLOS DE LIMA CAVALCANTI;-8.0561862;-34.8961669
1861;CORDEIRO;RUA MARIA QUITERIA 140;-8.0446973;-34.9286297
1862;IMBIRIBEIRA;AV MARECHAL MASCARENHAS DE MORAES;-8.0947032;-34.9092293
1863;CASA AMARELA;RUA PAULA BATISTA;-8.0277462;-34.9166603
1864;MADALENA;RUA BENFICA 715;-8.0584223;-34.9040258
1865;BOA VIAGEM;AV ENGENHEIRO DOMINGOS FERREIRA;-8.1090717;-34.891575
1866;SANTO AMARO;RUA TREZE DE MAIO;-8.0498681;-34.8819378
1867;SÃO JOSÉ;RUA IMPERIAL;-8.0752645;-34.8922455
1868;CORDEIRO;RUA GOMES TABORDA;-8.0563933;-34.9204141
1869;SANTO AMARO;AV GOVERNADOR AGAMENON MAGALHAES;-8.0363898;-34.8714638
1870;PARNAMIRIM;RUA SEBASTIAO MALTA ARCOVERDE 129;-8.0335347;-34.9078372
1871;IMBIRIBEIRA;AV MARECHAL MASCARENHAS DE MORAES;-8.1099188;-34.912169
1872;MANGABEIRA;RUA DA MANGABEIRA 60;-8.0249216;-34.904471
1873;SAN MARTIN;AV CAXANGA;-8.0503488;-34.9209881
1874;CABANGA;VIADUTO CAPITAO TEMUDO;-8.077875;-34.8925728
1875;LINHA DO TIRO;RUA JOSE ARMANDO MACHADO;-8.1488993;-34.9162205
1876;BEBERIBE;AV BEBERIBE;-8.033224;-34.8918486
1877;CORDEIRO;AV CAXANGA 2925;-8.0436562;-34.9334764
1878;BOA VIAGEM;RUA SARGENTO SILVINO DE MACEDO;-8.114571;-34.9072123
1879;BOA VIAGEM;AV CONSELHEIRO AGUIAR;-8.1190107;-34.8974919
1880;ENCRUZILHADA;AV NORTE;-8.0370033;-34.8944047
1881;CASA AMARELA;AV NORTE;-8.0216508;-34.9163398
1882;IBURA;AV ENGENHO SERRA VERDE 570;-8.1125045;-34.9518268
1883;BOMBA DO HEMETÉRIO;RUA BOMBA DO HEMETERIO;-8.0218938;-34.9002546
1884;TORRÕES;RUA OCIDENTAL 339;-8.0530099;-34.9373764
1885;IMBIRIBEIRA;AV MARECHAL MASCARENHAS DE MORAES;-8.0925788;-34.9087733
1886;IMBIRIBEIRA;AV MARECHAL MASCARENHAS DE MORAES;-8.1276989;-34.9156451
1887;SANTO AMARO;AV GOVERNADOR AGAMENON MAGALHAES;-8.037006;-34.8727083
1888;MADALENA;AV CAXANGA;-8.0530418;-34.9165463
1889;MACAXEIRA;AV NORTE 31;-8.016125;-34.930467
1890;ENCRUZILHADA;RUA PEDRO ALVES;-8.0361348;-34.8919988
1891;MADALENA;AV VISCONDE DE ALBUQUERQUE;-8.0579682;-34.907164
1892;BEBERIBE;AV BEBERIBE 423;-8.004635;-34.8956841
1893;IPUTINGA;AV CAXANGA;-8.0388677;-34.9417832
1894;BEBERIBE;AV BEBERIBE;-8.0059152;-34.8922563
1895;BREJO DA GUABIRABA;AV VEREADOR OTACILIO AZEVEDO;-7.9939043;-34.9274951
1896;BOA VISTA;AV CONDE DA BOA VISTA 1126;-8.0572538;-34.8907113
1897;CAXANGÁ;AV CAXANGA 2414;-8.0544706;-34.913435
1898;TORRÕES;RUA DO FORTE 963;-8.0546565;-34.9295953
1899;ESPINHEIRO;RUA AFONSO BATISTA 78;-8.0408384;-34.8909339
1900;CAMPO GRANDE;RUA SAO CAETANO 318;-8.0342598;-34.8795131
1901;BAIRRO DO RECIFE;AV ALFREDO LISBOA;-8.0660415;-34.8729739
1902;SAN MARTIN;RUA VISCONDE PARNAIBA 435;-8.0685949;-34.9301867
1903;TEJIPIÓ;AV DR JOSE RUFINO;-8.0900242;-34.9531518
1904;MACAXEIRA;AV NORTE;-8.0142738;-34.9315345
1905;CASA AMARELA;AV PEDRO ALLAIN 152;-8.0221481;-34.9178828
1906;ÁGUA FRIA;RUA SAO SEBASTIAO 166;-8.0230618;-34.8985447
1907;BONGI;RUA ISAAC MARKMAN;-8.0640657;-34.9220932
1908;ESTÂNCIA;AV RECIFE XX;-8.083542;-34.9327442
1909;IMBIRIBEIRA;AV MARECHAL MASCARENHAS DE MORAES;-8.0910758;-34.908375
1910;SÃO JOSÉ;C SANTA RITA;-8.0686786;-34.8750123
1911;IMBIRIBEIRA;AV MARECHAL MASCARENHAS DE MORAES;-8.0935082;-34.9091434
1912;PARNAMIRIM;RUA PADRE ROMA 489;-8.0325813;-34.9071532
1913;BAIRRO DO RECIFE;RUA MADRE DEUS;-8.0642741;-34.8735961
1914;CORDEIRO;AV CAXANGA;-8.0484977;-34.9248505
1915;SANTO AMARO;AV GOVERNADOR AGAMENON MAGALHAES;-8.0411332;-34.8822838
1916;COELHOS;RUA DOS COELHOS 450;-8.0675194;-34.890305
1917;JOANA BEZERRA;AV DES GUERRA BARRETO;-8.071467;-34.892031
1918;MANGUEIRA;RUA VINTE E UM DE ABRIL 1384;-8.0750282;-34.9188074
1919;ÁGUA FRIA;RUA LADEIRA DE PEDRA 710;-8.0146536;-34.9022716
1920;IPSEP;AV SALDANHA MARINHO 83;-8.1154473;-34.9205536
1921;NOVA DESCOBERTA;RUA NOVA DESCOBERTA;-8.019777;-34.9266207
1922;MADALENA;RUA REAL DA TORRE;-8.0552354;-34.9089557
1923;BOA VISTA;PTE DUARTE COELHO;-8.0623209;-34.8811519
1924;CASA AMARELA;EST DO ARRAIAL;-8.0266586;-34.9165785
1925;SANTO AMARO;AV CRUZ CABUGA;-8.0417679;-34.8728827
1926;CAMPO GRANDE;AV PROFESSOR JOSE DOS ANJOS;-8.022749;-34.8798215
1927;ILHA JOANA BEZERRA;RUA CAPITAO TEMUDO;-8.0805598;-34.8923743
1928;IPSEP;AV RECIFE;-8.1137611;-34.9258
1929;SANTO ANTÔNIO;AV DANTAS BARRETO;-8.0661119;-34.8792073
1930;NÃO INFORMADO;AV DR JOSE RUFINO 2615;-8.0921804;-34.9477136
1931;BOA VIAGEM;RUA VISCONDE DE JEQUITINHONHA;-8.1442966;-34.906649
1932;CASA AMARELA;RUA ALTO JOSE BONIFACIO;-8.0129;-34.9133458
1933;CASA FORTE;AV DEZESSETE DE AGOSTO 2310;-8.0295164;-34.9257007
1934;IMBIRIBEIRA;RUA GENERAL GOES MONTEIRO;-8.0954467;-34.9102861
1935;JAQUEIRA;RUA DO FUTURO;-8.0395901;-34.9010941
1936;ESPINHEIRO;RUA BARAO DE ITAMARACA;-8.0431795;-34.8938012
1937;CASA FORTE;AV DEZESSETE DE AGOSTO;-8.0335281;-34.9226685
1938;CAMPO GRANDE;RUA FARIAS NEVES 2;-8.0266214;-34.8777214
1939;PRADO;AV CAXANGA 489;-8.0547388;-34.913384
1940;CABANGA;RUA CAPITAO TEMUDO;-8.0799012;-34.892503
1941;BOA VIAGEM;RUA SETUBAL 278;-8.1335351;-34.9018425
1942;BOA VISTA;AV GOVERNADOR AGAMENON MAGALHAES;-8.1340688;-34.9164525
1943;IMBIRIBEIRA;AV MARECHAL MASCARENHAS DE MORAES;-8.0884309;-34.9078131
1944;IPSEP;RUA PINTOR ANTONIO ALBUQUERQUE 61 D;-8.1078901;-34.926779
1945;IBURA;AV DOIS RIOS;-8.114583;-34.9397367
1946;AFLITOS;RUA TELES JUNIOR S/N;-8.0363035;-34.8993333
1947;BOA VIAGEM;RUA BELMONTE 147;-8.1331899;-34.9058738
1948;VÁRZEA;AV AFONSO OLINDENSE;-8.0440785;-34.9589199
1949;ENCRUZILHADA;AV NORTE;-8.0370697;-34.8943806
1950;ARRUDA;RUA DA REGENERACAO 1122;-8.0208593;-34.8880278
1951;BOA VIAGEM;AV ENGENHEIRO DOMINGOS FERREIRA 1950;-8.1066328;-34.8902526
1952;PRADO;RUA JOAO IVO DA SILVA 37;-8.0619385;-34.9096128
1953;BAIRRO DO RECIFE;AV ALFREDO LISBOA;-8.0602893;-34.8702595
1954;IBURA;AV DOIS RIOS;-8.1135182;-34.9389911
1955;MADALENA;AV BEIRA RIO 1041;-8.0491849;-34.9045683
1956;JORDÃO;AV MARIA IRENE 184;-8.1404997;-34.9235013
1957;BOA VIAGEM;RUA BRUNO VELOSO;-8.1213541;-34.901408
1958;BOA VISTA;AV GOVERNADOR AGAMENON MAGALHAES;-8.0566549;-34.897732
1959;CAMPO GRANDE;AV GOVERNADOR AGAMENON MAGALHAES;-8.039691;-34.87921
1960;TORRE;RUA PADRE ANCHIETA 578;-8.0474474;-34.9085829
1961;AFOGADOS;RUA COSME VIANA;-8.0711974;-34.9094573
1962;MADALENA;RUA JOSE OSORIO;-8.0533233;-34.9067469
1963;IPSEP;RUA JEAN EMILE FAVRE;-8.1135168;-34.9223748
1964;IMBIRIBEIRA;RUA ARQUITETO LUIZ NUNES 956;-8.0936489;-34.9112892
1965;IBURA;AV DOIS RIOS XX;-8.1201552;-34.943583
1966;ESTÂNCIA;AV RECIFE;-8.0811812;-34.9333316
1967;ENCRUZILHADA;RUA FERNANDO CESAR 65;-8.0365253;-34.8939554
1968;CORDEIRO;EST DO FORTE DO ARRAIAL N DO B JESUS S/N;-8.0556497;-34.9301076
1969;TORRÕES;AV ENGENHEIRO ABDIAS DE CARVALHO 962;-8.0646419;-34.9374086
1970;DERBY;AV GOVERNADOR AGAMENON MAGALHAES XX;-8.0534268;-34.8961052
1971;CAXANGÁ;AV CAXANGA 2363;-8.046798;-34.9274066
1972;SAN MARTIN;AV ENGENHEIRO ABDIAS DE CARVALHO;-8.0605309;-34.9258107
1973;IBURA;AV DOIS RIOS;-8.1125184;-34.9383125
1974;DERBY;AV GOVERNADOR AGAMENON MAGALHAES;-8.0567452;-34.8990597
1975;TEJIPIÓ;RUA FALCAO DE LACERDA 181;-8.091482;-34.9593008
1976;GRAÇAS;RUA GUILHERME PINTO;-8.052828;-34.9022542
1977;VÁRZEA;RUA TAPIRAMA;-8.0372901;-34.9816462
1978;CAXANGÁ;AV CAXANGA;-8.0241354;-34.9620205
1979;SÃO JOSÉ;AV SUL;-8.07331;-34.8850304
1980;IBURA;AV DOIS RIOS XX;-8.1205747;-34.9438928
1981;SAN MARTIN;AV GENERAL SAN MARTIN;-8.0683214;-34.9280369
1982;TORRE;RUA SOUZA BANDEIRA 463;-8.0477222;-34.9174771
1983;VÁRZEA;RUA CONEGO JOSE FERNANDES MACHADO;-8.0369688;-34.9737793
1984;CASA AMARELA;RUA PAULA BATISTA;-8.0287342;-34.9171673
1985;CASA AMARELA;AV NORTE;-8.0208593;-34.9217016
1986;ROSARINHO;RUA DR JOSE MARIA;-8.035431;-34.8983341
1987;JAQUEIRA;RUA PADRE ROMA;-8.0339491;-34.9055412
1988;AFOGADOS;RUA SAO MIGUEL 1412;-8.0808838;-34.9193519
1989;ÁGUA FRIA;RUA SAO SEBASTIAO;-8.0067599;-34.901129
1990;IBURA;AV RECIFE;-8.1069554;-34.9272859
1991;CASA FORTE;AV DEZESSETE DE AGOSTO;-8.036666;-34.9141377
1992;SÃO JOSÉ;RUA DO PEIXOTO;-8.0712545;-34.8834103
1993;BOA VIAGEM;RUA ERNESTO DE PAULA SANTOS;-8.1251073;-34.8979318
1994;ROSARINHO;RUA DR JOSE MARIA 657;-8.0356302;-34.8974597
1995;BOA VIAGEM;AV ARMINDO MOURA S/N;-8.1501432;-34.9102861
1996;PINA;AV ENGENHEIRO DOMINGOS FERREIRA;-8.0895674;-34.8845342
1997;MANGUEIRA;RUA SAO MIGUEL;-8.0809933;-34.9208017
1998;IPUTINGA;AV CAXANGA;-8.0524137;-34.9174087
1999;BOA VISTA;AV GOVERNADOR AGAMENON MAGALHAES;-8.0515545;-34.894799
2000;TAMARINEIRA;RUA GUIMARAES PEIXOTO;-8.0274394;-34.9069601
2001;IMBIRIBEIRA;AV MARECHAL MASCARENHAS DE MORAES;-8.1392969;-34.9175549
2002;ILHA DO RETIRO;RUA SPORT CLUBE DO RECIFE;-8.0615295;-34.9025452
2003;SÃO JOSÉ;C SANTA RITA;-8.0720565;-34.8790169
2004;SANTO AMARO;AV CRUZ CABUGA;-8.0454621;-34.8754817
2005;ARRUDA;AV BEBERIBE;-8.0191422;-34.8939353
2006;SANTO AMARO;RUA AURORA 1443;-8.0524289;-34.8754958
2007;ESTÂNCIA;RUA SAO MIGUEL;-8.082663;-34.9242389
2008;TORRE;RUA CONDE DE IRAJA 811;-8.0464846;-34.9109741
2009;SANTO AMARO;AV CRUZ CABUGA;-8.0523088;-34.8804277
2010;AREIAS;AV DR JOSE RUFINO;-8.0917795;-34.936097
2011;IPSEP;RUA BLUMENAU;-8.1064323;-34.921318
2012;IPSEP;AV RECIFE;-8.1169821;-34.9232036
2013;BARRO;AV DR JOSE RUFINO;-8.0924566;-34.9471128
2014;CASA AMARELA;AV NORTE;-8.0259654;-34.9057156
2015;MADALENA;AV BEIRA RIO 855;-8.0513792;-34.9049941
2016;DERBY;RUA AMARO BEZERRA;-8.0551;-34.9006006
2017;BOA VIAGEM;RUA TENENTE JOAO CICERO 325;-8.1118944;-34.8967007
2018;VASCO DA GAMA;RUA VASCO DA GAMA;-8.0192551;-34.9212965
2019;IBURA;RUA DR BENIGNO JORDAO DE VASCONCELOS 250;-8.1256822;-34.9500498
2020;CASA AMARELA;AV PEDRO ALLAIN 125;-8.0223287;-34.9179626
2021;MUSTARDINHA;RUA VINTE E UM DE ABRIL 1468;-8.0749485;-34.920162
2022;BOA VIAGEM;RUA COSMORAMA;-8.1486962;-34.9140197
2023;ESTÂNCIA;AV TAPAJOS;-8.0923185;-34.9261916
2024;SANTO AMARO;RUA DA AURORA;-8.0568076;-34.8782605
2025;CASA FORTE;AV DEZESSETE DE AGOSTO;-8.0358214;-34.92017
2026;DERBY;RUA JENER DE SOUZA;-8.0570307;-34.9000695
2027;IMBIRIBEIRA;AV MARECHAL MASCARENHAS DE MORAES 2056;-8.1019499;-34.9106053
2028;SANTO AMARO;RUA TREZE DE MAIO 776;-8.0479931;-34.8805833
2029;ESPINHEIRO;RUA QUARENTA E OITO;-8.0423017;-34.8925325
2030;VÁRZEA;AV CAXANGA;-8.0313224;-34.9553928
2031;PINA;AV HERCULANO BANDEIRA;-8.0889832;-34.8850572
2032;ESPINHEIRO;AV JOAO DE BARROS;-8.0446867;-34.8901105
2033;PINA;AV HERCULANO BANDEIRA;-8.0845325;-34.8892629
2034;AFOGADOS;RUA SAO MIGUEL;-8.0806912;-34.9138266
2035;ARRUDA;EST VELHA DE AGUA FRIA;-8.023923;-34.8972613
2036;ENGENHO DO MEIO;AV CAXANGA;-8.0417201;-34.9371377
2037;TEJIPIÓ;AV DR JOSE RUFINO;-8.0915033;-34.9495992
2038;AFOGADOS;AV ENGENHEIRO ABDIAS DE CARVALHO;-8.062374;-34.9104309
2039;SANTO AMARO;AV NORTE 1624;-8.0361667;-34.8948888
2040;SANTO AMARO;RUA DA SAUDADE;-8.0593876;-34.8815529
2041;SÃO JOSÉ;AV ENGENHEIRO JOSE ESTELITA;-8.0719822;-34.8801059
2042;ILHA DO RETIRO;RUA SPORT CLUBE DO RECIFE;-8.061471;-34.9029744
2043;CASA FORTE;RUA LEONARDO BEZERRA CAVALCANTE;-8.0371467;-34.9093044
2044;MADALENA;RUA REAL DA TORRE 660;-8.0454834;-34.9098247
2045;SANTO AMARO;AV CRUZ CABUGA;-8.0443148;-34.8746932
2046;SAN MARTIN;RUA QUINZE DE MARCO;-8.0641321;-34.9310464
2047;ARRUDA;AV BEBERIBE 573;-8.0250703;-34.8935464
2048;IMBIRIBEIRA;AV MARECHAL MASCARENHAS DE MORAES 884;-8.0900852;-34.9081779
2049;IMBIRIBEIRA;AV MARECHAL MASCARENHAS DE MORAES;-8.0927142;-34.9087599
2050;CABANGA;AV ANTONIO DE GOES;-8.0786425;-34.8916072
2051;JORDÃO;AV MARIA IRENE;-8.1412086;-34.9327683
2052;BOA VIAGEM;AV ENGENHEIRO DOMINGOS FERREIRA;-8.1047859;-34.8894346
2053;NOVA DESCOBERTA;RUA NOVA DESCOBERTA;-8.0006934;-34.9226296
2054;BOA VIAGEM;RUA ANTONIO FALCAO 285;-8.1147994;-34.8973659
2055;ARRUDA;RUA PRUDENTE DE MORAES;-8.0285416;-34.8874725
2056;BEBERIBE;AV BEBERIBE;-8.0072353;-34.8905075
2057;ILHA DO RETIRO;RUA TABAIARES 1700;-8.0652262;-34.9077514
2058;IMBIRIBEIRA;AV GENERAL MAC ARTHUR 254;-8.1095285;-34.9088323
2059;DOIS UNIDOS;AV HILDEBRANDO DE VASCONCELOS;-8.002886;-34.9021845
2060;VÁRZEA;RUA MARECHAL MANOEL LUIS OSORIO;-8.041335;-34.945069
2061;CAMPO GRANDE;EST DE BELEM 1335;-8.0322944;-34.8801327
2062;TEJIPIÓ;AV DR JOSE RUFINO 3030;-8.0914874;-34.9496461
2063;CASA FORTE;AV DEZESSETE DE AGOSTO;-8.0326769;-34.9232036
2064;AFOGADOS;RUA SAO MIGUEL;-8.0806899;-34.9146768
2065;IMBIRIBEIRA;AV MARECHAL MASCARENHAS DE MORAES 5109;-8.1286893;-34.9157792
2066;BEBERIBE;PRC DA CONVENCAO;-8.0367988;-34.8910493
2067;AREIAS;RUA BARROS SOBRINHO 210;-8.0886858;-34.9342811
2068;ILHA DO LEITE;RUA DR JOAO ASFORA 285;-8.0636965;-34.8964271
2069;ILHA DO LEITE;AV FREI MATIAS TEVES 285;-8.0640072;-34.8961133
2070;CORDEIRO;RUA GOMES TABORDA 1645;-8.0547136;-34.9260856
2071;PARNAMIRIM;RUA MIZAEL MONTENEGRO 55;-8.0321497;-34.9088806
2072;PRADO;AV ENGENHEIRO ABDIAS DE CARVALHO;-8.0630074;-34.9330956
2073;BAIRRO DO RECIFE;AV ALFREDO LISBOA;-8.0627006;-34.8711661
2074;CAJUEIRO;AV SEBASTIAO SALAZAR 673;-8.0117984;-34.8831958
2075;BEBERIBE;AV BEBERIBE 433;-8.0334736;-34.8918164
2076;SANTO ANTÔNIO;RUA SIQUEIRA CAMPOS 244;-8.0627179;-34.8780714
2077;BOA VISTA;AV CONDE DA BOA VISTA;-8.0601937;-34.8853697
2078;SÃO JOSÉ;AV DANTAS BARRETO;-8.0659167;-34.8789471
2079;CORDEIRO;AV CAXANGA;-8.0368254;-34.9458548
2080;DERBY;AV GOVERNADOR AGAMENON MAGALHAES;-8.0485668;-34.8930448
2081;IPSEP;AV RECIFE;-8.115272;-34.9245715
2082;BOA VIAGEM;AV BOA VIAGEM 4988;-8.1330253;-34.9002117
2083;BOA VISTA;AV JOAO DE BARROS;-8.0492254;-34.889971
2084;TORRE;AV PROFESSOR ESTEVAO FRANCISCO DA COSTA;-8.0483995;-34.9192701
2085;IMBIRIBEIRA;AV MARECHAL MASCARENHAS DE MORAES 2716;-8.1161217;-34.9134779
2086;JORDÃO;AV MARIA IRENE;-8.1419149;-34.9183166
2087;JARDIM SÃO PAULO;AV LIBERDADE;-8.0821531;-34.9601161
2088;TEJIPIÓ;RUA FALCAO DE LACERDA;-8.0908421;-34.9569136
2089;APIPUCOS;RUA DE APIPUCOS 235;-8.0258512;-34.9299842
2090;ARRUDA;AV PROFESSOR JOSE DOS ANJOS;-8.0246666;-34.8828793
2091;BOA VISTA;RUA DO PRINCIPE;-8.0573627;-34.8850518
2092;AREIAS;AV CAPITAO GREGORIO DE CALDAS;-8.0968966;-34.9297214
2093;AFOGADOS;RUA VINTE E UM DE ABRIL;-8.0770146;-34.9092266
2094;CASA AMARELA;EST DO ARRAIAL;-8.0301219;-34.907003
2095;APIPUCOS;RUA 18 DE DEZEMBRO;-8.0208341;-34.9389991
2096;MACAXEIRA;AV NORTE;-8.0134478;-34.9314809
2097;AFOGADOS;AV SUL;-8.0790833;-34.9015689
2098;CAXANGÁ;AV CAXANGA;-8.0300077;-34.9578068
2099;AFOGADOS;EST DOS REMEDIOS 490;-8.0757133;-34.9073544
2100;IMBIRIBEIRA;RUA ARQUITETO LUIZ NUNES;-8.0941243;-34.9113858
2101;MANGABEIRA;RUA DA MANGABEIRA;-8.0248658;-34.905155
2102;PORTO DA MADEIRA;AV CIDADE DE MONTEIRO;-8.0077745;-34.8876321
2103;MADALENA;RUA JOSE OSORIO;-8.0533445;-34.906987
2104;PRADO;AV ENGENHEIRO ABDIAS DE CARVALHO;-8.0625333;-34.9160984
2105;BOA VIAGEM;AV DES JOSE NEVES;-8.1215864;-34.9098784
2106;SANTO AMARO;AV CRUZ CABUGA;-8.0504896;-34.879159
2107;IPSEP;RUA PROFESSOR JOSE VICENTE 505;-8.1075767;-34.9245179
2108;ENCRUZILHADA;AV JOAO DE BARROS;-8.0391439;-34.8921973
2109;CAXANGÁ;AV CAXANGA;-8.0321245;-34.9542636
2110;BOA VIAGEM;AV CONSELHEIRO AGUIAR;-8.1313392;-34.9013919
2111;MADALENA;EST DOS REMEDIOS;-8.0589322;-34.9072337
2112;JORDÃO;AV MARIA IRENE;-8.1411768;-34.9326664
2113;ENCRUZILHADA;AV BEBERIBE;-8.0062765;-34.8916876
2114;BOA VIAGEM;AV ENGENHEIRO DOMINGOS FERREIRA;-8.0987182;-34.8865861
2115;BOA VIAGEM;VIADUTO TANCREDO NEVES;-8.1231636;-34.9108171
2116;AFOGADOS;EST DOS REMEDIOS;-8.0796888;-34.9067187
2117;SANTO AMARO;AV JOAO DE BARROS;-8.0456109;-34.889971
2118;CORDEIRO;AV INACIO MONTEIRO 311;-8.0481365;-34.9313682
2119;BOA VIAGEM;RUA BRUNO VELOSO;-8.1213793;-34.9011773
2120;BOA VIAGEM;RUA BRUNO VELOSO;-8.1213687;-34.9011451
2121;DOIS UNIDOS;AV HILDEBRANDO DE VASCONCELOS 657;-8.0007146;-34.9037576
2122;IPUTINGA;RUA MINISTRO JOAO ALBERTO;-8.0294207;-34.944562
2123;SANTO AMARO;AV MILITAR;-8.0468219;-34.8743954
2124;BOA VIAGEM;AV CONSELHEIRO AGUIAR;-8.1217723;-34.8979211
2125;TORRE;RUA PADRE ANCHIETA;-8.0471778;-34.9066544
2126;BOMBA DO HEMETÉRIO;RUA BOMBA DO HEMETERIO;-8.0207889;-34.9038649
2127;AREIAS;AV DR JOSE RUFINO 1318;-8.0907385;-34.9350724
2128;SANTO AMARO;RUA DOS PALMARES;-8.0510446;-34.8858833
2129;SANTO AMARO;AV GOVERNADOR AGAMENON MAGALHAES 2997;-8.0486133;-34.8924695
2130;SÃO JOSÉ;RUA IMPERIAL;-8.0770757;-34.8978138
2131;CAMPO GRANDE;EST DE BELEM;-8.0322041;-34.8787862
2132;BONGI;RUA SANTA EDWIRGES;-8.0666178;-34.9128449
2133;CORDEIRO;RUA DIANOPOLIS;-8.0471353;-34.9187458
2134;BREJO DA GUABIRABA;AV VEREADOR OTACILIO AZEVEDO;-7.9953493;-34.9262023
2135;BONGI;AV CONSUL VILARES FRAGOSO;-8.0667081;-34.9243462
2136;VASCO DA GAMA;RUA VASCO DA GAMA 252;-8.015546;-34.918381
2137;IPUTINGA;RUA MAURICIO DE NASSAU;-8.0380842;-34.9317813
2138;ÁGUA FRIA;AV BEBERIBE;-8.0250597;-34.8935115
2139;SÃO JOSÉ;RUA IMPERIAL 684;-8.0737508;-34.8876375
2140;AREIAS;AV RECIFE 3042;-8.1039495;-34.9277043
2141;IPUTINGA;AV CAXANGA;-8.0394175;-34.9408257
2142;MADALENA;RUA JOSE OSORIO 464;-8.0538013;-34.9110478
2143;SÃO JOSÉ;AV DANTAS BARRETO;-8.0701179;-34.882375
2144;ESPINHEIRO;RUA QUARENTA E OITO;-8.0407906;-34.8945576
2145;GRAÇAS;RUA JOAQUIM NABUCO;-8.0527868;-34.902277
2146;SANTO AMARO;AV GOVERNADOR AGAMENON MAGALHAES;-8.0364429;-34.8725367
2147;VASCO DA GAMA;RUA LUIZ CESARIO DE MELO;-8.0190625;-34.9222273
2148;SÃO JOSÉ;C SANTA RITA;-8.069608;-34.8753208
2149;BOA VIAGEM;AV ENGENHEIRO DOMINGOS FERREIRA 80;-8.0908872;-34.8847729
2150;SANTO AMARO;RUA FREI CASSIMIRO;-8.0464182;-34.8805618
2151;ESPINHEIRO;AV CONS ROSA E SILVA;-8.0476133;-34.8969072
2152;TAMARINEIRA;AV NORTE;-8.0307965;-34.8987123
2153;BOA VIAGEM;RUA DHALIA;-8.1187572;-34.900272
2154;BOA VIAGEM;AV BOA VIAGEM 1416;-8.1034927;-34.8862106
2155;CAXANGÁ;AV CAXANGA;-8.0529196;-34.9164605
2156;ESTÂNCIA;RUA MORAIS E SILVA 237;-8.0836509;-34.930687
2157;BOA VIAGEM;AV ENGENHEIRO DOMINGOS FERREIRA;-8.1157818;-34.8955393
2158;APIPUCOS;RUA DE APIPUCOS 1083;-8.0210333;-34.9345386
2159;SANTO AMARO;AV GOVERNADOR AGAMENON MAGALHAES;-8.0397893;-34.8794246
2160;BOA VIAGEM;RUA FELIX DE BRITO E MELO 0;-8.1167882;-34.8977414
2161;MADALENA;RUA BENFICA 257;-8.0595961;-34.9019551
2162;CAMPO GRANDE;RUA ODORICO MENDES;-8.0343315;-34.8809454
2163;SAN MARTIN;RUA ARSENIO CALACA;-8.0645941;-34.9294209
2164;CAXANGÁ;AV CAXANGA;-8.0330965;-34.9523377
2165;ESPINHEIRO;RUA QUARENTA E OITO 213;-8.0434012;-34.8914355
2166;SANTO AMARO;AV ENGENHEIRO AGAMENON DE MAGALHAES MELO;-8.0437784;-34.8870367
2167;PINA;AV BOA VIAGEM;-8.0909722;-34.8819968
2168;PRADO;AV ENGENHEIRO ABDIAS DE CARVALHO;-8.0623873;-34.9159321
2169;SANTO AMARO;AV VISCONDE DE SUASSUNA 440;-8.0529913;-34.8856822
2170;CAJUEIRO;RUA MARIA CRISTINA TASSO DE SOUZA;-8.0138355;-34.8841479
2171;IMBIRIBEIRA;AV MARECHAL MASCARENHAS DE MORAES;-8.1310232;-34.9160528
2172;PARNAMIRIM;AV FLOR DE SANTANA 113;-8.0348069;-34.9133706
2173;CAMPO GRANDE;EST DE BELEM;-8.0319757;-34.8772332
2174;SÃO JOSÉ;RUA VIDAL DE NEGREIROS;-8.0692442;-34.8805591
2175;ESTÂNCIA;AV RECIFE 3856;-8.0994565;-34.9282193
2176;MACAXEIRA;AV NORTE;-8.0157479;-34.9311268
2177;ARRUDA;AV BEBERIBE 1772;-8.0266108;-34.8931843
2178;BOA VIAGEM;RUA ERNESTO DE PAULA SANTOS;-8.1251923;-34.8976099
2179;CASA AMARELA;AV NORTE;-8.0213945;-34.9173671
2180;AREIAS;AV RECIFE;-8.0798587;-34.9337983
2181;TEJIPIÓ;AV DR JOSE RUFINO;-8.0910386;-34.9576538
2182;BOA VIAGEM;AV BOA VIAGEM;-8.1377781;-34.9020517
2183;IBURA;AV RECIFE;-8.1068385;-34.927361
2184;SAN MARTIN;AV GENERAL SAN MARTIN 144;-8.0510606;-34.9214172
2185;ÁGUA FRIA;AV BEBERIBE 2672;-8.0152432;-34.8902929
2186;CAXANGÁ;AV CAXANGA;-8.0299201;-34.9579704
2187;DERBY;AV GOVERNADOR AGAMENON MAGALHAES;-8.0538172;-34.8963976
2188;SANTO ANTÔNIO;AV MARTINS DE BARROS;-8.0630432;-34.876399
2189;AREIAS;RUA JUPIATA;-8.1006195;-34.9377841
2190;TORRÕES;AV ENGENHEIRO ABDIAS DE CARVALHO;-8.0637018;-34.9347156
2191;CIDADE UNIVERSITÁRIA;RUA PROFESSOR ANTONIO COELHO 522;-8.0422964;-34.9453881
2192;CASA FORTE;AV DEZESSETE DE AGOSTO 1732;-8.03371;-34.9223976
2193;DERBY;AV GOVERNADOR AGAMENON MAGALHAES;-8.0506994;-34.8948205
2194;BOA VIAGEM;RUA BALTAZAR PASSOS;-8.1450002;-34.9053776
2195;BOA VIAGEM;AV ENGENHEIRO DOMINGOS FERREIRA;-8.1312675;-34.9022555
2196;BOA VIAGEM;RUA BARAO DE SOUZA LEAO 626;-8.1317641;-34.9054071
2197;IBURA;AV DOIS RIOS 127;-8.1100091;-34.9363893
2198;CORDEIRO;RUA MAURICIO DE NASSAU;-8.047215;-34.9188209
2199;ARRUDA;AV BEBERIBE;-8.0251978;-34.8935169
2200;CASA AMARELA;RUA CONS NABUCO 271;-8.0295695;-34.9163371
2201;TEJIPIÓ;RUA FALCAO DE LACERDA 299;-8.0917449;-34.9604219
2202;IPSEP;RUA JEAN EMILE FAVRE 422;-8.1069448;-34.9148324
2203;BEBERIBE;AV BEBERIBE;-8.005963;-34.8920739
2204;MADALENA;AV VISCONDE DE ALBUQUERQUE 836;-8.0508242;-34.9065498
2205;CABANGA;AV SUL;-8.0762046;-34.8928571
2206;NOVA DESCOBERTA;AV VEREADOR OTACILIO AZEVEDO;-7.9921831;-34.9286968
2207;MUSTARDINHA;AV MANOEL GONCALVES DA LUZ 65;-8.0654546;-34.9167663
2208;CASA FORTE;AV DEZESSETE DE AGOSTO;-8.0294473;-34.9257892
2209;CAJUEIRO;AV SEBASTIAO SALAZAR 450;-8.010303;-34.8851699
2210;MADALENA;AV CAXANGA 279;-8.0558303;-34.9115467
2211;JARDIM SÃO PAULO;AV RECIFE;-8.0795135;-34.9338949
2212;BOA VIAGEM;RUA BALTAZAR PASSOS;-8.1431469;-34.9090147
2213;IMBIRIBEIRA;AV MARECHAL MASCARENHAS DE MORAES;-8.1169396;-34.9134028
2214;DERBY;AV GOVERNADOR AGAMENON MAGALHAES;-8.056558;-34.8981947
2215;CORDEIRO;AV INACIO MONTEIRO;-8.048341;-34.9314755
2216;MADALENA;AV CAXANGA;-8.0528373;-34.916946
2217;CAMPO GRANDE;RUA PROFESSOR FRANCISCO DA TRINDADE 290;-8.0347166;-34.8781854
2218;IMBIRIBEIRA;RUA ITACARI;-8.1082459;-34.9149692
2219;AREIAS;AV RECIFE;-8.0973639;-34.9286807
2220;BOA VIAGEM;AV BOA VIAGEM;-8.0997326;-34.8844457
2221;IPUTINGA;RUA MAURICIO DE NASSAU 287;-8.0373539;-34.9336562
2222;CAXANGÁ;RUA JOSE OSORIO 927;-8.0540563;-34.9129817
2223;CAXANGÁ;AV CAXANGA;-8.0300635;-34.9580455
2224;ÁGUA FRIA;EST VELHA DE AGUA FRIA;-8.0238964;-34.8972881
2225;AFOGADOS;AV SUL;-8.079556;-34.9043691
2226;SAN MARTIN;RUA JOSE VELOSO;-8.0657255;-34.9272028
2227;HIPÓDROMO;EST DE BELEM 687;-8.0337605;-34.8856875
2228;ARRUDA;AV BEBERIBE;-8.0268764;-34.8931307
2229;BOA VISTA;RUA JOAO FERNANDES VIEIRA;-8.0567306;-34.8884127
2230;IPSEP;AV RECIFE;-8.1110978;-34.9265456
2231;ROSARINHO;AV NORTE;-8.0334843;-34.8964539
2232;IMBIRIBEIRA;AV MARECHAL MASCARENHAS DE MORAES;-8.0853637;-34.9071425
2233;SANTO ANTÔNIO;AV DANTAS BARRETO;-8.0659167;-34.8791295
2234;BOA VISTA;RUA GERVASIO PIRES;-8.0574371;-34.8849874
2235;ARRUDA;AV BEBERIBE;-8.0283265;-34.8928463
2236;BOA VIAGEM;RUA VISCONDE DE JEQUITINHONHA;-8.1301948;-34.9024513
2237;JARDIM SÃO PAULO;AV SAO PAULO;-8.0806521;-34.9403429
2238;MACAXEIRA;AV NORTE;-8.0168368;-34.9294907
2239;CAXANGÁ;AV CAXANGA;-8.03469;-34.9494946
2240;SANTO ANTÔNIO;AV GUARARAPES;-8.0638293;-34.8784697
2241;ESTÂNCIA;AV RECIFE;-8.0971143;-34.9285895
2242;SÃO JOSÉ;AV MARTINS DE BARROS;-8.06802;-34.8747253
2243;ILHA JOANA BEZERRA;AV BEIRA RIO;-8.0698099;-34.8944342
2244;JARDIM SÃO PAULO;AV PIRACICABA;-8.0779679;-34.9434167
2245;SANTO AMARO;AV GOVERNADOR AGAMENON MAGALHAES;-8.0420361;-34.8843437
2246;ESPINHEIRO;RUA CONS PORTELA;-8.0414572;-34.8938119
2247;ILHA DO RETIRO;RUA SPORT CLUBE DO RECIFE;-8.061803;-34.9014455
2248;CASA AMARELA;AV NORTE;-8.0274394;-34.9036127
2249;CAXANGÁ;AV CAXANGA;-8.0368147;-34.9456429
2250;TOTÓ;AV LIBERDADE;-8.0810405;-34.9685195
2251;SANTO ANTÔNIO;RUA PRINCESA IZABEL;-8.0581275;-34.8822087
2252;BOA VISTA;AV CONDE DA BOA VISTA;-8.0575459;-34.8899442
2253;VÁRZEA;AV CAXANGA;-8.0411066;-34.9380469
2254;PAISSANDU;AV GOVERNADOR AGAMENON MAGALHAES;-8.0623315;-34.8973363
2255;AFOGADOS;RUA SAO MIGUEL 1050;-8.080743;-34.9162433
2256;CORDEIRO;AV CAXANGA;-8.0521069;-34.9182522
2257;BAIRRO DO RECIFE;AV MILITAR;-8.0518307;-34.8715496
2258;BEBERIBE;AV BEBERIBE;-8.002635;-34.8974168
2259;CORDEIRO;AV CAXANGA;-8.0469919;-34.9270874
2260;DERBY;AV GOVERNADOR AGAMENON MAGALHAES;-8.0563296;-34.8982
2261;CASA AMARELA;EST DO ARRAIAL;-8.0272084;-34.9185446
2262;CASA AMARELA;AV NORTE;-8.0214423;-34.9169996
2263;CORDEIRO;AV CAXANGA;-8.047045;-34.9274254
2264;PRADO;AV ENGENHEIRO ABDIAS DE CARVALHO 1480;-8.0624271;-34.914642
2265;CAXANGÁ;AV CAXANGA;-8.0344351;-34.9498916
2266;AREIAS;AV DR JOSE RUFINO;-8.0870181;-34.9312663
2267;IPSEP;RUA JEAN EMILE FAVRE;-8.1147569;-34.9238178
2268;PARNAMIRIM;RUA DR JOSE DE GOES;-8.0361295;-34.9103343
2269;IMBIRIBEIRA;AV MARECHAL MASCARENHAS DE MORAES 1043;-8.0926372;-34.9087518
2270;BOA VIAGEM;AV BOA VIAGEM 6688;-8.1472677;-34.9061877
2271;AFOGADOS;RUA VINTE E UM DE ABRIL;-8.0764702;-34.9131882
2272;ARRUDA;RUA DAS MOCAS 839;-8.0214264;-34.886511
2273;CABANGA;AV SUL;-8.0778909;-34.8978218
2274;AREIAS;AV RECIFE 936;-8.094581;-34.9289918
2275;CASA FORTE;RUA NESTOR SILVA;-8.0396751;-34.9132821
2276;ARRUDA;AV PROFESSOR JOSE DOS ANJOS;-8.0279281;-34.8929161
2277;BOA VIAGEM;AV CONSELHEIRO AGUIAR;-8.1047726;-34.8893809
2278;IBURA;AV DOIS RIOS;-8.1105269;-34.936974
2279;BOA VIAGEM;AV BOA VIAGEM;-8.1510752;-34.9078774
2280;BOA VIAGEM;AV CONSELHEIRO AGUIAR;-8.0954759;-34.8846334
2281;MADALENA;AV ENGENHEIRO ABDIAS DE CARVALHO;-8.0617101;-34.9075931
2282;CAMPO GRANDE;EST DE BELEM;-8.0357152;-34.8885226
2283;IMBIRIBEIRA;RUA BARAO DE SOUZA LEAO;-8.1328182;-34.9143147
2284;BOA VIAGEM;RUA BARAO DE SOUZA LEAO;-8.1324624;-34.9154145
2285;CAMPO GRANDE;EST DE BELEM;-8.0368705;-34.8904699
2286;BOA VISTA;RUA DA AURORA 631;-8.0586301;-34.8793998
2287;DOIS IRMÃOS;RUA MANUEL DE MEDEIROS 314;-8.0193069;-34.9538827
2288;ENCRUZILHADA;AV NORTE;-8.0388465;-34.8911646
2289;AREIAS;AV RECIFE;-8.097826;-34.9284232
2290;JARDIM SÃO PAULO;AV RECIFE;-8.0826524;-34.9330902
2291;AREIAS;AV RECIFE;-8.096254;-34.9287826
2292;TORRE;AV BEIRA RIO;-8.0456427;-34.9043906
2293;TORRE;RUA JOSE DE HOLANDA;-8.0448726;-34.9098194
2294;CAMPO GRANDE;EST DE BELEM;-8.0318615;-34.8755085
2295;IPSEP;RUA JEAN EMILE FAVRE;-8.1071227;-34.9149799
2296;ÁGUA FRIA;RUA DAS MOCAS;-8.0260212;-34.8926908
2297;CORDEIRO;RUA CARLOS GOMES;-8.0579761;-34.9107528
2298;ARRUDA;RUA ZEFERINO AGRA 251;-8.0215007;-34.8921704
2299;CAXANGÁ;AV CAXANGA;-8.0389501;-34.9417055
2300;ILHA DO RETIRO;AV ENGENHEIRO ABDIAS DE CARVALHO;-8.0619172;-34.9013972
2301;AFOGADOS;AV SUL;-8.0779414;-34.8977333
2302;TEJIPIÓ;AV DR JOSE RUFINO;-8.090864;-34.9511582
2303;SANTO AMARO;RUA DR MARIO MELO FILHO;-8.0541944;-34.8811895
2304;PINA;AV HERCULANO BANDEIRA;-8.0887986;-34.8852731
2305;ILHA DO RETIRO;RUA JOAO ELISIO RAMOS;-8.0631123;-34.9048358
2306;IMBIRIBEIRA;AV MARECHAL MASCARENHAS DE MORAES;-8.1314375;-34.9161923
2307;BOA VIAGEM;AV ENGENHEIRO DOMINGOS FERREIRA;-8.1247196;-34.9002171
2308;BOA VISTA;RUA PRINCESA IZABEL;-8.0578433;-34.8830482
2309;CAMPO GRANDE;RUA PROFESSOR FRANCISCO DA TRINDADE;-8.0350194;-34.8792073
2310;BOA VIAGEM;RUA AZUL;-8.1328261;-34.9108211
2311;ÁGUA FRIA;RUA JULIO RAMOS;-8.0198408;-34.8943343
2312;COQUEIRAL;RUA DA CUSTODIA;-8.0878785;-34.9673045
2313;BAIRRO DO RECIFE;C SANTA RITA;-8.0714325;-34.8770025
2314;BOA VIAGEM;AV BOA VIAGEM;-8.1219369;-34.8960114
2315;JARDIM SÃO PAULO;AV LIBERDADE 678;-8.0851061;-34.9550843
2316;BONGI;RUA DONA MARIA AUGUSTA NOGUEIRA;-8.0643419;-34.9221709
2317;BOA VIAGEM;AV BOA VIAGEM 1756;-8.1050435;-34.8868757
2318;TORRE;AV BEIRA RIO;-8.0472309;-34.904184
2319;AREIAS;AV RECIFE 3078;-8.1038034;-34.9275783
2320;BOA VISTA;AV CONDE DA BOA VISTA;-8.0602069;-34.885186
2321;SAN MARTIN;AV GENERAL SAN MARTIN;-8.0613861;-34.9260521
2322;CAMPINA DO BARRETO;RUA DAS MOCAS;-8.0196655;-34.8855413
2323;CASA AMARELA;RUA BELA VISTA 152;-8.0268153;-34.9118257
2324;BOA VIAGEM;RUA DEZ DE JULHO;-8.1345706;-34.9144757
2325;MACAXEIRA;AV NORTE;-8.0161277;-34.9304911
2326;NOVA DESCOBERTA;RUA NOVA DESCOBERTA;-8.0184835;-34.9260333
2327;AFOGADOS;RUA VINTE E UM DE ABRIL XX;-8.0756469;-34.9158436
2328;TAMARINEIRA;AV NORTE;-8.0272509;-34.9039453
2329;SANTO ANTÔNIO;RUA FLORIANO PEIXOTO;-8.0664212;-34.8826352
2330;BOA VIAGEM;AV BOA VIAGEM;-8.1054206;-34.8870689
2331;SÃO JOSÉ;AV SUL;-8.0724336;-34.8808354
2332;BOA VIAGEM;AV CONSELHEIRO AGUIAR;-8.095537;-34.8846549
2333;PINA;AV ENGENHEIRO DOMINGOS FERREIRA;-8.1019048;-34.8881096
2334;BOA VIAGEM;AV BOA VIAGEM 1870;-8.1072581;-34.8879325
2335;SANTO AMARO;AV GOVERNADOR AGAMENON MAGALHAES;-8.0433003;-34.8869348
2336;SANTO AMARO;AV CRUZ CABUGA;-8.045409;-34.8754723
2337;BAIRRO DO RECIFE;CAIS DO APOLO;-8.0519104;-34.871791
2338;IPUTINGA;RUA LEAL DE BARROS X;-8.0331523;-34.9306762
2339;BOA VIAGEM;RUA TOME GIBSON;-8.0988138;-34.8867229
2340;BOA VISTA;RUA DR JOSE MARIANO 817;-8.065444;-34.8868811
2341;PINA;RUA MANGUITO;-8.0863861;-34.8936939
2342;SANTO AMARO;AV CRUZ CABUGA;-8.0446415;-34.8749802
2343;BOA VISTA;RUA JOAO FERNANDES VIEIRA 288;-8.0539155;-34.8916447
2344;IPUTINGA;RUA GASPAR PEREZ;-8.0482401;-34.9434918
2345;FUNDÃO;AV BEBERIBE 2741;-8.0147598;-34.8900005
2346;IMBIRIBEIRA;AV MARECHAL MASCARENHAS DE MORAES;-8.1334289;-34.9165678
2347;CAMPO GRANDE;RUA ODORICO MENDES 528;-8.0369635;-34.8799825
2348;ILHA DO RETIRO;RUA JOAO ELISIO RAMOS;-8.0619863;-34.904986
2349;BOMBA DO HEMETÉRIO;RUA ARLINDO CISNEIRO 227;-8.0201462;-34.9066114
2350;ESTÂNCIA;AV TAPAJOS 135;-8.09149;-34.9278653
2351;CAXANGÁ;AV CAXANGA 5735;-8.0322041;-34.9541938
2352;BAIRRO DO RECIFE;AV ALFREDO LISBOA;-8.0540934;-34.8708925
2353;CAXANGÁ;RUA RIBEIRO PESSOA;-8.0256812;-34.9567151
2354;SAN MARTIN;RUA JOSE VELOSO;-8.065768;-34.9271733
2355;AFOGADOS;RUA SAO MIGUEL;-8.0802836;-34.9086714
2356;IPSEP;AV RECIFE;-8.1071147;-34.9270821
2357;ENCRUZILHADA;AV BEBERIBE 247;-8.034621;-34.8915482
2358;ENCRUZILHADA;AV BEBERIBE 247;-8.0348387;-34.8915213
2359;PINA;AV ANTONIO DE GOES;-8.0860568;-34.885937
2360;CORDEIRO;AV INACIO MONTEIRO;-8.0486969;-34.9316767
2361;PAISSANDU;AV GOVERNADOR AGAMENON MAGALHAES;-8.062119;-34.8974302
2362;HIPÓDROMO;EST DE BELEM 672;-8.0338747;-34.885831
2363;BOMBA DO HEMETÉRIO;RUA CHA DE ALEGRIA;-8.0205074;-34.9034974
2364;IMBIRIBEIRA;AV MARECHAL MASCARENHAS DE MORAES;-8.1051072;-34.9112248
2365;IBURA;AV SANTA FE;-8.1195843;-34.9544621
2366;BARRO;AV DR JOSE RUFINO;-8.0929054;-34.9423009
2367;CORDEIRO;AV CAXANGA;-8.0509012;-34.9328542
2368;APIPUCOS;RUA DE APIPUCOS 1820;-8.0206933;-34.9360782
2369;TORRE;RUA REAL DA TORRE;-8.0410163;-34.9086767
2370;IMBIRIBEIRA;AV MARECHAL MASCARENHAS DE MORAES;-8.0904066;-34.9082261
2371;TORRE;PRC PROFESSOR BARRETO CAMPELLO;-8.0471566;-34.9137676
2372;IBURA;AV DOIS RIOS 645;-8.111119;-34.9374139
2373;IPUTINGA;AV CAXANGA;-8.0434411;-34.9339056
2374;BARRO;AV DR JOSE RUFINO;-8.0917556;-34.948926
2375;NÃO INFORMADO;AV GOVERNADOR AGAMENON MAGALHAES;-8.0509543;-34.8948741
2376;DOIS UNIDOS;AV HILDEBRANDO DE VASCONCELOS;-7.9956892;-34.9093902
2377;BOA VIAGEM;RUA BARAO DE SOUZA LEAO 545;-8.1317136;-34.904986
2378;SANTO ANTÔNIO;AV GUARARAPES;-8.063014;-34.8800495
2379;CAJUEIRO;AV CIDADE DE MONTEIRO;-8.0075779;-34.8874927
2380;TOTÓ;AV LIBERDADE;-8.0821425;-34.9604273
2381;BOA VIAGEM;RUA ERNESTO DE PAULA SANTOS;-8.1246798;-34.900201
2382;CAXANGÁ;AV CAXANGA;-8.0300475;-34.9577558
2383;DERBY;RUA DA BAIXA VERDE;-8.0553151;-34.9003954
2384;DERBY;AV GOVERNADOR AGAMENON MAGALHAES;-8.0557559;-34.8981705
2385;BEBERIBE;AV BEBERIBE 1692;-8.0223799;-34.8940359
2386;ÁGUA FRIA;RUA BELO JARDIM;-8.0173096;-34.8949599
2387;BARRO;AV DR JOSE RUFINO 2021;-8.0930355;-34.9405843
2388;BONGI;TRV ESTRADA DO BONGI;-8.0668143;-34.9127591
2389;BOA VIAGEM;RUA DEZ DE JULHO;-8.135099;-34.9123541
2390;ILHA DO RETIRO;RUA TABAIARES 360;-8.0649686;-34.9050719
2391;BOA VIAGEM;AV CONSELHEIRO AGUIAR;-8.0934338;-34.8835552
2392;TEJIPIÓ;AV DR JOSE RUFINO 3306;-8.0905845;-34.951808
2393;IPUTINGA;AV CAXANGA;-8.0434862;-34.9338251
2394;MACAXEIRA;AV NORTE;-8.0139258;-34.9314621
2395;IMBIRIBEIRA;RUA ANTONIO FALCAO;-8.1149215;-34.8971272
2396;SANTO AMARO;PTE AGAMENON MAGALHAES;-8.039938;-34.8788023
2397;ÁGUA FRIA;RUA DAS MOCAS;-8.0218566;-34.8866236
2398;NOVA DESCOBERTA;AV VEREADOR OTACILIO AZEVEDO;-7.9987132;-34.9242255
2399;NOVA DESCOBERTA;RUA NOVA DESCOBERTA 1654;-8.0065022;-34.9241906
2400;SÃO JOSÉ;RUA IMPERIAL;-8.0745475;-34.8901749
2401;CASA AMARELA;AV NORTE;-8.0205924;-34.9239975
2402;VÁRZEA;AV JOAQUIM RIBEIRO;-8.030005;-34.9579972
2403;VÁRZEA;RUA GENERAL POLIDORO 422;-8.0372344;-34.9456027
2404;MANGABEIRA;AV PROFESSOR JOSE DOS ANJOS;-8.0262814;-34.9050772
2405;PINA;VIA MANGUE;-8.0830029;-34.8906255
2406;CORDEIRO;RUA DR MIGUEL VIEIRA FERREIRA 1601;-8.0511987;-34.933058
2407;IMBIRIBEIRA;AV MARECHAL MASCARENHAS DE MORAES 1920;-8.099244;-34.9100125
2408;MADALENA;AV VISCONDE DE ALBUQUERQUE;-8.0540748;-34.9068072
2409;CAMPO GRANDE;EST DE BELEM;-8.0322732;-34.8828202
2410;ALTO JOSÉ BONIFÁCIO;RUA CORREGO DO EUCLIDES;-8.0099099;-34.9138293
2411;VÁRZEA;AV AFONSO OLINDENSE 708;-8.0371122;-34.9565005
2412;SANTO AMARO;AV GOVERNADOR AGAMENON MAGALHAES;-8.0414359;-34.8820746
2413;BAIRRO DO RECIFE;AV ALFREDO LISBOA;-8.0596479;-34.8700409
2414;JOANA BEZERRA;RUA IMPERIAL;-8.0755035;-34.8930341
2415;BOMBA DO HEMETÉRIO;RUA BOMBA DO HEMETERIO;-8.0234077;-34.8983556
2416;VÁRZEA;AV CAXANGA;-8.0350725;-34.9487758
2417;BOA VIAGEM;AV ARMINDO MOURA;-8.1503105;-34.909814
2418;ILHA DO LEITE;AV FREI MATIAS TEVES 280;-8.0640258;-34.8961052
2419;CASA FORTE;RUA PADRE ROMA 558;-8.0325335;-34.9079633
2420;IMBIRIBEIRA;RUA CORONEL FABRICIANO;-8.1200622;-34.9126732
2421;CAMPO GRANDE;EST DE BELEM;-8.0356037;-34.8883295
2422;IMBIRIBEIRA;AV MARECHAL MASCARENHAS DE MORAES;-8.0891425;-34.9079633
2423;IMBIRIBEIRA;AV MARECHAL MASCARENHAS DE MORAES;-8.0984421;-34.9101841
2424;BOA VIAGEM;AV BOA VIAGEM 704;-8.0979555;-34.8836578
2425;TAMARINEIRA;RUA CONEGO BARATA;-8.0273624;-34.898361
2426;DOIS UNIDOS;AV HILDEBRANDO DE VASCONCELOS;-7.9933279;-34.912177
2427;IMBIRIBEIRA;AV MARECHAL MASCARENHAS DE MORAES 4651;-8.1251179;-34.9148619
2428;DERBY;AV GOVERNADOR AGAMENON MAGALHAES;-8.0566987;-34.898082
2429;CABANGA;AV ENGENHEIRO JOSE ESTELITA;-8.0786584;-34.8915562
2430;TORRE;RUA DOM MANOEL DA COSTA;-8.0479055;-34.9123728
2431;DOIS IRMÃOS;RUA MANUEL DE MEDEIROS;-8.0142499;-34.9489743
2432;TORRE;AV BEIRA RIO;-8.0438926;-34.9048868
2433;ESPINHEIRO;RUA BARAO DE ITAMARACA 83;-8.0429683;-34.8940855
2434;CASA FORTE;EST DAS UBAIAS- 486;-8.03239;-34.9196175
2435;ESTÂNCIA;AV RECIFE;-8.0925416;-34.9292064
2436;SÃO JOSÉ;C SANTA RITA;-8.0713156;-34.8767263
2437;ESTÂNCIA;AV RECIFE;-8.0912988;-34.9294746
2438;JARDIM SÃO PAULO;RUA LORENA 104;-8.0826949;-34.9441302
2439;CAMPO GRANDE;EST DE BELEM;-8.0322812;-34.8801099
2440;BAIRRO DO RECIFE;AV MILITAR;-8.0510845;-34.8724186
2441;CASA AMARELA;AV NORTE;-8.0220904;-34.9153528
2442;PASSARINHO;EST DE PASSARINHO;-7.9785967;-34.9186411
2443;SANTO AMARO;RUA VINTE E QUATRO DE AGOSTO;-8.0493555;-34.8764098
2444;SANTO ANTÔNIO;RUA DO SOL;-8.0628706;-34.8800361
2445;MADALENA;RUA BENFICA 870;-8.0581514;-34.9067536
2446;TORRE;RUA JORNALISTA LUIZ TEIXEIRA;-8.0451541;-34.9143523
2447;AFOGADOS;RUA SAO MIGUEL;-8.0803234;-34.9099696
2448;CORDEIRO;RUA ODETE MONTEIRO X;-8.0459721;-34.9208272
2449;SANTO AMARO;AV VISCONDE DE SUASSUNA 747;-8.0512518;-34.8882169
2450;BOA VIAGEM;AV CONSELHEIRO AGUIAR;-8.1237531;-34.8986936
2451;IPSEP;AV RECIFE Nº 2867;-8.0897506;-34.9296811
2452;ESTÂNCIA;AV RECIFE;-8.088962;-34.9298072
2453;CAXANGÁ;AV CAXANGA;-8.0529993;-34.9166697
2454;SANTO AMARO;AV GOVERNADOR AGAMENON MAGALHAES;-8.0434437;-34.8862749
2455;IMBIRIBEIRA;AV MARECHAL MASCARENHAS DE MORAES;-8.1282087;-34.9155807
2456;DERBY;AV GOVERNADOR AGAMENON MAGALHAES;-8.0564146;-34.898082
2457;IMBIRIBEIRA;RUA ARQUITETO LUIZ NUNES;-8.0909908;-34.9106777
2458;CAXANGÁ;AV CAXANGA;-8.0394387;-34.9407828
2459;AFOGADOS;EST DOS REMEDIOS;-8.078754;-34.9068421
2460;SOLEDADE;AV JOAO DE BARROS;-8.0514058;-34.8900193
2461;IMBIRIBEIRA;AV MARECHAL MASCARENHAS DE MORAES;-8.1043903;-34.9108842
2462;BONGI;AV ENGENHEIRO ABDIAS DE CARVALHO;-8.0622492;-34.9098811
2463;IMBIRIBEIRA;AV MARECHAL MASCARENHAS DE MORAES;-8.1435239;-34.9181128
2464;ENGENHO DO MEIO;RUA MAURICEIA 204;-8.0464475;-34.9410295
2465;PRADO;AV ENGENHEIRO ABDIAS DE CARVALHO;-8.0624112;-34.9167448
2466;BOA VIAGEM;RUA FELIX DE BRITO E MELO;-8.115426;-34.9003565
2467;CAXANGÁ;AV CAXANGA;-8.05169;-34.9190059
2468;IMBIRIBEIRA;AV MARECHAL MASCARENHAS DE MORAES;-8.0991219;-34.9100447
2469;IMBIRIBEIRA;;-8.1337741;-34.9164391
2470;TAMARINEIRA;AV PROFESSOR JOSE DOS ANJOS;-8.0260942;-34.9041787
2471;IMBIRIBEIRA;RUA ANTONIO PAES BARRETO;-8.1140293;-34.9068314
2472;ARRUDA;RUA MEM DE SA;-8.0297182;-34.8899657
2473;TAMARINEIRA;AV NORTE;-8.0307885;-34.8987499
2474;DERBY;PRC DO DERBY;-8.0567439;-34.8988223
2475;BOA VIAGEM;AV DES JOSE NEVES;-8.1254153;-34.9096692
2476;CABANGA;RUA NOVA DA CABANGA;-8.0769296;-34.8939273
2477;BOA VISTA;AV GOVERNADOR CARLOS DE LIMA CAVALCANTI;-8.056295;-34.8962756
2478;SANTO AMARO;AV GOVERNADOR AGAMENON MAGALHAES 1234;-8.0373672;-34.8732984
2479;SAN MARTIN;AV CONSUL VILARES FRAGOSO;-8.0653696;-34.9270579
2480;JARDIM SÃO PAULO;RUA LEOBINA PEREIRA;-8.0823098;-34.9408203
2481;SAN MARTIN;AV JOAO CABRAL DE MELO NETO;-8.0794046;-34.9335033
2482;BOA VISTA;AV JOAO DE BARROS;-8.0514483;-34.8900354
2483;DOIS UNIDOS;AV HILDEBRANDO DE VASCONCELOS 224;-7.9974742;-34.9085829
2484;CASA FORTE;EST DO ENCANAMENTO;-8.0309001;-34.9173376
2485;ALTO DO MANDU;AV NORTE;-8.0206853;-34.9232787
2486;SANTO AMARO;RUA TREZE DE MAIO;-8.0505613;-34.8823965
2487;PINA;AV ENGENHEIRO DOMINGOS FERREIRA;-8.0890456;-34.8850586
2488;CASA FORTE;AV DEZESSETE DE AGOSTO;-8.0364721;-34.9139526
2489;ENCRUZILHADA;EST DE BELEM;-8.0321245;-34.8814631
2490;BOA VIAGEM;AV VINTE DE JANEIRO;-8.1434443;-34.9155164
2491;CAMPO GRANDE;RUA MARQUES DE BAIPENDI;-8.027142;-34.8857465
2492;CORDEIRO;RUA N S DA SAUDE 408;-8.0420999;-34.9279296
2493;SÃO JOSÉ;AV SUL;-8.0733153;-34.8849392
2494;BARRO;AV CENTRAL;-8.0889301;-34.9454981
2495;IMBIRIBEIRA;RUA ARQUITETO LUIZ NUNES 476;-8.0975711;-34.912169
2496;SAN MARTIN;AV GENERAL SAN MARTIN;-8.0616198;-34.9261594
2497;SANTO AMARO;AV GOVERNADOR AGAMENON MAGALHAES;-8.0434968;-34.8873532
2498;ROSARINHO;RUA AMARO COUTINHO 210;-8.0350725;-34.893423
2499;IPSEP;RUA JEAN EMILE FAVRE 1676;-8.1078529;-34.9159133
2500;MADALENA;RUA BENFICA 286;-8.0591712;-34.9021214
2501;MADALENA;RUA BENFICA;-8.0581408;-34.9070191
2502;BOA VIAGEM;AV ENGENHEIRO DOMINGOS FERREIRA;-8.1109278;-34.8925191
2503;ILHA DO RETIRO;RUA SPORT CLUBE DO RECIFE;-8.0614604;-34.902969
2504;PAISSANDU;AV GOVERNADOR AGAMENON MAGALHAES;-8.0620606;-34.8972774
2505;IMBIRIBEIRA;RUA DUQUE ESTRADA;-8.1116408;-34.9043061
2506;ESTÂNCIA;AV RECIFE;-8.0889938;-34.9297643
2507;TORRE;AV BEIRA RIO;-8.0530657;-34.9047527
2508;SANTO AMARO;RUA DO HOSPICIO;-8.0567757;-34.8827612
2509;PRADO;RUA GOMES TABORDA 354;-8.0583134;-34.9137434
2510;IPUTINGA;RUA MAURICIO DE NASSAU;-8.1154606;-34.9577048
2511;CAXANGÁ;AV INACIO MONTEIRO;-8.0457171;-34.9299788
2512;CORDEIRO;RUA GOMES TABORDA 1709;-8.0544679;-34.9268326
2513;BOA VIAGEM;AV ENGENHEIRO DOMINGOS FERREIRA 1653;-8.1051285;-34.8895687
2514;SANTO AMARO;AV NORTE;-8.0414784;-34.8855722
2515;ARRUDA;RUA MARQUES DE BAIPENDI;-8.0296545;-34.8898369
2516;ESTÂNCIA;AV RECIFE 512;-8.0824612;-34.9329185
2517;CAMPO GRANDE;AV ENGENHEIRO AGAMENON DE MAGALHAES MELO;-8.0394387;-34.8787862
2518;BOA VIAGEM;RUA RIBEIRO DE BRITO;-8.1232699;-34.9016762
2519;BOA VIAGEM;RUA RIBEIRO DE BRITO;-8.1230149;-34.9081242
2520;BREJO DE BEBERIBE;AV CHAGAS FERREIRA;-8.0013043;-34.9192071
2521;TORRE;PRC PROFESSOR BARRETO CAMPELLO;-8.0467741;-34.9133867
2522;AFOGADOS;RUA JOAO IVO DA SILVA;-8.061811;-34.9096102
2523;PRADO;AV ENGENHEIRO ABDIAS DE CARVALHO;-8.0620978;-34.9095726
2524;ILHA JOANA BEZERRA;AV GOVERNADOR AGAMENON MAGALHAES;-8.0673295;-34.8968321
2525;AFLITOS;AV CONS ROSA E SILVA 123;-8.0500885;-34.8966336
2526;BOA VIAGEM;RUA DOS NAVEGANTES 3056;-8.1166714;-34.8937824
2527;FUNDÃO;AV BEBERIBE 2530;-8.0161542;-34.8911941
2528;VÁRZEA;RUA GASTAO VIDIGAL;-8.0315289;-34.9587046
2529;PINA;AV ANTONIO DE GOES;-8.084182;-34.8879862
2530;BOA VIAGEM;RUA COSMORAMA;-8.1420902;-34.9114984
2531;CASA AMARELA;EST VELHA DE AGUA FRIA;-8.0249721;-34.8974356
2532;SANTO AMARO;RUA TREZE DE MAIO;-8.0480091;-34.8806208
2533;APIPUCOS;RUA DOIS IRMAOS 165;-8.0208633;-34.9379772
2534;CASA AMARELA;AV NORTE;-8.0255643;-34.9064934
2535;TORRE;AV BEIRA RIO;-8.0666974;-34.8969434
2536;IBURA;AV DOM HELDER CAMARA;-8.1078317;-34.9315828
2537;PINA;RUA BRUNO VELOSO;-8.1216023;-34.8991549
2538;BOA VISTA;RUA DOM BOSCO;-8.0559153;-34.8951316
2539;VÁRZEA;AV CAXANGA;-8.030005;-34.9578255
2540;VÁRZEA;AV CAXANGA;-8.0316331;-34.9548
2541;BONGI;RUA DONA MARIA AUGUSTA NOGUEIRA;-8.0641108;-34.9220985
2542;ILHA JOANA BEZERRA;RUA DES GUERRA BARRETO;-8.0715095;-34.892031
2543;DERBY;AV GOVERNADOR AGAMENON MAGALHAES;-8.0588552;-34.8976099
2544;JORDÃO;AV MARIA IRENE;-8.1411555;-34.9325752
2545;BOA VIAGEM;AV VINTE DE JANEIRO 1330;-8.1441293;-34.9156639
2546;JARDIM SÃO PAULO;AV DR JOSE RUFINO;-8.0909536;-34.9509966
2547;ENGENHO DO MEIO;AV PROFESSOR LUIZ FREIRE;-8.0583692;-34.9501169
2548;PINA;AV ANTONIO DE GOES 917;-8.0866131;-34.8856299
2549;BOA VIAGEM;AV CONSELHEIRO AGUIAR;-8.1268412;-34.8998529
2550;SANTO AMARO;AV CRUZ CABUGA 165;-8.0525186;-34.8806021
2551;BOA VIAGEM;RUA PROFESSOR JOSE BRANDAO 299;-8.1118785;-34.8946434
2552;BOA VIAGEM;AV ENGENHEIRO DOMINGOS FERREIRA;-8.112537;-34.8936456
2553;IBURA;RUA EXP FRANCISCO VITORIANO 78;-8.1339785;-34.9494973
2554;TEJIPIÓ;AV DR JOSE RUFINO;-8.0905871;-34.9560446
2555;FUNDÃO;AV BEBERIBE 2431;-8.0168767;-34.8918365
2556;MADALENA;AV JOSE GONCALVES DE MEDEIROS;-8.0599201;-34.9060589
2557;BAIRRO DO RECIFE;RUA MADRE DEUS;-8.0637709;-34.873631
2558;ÁGUA FRIA;RUA SAO SEBASTIAO 250;-8.0221103;-34.8979466
2559;SAN MARTIN;AV GENERAL SAN MARTIN;-8.0649234;-34.9271491
2560;AREIAS;AV DR JOSE RUFINO;-8.0886592;-34.9329829
2561;BOA VIAGEM;RUA BALTAZAR PASSOS;-8.1431363;-34.9089825
2562;IPSEP;AV RECIFE;-8.1081503;-34.926948
2563;ÁGUA FRIA;EST VELHA DE AGUA FRIA;-8.0238486;-34.897221
2564;MACAXEIRA;AV NORTE;-8.0197757;-34.9266033
2565;ILHA DO LEITE;RUA ESTADO DE ISRAEL 262;-8.0639462;-34.8946327
2566;SANTO AMARO;AV ENGENHEIRO AGAMENON DE MAGALHAES MELO 1268;-8.060592;-34.8979104
2567;ILHA DO RETIRO;RUA TABAIARES 110;-8.0652342;-34.9077474
2568;APIPUCOS;AV DEZESSETE DE AGOSTO 600;-8.0366727;-34.9141377
2569;CORDEIRO;AV CAXANGA;-8.0505241;-34.9211222
2570;CORDEIRO;AV CAXANGA;-8.0504179;-34.9213046
2571;PRADO;AV ENGENHEIRO ABDIAS DE CARVALHO;-8.0623899;-34.9169487
2572;MADALENA;RUA JOSE OSORIO;-8.0535676;-34.9090147
2573;SANTO AMARO;AV DR JAYME DA FONTE;-8.0406949;-34.8784536
2574;CAMPO GRANDE;EST DE BELEM;-8.0321404;-34.8813343
2575;BEBERIBE;AV BEBERIBE 4024;-8.0052751;-34.8932889
2576;SÃO JOSÉ;RUA IMPERIAL 1638;-8.0764675;-34.896065
2577;CAMPO GRANDE;RUA PADRE CAPISTRANO 138;-8.0328814;-34.8840675
2578;IBURA;RUA EXP FRANCISCO VITORIANO;-8.1333572;-34.9487329
2579;TORRE;AV BEIRA RIO;-8.0572405;-34.9027786
2580;IPSEP;RUA ITACARI;-8.1079591;-34.9159375
2581;PAISSANDU;AV GOVERNADOR AGAMENON MAGALHAES;-8.0620673;-34.8972465
2582;AFOGADOS;RUA SAO MIGUEL;-8.0803474;-34.9110639
2583;SANTO AMARO;RUA ALVARES DE AZEVEDO;-8.0495919;-34.8887748
2584;BOA VISTA;RUA GERVASIO PIRES;-8.0595244;-34.8864278
2585;ÁGUA FRIA;AV BEBERIBE 1701;-8.0223387;-34.8940627
2586;PORTO DA MADEIRA;AV BEBERIBE 3586;-8.0078422;-34.890022
2587;ENCRUZILHADA;AV BEBERIBE;-8.0345679;-34.891575
2588;BEBERIBE;AV BEBERIBE;-8.0168461;-34.8918284
2589;CASA AMARELA;RUA CECILIA REIS 152;-8.022672;-34.908957
2590;PORTO DA MADEIRA;AV BEBERIBE 3910;-8.0053003;-34.8932688
2591;IBURA;AV ENGENHO SERRA VERDE 830;-8.1135991;-34.9516524
2592;SANTO AMARO;AV DR JAYME DA FONTE 38;-8.0405409;-34.8785341
2593;HIPÓDROMO;RUA RETIRO SAUDOSO;-8.0347113;-34.8891288
2594;VÁRZEA;RUA GENERAL POLIDORO 220;-8.0389806;-34.9461257
2595;PINA;AV ANTONIO DE GOES;-8.0892195;-34.8831367
2596;ENGENHO DO MEIO;RUA ANTONIO CURADO;-8.0557453;-34.9418235
2597;TEJIPIÓ;AV LIBERDADE;-8.081537;-34.9647188
2598;BOA VIAGEM;RUA ANTONIO PAES BARRETO 240;-8.1140904;-34.9067509
2599;IMBIRIBEIRA;RUA CORONEL FABRICIANO;-8.1200676;-34.912684
2600;CAMPO GRANDE;RUA JERONIMO VILELA 449;-8.0317672;-34.8814309
2601;IMBIRIBEIRA;AV MARECHAL MASCARENHAS DE MORAES;-8.087443;-34.9075878
2602;TEJIPIÓ;AV DR JOSE RUFINO;-8.0908115;-34.9512018
2603;TAMARINEIRA;RUA PADRE ROMA;-8.0338534;-34.9053401
2604;SANTO AMARO;AV CRUZ CABUGA;-8.0508215;-34.8793173
2605;TORRE;RUA MARQUES DE MARICA;-8.0475682;-34.9171123
2606;TORRE;RUA MARQUES DE MARICA 103;-8.0475735;-34.9148163
2607;NOVA DESCOBERTA;AV DA RECUPERACAO 100;-8.0065766;-34.9377197
2608;BOA VIAGEM;RUA MARQUES DE VALENCA 470;-8.1285751;-34.907164
2609;BOA VIAGEM;RUA PADRE CARAPUCEIRO 22;-8.1173565;-34.9012068
2610;CÓRREGO DO JENIPAPO;AV DA RECUPERACAO;-8.0179709;-34.9416706
2611;NOVA DESCOBERTA;AV VEREADOR OTACILIO AZEVEDO;-7.993893;-34.9354606
2612;ARRUDA;AV BEBERIBE;-8.0231952;-34.8939085
2613;ESTÂNCIA;AV RECIFE;-8.0905871;-34.929437
2614;BOA VISTA;RUA DOM BOSCO;-8.0538916;-34.8961656
2615;CORDEIRO;AV INACIO MONTEIRO 413;-8.0489041;-34.9317759
2616;IMBIRIBEIRA;AV MARECHAL MASCARENHAS DE MORAES;-8.1048868;-34.9112195
2617;IMBIRIBEIRA;AV MARECHAL MASCARENHAS DE MORAES;-8.0951865;-34.9095029
2618;PAISSANDU;AV GOVERNADOR AGAMENON MAGALHAES;-8.0630114;-34.8977065
2619;TEJIPIÓ;AV DR JOSE RUFINO;-8.0906562;-34.956404
2620;AFOGADOS;EST DOS REMEDIOS 65;-8.0796303;-34.9067134
2621;CAXANGÁ;RUA SAO MATEUS 3489;-8.0418217;-34.9371242
2622;NOVA DESCOBERTA;RUA ALTO DO RESERVATORIO;-7.9981209;-34.9376982
2623;IPUTINGA;AV GENERAL SAN MARTIN;-8.058571;-34.9251938
2624;CAXANGÁ;AV CAXANGA;-8.0468644;-34.9273047
2625;CASA AMARELA;AV NORTE;-8.020858;-34.9216962
2626;AFOGADOS;RUA SAO MIGUEL;-8.080512;-34.9129549
2627;BOA VISTA;RUA DOM BOSCO;-8.0578301;-34.8946837
2628;APIPUCOS;RUA DE APIPUCOS;-8.0276041;-34.9290159
2629;BOA VIAGEM;AV ENGENHEIRO DOMINGOS FERREIRA 2775;-8.1139868;-34.8946273
2630;SANTO AMARO;RUA PRINCESA IZABEL;-8.059454;-34.8801354
2631;ENCRUZILHADA;AV NORTE 2608;-8.0378187;-34.8933077
2632;PASSARINHO;RUA PEREIRA BARRETO;-7.9779552;-34.9247244
2633;PASSARINHO;RUA GRAUNA 35;-7.9792474;-34.9149853
2634;IMBIRIBEIRA;AV MARECHAL MASCARENHAS DE MORAES 5109;-8.1408263;-34.9175978
2635;BOA VIAGEM;RUA VISCONDE DE JEQUITINHONHA;-8.1301205;-34.9024594
2636;PINA;RUA BEM TE VI 20;-8.089278;-34.8803204
2637;ESTÂNCIA;RUA HAVAI 149;-8.0876953;-34.9300566
2638;MADALENA;AV CAXANGA;-8.0579814;-34.9082825
2639;CABANGA;AV ENGENHEIRO JOSE ESTELITA;-8.075068;-34.8857975
2640;MANGABEIRA;AV NORTE;-8.0260743;-34.9055493
2641;SÃO JOSÉ;AV SUL;-8.0779892;-34.8977816
2642;BARRO;AV CENTRAL;-8.0884601;-34.9455544
2643;SANTO ANTÔNIO;RUA DO SOL NASCENTE;-8.0411265;-34.8770683
2644;BOA VIAGEM;AV BOA VIAGEM;-8.1026005;-34.8857251
2645;ÁGUA FRIA;AV BEBERIBE;-8.0205074;-34.8944865
2646;PINA;AV DR DIRCEU VELLOSO TOSCANO DE BRITO;-8.0886552;-34.8941123
2647;AFOGADOS;RUA NICOLAU PEREIRA;-8.0760347;-34.9072659
2648;SANTO AMARO;AV CRUZ CABUGA;-8.0441874;-34.8745899
2649;CASA AMARELA;AV PROFESSOR JOSE DOS ANJOS;-8.0262814;-34.905147
2650;SANTO ANTÔNIO;AV GUARARAPES;-8.0633898;-34.8793817
2651;MADALENA;AV CAXANGA;-8.0524867;-34.9171793
2652;BOA VIAGEM;RUA CAPITAO ZUZINHA 298;-8.1341936;-34.905265
2653;BAIRRO DO RECIFE;AV ALFREDO LISBOA;-8.0660282;-34.8729336
2654;BOA VISTA;RUA DO PRINCIPE;-8.0556311;-34.88819
2655;ESPINHEIRO;AV RUI BARBOSA;-8.0451169;-34.9020463
2656;CORDEIRO;AV CAXANGA;-8.0503488;-34.9213958
2657;IBURA;RUA EXP FRANCISCO VITORIANO;-8.1334236;-34.9487436
2658;BOA VIAGEM;RUA RIBEIRO DE BRITO;-8.1233256;-34.9017218
2659;IMBIRIBEIRA;AV MARECHAL MASCARENHAS DE MORAES;-8.1240771;-34.9147117
2660;CASA FORTE;EST DO ENCANAMENTO;-8.0292348;-34.922576
2661;CAMPO GRANDE;AV ENGENHEIRO AGAMENON DE MAGALHAES MELO;-8.0370272;-34.8724508
2662;VÁRZEA;RUA PROFESSOR ANTONIO COELHO;-8.0413775;-34.9451333
2663;TORRE;RUA JOSE BONIFACIO;-8.0439815;-34.907742
2664;AFOGADOS;RUA SAO MIGUEL;-8.0802411;-34.9098086
2665;JORDÃO;AV DONA CARENTINA 65;-8.1357708;-34.9372396
2666;ILHA DO LEITE;AV GOVERNADOR AGAMENON MAGALHAES;-8.0634416;-34.8976743
2667;SANTO AMARO;AV GOVERNADOR AGAMENON MAGALHAES;-8.0418077;-34.8838234
2668;SÍTIO DOS PINTOS;AV LUIZ ANTONIO DE ARAUJO 500;-8.0152592;-34.9547517
2669;IMBIRIBEIRA;AV MARECHAL MASCARENHAS DE MORAES 6211;-8.1384419;-34.9171579
2670;JORDÃO;RUA DR ALVARO FERRAZ;-8.1312516;-34.938063
2671;BAIRRO DO RECIFE;AV MILITAR;-8.0529355;-34.8716167
2672;IMBIRIBEIRA;AV ENGENHEIRO ABDIAS DE CARVALHO 570;-8.0626077;-34.9123567
2673;BAIRRO DO RECIFE;PTE BUARQUE DE MACEDO;-8.0617897;-34.8759538
2674;IPUTINGA;EST DO BARBALHO;-8.0316676;-34.9391949
2675;PINA;AV ENGENHEIRO DOMINGOS FERREIRA;-8.0902101;-34.8845288
2676;BARRO;RUA NOVO HORIZONTE;-8.0977251;-34.9382615
2677;CASA FORTE;EST DO ARRAIAL;-8.0274766;-34.9139392
2678;BOA VISTA;AV GOVERNADOR CARLOS DE LIMA CAVALCANTI;-8.0564132;-34.8966765
2679;ENCRUZILHADA;AV NORTE;-8.0368572;-34.8945415
2680;BONGI;EST DO BONGI;-8.0652952;-34.9156612
2681;MADALENA;RUA BENFICA;-8.0581275;-34.9073142
2682;TORRÕES;AV BICENTENARIO DA REVOLUCAO FRANCESA;-8.0590384;-34.9378055
2683;ARRUDA;RUA DA REGENERACAO;-8.0214264;-34.8865271
2684;AFOGADOS;RUA COSME VIANA 44;-8.0765445;-34.9091327
2685;CORDEIRO;RUA GOMES TABORDA;-8.0554001;-34.9242094
2686;PAISSANDU;AV GOVERNADOR AGAMENON MAGALHAES;-8.062119;-34.8972559
2687;CAMPO GRANDE;AV GOVERNADOR AGAMENON MAGALHAES;-8.0396406;-34.879446
2688;DERBY;RUA HENRIQUE DIAS;-8.059134;-34.8995465
2689;SANTO AMARO;AV GOVERNADOR AGAMENON MAGALHAES;-8.0396565;-34.8712277
2690;PRADO;AV ENGENHEIRO ABDIAS DE CARVALHO;-8.0624483;-34.9167717
2691;ILHA DO RETIRO;AV ENGENHEIRO ABDIAS DE CARVALHO;-8.0612905;-34.905324
2692;IMBIRIBEIRA;AV MARECHAL MASCARENHAS DE MORAES;-8.1190692;-34.9137568
2693;APIPUCOS;RUA MANDACARU;-8.0214848;-34.9305904
2694;BOA VISTA;AV OLIVEIRA LIMA 867;-8.0567067;-34.8884636
2695;BOA VIAGEM;AV BOA VIAGEM 4200;-8.1250701;-34.8971084
2696;SANTANA;RUA SAMUEL FARIAS 197;-8.0395463;-34.9153192
2697;PINA;AV HERCULANO BANDEIRA;-8.0872624;-34.8867738
2698;ESTÂNCIA;AV DR JOSE RUFINO;-8.0862772;-34.9306387
2699;BOA VIAGEM;RUA SA E SOUZA;-8.1335856;-34.9064988
2700;CAXANGÁ;AV CAXANGA 1792;-8.0489227;-34.9236462
2701;DOIS IRMÃOS;RUA RIBEIRO PESSOA;-8.0286877;-34.9575225
2702;DOIS IRMÃOS;RUA RIBEIRO PESSOA;-8.0243267;-34.956286
2703;BAIRRO DO RECIFE;AV ENGENHEIRO JOSE ESTELITA;-8.0764436;-34.889338
2704;VÁRZEA;AV CAXANGA XX;-8.0298988;-34.9579865
2705;SAN MARTIN;AV ENGENHEIRO ABDIAS DE CARVALHO;-8.0602096;-34.9257651
2706;ÁGUA FRIA;AV BEBERIBE;-8.0188089;-34.8935558
2707;SAN MARTIN;AV GENERAL SAN MARTIN;-8.0605894;-34.9258375
2708;BARRO;AV DR JOSE RUFINO;-8.0929877;-34.9407291
2709;JORDÃO;AV MARIA IRENE 145;-8.1405502;-34.9281764
2710;CAMPO GRANDE;AV CORREIA DE BRITO;-8.0261247;-34.8753114
2711;CASA FORTE;AV DEZESSETE DE AGOSTO;-8.0326702;-34.9232505
2712;CAXANGÁ;AV CAXANGA;-8.05054;-34.9211597
2713;BOA VIAGEM;RUA FELIX DE BRITO E MELO;-8.1182991;-34.894799
2714;BOA VISTA;AV CONDE DA BOA VISTA;-8.0576362;-34.8899871
2715;TORRE;RUA MARQUES DE MARICA;-8.0475523;-34.9169299
2716;AFOGADOS;RUA SAO MIGUEL 1676;-8.0813193;-34.9219134
2717;DERBY;RUA DR SEVERINO PINHEIRO;-8.0574901;-34.900834
2718;DERBY;RUA DR SEVERINO PINHEIRO 52;-8.0573414;-34.9005483
2719;PRADO;AV ENGENHEIRO ABDIAS DE CARVALHO;-8.0623793;-34.9166858
2720;JORDÃO;AV MARIA IRENE 116;-8.1402899;-34.9229515
2721;BEBERIBE;AV BEBERIBE;-8.0072672;-34.890494
2722;ILHA JOANA BEZERRA;VIADUTO CAPITAO TEMUDO;-8.0779069;-34.8925473
2723;IBURA;RUA SATIRO DIAS;-8.1248896;-34.9378136
2724;DERBY;AV GOVERNADOR AGAMENON MAGALHAES;-8.0574662;-34.8981142
2725;PRADO;AV ENGENHEIRO ABDIAS DE CARVALHO 350;-8.0632663;-34.9340558
2726;PINA;AV HERCULANO BANDEIRA;-8.0883777;-34.8856473
2727;TAMARINEIRA;AV NORTE;-8.0222391;-34.9150229
2728;SANTO AMARO;RUA ODORICO MENDES;-8.0328973;-34.8811895
2729;CORDEIRO;RUA DO FORTE;-8.0562446;-34.9321032
2730;CORDEIRO;EST DO FORTE DO ARRAIAL N DO B JESUS 193;-8.0561862;-34.9301505
2731;BEBERIBE;AV BEBERIBE 537;-8.0359038;-34.8913041
2732;PORTO DA MADEIRA;AV BEBERIBE;-8.0156337;-34.890765
2733;ARRUDA;AV PROFESSOR JOSE DOS ANJOS;-8.0277714;-34.893136
2734;DERBY;AV GOVERNADOR AGAMENON MAGALHAES;-8.0449522;-34.8896706
2735;TAMARINEIRA;RUA JOSE CARVALHEIRA 109;-8.0308257;-34.9038273
2736;CASA AMARELA;AV NORTE 4935;-8.0244488;-34.9104497
2737;JORDÃO;AV MARIA IRENE;-8.1410493;-34.9319959
2738;HIPÓDROMO;RUA PRUDENTE DE MORAES 124;-8.0317885;-34.8853187
2739;BOA VIAGEM;RUA ERNESTO DE PAULA SANTOS;-8.1241567;-34.9058121
2740;ÁGUA FRIA;AV BEBERIBE 1701;-8.0223214;-34.8940855
2741;APIPUCOS;RUA DE APIPUCOS;-8.0211767;-34.9340129
2742;ARRUDA;AV BEBERIBE;-8.0231474;-34.8938549
2743;ARRUDA;RUA DO MACHADO;-8.021182;-34.8890483
2744;JIQUIÁ;AV DR JOSE RUFINO;-8.0886486;-34.9329883
2745;DERBY;PRC DO DERBY;-8.0560215;-34.8981357
2746;AREIAS;AV DR JOSE RUFINO 809;-8.0874828;-34.9317974
2747;CAÇOTE;AV CAPITAO GREGORIO DE CALDAS;-8.096647;-34.9295068
2748;DERBY;RUA EPAMINONDAS DE MELO;-8.0618973;-34.8985219
2749;CORDEIRO;AV GENERAL SAN MARTIN;-8.0591022;-34.9253118
2750;JARDIM SÃO PAULO;AV SAO PAULO;-8.0829233;-34.9393424
2751;ARRUDA;EST VELHA DE AGUA FRIA;-8.0247676;-34.897441
2752;TAMARINEIRA;AV NORTE;-8.0296863;-34.9005711
2753;DERBY;AV GOVERNADOR AGAMENON MAGALHAES;-8.0547043;-34.897626
2754;AFOGADOS;RUA SAO MIGUEL;-8.0802571;-34.9094707
2755;SAN MARTIN;AV GENERAL SAN MARTIN 2387;-8.0724071;-34.9292265
2756;CABANGA;AV ANTONIO DE GOES;-8.0855629;-34.8864895
2757;BOA VISTA;RUA PADRE INGLES;-8.0559963;-34.8942478
2758;CAXANGÁ;AV CAXANGA;-8.0315694;-34.9550226
2759;VÁRZEA;AV CAXANGA;-8.037006;-34.9455383
2760;ESPINHEIRO;AV GOVERNADOR AGAMENON MAGALHAES;-8.0485455;-34.8932245
2761;AFOGADOS;RUA COSME VIANA;-8.0673242;-34.9094009
2762;IMBIRIBEIRA;AV MARECHAL MASCARENHAS DE MORAES 209;-8.1098604;-34.9122065
2763;IMBIRIBEIRA;RUA ITACARE;-8.1109876;-34.9144958
2764;BOA VIAGEM;AV CONSELHEIRO AGUIAR 355;-8.094119;-34.8842418
2765;CORDEIRO;AV CAXANGA;-8.0486172;-34.9245125
2766;ILHA DO LEITE;RUA FRANCISCO ALVES;-8.0671436;-34.8941016
2767;PINA;RUA MANOEL DE BRITO;-8.0881175;-34.8894614
2768;SANTO AMARO;AV NORTE;-8.0473743;-34.8769569
2769;BOA VIAGEM;AV ENGENHEIRO DOMINGOS FERREIRA 196;-8.0916175;-34.8849821
2770;CASA AMARELA;RUA CONS NABUCO 181;-8.0298244;-34.9157417
2771;SAN MARTIN;AV GENERAL SAN MARTIN 477;-8.0541944;-34.9232599
2772;TORREÃO;AV NORTE;-8.0398477;-34.8870018
2773;PRADO;AV ENGENHEIRO ABDIAS DE CARVALHO;-8.0629768;-34.9330688
2774;SANTO AMARO;RUA DOS PALMARES;-8.0512146;-34.8856688
2775;ENCRUZILHADA;RUA DONA ELVIRA 194;-8.0333833;-34.8899925
2776;BOA VIAGEM;RUA DOS NAVEGANTES;-8.12511;-34.8979452
2777;CORDEIRO;EST DO FORTE DO ARRAIAL N DO B JESUS;-8.0534295;-34.9289703
2778;VÁRZEA;RUA GASTAO VIDIGAL;-8.0303556;-34.9581742
2779;ENGENHO DO MEIO;AV ENGENHEIRO ABDIAS DE CARVALHO;-8.0607806;-34.9280262
2780;SAN MARTIN;RUA VINTE E UM DE ABRIL;-8.0694912;-34.9327335
2781;BOA VIAGEM;AV DES JOSE NEVES;-8.1275077;-34.9098837
2782;CAXANGÁ;AV CAXANGA;-8.0300369;-34.9577987
2783;CASA AMARELA;RUA DONA ANA XAVIER;-8.0277316;-34.9170989
2784;AFOGADOS;RUA VINTE E UM DE ABRIL;-8.076672;-34.91189
2785;DOIS IRMÃOS;RUA MANUEL DE MEDEIROS 319;-8.0145792;-34.9492157
2786;IPUTINGA;AV CAXANGA;-8.0427506;-34.9351287
2787;ARRUDA;RUA DAS MOCAS 600;-8.0259149;-34.8899603
2788;ÁGUA FRIA;AV BEBERIBE 1781;-8.0233572;-34.8938656
2789;CAXANGÁ;AV CAXANGA;-8.0315083;-34.9551594
2790;SANTO AMARO;AV CRUZ CABUGA 767;-8.0481233;-34.8773968
2791;ARRUDA;AV PROFESSOR JOSE DOS ANJOS;-8.0275882;-34.8898906
2792;ENCRUZILHADA;AV NORTE;-8.0366341;-34.8947024
2793;MACAXEIRA;AV NORTE;-8.0146642;-34.9314272
2794;ENCRUZILHADA;AV NORTE;-8.0215432;-34.9169219
2795;IPUTINGA;RUA MAURICIO DE NASSAU;-8.0363101;-34.9370813
2796;JARDIM SÃO PAULO;RUA LEANDRO BARRETO;-8.0835314;-34.9485317
2797;ENCRUZILHADA;EST DE BELEM 115;-8.0366554;-34.8900461
2798;CASA FORTE;AV DEZESSETE DE AGOSTO;-8.0356037;-34.9203229
2799;SANTO AMARO;AV CRUZ CABUGA;-8.0533445;-34.8813558
2800;GRAÇAS;RUA DAS PERNAMBUCANAS 255;-8.050795;-34.9015528
2801;JORDÃO;AV MARIA IRENE 1612;-8.1404971;-34.9257731
2802;GRAÇAS;PRC DO ENTRONCAMENTO;-8.050046;-34.8973471
2803;CORDEIRO;RUA ADELAIDE 1192;-8.0575406;-34.92293
2804;DERBY;RUA JOAQUIM NABUCO 449;-8.0525903;-34.9004209
2805;BOA VIAGEM;RUA ERNESTO DE PAULA SANTOS 1342;-8.1241408;-34.9033016
2806;IMBIRIBEIRA;AV MARECHAL MASCARENHAS DE MORAES;-8.1077414;-34.9115521
2807;IMBIRIBEIRA;AV MARECHAL MASCARENHAS DE MORAES;-8.1076033;-34.9116915
2808;SANTO AMARO;AV GOVERNADOR AGAMENON MAGALHAES;-8.0431596;-34.8874417
2809;AREIAS;AV RECIFE;-8.1000725;-34.9281335
2810;PINA;PTE GOVERNADOR PAULO GUERRA;-8.0846547;-34.8891932
2811;PAISSANDU;AV GOVERNADOR AGAMENON MAGALHAES;-8.0395343;-34.8779547
2812;SÃO JOSÉ;C SANTA RITA;-8.0693159;-34.8752135
2813;JARDIM SÃO PAULO;RUA JOSE NATARIO;-8.0873501;-34.9375172
2814;BOA VIAGEM;AV CONSELHEIRO AGUIAR;-8.0900321;-34.8844913
2815;TORRE;RUA MARQUES DE MARICA;-8.0475815;-34.9173886
2816;AFOGADOS;RUA SAO MIGUEL;-8.080905;-34.9195397
2817;PINA;AV BOA VIAGEM 940;-8.0997592;-34.8844779
2818;ÁGUA FRIA;EST VELHA DE AGUA FRIA;-8.0251181;-34.8975027
2819;ROSARINHO;AV NORTE;-8.0336861;-34.8964351
2820;JAQUEIRA;AV RUI BARBOSA 1601;-8.039545;-34.9042404
2821;IMBIRIBEIRA;AV MARECHAL MASCARENHAS DE MORAES;-8.1273271;-34.9152964
2822;ENCRUZILHADA;AV BEBERIBE 423;-8.0292189;-34.8926747
2823;SANTO AMARO;AV CRUZ CABUGA;-8.0437093;-34.8743069
2824;ILHA DO LEITE;AV MANOEL BORBA;-8.0594421;-34.8940158
2825;BOA VIAGEM;RUA MINISTRO NELSON HUNGRIA 636;-8.1130628;-34.8986185
2826;CAXANGÁ;AV CAXANGA;-8.0373034;-34.9446881
2827;BOA VIAGEM;RUA FRANCISCO DA CUNHA 1414;-8.1182619;-34.8985997
2828;AFOGADOS;RUA VINTE E UM DE ABRIL;-8.0744838;-34.9218142
2829;CAMPO GRANDE;RUA ODORICO MENDES;-8.0321563;-34.8813263
2830;BOA VISTA;AV CONDE DA BOA VISTA;-8.0567704;-34.8920417
2831;VÁRZEA;AV CAXANGA;-8.0306478;-34.9566454
2832;TORREÃO;AV NORTE;-8.0399061;-34.8873907
2833;VÁRZEA;RUA GASTAO VIDIGAL 725;-8.0371175;-34.963029
2834;CASA FORTE;AV FLOR DE SANTANA;-8.0353221;-34.9128798
2835;IBURA;AV MARIA IRENE;-8.1405979;-34.9284822
2836;JORDÃO;AV MARIA IRENE 805;-8.1406086;-34.9286646
2837;SANTO AMARO;AV CRUZ CABUGA;-8.0393325;-34.8711526
2838;BOA VIAGEM;RUA DEZ DE JULHO;-8.1348149;-34.913553
2839;ESPINHEIRO;AV GOVERNADOR AGAMENON MAGALHAES;-8.0481764;-34.8927927
2840;DERBY;AV GOVERNADOR AGAMENON MAGALHAES;-8.0546166;-34.8975724
2841;AFOGADOS;RUA DA PAZ;-8.0792639;-34.9039882
2842;IMBIRIBEIRA;AV PINHEIROS;-8.0912006;-34.9095109
2843;ÁGUA FRIA;RUA CONEGO BARATA;-8.030013;-34.9007937
2844;GRAÇAS;RUA JOAQUIM NABUCO;-8.0528479;-34.9031729
2845;PRADO;AV ENGENHEIRO ABDIAS DE CARVALHO;-8.062204;-34.9102432
2846;GRAÇAS;AV GOVERNADOR AGAMENON MAGALHAES;-8.0524097;-34.8961401
2847;BOA VIAGEM;AV BOA VIAGEM 440;-8.0958716;-34.8831153
2848;SANTO AMARO;RUA DO POMBAL;-8.0492121;-34.8825198
2849;SANTO AMARO;RUA BARROS BARRETO 698;-8.0459681;-34.8845167
2850;BARRO;AV CENTRAL;-8.0889832;-34.9455196
2851;IMBIRIBEIRA;RUA ARQUITETO LUIZ NUNES 476;-8.0882317;-34.9100795
2852;SAN MARTIN;AV GENERAL SAN MARTIN;-8.0614923;-34.9260789
2853;SANTO AMARO;AV GOVERNADOR AGAMENON MAGALHAES;-8.0437306;-34.8877716
2854;ROSARINHO;RUA AMARO COUTINHO 210;-8.03469;-34.8938254
2855;IPSEP;RUA JEAN EMILE FAVRE 1676;-8.1146547;-34.9237011
2856;TAMARINEIRA;RUA SEBASTIAO MALTA ARCOVERDE 173;-8.0335958;-34.90786
2857;BEBERIBE;AV BEBERIBE;-8.0112167;-34.8891315
2858;SAN MARTIN;RUA VINTE E UM DE ABRIL;-8.1129061;-34.9518093
2859;IMBIRIBEIRA;AV MARECHAL MASCARENHAS DE MORAES;-8.1242151;-34.9148726
2860;LINHA DO TIRO;RUA GUARUJA 170;-8.0045845;-34.8981652
2861;FUNDÃO;AV BEBERIBE;-8.022927;-34.8939621
2862;BOA VISTA;AV CONDE DA BOA VISTA;-8.0593996;-34.8868918
2863;JARDIM SÃO PAULO;RUA LEANDRO BARRETO;-8.0827905;-34.9473917
2864;IMBIRIBEIRA;AV MARECHAL MASCARENHAS DE MORAES;-8.1231212;-34.9123406
2865;PAISSANDU;AV FREI MATIAS TEVES;-8.0656139;-34.8956198
2866;NOVA DESCOBERTA;RUA NOVA DESCOBERTA;-8.0012777;-34.9235684
2867;PAISSANDU;AV GOVERNADOR AGAMENON MAGALHAES;-8.0630432;-34.8977923
2868;CAMPO GRANDE;AV NORTE;-8.0399911;-34.887266
2869;BREJO DA GUABIRABA;AV VEREADOR OTACILIO AZEVEDO;-7.9990678;-34.9237776
2870;BOA VISTA;AV CONDE DA BOA VISTA;-8.0595589;-34.8864305
2871;CAXANGÁ;AV CAXANGA;-8.0454887;-34.9301291
2872;CIDADE UNIVERSITÁRIA;AV DOS REITORES;-8.0523459;-34.9468231
2873;TORRÕES;RUA TOTA VENTURA;-8.0571714;-34.9365261
2874;SANTO AMARO;AV GOVERNADOR AGAMENON MAGALHAES;-8.0487713;-34.892782
2875;CORDEIRO;AV CAXANGA;-8.0461898;-34.9289811
2876;CASA FORTE;AV DEZESSETE DE AGOSTO;-8.0356887;-34.9129307
2877;VÁRZEA;AV PROFESSOR ARTUR DE SA;-8.0464076;-34.94582
2878;SANTO ANTÔNIO;RUA DO SOL;-8.062698;-34.8804492
2879;SANTO AMARO;AV JOAO DE BARROS 915;-8.0537535;-34.8898369
2880;SANTO ANTÔNIO;AV DANTAS BARRETO;-8.0659326;-34.8788989
2881;PINA;RUA MANOEL DE BRITO;-8.0868402;-34.8882195
2882;IMBIRIBEIRA;AV MARECHAL MASCARENHAS DE MORAES;-8.1028023;-34.9105811
2883;SOLEDADE;RUA JOAO FERNANDES VIEIRA;-8.052415;-34.8924279
2884;JAQUEIRA;RUA DO FUTURO;-8.0352;-34.9047071
2885;BOA VISTA;AV CONDE DA BOA VISTA;-8.0610461;-34.8834157
2886;PASSARINHO;RUA PEREIRA BARRETO;-7.9806845;-34.9196845
2887;PASSARINHO;RUA GRAUNA 35;-7.9792103;-34.914988
2888;BOA VIAGEM;RUA ERNESTO DE PAULA SANTOS;-8.1241275;-34.9052221
2889;MADALENA;RUA REAL DA TORRE;-8.0460146;-34.9096531
2890;CAMPO GRANDE;AV PROFESSOR JOSE DOS ANJOS;-8.0246188;-34.8827237
2891;JORDÃO;AV MARIA IRENE;-8.1411662;-34.9327147
2892;BOA VISTA;RUA DO PRINCIPE;-8.0573281;-34.8850787
2893;IMBIRIBEIRA;RUA JOAQUIM BANDEIRA;-8.1105773;-34.9089289
2894;JAQUEIRA;AV RUI BARBOSA;-8.0356169;-34.9071264
2895;TORRE;RUA JOSE BONIFACIO;-8.0386526;-34.9095511
2896;AREIAS;AV RECIFE;-8.1018145;-34.9279618
2897;IMBIRIBEIRA;AV MARECHAL MASCARENHAS DE MORAES;-8.0984474;-34.910109
2898;VÁRZEA;RUA PROFESSOR ANTONIO COELHO 522;-8.0420043;-34.9452996
2899;SÃO JOSÉ;C SANTA RITA;-8.0696983;-34.8758787
2900;BOA VIAGEM;AV DOM JOAO VI;-8.1168652;-34.9048948
2901;CORDEIRO;AV CAXANGA;-8.0342651;-34.9501705
2902;ILHA DO LEITE;RUA ESTADO DE ISRAEL 161;-8.0645331;-34.8943256
2903;IMBIRIBEIRA;AV GENERAL MAC ARTHUR;-8.1104286;-34.9061769
2904;CAXANGÁ;RUA PROFESSOR ANTONIO COELHO;-8.039938;-34.9447042
2905;IMBIRIBEIRA;AV MARECHAL MASCARENHAS DE MORAES;-8.1191023;-34.913734
2906;BOA VIAGEM;AV ENGENHEIRO DOMINGOS FERREIRA 2775;-8.1140399;-34.8945576
2907;ILHA DO LEITE;RUA FRANCISCO ALVES;-8.0672445;-34.89393
2908;BOA VIAGEM;RUA SETUBAL;-8.1447002;-34.9058282
2909;AFOGADOS;EST DOS REMEDIOS;-8.0696014;-34.9083482
2910;MADALENA;PRC DO INTERNACIONAL;-8.0582231;-34.9032936
2911;SANTO ANTÔNIO;AV MARTINS DE BARROS;-8.0603769;-34.8779064
2912;JARDIM SÃO PAULO;PRC DO JARDIM SAO PAULO;-8.082031;-34.9383232
2913;IPUTINGA;RUA SAO MATEUS 400;-8.0366952;-34.9353486
2914;BOA VIAGEM;RUA ERNESTO DE PAULA SANTOS 636;-8.1240558;-34.9037603
2915;TAMARINEIRA;EST DO ARRAIAL 2224;-8.0308523;-34.9055949
2916;IPUTINGA;RUA MAURICIO DE NASSAU;-8.0354921;-34.9398413
2917;VASCO DA GAMA;RUA VASCO DA GAMA;-8.0176841;-34.9214146
2918;IPSEP;RUA DR RAPOSO PINTO;-8.1102109;-34.9222541
2919;CASA AMARELA;RUA CONS PERETTI;-8.0249163;-34.9151865
2920;CAXANGÁ;AV CAXANGA;-8.0300741;-34.9577183
2921;ENGENHO DO MEIO;RUA BOM PASTOR;-8.0416139;-34.9387638
2922;ENCRUZILHADA;EST DE BELEM;-8.0370325;-34.8906577
2923;IMBIRIBEIRA;AV MARECHAL MASCARENHAS DE MORAES;-8.1340715;-34.9166536
2924;IBURA;RUA DOIS RIOS;-8.1196055;-34.9431914
2925;BOA VIAGEM;RUA CAPITAO ZUZINHA;-8.1343781;-34.9055714
2926;CASA FORTE;AV DEZESSETE DE AGOSTO 1845;-8.0328097;-34.9231231
2927;SÃO JOSÉ;RUA IMPERIAL 1243;-8.0754611;-34.8928839
2928;SANTO AMARO;PTE DO LIMOEIRO;-8.0505878;-34.8730087
2929;DOIS IRMÃOS;RUA MANUEL DE MEDEIROS;-8.0151423;-34.9495912
2930;IMBIRIBEIRA;RUA DR VALDIR PESSOA;-8.0904756;-34.9078828
2931;SÃO JOSÉ;RUA IMPERIAL;-8.0778139;-34.9001473
2932;CASA AMARELA;RUA BELA VISTA 212;-8.0261354;-34.911709
2933;SANTO AMARO;RUA DOM MANOEL PEREIRA 170;-8.052739;-34.8881471
2934;PAISSANDU;RUA PAISSANDU 738;-8.0619942;-34.900142
2935;BONGI;AV ENGENHEIRO ABDIAS DE CARVALHO;-8.0624537;-34.9133009
2936;BEBERIBE;AV BEBERIBE;-8.0183879;-34.893136
2937;IMBIRIBEIRA;RUA ANTONIO FALCAO;-8.1132858;-34.9002653
2938;TORRE;RUA REAL DA TORRE M;-8.0416484;-34.9110961
2939;VÁRZEA;AV CAXANGA;-8.030005;-34.9578202
2940;ÁGUA FRIA;AV BEBERIBE;-8.0179032;-34.8927833
2941;ENCRUZILHADA;AV BEBERIBE;-8.0111237;-34.8891073
2942;ROSARINHO;AV NORTE;-8.0337711;-34.8964137
2943;ARRUDA;AV PROFESSOR JOSE DOS ANJOS;-8.0275085;-34.8878682
2944;SAN MARTIN;RUA CLOTILDE DE OLIVEIRA;-8.0523114;-34.9229756
2945;AREIAS;AV DR JOSE RUFINO;-8.0899989;-34.9532068
2946;IMBIRIBEIRA;AV MARECHAL MASCARENHAS DE MORAES;-8.1065916;-34.9115172
2947;PARNAMIRIM;AV PARNAMIRIM;-8.0347458;-34.9081913
2948;IPUTINGA;RUA N S DA SAUDE;-8.0448938;-34.9295443
2949;IBURA;AV SANTOS 210;-8.1142524;-34.9536654
2950;CAMPO GRANDE;EST DE BELEM;-8.0322758;-34.8794031
2951;COELHOS;RUA DOS COELHOS 433;-8.0670639;-34.8900622
2952;AREIAS;RUA IPOJUCA 398;-8.0959101;-34.9360916
2953;BARRO;AV DR JOSE RUFINO;-8.0929824;-34.9456322
2954;IPUTINGA;AV CAXANGA;-8.0515811;-34.9189281
2955;TORRE;RUA 10 DE NOVEMBRO 412;-8.048272;-34.9194968
2956;IPSEP;RUA ADERBAL DE MELO 403;-8.1091368;-34.9248679
2957;DERBY;AV GOVERNADOR AGAMENON MAGALHAES;-8.0591712;-34.8981035
2958;BAIRRO DO RECIFE;RUA DA AURORA;-8.0583081;-34.8791322
2959;TORRE;RUA MANOEL ESTEVAO DA COSTA;-8.0477541;-34.9406433
2960;CAXANGÁ;AV CAXANGA 279;-8.0416856;-34.9371564
2961;BOA VISTA;AV CONDE DA BOA VISTA;-8.057923;-34.8892629
2962;CASA AMARELA;AV NORTE;-8.0260637;-34.9055815
2963;JOANA BEZERRA;AV GOVERNADOR PAULO GUERRA;-8.0810909;-34.8921543
2964;MADALENA;RUA JANUARIO BARBOSA;-8.0506582;-34.9063043
2965;BOA VISTA;AV CONDE DA BOA VISTA;-8.0564863;-34.892951
2966;CORDEIRO;ESTRADA DO FORTE DO ARRAIAL NOVO B JESUS 493;-8.0517617;-34.927935
2967;CIDADE UNIVERSITÁRIA;RUA PROFESSOR ANTONIO COELHO;-8.0427665;-34.9455008
2968;ÁGUA FRIA;AV BEBERIBE;-8.0165566;-34.8915683
2969;CASA AMARELA;AV NORTE;-8.0294845;-34.9004316
2970;ÁGUA FRIA;RUA MANOEL SILVA 113;-8.0183614;-34.889338
2971;ESPINHEIRO;AV JOAO DE BARROS 1375;-8.0418794;-34.8911713
2972;BOA VISTA;PTE PRINCESA IZABEL;-8.057854;-34.879442
2973;JARDIM SÃO PAULO;RUA LEANDRO BARRETO;-8.0839695;-34.94928
2974;TORRE;RUA REAL DA TORRE;-8.0535357;-34.9086124
2975;CORDEIRO;AV CAXANGA;-8.041505;-34.9370331
2976;MADALENA;AV JOSE GONCALVES DE MEDEIROS;-8.0620819;-34.9059838
2977;CASA AMARELA;RUA PADRE LEMOS;-8.0213334;-34.9211812
2978;ESTÂNCIA;AV RECIFE;-8.0824984;-34.9328971
2979;ROSARINHO;AV SANTOS DUMONT;-8.0351469;-34.8973203
2980;MADALENA;AV VISCONDE DE ALBUQUERQUE;-8.0587888;-34.9072123
2981;AREIAS;AV TAPAJOS 109;-8.0916387;-34.927597
2982;BOA VIAGEM;AV CONSELHEIRO AGUIAR 127;-8.1250409;-34.8992085
2983;CORDEIRO;AV CAXANGA 2414;-8.0460517;-34.9287987
2984;JORDÃO;AV MARIA IRENE 1064;-8.1409458;-34.9309283
2985;GRAÇAS;AV RUI BARBOSA 57;-8.0516767;-34.8966135
2986;JORDÃO;AV MARIA IRENE 1064;-8.1404174;-34.9232036
2987;IPSEP;AV RECIFE;-8.1015543;-34.9279135
2988;CAXANGÁ;RUA ENGENHO POETA;-8.0313861;-34.9514687
2989;TORRE;RUA DIOGO ALVARES 14;-8.0484101;-34.9153233
2990;IBURA;AV DOIS RIOS;-8.1142099;-34.9394685
2991;BOMBA DO HEMETÉRIO;RUA CORREGO DO EUCLIDES;-8.0162206;-34.9137729
2992;PINA;AV ENGENHEIRO DOMINGOS FERREIRA 672;-8.0955051;-34.8859933
2993;JORDÃO;RUA DR ALVARO FERRAZ;-8.1334156;-34.937257
2994;SÃO JOSÉ;AV DANTAS BARRETO;-8.0714856;-34.8830885
2995;JARDIM SÃO PAULO;AV RECIFE 5630;-8.0684276;-34.9408968
2996;IMBIRIBEIRA;RUA JULIO VERNE 71;-8.0847981;-34.9075744
2997;IMBIRIBEIRA;AV MARECHAL MASCARENHAS DE MORAES;-8.1253914;-34.9151838
2998;IBURA;AV DOIS RIOS;-8.1201154;-34.9435857
2999;SANTO AMARO;AV CRUZ CABUGA;-8.047462;-34.8769408
3000;CAMPO GRANDE;AV GOVERNADOR AGAMENON MAGALHAES;-8.0400549;-34.8790705
3001;CASA AMARELA;RUA ALTO SANTA ISABEL 648;-8.1118161;-34.9610201
3002;ILHA DO RETIRO;AV ENGENHEIRO ABDIAS DE CARVALHO;-8.0614126;-34.9027812
3003;BEBERIBE;AV BEBERIBE 920;-8.0297335;-34.892556
3004;BARRO;AV DR JOSE RUFINO;-8.0927275;-34.9464154
3005;SANTO AMARO;AV VISCONDE DE SUASSUNA;-8.051196;-34.8883134
3006;IPSEP;RUA JEAN EMILE FAVRE 1738;-8.1146361;-34.9237038
3007;AFLITOS;AV CONS ROSA E SILVA 2293;-8.0413509;-34.8981893
3008;NÃO INFORMADO;AV GOVERNADOR AGAMENON MAGALHAES;-8.0470981;-34.8914409
3009;MADALENA;RUA REAL DA TORRE;-8.0524708;-34.9084488
3010;SANTO AMARO;AV CRUZ CABUGA;-8.04551;-34.8754884
3011;BOA VIAGEM;AV BOA VIAGEM;-8.1082605;-34.8883657
3012;MADALENA;RUA BENFICA;-8.0581195;-34.907054
3013;TAMARINEIRA;EST VELHA DE AGUA FRIA 715;-8.0275404;-34.8985863
3014;PARNAMIRIM;AV PARNAMIRIM;-8.0353779;-34.9074402
3015;SANCHO;RUA APRIGIO GUIMARAES;-8.0872359;-34.9630022
3016;IPSEP;AV RECIFE 2959;-8.0891611;-34.9297777
3017;IMBIRIBEIRA;RUA PROFESSORA ROSILDA COSTA;-8.0876116;-34.9059758
3018;BONGI;EST DOS REMEDIOS;-8.0780423;-34.906944
3019;SÃO JOSÉ;RUA IMPERIAL;-8.0745528;-34.8901749
3020;CAMPO GRANDE;AV GOVERNADOR AGAMENON MAGALHAES;-8.0373459;-34.8733306
3021;CASA AMARELA;AV NORTE;-8.0208367;-34.9216425
3022;IPSEP;RUA DR GONZAGA MARANHAO;-8.1091753;-34.9192876
3023;IPSEP;RUA DR GONZAGA MARANHAO;-8.1102985;-34.9204999
3024;DERBY;RUA BENFICA;-8.0580824;-34.90556
3025;IMBIRIBEIRA;AV MARECHAL MASCARENHAS DE MORAES;-8.1350061;-34.9166268
3026;ARRUDA;EST VELHA DE AGUA FRIA 637;-8.0292295;-34.9001634
3027;SÃO JOSÉ;AV MARTINS DE BARROS;-8.0616384;-34.8765171
3028;AREIAS;AV DR JOSE RUFINO 780;-8.0871217;-34.9313991
3029;SANTO AMARO;AV VISCONDE DE SUASSUNA;-8.053804;-34.8844604
3030;IMBIRIBEIRA;AV MARECHAL MASCARENHAS DE MORAES;-8.128299;-34.9154842
3031;ENCRUZILHADA;RUA FREDERICO;-8.0333913;-34.8899925
3032;AREIAS;AV DR JOSE RUFINO 46;-8.083951;-34.9260682
3033;AREIAS;AV DR JOSE RUFINO;-8.0916971;-34.9360621
3034;TEJIPIÓ;AV DR JOSE RUFINO 3545;-8.0900348;-34.9539042
3035;ARRUDA;AV PROFESSOR JOSE DOS ANJOS;-8.0267808;-34.897905
3036;COELHOS;PTE JOAQUIM CARDOSO;-8.0719078;-34.8906308
3037;AREIAS;AV DR JOSE RUFINO;-8.0887336;-34.933058
3038;BOA VISTA;AV GUARARAPES;-8.0626887;-34.8804425
3039;IMBIRIBEIRA;AV MARECHAL MASCARENHAS DE MORAES;-8.121143;-34.9142423
3040;IBURA;AV DOIS RIOS;-8.1198777;-34.9433926
3041;CASA FORTE;AV DEZESSETE DE AGOSTO 1972;-8.032576;-34.9232948
3042;AREIAS;RUA CAMBUCA 71;-8.0991458;-34.9355552
3043;BOA VISTA;AV GOVERNADOR CARLOS DE LIMA CAVALCANTI;-8.055971;-34.8953542
3044;BOA VISTA;AV JOAO DE BARROS;-8.0536871;-34.8898745
3045;BOA VISTA;AV GOVERNADOR AGAMENON MAGALHAES;-8.0532011;-34.8960677
3046;CASA AMARELA;RUA ALTO SANTA ISABEL;-8.1119409;-34.9609986
3047;MUSTARDINHA;AV MANOEL GONCALVES DA LUZ 740;-8.072589;-34.9182187
3048;ENGENHO DO MEIO;RUA ANTONIO CURADO;-8.0566483;-34.9419791
3049;ENCRUZILHADA;AV JOAO DE BARROS;-8.0388744;-34.8921074
3050;ILHA DO RETIRO;AV ENGENHEIRO ABDIAS DE CARVALHO;-8.0611922;-34.9055801
3051;CABANGA;AV SUL;-8.0761462;-34.8928007
3052;BOA VIAGEM;RUA FELIX DE BRITO E MELO 735;-8.1180256;-34.8952603
3053;JARDIM SÃO PAULO;RUA SENADOR ALBERTO PASQUALINI;-8.0803606;-34.9360541
3054;BOA VIAGEM;AV CONSELHEIRO AGUIAR;-8.1283361;-34.9004048
3055;SANTO AMARO;AV PREFEITO ARTUR LIMA CAVALCANTI;-8.0443361;-34.8753691
3056;BOA VIAGEM;RUA ANTONIO FALCAO 821;-8.1133774;-34.9001044
3057;CAMPO GRANDE;AV GOVERNADOR AGAMENON MAGALHAES;-8.0399115;-34.8796445
3058;BOA VISTA;RUA AURORA;-8.0608098;-34.8808461
3059;PRADO;AV ENGENHEIRO ABDIAS DE CARVALHO;-8.0625652;-34.9130997
3060;VÁRZEA;RUA DOM ANTONIO DE MACEDO;-8.036836;-34.9898994
3061;IMBIRIBEIRA;AV GENERAL MAC ARTHUR 2683;-8.1090319;-34.9113536
3062;BOA VIAGEM;RUA COPACABANA 395;-8.1363072;-34.9135315
3063;CASA FORTE;RUA VISCONDE DE OURO PRETO;-8.0345997;-34.9197918
3064;BOA VIAGEM;RUA ERNESTO DE PAULA SANTOS;-8.1251179;-34.8979372
3065;SANTO AMARO;RUA TREZE DE MAIO;-8.0494724;-34.881632
3066;SÃO JOSÉ;PRC DAS CINCO PONTAS;-8.0734215;-34.8815542
3067;CURADO;EST DO CURADO 114;-8.0844847;-34.9539766
3068;ILHA DO LEITE;RUA PAISSANDU;-8.062042;-34.9000373
3069;PARNAMIRIM;AV PARNAMIRIM 222;-8.034613;-34.9084353
3070;IMBIRIBEIRA;AV MARECHAL MASCARENHAS DE MORAES;-8.1088965;-34.9117693
3071;MADALENA;RUA BENFICA;-8.0580186;-34.9047768
3072;IBURA;RUA VALE DO ITAJAI;-8.1307365;-34.9497575
3073;VASCO DA GAMA;AV NORTE;-8.0206455;-34.9231178
3074;CAXANGÁ;RUA PROFESSOR ANTONIO COELHO;-8.0413191;-34.9451119
3075;VÁRZEA;AV JOAQUIM RIBEIRO;-8.0236414;-34.9621224
3076;PRADO;AV ENGENHEIRO ABDIAS DE CARVALHO;-8.0629582;-34.9330902
3077;BOA VIAGEM;AV HERCULANO BANDEIRA 813;-8.0863091;-34.8875946
3078;CAMPO GRANDE;RUA JERONIMO VILELA;-8.0291073;-34.8819458
3079;SANTO ANTÔNIO;PTE PRINCESA IZABEL;-8.0601352;-34.8789927
3080;BOA VISTA;RUA JOAQUIM NABUCO 721;-8.052909;-34.9038112
3081;BOA VIAGEM;AV BOAVIAGEM;-8.1322181;-34.9000186
3082;IBURA;RUA CANDIDO MENDES;-8.1193241;-34.9422178
3083;ALTO SANTA TERESINHA;AV ANIBAL BENEVOLO 276;-8.0076974;-34.8960006
3084;IMBIRIBEIRA;AV ARMINDO MOURA 440;-8.1499069;-34.9106669
3085;CASA AMARELA;AV NORTE;-8.0206827;-34.9228603
3086;ENCRUZILHADA;AV NORTE;-8.0384242;-34.892149
3087;CASA AMARELA;RUA SANTA IZABEL;-8.0266785;-34.9182536
3088;ÁGUA FRIA;EST VELHA DE AGUA FRIA;-8.0193361;-34.8941311
3089;CASA AMARELA;EST DO ARRAIAL;-8.0266878;-34.917343
3090;BOA VIAGEM;RUA ANTONIO FALCAO;-8.1156385;-34.8957512
3091;SANTO AMARO;AV CRUZ CABUGA;-8.0485137;-34.8776369
3092;TEJIPIÓ;AV LIBERDADE;-8.0904915;-34.9510127
3093;CAMPO GRANDE;AV PROFESSOR JOSE DOS ANJOS;-8.0262496;-34.8990396
3094;BEBERIBE;RUA URIEL DE HOLANDA;-8.0027147;-34.8978058
3095;MADALENA;RUA REAL DA TORRE;-8.0528134;-34.9085104
3096;JAQUEIRA;AV RUI BARBOSA;-8.0377284;-34.9057049
3097;JORDÃO;RUADRALVAROFERRAZ;-8.1311773;-34.9380684
3098;DOISUNIDOS;RUAVINTEEUMDEJUNHO343;-7.9936121;-34.915617
3099;BOAVIAGEM;AVENGENHEIRODOMINGOSFERREIRA3333;-8.1181863;-34.8968844
3100;IMBIRIBEIRA;AVMARECHALMASCARENHASDEMORAES;-8.0984208;-34.9102029
3101;BOAVIAGEM;AVBOAVIAGEM6472;-8.1450268;-34.905163
3102;CAMPOGRANDE;AVGOVERNADORAGAMENONMAGALHAES;-8.0570838;-34.8977387
3103;IPSEP;AVRECIFE;-8.1153251;-34.9245179
3104;TAMARINEIRA;RUADRJOSEMARIA1038;-8.0349769;-34.9007025
3105;CASAFORTE;AVDEZESSETEDEAGOSTO1766;-8.0335161;-34.9226671
3106;CORDEIRO;RUAMAURICIODENASSAU;-8.0452922;-34.9220315
3107;BARRO;AVDRJOSERUFINO88;-8.0915245;-34.949441
3108;MADALENA;AVVISCONDEDEALBUQUERQUE401;-8.0546272;-34.9068716
3109;AFOGADOS;RUASAOMIGUEL1709;-8.0802298;-34.9066738
3110;BOAVIAGEM;AVENGENHEIRODOMINGOSFERREIRA2312;-8.1107871;-34.8925835
3111;AREIAS;AVDRJOSERUFINO;-8.0917131;-34.9360675
3112;ARRUDA;AVBEBERIBE;-8.0277794;-34.8929429
3113;BOAVIAGEM;RUARIBEIRODEBRITO;-8.1233442;-34.9012524
3114;BOAVIAGEM;AVDESJOSENEVES;-8.1245232;-34.9096209
3115;AFOGADOS;RUASAOMIGUEL558;-8.0803049;-34.911662
3116;BOAVIAGEM;RUAJOAOCARDOSOAIRES;-8.1414954;-34.9102539
3117;BOAVISTA;AVCONDEDABOAVISTA;-8.0567279;-34.8926747
3118;SANTOANTÔNIO;AVMARTINSDEBARROS;-8.0641028;-34.8763749
3119;PRADO;AVENGENHEIROABDIASDECARVALHO;-8.0624165;-34.9107635
3120;BOAVIAGEM;RUAERNESTODEPAULASANTOS;-8.1244116;-34.9018103
3121;PASSARINHO;RUAALTODABICA57;-7.984536;-34.9284312
3122;BOAVIAGEM;RUABARAODESOUZALEAO;-8.1327969;-34.9108252
3123;IBURA;AV ENGENHO SERRA VERDE 850;-8.1150709;-34.9513708
3124;CASA AMARELA;RUA ALTO JOSE BONIFACIO 149;-8.0178727;-34.9119303
3125;TORREÃO;RUA MARECHAL DEODORO 662;-8.0358268;-34.8832333
3126;BRASÍLIA TEIMOSA;RUA DAGOBERTO PIRES 136;-8.0869584;-34.8814134
3127;IMBIRIBEIRA;RUA ARQUITETO LUIZ NUNES;-8.0980225;-34.9122548
3128;SAN MARTIN;AV GENERAL SAN MARTIN 330;-8.0522078;-34.9221307
3129;BOA VISTA;RUA DA AURORA XX;-8.0595005;-34.8799878
3130;CAMPO GRANDE;EST DE BELEM XX;-8.0321138;-34.8816454
3131;SANTO ANTÔNIO;AV GUARARAPES;-8.0638346;-34.8785448
3132;SÃO JOSÉ;AV GUARARAPES;-8.0637842;-34.8785394
3133;PAISSANDU;AV GOVERNADOR AGAMENON MAGALHAES;-8.0646154;-34.8969796
3134;ARRUDA;RUA DO MACHADO 862;-8.0185592;-34.8881592
3135;CASA AMARELA;RUA VASCO DA GAMA;-8.0179152;-34.9215245
3136;JARDIM SÃO PAULO;AV SAO PAULO;-8.0829033;-34.9393438
3137;IMBIRIBEIRA;RUA ARQUITETO LUIZ NUNES SN;-8.0911713;-34.9106669
3138;SANTO AMARO;RUA CAPITAO LIMA;-8.0536526;-34.8787098
3139;ESPINHEIRO;AV JOAO DE BARROS 1545;-8.0409393;-34.8916273
3140;ILHA DO RETIRO;AV BEIRA RIO 302;-8.0635106;-34.9013758
3141;TORRE;RUA PADRE LANDIM;-8.0468711;-34.9123795
3142;JORDÃO;AV MARIA IRENE 1225;-8.1405926;-34.9284607
3143;BAIRRO DO RECIFE;AV ALFREDO LISBOA;-8.0590278;-34.8698062
3144;CASA FORTE;AV DEZESSETE DE AGOSTO;-8.0308762;-34.9245232
3145;ESPINHEIRO;AV GOVERNADOR AGAMENON MAGALHAES;-8.0453347;-34.8900944
3146;BOA VIAGEM;AV BOA VIAGEM 6432;-8.1450799;-34.9051362
3147;VÁRZEA;RUA FRANCISCO LACERDA 265;-8.04892;-34.957733
3148;BOA VIAGEM;RUA ANTONIO FALCAO XX;-8.1124308;-34.9019927
3149;TORRE;RUA LEONARDO BEZERRA CAVALCANTE 672;-8.037496;-34.9099575
3150;SAN MARTIN;RUA OUREM;-8.0661344;-34.9256149
3151;PARNAMIRIM;RUA LEONARDO BEZERRA CAVALCANTE 250;-8.0360525;-34.9070889
3152;AREIAS;AV DR JOSE RUFINO;-8.0923052;-34.937709
3153;CAXANGÁ;AV CAXANGA 624;-8.054035;-34.914422
3154;IMBIRIBEIRA;AV ENGENHEIRO ALVES DE SOUZA 546;-8.0973799;-34.9150068
3155;IMBIRIBEIRA;AV MARECHAL MASCARENHAS DE MORAES 1148;-8.093086;-34.9090683
3156;CORDEIRO;RUA GOMES TABORDA 298;-8.0581302;-34.9143308
3157;ESTÂNCIA;AV DR JOSE RUFINO;-8.0839058;-34.9258885
3158;AREIAS;AV TAPAJOS 239;-8.092839;-34.9250597
3159;ARRUDA;RUA DO MACHADO 106;-8.0252934;-34.8905343
3160;BOA VIAGEM;RUA DOS NAVEGANTES 447;-8.1283255;-34.8990731
3161;TAMARINEIRA;RUA CONEGO BARATA 596;-8.0301272;-34.9011062
3162;ILHA DO RETIRO;AV ENGENHEIRO ABDIAS DE CARVALHO;-8.0611882;-34.9037495
3163;MADALENA;RUA BENFICA XX;-8.0581036;-34.9059141
3164;CASA AMARELA;RUA PADRE LEMOS;-8.0265962;-34.9178097
3165;IPSEP;AV RECIFE;-8.1079113;-34.9269748
3166;CAXANGÁ;AV CAXANGA XX;-8.0320076;-34.9542421
3167;IPSEP;RUA JEAN EMILE FAVRE 116;-8.1111323;-34.9196577
3168;SANTO ANTÔNIO;RUA FLORIANO PEIXOTO;-8.0664744;-34.8826754
3169;BOA VIAGEM;RUA DOS NAVEGANTES;-8.1253516;-34.898023
3170;SANTO AMARO;AV CRUZ CABUGA;-8.0381002;-34.8702943
3171;CORDEIRO;AV CAXANGA;-8.0505772;-34.9211115
3172;PINA;RUA MANOEL DE BRITO 67B;-8.0871655;-34.888583
3173;ROSARINHO;RUA SAO SALVADOR 105;-8.0493582;-34.8948795
3174;CAMPO GRANDE;RUA PROFESSOR FRANCISCO DA TRINDADE;-8.0341164;-34.876399
3175;BEBERIBE;AV BEBERIBE;-8.0314631;-34.8921758
3176;IMBIRIBEIRA;RUA JOSE DA SILVA LUCENA;-8.1156876;-34.9049512
3177;IMBIRIBEIRA;AV MARECHAL MASCARENHAS DE MORAES;-8.1226751;-34.9147439
3178;IMBIRIBEIRA;AV MARECHAL MASCARENHAS DE MORAES 2967;-8.0948545;-34.9094009
3179;SANTO AMARO;RUA CAPITAO LIMA;-8.053557;-34.8788533
3180;SÃO JOSÉ;RUA IMPERIAL 1220;-8.0756469;-34.8933962
3181;SANTO AMARO;AV CRUZ CABUGA;-8.0417945;-34.8728827
3182;ROSARINHO;AV NORTE;-8.0336064;-34.8965049
3183;CAMPO GRANDE;RUA JERONIMO VILELA;-8.0281034;-34.8821336
3184;IPSEP;RUA DR RAPOSO PINTO;-8.1121998;-34.9213904
3185;APIPUCOS;RUA DE APIPUCOS 568;-8.0229854;-34.9306387
3186;ILHA DO LEITE;RUA FRANCISCO ALVES;-8.0667413;-34.8949438
3187;IMBIRIBEIRA;RUA SARGENTO SILVINO DE MACEDO;-8.1147967;-34.9073249
3188;IPUTINGA;AV CAXANGA;-8.0569404;-34.9094532
3189;TORRE;RUA CONDE DE IRAJA 301;-8.0459057;-34.9064505
3190;ARRUDA;AV BEBERIBE;-8.0252138;-34.8934847
3191;IBURA;AV DOIS RIOS 984;-8.1161589;-34.9408284
3192;IBURA;AV JORNALISTA COSTA PORTO;-8.113793;-34.9556395
3193;IMBIRIBEIRA;RUA ITAMARACA 249;-8.1081769;-34.9141753
3194;MADALENA;AV JOSE GONCALVES DE MEDEIROS;-8.0596851;-34.9063566
3195;BOA VIAGEM;RUA ANTONIO FALCAO;-8.1166262;-34.8937798
3196;GRAÇAS;RUA JOAQUIM NABUCO 174;-8.0526301;-34.8979935
3197;AREIAS;AV DR JOSE RUFINO;-8.0886911;-34.9329937
3198;MADALENA;RUA JOSE OSORIO XX;-8.0535703;-34.9089557
3199;SANTO AMARO;AV NORTE 866;-8.0276652;-34.8911351
3200;NOVA DESCOBERTA;AV VEREADOR OTACILIO AZEVEDO 238;-7.99885;-34.9240364
3201;CURADO;BR 101 (DENTRO DA CEASA);-8.0724443;-34.9437654
3202;BOA VIAGEM;RUA FRANCISCO DA CUNHA 392;-8.1117085;-34.8946528
3203;BOA VIAGEM;AV ENGENHEIRO DOMINGOS FERREIRA 345;-8.0923371;-34.8851055
3204;MADALENA;AV CAXANGA;-8.0571077;-34.9092373
3205;SAN MARTIN;AV GENERAL SAN MARTIN;-8.058571;-34.9251616
3206;SANTO AMARO;AV CRUZ CABUGA;-8.0525531;-34.880594
3207;IMBIRIBEIRA;AV MARECHAL MASCARENHAS DE MORAES;-8.1230415;-34.9145347
3208;VASCO DA GAMA;RUA VASCO DA GAMA;-8.0074132;-34.9209371
3209;DOIS UNIDOS;RUA EXP TEODORO SATIVA 90;-7.9998182;-34.9069481
3210;MUSTARDINHA;RUA VINTE E UM DE ABRIL;-8.075084;-34.9183917
3211;TORRE;RUA JOSE BONIFACIO;-8.0382648;-34.9099642
3212;MADALENA;AV VISCONDE DE ALBUQUERQUE;-8.0574954;-34.9070808
3213;VÁRZEA;AV JOAQUIM RIBEIRO;-8.0238884;-34.9621493
3214;ÁGUA FRIA;AV BEBERIBE;-8.019206;-34.8939849
3215;ESTÂNCIA;AV RECIFE XX;-8.0889779;-34.929834
3216;ARRUDA;RUA DA REGENERACAO;-8.0210227;-34.8875839
3217;DERBY;AV GOVERNADOR AGAMENON MAGALHAES;-8.0591181;-34.8981893
3218;AFOGADOS;AV SUL X;-8.0809528;-34.9049914
3219;CASA FORTE;AV DEZESSETE DE AGOSTO;-8.0379302;-34.9181208
3220;MADALENA;RUA BENFICA;-8.0581726;-34.9033123
3221;AFOGADOS;EST DOS REMEDIOS 1030;-8.0710567;-34.9081014
3222;BARRO;AV CENTRAL;-8.0888239;-34.9452728
3223;DERBY;AV GOVERNADOR AGAMENON MAGALHAES;-8.0565712;-34.8976985
3224;CASA AMARELA;AV NORTE 5147;-8.0240345;-34.9119329
3225;IMBIRIBEIRA;AV MARECHAL MASCARENHAS DE MORAES;-8.1027704;-34.9105382
3226;BOA VIAGEM;RUA VISCONDE DE JEQUITINHONHA;-8.1355444;-34.9030501
3227;ESPINHEIRO;AV JOAO DE BARROS;-8.0526885;-34.8899603
3228;BOA VIAGEM;RUA CORONEL ANIZIO RODRIGUES COELHO 508;-8.1252135;-34.9070486
3229;POÇO DA PANELA;AV DEZESSETE DE AGOSTO 1316;-8.0365292;-34.9200077
3230;TORRE;RUA REAL DA TORRE;-8.0429444;-34.9106991
3231;BOA VISTA;RUA JOAO FERNANDES VIEIRA;-8.0522663;-34.8949787
3232;AFOGADOS;RUA SAO MIGUEL 729;-8.0805757;-34.9132204
3233;BOA VIAGEM;AV GENERAL MAC ARTHUR 303;-8.1113049;-34.9043262
3234;CAMPO GRANDE;RUA DR MACHADO 262;-8.0296279;-34.8828954
3235;BOA VIAGEM;AV BOA VIAGEM 3232;-8.1180389;-34.8938227
3236;AFOGADOS;RUA SAO MIGUEL;-8.0827161;-34.9241853
3237;AFOGADOS;EST DOS REMEDIOS;-8.0691592;-34.9084648
3238;SAN MARTIN;AV ENGENHEIRO ABDIAS DE CARVALHO;-8.0624165;-34.9318027
3239;APIPUCOS;RUA DE APIPUCOS;-8.0213679;-34.9332297
3240;DERBY;AV GOVERNADOR AGAMENON MAGALHAES 1114;-8.0511482;-34.8950619
3241;BONGI;EST DO BONGI 336;-8.0670055;-34.9123782
3242;ILHA DO RETIRO;RUA SPORT CLUBE DO RECIFE;-8.0614498;-34.9029851
3243;MADALENA;RUA JOSE BONIFACIO;-8.0551664;-34.9068958
3244;SANTO AMARO;AV MARIO MELO;-8.0539195;-34.8815569
3245;SANCHO;AV LIBERDADE 1485;-8.0816167;-34.9645525
3246;DERBY;AV GOVERNADOR AGAMENON MAGALHAES;-8.0588419;-34.8975831
3247;CIDADE UNIVERSITÁRIA;AV CAXANGA;-8.0370378;-34.9455357
3248;JIQUIÁ;AV DR JOSE RUFINO;-8.0888929;-34.9331439
3249;MACAXEIRA;AV NORTE;-8.0197876;-34.9266087
3250;IMBIRIBEIRA;AV PINHEIROS;-8.0909855;-34.9106348
3251;IMBIRIBEIRA;RUA ARQUITETO LUIZ NUNES;-8.0979428;-34.9121904
3252;ARRUDA;RUA DO MACHADO;-8.0223586;-34.8895365
3253;BEBERIBE;AV BEBERIBE 4510;-8.0040586;-34.8970588
3254;SÍTIO DOS PINTOS;RUA DO SITIO SAO BRAZ 590;-8.016619;-34.9596334
3255;SANTO AMARO;RUA TREZE DE MAIO 970;-8.0467794;-34.8796874
3256;BOA VIAGEM;RUA FAUSTINO PORTO 65;-8.1177017;-34.8981504
3257;BOA VIAGEM;RUA PADRE CABRAL 86;-8.1336333;-34.9055091
3258;CORDEIRO;RUA GOMES TABORDA 1758;-8.0546618;-34.9261795
3259;CURADO;BR 101 (DENTRO DA CEASA);-8.0736127;-34.9432772
3260;CASA AMARELA;AV NORTE 5010;-8.0244276;-34.9104631
3261;MADALENA;AV VISCONDE DE ALBUQUERQUE;-8.0576256;-34.9070996
3262;CAXANGÁ;AV CAXANGA;-8.0529515;-34.9167207
3263;IBURA;AV DOIS RIOS;-8.1204366;-34.9437654
3264;IPUTINGA;AV CAXANGA;-8.0433826;-34.9335864
3265;IMBIRIBEIRA;AV MARECHAL MASCARENHAS DE MORAES;-8.1335749;-34.9165705
3266;SANTO ANTÔNIO;C SANTA RITA;-8.0705216;-34.875868
3267;TORRÕES;AV ENGENHEIRO ABDIAS DE CARVALHO;-8.0634363;-34.9345332
3268;BARRO;AV DR JOSE RUFINO XX;-8.0931524;-34.9433577
3269;BOA VIAGEM;AV ENGENHEIRO DOMINGOS FERREIRA;-8.1140293;-34.8945415
3270;BOA VIAGEM;AV BOA VIAGEM 3278;-8.1183788;-34.8940346
3271;JIQUIÁ;AV DR JOSE RUFINO;-8.0918804;-34.9363223
3272;IMBIRIBEIRA;AV MARECHAL MASCARENHAS DE MORAES 4223;-8.0951705;-34.9093071
3273;BOA VIAGEM;RUA PROFESSOR JOSE BRANDAO XX;-8.1123352;-34.8937905
3274;SÃO JOSÉ;RUA IMPERIAL 1220;-8.0752831;-34.8923957
3275;IMBIRIBEIRA;AV MARECHAL MASCARENHAS DE MORAES;-8.0970692;-34.9099535
3276;BONGI;AV ENGENHEIRO ABDIAS DE CARVALHO;-8.0619172;-34.9086392
3277;BOA VIAGEM;AV BOA VIAGEM 4798;-8.1312675;-34.8995881
3278;AFOGADOS;RUA SAO MIGUEL;-8.0802995;-34.9094707
3279;BOA VIAGEM;RUA BARAO DE SOUZA LEAO 4862;-8.1321597;-34.9012041
3280;BOA VIAGEM;AV BOA VIAGEM 4120;-8.1252427;-34.897162
3281;TORRE;RUA 10 DE NOVEMBRO 192;-8.0480516;-34.919875
3282;IPSEP;RUA JEAN EMILE FAVRE;-8.1143559;-34.9234155
3283;ESPINHEIRO;RUA DO ESPINHEIRO;-8.042323;-34.8925593
3284;BOA VIAGEM;RUA FELIX DE BRITO E MELO;-8.1153782;-34.9005014
3285;BOA VIAGEM;AV ANTONIO DE GOES;-8.0848937;-34.8870742
3286;SÃO JOSÉ;RUA IMPERIAL;-8.0720247;-34.8823535
3287;BOA VIAGEM;AV CONSELHEIRO AGUIAR;-8.1249055;-34.8991174
3288;CAMPO GRANDE;RUA JERONIMO VILELA 477;-8.0292787;-34.881915
3289;BOA VIAGEM;RUA ERNESTO DE PAULA SANTOS;-8.1251179;-34.8979318
3290;CASA FORTE;AV DEZESSETE DE AGOSTO;-8.0339411;-34.9218437
3291;BOA VIAGEM;RUA JOAO CARDOSO AIRES 446;-8.1418167;-34.9095914
3292;CASA AMARELA;EST DO ARRAIAL;-8.0281565;-34.9116057
3293;IMBIRIBEIRA;AV MARECHAL MASCARENHAS DE MORAES 820;-8.0900348;-34.9083495
3294;BOA VIAGEM;RUA BALTAZAR PASSOS;-8.1437629;-34.9077702
3295;IPSEP;AV MARECHAL MASCARENHAS DE MORAES;-8.1230149;-34.9146581
3296;CABANGA;AV SUL 1450;-8.126812;-34.9131124
3297;CAMPO GRANDE;EST DE BELEM;-8.0337817;-34.8857278
3298;CAXANGÁ;AV CAXANGA;-8.043388;-34.9335891
3299;BOA VIAGEM;AV ENGENHEIRO DOMINGOS FERREIRA;-8.1002451;-34.8873317
3300;MADALENA;RUA BENFICA;-8.0587383;-34.9027839
3301;TORRÕES;RUA GOMES TABORDA;-8.0534985;-34.9289435
3302;BOA VIAGEM;RUA RIBEIRO DE BRITO 720;-8.1229884;-34.9037039
3303;LINHA DO TIRO;RUA URIEL DE HOLANDA 1472;-8.0080799;-34.9091998
3304;SAN MARTIN;AV JOAO CABRAL DE MELO NETO;-8.0795719;-34.9338788
3305;CABANGA;AV SUL 1450;-8.126889;-34.9131426
3306;CAXANGÁ;AV CAXANGA;-8.0529674;-34.9167126
3307;IMBIRIBEIRA;AV MARECHAL MASCARENHAS DE MORAES;-8.0948758;-34.9094224
3308;CAXANGÁ;AV CAXANGA;-8.031572;-34.9549395
3309;ESTÂNCIA;AV DR JOSE RUFINO 548;-8.0856399;-34.9300794
3310;IMBIRIBEIRA;AV MARECHAL MASCARENHAS DE MORAES;-8.0948426;-34.9094103
3311;HIPÓDROMO;EST DE BELEM 175;-8.0363154;-34.8895231
3312;SANTO ANTÔNIO;RUA DA CONCORDIA 334;-8.066874;-34.8817849
3313;SANTO AMARO;AV CRUZ CABUGA;-8.044676;-34.8749185
3314;BOA VISTA;RUA BARAO DE SAO BORJA;-8.0603902;-34.890309
3315;FUNDÃO;AV BEBERIBE;-8.0139524;-34.8895673
3316;CAMPO GRANDE;EST DE BELEM;-8.0324511;-34.8834077
3317;AFOGADOS;RUA QUITERIO INACIO DE MELLO;-8.0816937;-34.9090415
3318;SAN MARTIN;AV GENERAL SAN MARTIN 2497;-8.0734189;-34.9295872
3319;ENCRUZILHADA;AV NORTE;-8.0250756;-34.9080974
3320;ARRUDA;AV BEBERIBE 1584 A;-8.0233891;-34.893828
3321;ILHA DO RETIRO;AV ENGENHEIRO ABDIAS DE CARVALHO;-8.0617579;-34.907577
3322;BOA VISTA;RUA DOM BOSCO;-8.0560295;-34.8953488
3323;ALTO JOSÉ BONIFÁCIO;RUA VISCONDE SABUGOSA XX;-8.1316047;-34.94709
3324;LINHA DO TIRO;RUA CORREGO DO EUCLIDES 1972;-8.010056;-34.9139151
3325;PINA;AV ANTONIO DE GOES;-8.0899179;-34.8822623
3326;SÃO JOSÉ;AV SUL;-8.0887495;-34.9073517
3327;BRASÍLIA TEIMOSA;RUA FRANCISCO VALPASSOS 32;-8.0839742;-34.8834519
3328;VÁRZEA;AV CAXANGA XX;-8.0308284;-34.9563825
3329;MADALENA;AV BEIRA RIO;-8.0668249;-34.8963922
3330;IMBIRIBEIRA;AV MARECHAL MASCARENHAS DE MORAES 3930;-8.1187346;-34.9137086
3331;ENCRUZILHADA;LGO ENCRUZILHADA;-8.0369568;-34.8913926
3332;ESTÂNCIA;AV RECIFE 898;-8.0938348;-34.9291205
3333;MADALENA;RUA REAL DA TORRE 361;-8.0539341;-34.9089584
3334;DERBY;RUA DOM BOSCO;-8.054286;-34.8960073
3335;DOIS UNIDOS;RUA LEONCIO RODRIGUES;-8.0024517;-34.9120107
3336;BOA VIAGEM;RUA SA E SOUZA 125;-8.1331846;-34.9065538
3337;PINA;RUA DELFIM;-8.0830773;-34.8825413
3338;BAIRRO DO RECIFE;CAIS DO APOLO;-8.058571;-34.8725259
3339;MADALENA;RUA NOBRE DE LACERDA 231;-8.0595138;-34.9097067
3340;AFOGADOS;EST DOS REMEDIOS 1127;-8.0702095;-34.9082462
3341;JARDIM SÃO PAULO;AV LIBERDADE;-8.0820788;-34.960776
3342;BOA VIAGEM;RUA PROF AURELIO DE CASTRO CAVALCANTI;-8.1405103;-34.914827
3343;ESTÂNCIA;AV DR JOSE RUFINO 98;-8.0841129;-34.926551
3344;CAMPO GRANDE;RUA MARQUES DE ABRANTES;-8.030345;-34.8796928
3345;SANTO AMARO;AV CRUZ CABUGA;-8.0445831;-34.8748595
3346;IBURA;RUA RIO XINGU;-8.1179911;-34.941625
3347;SANTO AMARO;AV CRUZ CABUGA;-8.0416431;-34.8726681
3348;SANTO AMARO;AV CRUZ CABUGA;-8.0442644;-34.8746637
3349;BARRO;AV DR JOSE RUFINO XX;-8.0928602;-34.9460506
3350;GRAÇAS;RUA JOAQUIM NABUCO 778;-8.0528824;-34.9031876
3351;ARRUDA;RUA ALEGRE 23;-8.0229589;-34.8937355
3352;SÃO JOSÉ;RUA TOBIAS BARRETO 351;-8.0669935;-34.8818037
3353;SÃO JOSÉ;RUA TOBIAS BARRETO 351;-8.066886;-34.8821121
3354;CIDADE UNIVERSITÁRIA;AV PROFESSOR LUIZ FREIRE 200;-8.0589003;-34.9484861
3355;IPUTINGA;RUA MAURICIO DE NASSAU 33;-8.0356223;-34.9395597
3356;CORDEIRO;AV CAXANGA 2647;-8.0453719;-34.9303651
3357;PARNAMIRIM;AV PARNAMIRIM;-8.0349742;-34.9079552
3358;CASA AMARELA;AV NORTE 4913;-8.0246879;-34.9096745
3359;CORDEIRO;AV CAXANGA;-8.0515041;-34.9190381
3360;PORTO DA MADEIRA;AV CIDADE DE MONTEIRO;-8.0075221;-34.8874605
3361;IMBIRIBEIRA;AV MARECHAL MASCARENHAS DE MORAES;-8.1315198;-34.9159375
3362;SANTO AMARO;RUA CAPITAO LIMA 326;-8.0531321;-34.879501
3363;TORRE;RUA MARQUES DE MARICA 48;-8.0475735;-34.9154386
3364;TEJIPIÓ;RUA FALCAO DE LACERDA 328;-8.0917715;-34.9605936
3365;TEJIPIÓ;RUA FALCAO DE LACERDA 338;-8.0908527;-34.9569726
3366;SANTO AMARO;AV CRUZ CABUGA;-8.0493927;-34.8782873
3367;TORREÃO;AV GOVERNADOR AGAMENON MAGALHAES;-8.0408516;-34.8825413
3368;CASA FORTE;RUA NESTOR SILVA 351;-8.0386685;-34.9136442
3369;IPSEP;RUA ITAJAI;-8.1068359;-34.9131051
3370;BEBERIBE;AV BEBERIBE 3878;-8.0112101;-34.8891422
3371;IBURA;AV RECIFE;-8.1081291;-34.9270016
3372;PRADO;RUA CARLOS GOMES;-8.0649713;-34.9138494
3373;ESTÂNCIA;AV DR JOSE RUFINO 634;-8.0862985;-34.9306011
3374;TORRE;RUA CONDE DE IRAJA;-8.0467051;-34.9128985
3375;HIPÓDROMO;EST DE BELEM;-8.0357232;-34.8885092
3376;COELHOS;AV GOVERNADOR AGAMENON MAGALHAES;-8.0646738;-34.8969528
3377;BARRO;AV DR JOSE RUFINO;-8.0856213;-34.9299225
3378;JARDIM SÃO PAULO;RUA LEANDRO BARRETO;-8.0810298;-34.943465
3379;SÃO JOSÉ;AV SUL;-8.078823;-34.9007535
3380;BEBERIBE;RUA URIEL DE HOLANDA;-8.0022392;-34.8971996
3381;BOA VIAGEM;RUA BALTAZAR PASSOS;-8.1438001;-34.9076481
3382;PARNAMIRIM;AV GOVERNADOR AGAMENON MAGALHAES;-8.0519635;-34.8957968
3383;BOA VIAGEM;AV BOA VIAGEM 2530;-8.1127561;-34.8905329
3384;SANTO AMARO;AV DR JAYME DA FONTE;-8.0390191;-34.8790759
3385;BONGI;AV ENGENHEIRO ABDIAS DE CARVALHO;-8.0622146;-34.9313039
3386;BOA VISTA;RUA DOM BOSCO;-8.0567359;-34.8951021
3387;BOA VIAGEM;RUA PADRE BERNADINO PESSOA 392;-8.1129406;-34.8967302
3388;BOA VISTA;PTE PRINCESA IZABEL;-8.0602441;-34.8788238
3389;TORRE;RUA ANA NERY 200;-8.0408357;-34.9073906
3390;IBURA;AV ENGENHO SERRA VERDE 710;-8.1137532;-34.9516229
3391;IPSEP;RUA SATURNINO MEIRELES;-8.1140957;-34.921385
3392;SANTO AMARO;AV VISCONDE DE SUASSUNA 305;-8.0536964;-34.8846227
3393;BEBERIBE;PRC DA CONVENCAO;-8.036836;-34.8910466
3394;CORDEIRO;RUA DR JOAO LACERDA 1814;-8.0487753;-34.9236488
3395;CAMPO GRANDE;EST DE BELEM 1350;-8.0322865;-34.879961
3396;BOA VIAGEM;AV CONSELHEIRO AGUIAR;-8.1077573;-34.8898584
3397;AFOGADOS;RUA FIRMINO DE FIGUEIREDO;-8.0749034;-34.9074242
3398;MADALENA;RUA REAL DA TORRE 954;-8.0487075;-34.9087116
3399;NÃO INFORMADO;AV AFONSO OLINDENSE;-8.0359356;-34.9558327
3400;IBURA;RUA JORNALISTA EDSON REGIS 36;-8.116204;-34.9290991
3401;AFOGADOS;RUA JOAO IVO DA SILVA;-8.063346;-34.9095029
3402;JORDÃO;RUA DR ALVARO FERRAZ 42;-8.1340927;-34.9370304
3403;TORRE;RUA JOSE BONIFACIO 1141;-8.0409194;-34.9087907
3404;AREIAS;AV RECIFE;-8.0901994;-34.9296355
3405;ENCRUZILHADA;RUA BELA VISTA;-8.0026058;-34.906354
3406;CASA FORTE;AV DEZESSETE DE AGOSTO;-8.0277077;-34.9285519
3407;VASCO DA GAMA;RUA VASCO DA GAMA 935;-8.0173574;-34.9212818
3408;IBURA;AV DOIS RIOS;-8.1107579;-34.9371243
3409;TEJIPIÓ;RUA FALCAO DE LACERDA;-8.0923677;-34.9619561
3410;DERBY;RUA AMARO BEZERRA 342;-8.0555395;-34.9007669
3411;VÁRZEA;AV AFONSO OLINDENSE;-8.0381639;-34.9570477
3412;TOTÓ;RUA ONZE DE AGOSTO;-8.0436967;-34.9303772
3413;SANTO AMARO;AV GOVERNADOR AGAMENON MAGALHAES;-8.0375053;-34.8735881
3414;DERBY;AV GOVERNADOR AGAMENON MAGALHAES;-8.0703729;-34.8961294
3415;IMBIRIBEIRA;AV PRESIDENTE DUTRA;-8.1217351;-34.9182254
3416;IMBIRIBEIRA;AV MARECHAL MASCARENHAS DE MORAES;-8.1297222;-34.9159133
3417;SANTO AMARO;AV JOAO DE BARROS;-8.0537747;-34.8898745
3418;DOIS UNIDOS;AV HILDEBRANDO DE VASCONCELOS;-7.9900263;-34.9153984
3419;MACAXEIRA;AV NORTE;-8.0096603;-34.9361479
3420;BOA VISTA;AV CONDE DA BOA VISTA;-8.0581434;-34.8890215
3421;BOA VISTA;AV CONDE DA BOA VISTA;-8.0592057;-34.8872003
3422;CABANGA;AV SUL;-8.0762206;-34.8931092
3423;CAXANGÁ;AV CAXANGA;-8.0518148;-34.9185312
3424;CAXANGÁ;AV CAXANGA;-8.0390244;-34.9418288
3425;AFOGADOS;PTE DO MOTOCOLOMBO;-8.0811546;-34.9061099
3426;ÁGUA FRIA;AV ANIBAL BENEVOLO 1201;-8.0102951;-34.8998791
3427;ROSARINHO;AV NORTE 3026;-8.0099471;-34.9359012
3428;ENCRUZILHADA;AV BEBERIBE 67;-8.0367311;-34.8911887
3429;CAMPO GRANDE;EST DE BELEM 1298;-8.032244;-34.8804948
3430;IMBIRIBEIRA;RUA ARQUITETO LUIZ NUNES;-8.0863795;-34.9096544
3431;JORDÃO;RUA NOVA CANAA;-8.1334023;-34.9372745
3432;IBURA;AV DOIS RIOS;-8.117853;-34.9419576
3433;PRADO;AV ENGENHEIRO ABDIAS DE CARVALHO;-8.0623846;-34.9163157
3434;BEBERIBE;AV BEBERIBE 32000;-8.0111158;-34.8891208
3435;IPSEP;RUA ITACARI 162;-8.1085353;-34.9132419
3436;MUSTARDINHA;AV MANOEL GONCALVES DA LUZ 241;-8.0662885;-34.9169326
3437;ESPINHEIRO;RUA AMELIA;-8.0462005;-34.894343
3438;CURADO;NÃO INFORMADO;-8.0429551;-35.007956
3439;BOA VIAGEM;RUA ANTONIO FALCAO 55;-8.1167325;-34.8936389
3440;BOA VIAGEM;RUA RIBEIRO DE BRITO 1002;-8.1229618;-34.9054313
3441;MADALENA;AV VISCONDE DE ALBUQUERQUE 400;-8.0549592;-34.9068877
3442;BOA VIAGEM;AV BOA VIAGEM 1516;-8.1594174;-34.9111658
3443;BOA VIAGEM;AV BOA VIAGEM;-8.1152003;-34.89209
3444;IBURA;AV DOIS RIOS;-8.1161961;-34.9408472
3445;LINHA DO TIRO;RUA URIEL DE HOLANDA 1414;-8.0081171;-34.9087331
3446;BOA VISTA;RUA JOAQUIM DE BRITO 29;-8.0612719;-34.8921141
3447;BOA VIAGEM;AV BOA VIAGEM;-8.1410865;-34.9032962
3448;CASA FORTE;AV DEZESSETE DE AGOSTO;-8.0330009;-34.9230158
3449;PORTO DA MADEIRA;AV BEBERIBE;-8.0072619;-34.8904967
3450;IMBIRIBEIRA;AV SUL 1272;-8.0775218;-34.8969716
3451;ENGENHO DO MEIO;RUA SANTA FILOMENA 435;-8.0552142;-34.9439478
3452;SÃO JOSÉ;AV DANTAS BARRETO;-8.0708774;-34.8829168
3453;TOTÓ;1TR ALTO DA BELA VISTA XX;-8.087131;-34.9656241
3454;BAIRRO DO RECIFE;CAIS DO APOLO;-8.0602388;-34.8727754
3455;ÁGUA FRIA;RUA JAPARANDUBA;-8.0194503;-34.8936161
3456;CASA FORTE;AV DEZESSETE DE AGOSTO;-8.0375185;-34.9150443
3457;JARDIM SÃO PAULO;AV RECIFE;-8.0697143;-34.940182
3458;AFOGADOS;RUA SAO MIGUEL;-8.0802146;-34.9066329
3459;BOA VISTA;AV GOVERNADOR AGAMENON MAGALHAES XX;-8.0564863;-34.8981142
3460;SAN MARTIN;RUA VINTE E UM DE ABRIL;-8.0695178;-34.9326664
3461;JOANA BEZERRA;RUA CABO EUTROPIO;-8.0719636;-34.9007133
3462;IPUTINGA;AV CAXANGA;-8.0317526;-34.9547008
3463;SÃO JOSÉ;AV SUL;-8.0759417;-34.8923233
3464;BOA VISTA;RUA MIGUEL COUTO 81;-8.0575711;-34.896641
3465;BOA VIAGEM;RUA BALTAZAR PASSOS;-8.1422003;-34.9111216
3466;ÁGUA FRIA;EST VELHA DE AGUA FRIA;-8.025559;-34.8975322
3467;ARRUDA;AV BEBERIBE;-8.0283876;-34.8928477
3468;BEBERIBE;AV PROFESSOR JOSE DOS ANJOS;-8.0277927;-34.8929858
3469;SÃO JOSÉ;AV SUL 294;-8.1083428;-34.9088417
3470;SANTO AMARO;RUA TREZE DE MAIO;-8.0461022;-34.87921
3471;BOA VISTA;AV GOVERNADOR AGAMENON MAGALHAES;-8.0398424;-34.8778528
3472;PINA;AV HERCULANO BANDEIRA;-8.0851592;-34.8887104
3473;CASA FORTE;AV FLOR DE SANTANA 139;-8.0346768;-34.9135369
3474;AFOGADOS;EST DOS REMEDIOS;-8.0752114;-34.9074349
3475;JORDÃO;RUA DR ALVARO FERRAZ 1;-8.133871;-34.9371108
3476;IMBIRIBEIRA;RUA SARGENTO SILVINO DE MACEDO 481;-8.1142962;-34.9072029
3477;NOVA DESCOBERTA;AV VEREADOR OTACILIO AZEVEDO;-8.0020958;-34.9200332
3478;SÃO JOSÉ;AV DANTAS BARRETO;-8.0637788;-34.8783597
3479;PAISSANDU;AV GOVERNADOR AGAMENON MAGALHAES;-8.0620991;-34.8972358
3480;IPSEP;RUA JEAN EMILE FAVRE;-8.1068067;-34.9146634
3481;BEBERIBE;AV BEBERIBE;-8.016805;-34.8917748
3482;CASA AMARELA;AV NORTE;-8.0274554;-34.9036127
3483;MADALENA;AV ENGENHEIRO ABDIAS DE CARVALHO;-8.0620872;-34.9097577
3484;AFOGADOS;RUA SAO MIGUEL 1324;-8.0808174;-34.9187055
3485;CORDEIRO;EST DO FORTE DO ARRAIAL N. DO B. JESUS 341;-8.0501616;-34.9270713
3486;IBURA;AV DOIS RIOS;-8.1105481;-34.9370706
3487;ILHA DO RETIRO;AV ENGENHEIRO ABDIAS DE CARVALHO 677;-8.0621828;-34.9102136
3488;CORDEIRO;RUA GOMES TABORDA;-8.0564252;-34.9204275
3489;JORDÃO;AV DONA CARENTINA;-8.1341179;-34.9438164
3490;CAXANGÁ;AV CAXANGA;-8.0458021;-34.9292627
3491;IMBIRIBEIRA;AV MARECHAL MASCARENHAS DE MORAES;-8.1296319;-34.9162674
3492;IBURA;AV RIO SAO FRANCISCO;-8.1152428;-34.9502885
3493;MADALENA;AV JOSE GONCALVES DE MEDEIROS;-8.0597501;-34.9062735
3494;ARRUDA;AV BEBERIBE;-8.0297594;-34.8925379
3495;IBURA;AV DOIS RIOS;-8.1186523;-34.9425638
3496;IPSEP;RUA JAMAICA;-8.1073962;-34.9128851
3497;CIDADE UNIVERSITÁRIA;RUA PROFESSOR ANTONIO COELHO 270;-8.0428754;-34.9455303
3498;TORRÕES;1020;-8.0567173;-34.9313924
3499;DOIS UNIDOS;RUA DIVISOPOLIS;-8.0002843;-34.911198
3500;SANTO ANTÔNIO;AV MARTINS DE BARROS 593;-8.0657241;-34.8763052
3501;IBURA;AV DOIS RIOS;-8.1130097;-34.9386907
3502;BOA VIAGEM;RUA JOSE DOMINGUES DA SILVA 258;-8.1341431;-34.9056861
3503;JORDÃO;RUA DR ALVARO FERRAZ;-8.1334315;-34.9372584
3504;JORDÃO;AV MARIA IRENE 865;-8.1406444;-34.9286605
3505;VÁRZEA;AV CAXANGA 5612 A;-8.0321922;-34.9538773
3506;AFOGADOS;RUA SAO MIGUEL 2027;-8.0828755;-34.9244776
3507;ENCRUZILHADA;RUA MARECHAL DEODORO 603;-8.0359622;-34.8833996
3508;CASA FORTE;AV DEZESSETE DE AGOSTO;-8.0334046;-34.922753
3509;CORDEIRO;RUA DO FORTE 754;-8.0534056;-34.9288657
3510;IBURA;RUA RIO XINGU;-8.1195816;-34.9391882
3511;SANCHO;AV LIBERDADE 824;-8.0842218;-34.9564576
3512;DERBY;AV GOVERNADOR AGAMENON MAGALHAES;-8.0532542;-34.8959845
3513;AREIAS;RUA AURORA CACOTE 623;-8.0993343;-34.9342583
3514;CAXANGÁ;AV CAXANGA;-8.0468485;-34.9273878
3515;CASA AMARELA;RUA DA HARMONIA;-8.0261035;-34.9133867
3516;TORRE;AV JOSE GONCALVES DE MEDEIROS;-8.0589216;-34.9072418
3517;SANTO AMARO;AV CRUZ CABUGA;-8.0514961;-34.8797679
3518;IPSEP;RUA PINTOR ANTONIO ALBUQUERQUE 312;-8.1075343;-34.9241772
3519;ESTÂNCIA;AV RECIFE;-8.082501;-34.9328917
3520;PORTO DA MADEIRA;AV BEBERIBE 3530;-8.0078674;-34.8899657
3521;IMBIRIBEIRA;AV MARECHAL MASCARENHAS DE MORAES;-8.1411529;-34.9177989
3522;BOA VIAGEM;AV ARMINDO MOURA;-8.1505813;-34.9091917
3523;PRADO;RUA SANTA EDWIRGES 93;-8.0614737;-34.9113482
3524;AFOGADOS;RUA SAO MIGUEL;-8.0808864;-34.9193519
3525;CAMPO GRANDE;AV PROFESSOR JOSE DOS ANJOS;-8.0221222;-34.8786467
3526;IBURA;AV ENGENHO SERRA VERDE;-8.1135859;-34.9516296
3527;BOA VISTA;RUA JOAQUIM FELIPE 60;-8.053063;-34.8904511
3528;BOA VISTA;AV GOVERNADOR AGAMENON MAGALHAES;-8.051289;-34.8952013
3529;TORRE;RUA DIANOPOLIS 7;-8.0471167;-34.9187806
3530;TAMARINEIRA;RUA PADRE ROMA 34;-8.0332452;-34.9037978
3531;CASA AMARELA;RUA ARNOLDO MAGALHAES 230;-8.0257954;-34.9092387
3532;BEBERIBE;AV BEBERIBE;-8.0233732;-34.8938414
3533;SÃO JOSÉ;AV SUL;-8.0717219;-34.8781264
3534;DERBY;PRC DO ENTRONCAMENTO;-8.0507578;-34.8973256
3535;CASA AMARELA;AV NORTE;-8.0229509;-34.91395
3536;BOA VIAGEM;RUA DOS NAVEGANTES;-8.1166475;-34.8937932
3537;CASA AMARELA;EST DO ARRAIAL;-8.027458;-34.9138615
3538;JARDIM SÃO PAULO;AV SAO PAULO 257;-8.0839669;-34.9388489
3539;AFOGADOS;RUA QUITERIO INACIO DE MELLO;-8.0803261;-34.9094626
3540;SANTO AMARO;RUA DO PRINCIPE 415;-8.0570254;-34.8856795
3541;ILHA JOANA BEZERRA;VIADUTO CAPITAO TEMUDO;-8.0705003;-34.8960087
3542;SANTO AMARO;RUA TREZE DE MAIO;-8.0497725;-34.8818627
3543;CIDADE UNIVERSITÁRIA;AV DOS REITORES;-8.0521415;-34.9487382
3544;SANTO AMARO;RUA TREZE DE MAIO;-8.0504869;-34.8823375
3545;CASA AMARELA;AV NORTE 3681;-8.0208713;-34.9216613
3546;ENGENHO DO MEIO;RUA LINDOLFO COLOR 58;-8.0524787;-34.9412307
3547;BEBERIBE;AV BEBERIBE 4162;-8.0111483;-34.8891322
3548;ROSARINHO;RUA GENERAL ABREU E LIMA 236;-8.0331695;-34.8990208
3549;BREJO DE BEBERIBE;RUA URIEL DE HOLANDA;-8.007886;-34.9101493
3550;TAMARINEIRA;RUA CONEGO BARATA;-8.0312852;-34.9022609
3551;JARDIM SÃO PAULO;AV SAO PAULO;-8.0817548;-34.9398226
3552;MACAXEIRA;AV NORTE 7376;-8.0145474;-34.9314809
3553;IPUTINGA;AV CAXANGA;-8.0459774;-34.9293029
3554;CABANGA;AV SUL;-8.0763958;-34.8934364
3555;MADALENA;RUA JOAO IVO DA SILVA;-8.060345;-34.9100339
3556;IPSEP;RUA JEAN EMILE FAVRE 1464;-8.1133336;-34.9221736
3557;BOA VISTA;RUA DO HOSPICIO;-8.0603052;-34.8838717
3558;IMBIRIBEIRA;AV MARECHAL MASCARENHAS DE MORAES;-8.0964584;-34.9098288
3559;ROSARINHO;RUA COUTO MAGALHAES 156;-8.0304406;-34.8949009
3560;IMBIRIBEIRA;RUA BARAO DE AGUA BRANCA 45;-8.1133708;-34.9027517
3561;CAMPO GRANDE;RUA ODORICO MENDES 573;-8.0372277;-34.8797813
3562;CAMPO GRANDE;RUA ODORICO MENDES;-8.036257;-34.880181
3563;TORRÕES;EST DO FORTE DO ARRAIAL N. DO B. JESUS;-8.058988;-34.9315909
3564;BOA VISTA;RUA DOM BOSCO;-8.0559312;-34.8953891
3565;TORRE;RUA JOSE BONIFACIO;-8.0380152;-34.910109
3566;LINHA DO TIRO;RUA URIEL DE HOLANDA 1063;-8.0086058;-34.9056378
3567;IBURA;LAD DA COHAB;-8.1194037;-34.9436313
3568;PINA;RUA MANOEL DE BRITO;-8.0889991;-34.8910171
3569;CASA AMARELA;AV DR EURICO CHAVES;-8.0236906;-34.9256444
3570;BEBERIBE;AV BEBERIBE XX;-8.0191914;-34.8939876
3571;COELHOS;RUA DOS COELHOS;-8.0672817;-34.8901212
3572;SANTO ANTÔNIO;AV DANTAS BARRETO;-8.0659326;-34.8789471
3573;BOA VIAGEM;RUA VISCONDE DE JEQUITINHONHA 1280;-8.1408927;-34.9047688
3574;TORRÕES;RUA MAESTRO JONES JOHNSON;-8.0596917;-34.9360353
3575;BOA VIAGEM;RUA VISCONDE DE JEQUITINHONHA;-8.1364691;-34.9037388
3576;MACAXEIRA;RUA MARIA AMALIA XX;-8.0088621;-34.9323016
3577;PRADO;RUA GOMES TABORDA 767;-8.0569484;-34.9185111
3578;ESTÂNCIA;AV JOAO CABRAL DE MELO NETO;-8.0795347;-34.9335462
3579;ENCRUZILHADA;AV NORTE 2545;-8.0370259;-34.8944074
3580;MADALENA;AV CAXANGA;-8.0521972;-34.9180537
3581;BOA VISTA;RUA DR BANDEIRA FILHO;-8.0517245;-34.8948258
3582;IPUTINGA;AV CAXANGA;-8.0540456;-34.9143416
3583;AFOGADOS;RUA JOAO IVO DA SILVA;-8.0631893;-34.9093339
3584;CAXANGÁ;AV CAXANGA 510;-8.0545608;-34.9134511
3585;IPSEP;AV RECIFE;-8.1152747;-34.9244937
3586;CAMPINA DO BARRETO;RUA ITAINOPOLIS 12;-8.0189855;-34.8803888
3587;CASA FORTE;AV DEZESSETE DE AGOSTO X;-8.0347405;-34.9116285
3588;CASA AMARELA;AV NORTE 6484;-8.0172671;-34.9217606
3589;TORRÕES;AV ENGENHEIRO ABDIAS DE CARVALHO;-8.0632397;-34.9340987
3590;BOA VIAGEM;AV ENGENHEIRO DOMINGOS FERREIRA;-8.1176645;-34.8967892
3591;TORRE;RUA JOSE BONIFACIO;-8.0383286;-34.9098247
3592;BOA VIAGEM;RUA VISCONDE DE JEQUITINHONHA;-8.1579996;-34.912582
3593;CAMPO GRANDE;EST DE BELEM;-8.0370325;-34.8906898
3594;BOA VIAGEM;RUA RIBEIRO DE BRITO;-8.1229672;-34.9052113
3595;SANTO AMARO;AV MARIO MELO;-8.0541917;-34.8813705
3596;SANTO ANTÔNIO;PTE DUARTE COELHO;-8.0623527;-34.8809615
3597;BAIRRO DO RECIFE;RUA MADRE DEUS;-8.1366072;-34.9624121
3598;BOA VIAGEM;AV BOA VIAGEM 6666;-8.1487811;-34.9068367
3599;BOA VIAGEM;RUA VISCONDE DE JEQUITINHONHA 1360;-8.1323296;-34.9026042
3600;IMBIRIBEIRA;AV MARECHAL MASCARENHAS DE MORAES;-8.1169051;-34.913376
3601;CASA AMARELA;AV NORTE;-8.0229496;-34.9139553
3602;VÁRZEA;RUA GENERAL CANDIDO BORGES CASTELO BRANCO 420;-8.0426337;-34.9374005
3603;MADALENA;AV ENGENHEIRO ABDIAS DE CARVALHO;-8.0623899;-34.9164954
3604;MADALENA;RUA REAL DA TORRE;-8.0524203;-34.90843
3605;ESTÂNCIA;AV RECIFE;-8.0875439;-34.9303705
3606;ILHA DO LEITE;AV FREI MATIAS TEVES;-8.0651917;-34.8957244
3607;CABANGA;VIADUTO CAPITAO TEMUDO;-8.0702029;-34.8963439
3608;PORTO DA MADEIRA;AV BEBERIBE 3710;-8.0072658;-34.8905155
3609;IMBIRIBEIRA;RUA JACY 100;-8.1155707;-34.9129374
3610;AREIAS;AV RECIFE 4900;-8.0901476;-34.929496
3611;SAN MARTIN;AV ENGENHEIRO ABDIAS DE CARVALHO;-8.0605416;-34.9257705
3612;ARRUDA;AV BEBERIBE 323;-8.0344457;-34.8915911
3613;CASA AMARELA;RUA DA HARMONIA;-8.0315083;-34.915275
3614;AFOGADOS;LARGO DA PAZ;-8.0819407;-34.9064022
3615;CAJUEIRO;RUA CORONEL URBANO RIBEIRO DE SENA 1910;-8.0133309;-34.8826674
3616;IMBIRIBEIRA;RUA ANTONIO FALCAO;-8.1114058;-34.9041867
3617;BOMBA DO HEMETÉRIO;RUA BOMBA DO HEMETERIO 211;-8.0228553;-34.8979814
3618;AREIAS;AV RECIFE;-8.0996583;-34.9282193
3619;DERBY;RUA JOAQUIM NABUCO 409;-8.0525133;-34.8998281
3620;SANTO ANTÔNIO;C SANTA RITA;-8.070272;-34.8757339
3621;IMBIRIBEIRA;AV MARECHAL MASCARENHAS DE MORAES;-8.102473;-34.9105275
3622;CABANGA;AV ANTONIO DE GOES;-8.0793807;-34.8919451
3623;AFOGADOS;PTE DO MOTOCOLOMBO;-8.0826683;-34.9066651
3624;BOA VIAGEM;RUA DR PEDRO DE MELLO CAHU;-8.1112332;-34.8958799
3625;BOA VIAGEM;AV ENGENHEIRO DOMINGOS FERREIRA;-8.1212717;-34.8989591
3626;BOA VISTA;RUA DA AURORA;-8.0623395;-34.8818359
3627;JARDIM SÃO PAULO;RUA LEANDRO BARRETO 114;-8.0857375;-34.9524759
3628;ARRUDA;RUA SAO BENTO 146;-8.0235007;-34.8954079
3629;ESTÂNCIA;AV RECIFE;-8.1202694;-34.9193841
3630;TAMARINEIRA;AV CONS ROSA E SILVA 2130;-8.0340739;-34.9028939
3631;BOA VIAGEM;RUA PROFESSOR AUGUSTO LINS E SILVA;-8.1440444;-34.9075086
3632;SÍTIO DOS PINTOS;EST DOS PINTOS;-8.0154823;-34.9518013
3633;IMBIRIBEIRA;RUA MOTOCOLOMBO;-8.0839483;-34.9068904
3634;AREIAS;AV DR JOSE RUFINO 1552;-8.0918432;-34.9362968
3635;PINA;AV ANTONIO DE GOES;-8.0865839;-34.8856506
3636;BOA VIAGEM;RUA AVIADOR SEVERIANO LINS 263;-8.1084079;-34.8934163
3637;MACAXEIRA;AV NORTE;-8.0098621;-34.9358904
3638;IBURA;AV DOIS RIOS 350;-8.1109624;-34.9373013
3639;IPSEP;AV RECIFE;-8.1169449;-34.9232438
3640;CAMPO GRANDE;AV CORREIA DE BRITO 1065;-8.0226494;-34.8742238
3641;ILHA DO RETIRO;AV BEIRA RIO;-8.0624961;-34.9014214
3642;CASA AMARELA;RUA XAVANTES;-8.0231421;-34.9182335
3643;BOA VIAGEM;RUA ANTONIO FALCAO;-8.1132858;-34.9002627
3644;BOA VISTA;RUA JOSE DE ALENCAR;-8.0594129;-34.8877877
3645;ESPINHEIRO;RUA DA HORA;-8.0421477;-34.8911351
3646;SÃO JOSÉ;VDO DAS CINCO PONTAS;-8.0716662;-34.8797062
3647;SANCHO;AV LIBERDADE 598;-8.0853398;-34.9546659
3648;SÃO JOSÉ;RUA IMPERIAL;-8.0720672;-34.8946488
3649;BOA VIAGEM;AV BOA VIAGEM 3854;-8.1230787;-34.8964995
3650;MADALENA;RUA BENFICA;-8.0584568;-34.9039695
3651;CASA AMARELA;RUA DA HARMONIA 785;-8.0302374;-34.9148284
3652;IBURA;AV DOM HELDER CAMARA;-8.1074015;-34.9283695
3653;SANTO AMARO;AV CRUZ CABUGA 400;-8.0509703;-34.8794568
3654;BARRO;AV DR JOSE RUFINO;-8.0924327;-34.9471799
3655;MACAXEIRA;AV NORTE;-8.009214;-34.9364698
3656;CAMPO GRANDE;RUA FRANKLIN TAVORA X;-8.0281061;-34.882147
3657;SANTO ANTÔNIO;AV MARTINS DE BARROS;-8.0656777;-34.8761469
3658;CAMPO GRANDE;RUA DONA ELVIRA;-8.0356966;-34.8885468
3659;MANGABEIRA;AV NORTE;-8.0251606;-34.9080974
3660;IBURA;RUA RIO XINGU;-8.1179911;-34.9416156
3661;CASA AMARELA;RUA DA HARMONIA;-8.027377;-34.9138199
3662;IPUTINGA;AV CAXANGA;-8.0396007;-34.9408928
3663;BOA VISTA;RUA DOM BOSCO;-8.0560162;-34.8953059
3664;PINA;AV ANTONIO DE GOES;-8.0844276;-34.8875222
3665;SANTO AMARO;AV CRUZ CABUGA;-8.0539009;-34.881577
3666;BOA VISTA;RUA PRINCESA IZABEL;-8.0595058;-34.8799932
3667;BOA VIAGEM;AV BOA VIAGEM;-8.1364505;-34.9017406
3668;PORTO DA MADEIRA;AV BEBERIBE 3530;-8.0078674;-34.8899952
3669;BOA VIAGEM;AV ENGENHEIRO DOMINGOS FERREIRA;-8.1246851;-34.9002251
3670;TORRE;RUA PADRE LANDIM;-8.0479241;-34.9123675
3671;IMBIRIBEIRA;RUA BARAO DE AGUA BRANCA 376;-8.1123777;-34.9048211
3672;ESTÂNCIA;AV RECIFE;-8.0895462;-34.9297468
3673;BOA VIAGEM;AV ARMINDO MOURA XX;-8.1486962;-34.9140559
3674;AFOGADOS;RUA SAO MIGUEL 1895;-8.0822833;-34.9235845
3675;GRAÇAS;AV RUI BARBOSA;-8.0477209;-34.8997195
3676;ENCRUZILHADA;AV BEBERIBE;-8.0293092;-34.8926479
3677;IBURA;AV DOIS RIOS XX;-8.1205681;-34.9438633
3678;MACAXEIRA;RUA MARIA AMALIA 437;-8.00872;-34.9322534
3679;CASA AMARELA;RUA PADRE LEMOS 51;-8.0262124;-34.917807
3680;TORRE;RUA SOUZA BANDEIRA 11;-8.0456879;-34.9167261
3681;IPSEP;AV RECIFE 2959;-8.1044434;-34.9276292
3682;SANTO AMARO;AV CRUZ CABUGA;-8.0517086;-34.879961
3683;BOA VIAGEM;RUA VISCONDE DE JEQUITINHONHA;-8.1312649;-34.9028134
3684;IBURA;AV DOIS RIOS;-8.1097655;-34.9360929
3685;BOA VIAGEM;RUA TENENTE JOAO CICERO;-8.1118944;-34.8967195
3686;BOA VIAGEM;RUA ARTUR MUNIZ;-8.1043053;-34.8882021
3687;CAÇOTE;AV RECIFE;-8.0980491;-34.9285197
3688;MACAXEIRA;AV NORTE;-8.015716;-34.9309498
3689;PINA;AV BOA VIAGEM 634;-8.0987023;-34.8839307
3690;ENCRUZILHADA;RUA VINTE E QUATRO DE JUNHO 223;-8.0370644;-34.8866692
3691;ILHA DO RETIRO;RUA JOAO ELISIO RAMOS 210;-8.0624802;-34.9050021
3692;AFLITOS;AV CONS ROSA E SILVA;-8.0408171;-34.8984978
3693;IMBIRIBEIRA;RUA ARQUITETO LUIZ NUNES 1465;-8.0968528;-34.9120094
3694;IPUTINGA;AV CAXANGA;-8.0410216;-34.937823
3695;IPUTINGA;RUA SAO MATEUS;-8.0341549;-34.9348323
3696;MADALENA;RUA JOSE OSORIO 865;-8.0539865;-34.9123487
3697;IBURA;AV DOM HELDER CAMARA;-8.1083999;-34.9334872
3698;BOMBA DO HEMETÉRIO;RUA BOMBA DO HEMETERIO;-8.0230558;-34.8986627
3699;MANGUEIRA;RUA VINTE E UM DE ABRIL 97;-8.071297;-34.9280155
3700;BOA VIAGEM;RUA VISCONDE DE JEQUITINHONHA XX;-8.1320668;-34.902918
3701;JORDÃO;RUA CANAA;-8.1280759;-34.9386987
3702;TAMARINEIRA;RUA CONEGO BARATA;-8.0313131;-34.9020316
3703;CORDEIRO;RUA MAURICIO DE NASSAU;-8.0407056;-34.9271438
3704;BARRO;AV DR JOSE RUFINO;-8.0929399;-34.9402544
3705;AFOGADOS;RUA COSME VIANA;-8.0709837;-34.9095082
3706;IMBIRIBEIRA;AV MARECHAL MASCARENHAS DE MORAES;-8.1115227;-34.9124855
3707;CORDEIRO;AV INACIO MONTEIRO 604;-8.0505506;-34.932712
3708;SANTO AMARO;RUA SAO GERALDO;-8.0545476;-34.8805591
3709;IPSEP;RUA JEAN EMILE FAVRE;-8.1069474;-34.9148539
3710;JORDÃO;AV MARIA IRENE 53;-8.1402076;-34.9226376
3711;TOTÓ;RUA ONZE DE AGOSTO;-8.0795401;-34.9708664
3712;CASA AMARELA;AV NORTE;-8.0270517;-34.9041384
3713;BOA VISTA;PTE DUARTE COELHO XX;-8.06252;-34.8806946
3714;IBURA;RUA RIO TAPADO S/N;-8.1172038;-34.9427247
3715;CAXANGÁ;AV CAXANGA;-8.0397574;-34.9405521
3716;JARDIM SÃO PAULO;RUA LORENA;-8.0815078;-34.9446559
3717;PINA;AV ENGENHEIRO DOMINGOS FERREIRA;-8.0908288;-34.8847353
3718;TORRE;RUA BEIRA RIO;-8.0480569;-34.9042296
3719;MADALENA;RUA JOSE OSORIO;-8.0533525;-34.9068247
3720;ARRUDA;RUA CLARA 110;-8.0212703;-34.8831495
3721;AFOGADOS;EST DOS REMEDIOS XX;-8.0763998;-34.907233
3722;MADALENA;RUA BENFICA;-8.0583506;-34.904117
3723;TORRE;RUA SOUZA BANDEIRA;-8.0475841;-34.9173483
3724;SANTO AMARO;RUA TREZE DE MAIO;-8.0500248;-34.88208
3725;BOA VISTA;RUA DA SANTA CRUZ 101;-8.0627544;-34.8883731
3726;IPUTINGA;EST DO BARBALHO;-8.0325799;-34.9399057
3727;MACAXEIRA;AV NORTE 8046;-8.0118674;-34.9337152
3728;SAN MARTIN;AV GENERAL SAN MARTIN 134;-8.051034;-34.921428
3729;IMBIRIBEIRA;AV GENERAL MAC ARTHUR;-8.1095842;-34.9087277
3730;BOMBA DO HEMETÉRIO;RUA BOMBA DO HEMETERIO 343;-8.0222291;-34.8995861
3731;SAN MARTIN;AV GENERAL SAN MARTIN;-8.0649606;-34.9271384
3732;SANTO AMARO;AV GOVERNADOR AGAMENON MAGALHAES;-8.0431542;-34.8874377
3733;SANTO AMARO;PTE DO LIMOEIRO;-8.0508215;-34.8727512
3734;AREIAS;AV RECIFE;-8.0927912;-34.9292868
3735;BOA VIAGEM;AV CONSELHEIRO AGUIAR;-8.1308042;-34.9012765
3736;TAMARINEIRA;RUA CONEGO BARATA;-8.0325282;-34.9027035
3737;MUSTARDINHA;RUA UBERABA 88;-8.0746823;-34.9165872
3738;SANTO AMARO;AV CRUZ CABUGA XX;-8.051836;-34.8800415
3739;CORDEIRO;AV CAXANGA;-8.0468883;-34.9272028
3740;PRADO;AV ENGENHEIRO ABDIAS DE CARVALHO XX;-8.0623899;-34.9163425
3741;SANTO AMARO;AV GOVERNADOR AGAMENON MAGALHAES;-8.0434968;-34.8865271
3742;CASA AMARELA;AV NORTE;-8.0246826;-34.9096423
3743;IMBIRIBEIRA;RUA ARQUITETO LUIZ NUNES;-8.0835659;-34.9090308
3744;SANTO AMARO;AV VISCONDE DE SUASSUNA;-8.0550442;-34.8822731
3745;VÁRZEA;AV CAXANGA;-8.0300847;-34.9580294
3746;BOA VIAGEM;RUA CAPITAO ZUZINHA;-8.1348016;-34.9062547
3747;TORRE;RUA MARQUES DE MARICA;-8.0476027;-34.9160367
3748;CORDEIRO;AV CAXANGA;-8.0451873;-34.9303289
3749;CORDEIRO;AV CAXANGA;-8.0434198;-34.9339646
3750;BOA VIAGEM;RUA VISCONDE DE JEQUITINHONHA X;-8.1406988;-34.9046695
3751;BOA VIAGEM;RUA VISCONDE DE JEQUITINHONHA;-8.144278;-34.9067402
3752;BOA VIAGEM;AV CONSELHEIRO AGUIAR 2696;-8.1129413;-34.892837
3753;AFOGADOS;LARGO DA PAZ XX;-8.0827161;-34.9064559
3754;MADALENA;AV ENGENHEIRO ABDIAS DE CARVALHO;-8.062135;-34.9096638
3755;DERBY;AV GOVERNADOR AGAMENON MAGALHAES 141;-8.0608496;-34.8981571
3756;AFOGADOS;RUA IMPERIAL 1;-8.0752486;-34.8922697
3757;CAMPO GRANDE;RUA ODORICO MENDES;-8.0362623;-34.8801541
3758;GRAÇAS;RUA DA AMIZADE 46;-8.0506011;-34.9001755
3759;TAMARINEIRA;EST VELHA DE AGUA FRIA;-8.0267542;-34.8978782
3760;POÇO DA PANELA;RUA ALVARO MACEDO;-8.0368997;-34.9252743
3761;JOANA BEZERRA;AV GOVERNADOR AGAMENON MAGALHAES;-8.0722743;-34.8944557
3762;SANTO AMARO;RUA GERVASIO PIRES;-8.0545184;-34.883303
3763;SÃO JOSÉ;AV SUL;-8.0749459;-34.8895445
3764;ILHA JOANA BEZERRA;RUA JAGUARI 66;-8.0586852;-34.9343911
3765;DOIS IRMÃOS;RUA DOIS IRMAOS 447;-8.0202338;-34.939962
3766;GRAÇAS;RUA DA HORA;-8.0486385;-34.8959899
3767;BEBERIBE;RUA DA REGENERACAO;-8.0209005;-34.887836
3768;BOA VIAGEM;RUA DOS NAVEGANTES;-8.1250091;-34.8975241
3769;TEJIPIÓ;AV DR JOSE RUFINO;-8.0907146;-34.9563932
3770;CABANGA;VIADUTO CAPITAO TEMUDO;-8.0699905;-34.8964244
3771;BOA VIAGEM;RUA BARAO DE SOUZA LEAO 626;-8.1325035;-34.9001715
3772;ENCRUZILHADA;AV NORTE;-8.0391785;-34.8895955
3773;MADALENA;AV JOSE GONCALVES DE MEDEIROS;-8.0584701;-34.90556
3774;AFOGADOS;RUA VINTE E UM DE ABRIL;-8.0762949;-34.9137615
3775;BOA VISTA;RUA JOSE DE ALENCAR;-8.0640311;-34.8907542
3776;SÃO JOSÉ;AV SUL 1220;-8.0772669;-34.8964807
3777;CORDEIRO;RUA GOMES TABORDA 1553;-8.0549964;-34.9255425
3778;AFOGADOS;RUA SANTOS ARAUJO XX;-8.0800791;-34.9095109
3779;BOA VIAGEM;AV CONSELHEIRO AGUIAR 4734;-8.1285134;-34.9006476
3780;ILHA JOANA BEZERRA;AV CENTRAL;-8.0732064;-34.8953891
3781;BOA VIAGEM;RUA VISCONDE DE JEQUITINHONHA;-8.1411316;-34.9047661
3782;ARRUDA;AV PROFESSOR JOSE DOS ANJOS;-8.0269268;-34.8979184
3783;IMBIRIBEIRA;RUA ARQUITETO LUIZ NUNES 690;-8.0900759;-34.9106602
3784;IMBIRIBEIRA;RUA ARQUITETO LUIZ NUNES 690;-8.0900972;-34.9106616
3785;CAMPO GRANDE;RUA ODORICO MENDES 396;-8.0356169;-34.8804398
3786;CASA AMARELA;AV NORTE;-8.0206641;-34.9233457
3787;BOA VISTA;AV VISCONDE DE SUASSUNA 639;-8.0524017;-34.8867215
3788;BOA VIAGEM;AV CONSELHEIRO AGUIAR 802;-8.0975193;-34.8852282
3789;MADALENA;RUA PADRE LANDIM 302;-8.0488191;-34.9123567
3790;IPSEP;AV RECIFE;-8.0954732;-34.9288416
3791;JOANA BEZERRA;AV SUL;-8.0724124;-34.894048
3792;VÁRZEA;RUA FRANCISCO LEOPOLDINO;-8.0260849;-34.9609838
3793;AREIAS;AV DR JOSE RUFINO;-8.0922229;-34.9376822
3794;ENGENHO DO MEIO;RUA ANTONIO CURADO 80;-8.0546757;-34.941743
3795;BOA VISTA;AV CONDE DA BOA VISTA;-8.0604991;-34.8846334
3796;PRADO;AV ENGENHEIRO ABDIAS DE CARVALHO 1079;-8.0622817;-34.9099904
3797;SANTO AMARO;AV MARIO MELO;-8.0548955;-34.8806477
3798;SANTO AMARO;AV MARIO MELO;-8.0560454;-34.8784241
3799;CAMPO GRANDE;RUA JERONIMO VILELA;-8.032151;-34.8813558
3800;MADALENA;AV JOSE GONCALVES DE MEDEIROS;-8.0598829;-34.9060723
3801;AFOGADOS;RUA SAO MIGUEL;-8.0802969;-34.9097013
3802;IBURA;LAD DA COHAB 364;-8.1185939;-34.9460372
3803;TEJIPIÓ;AV DR JOSE RUFINO;-8.0900056;-34.9531075
3804;IMBIRIBEIRA;RUA BARAO DE SOUZA LEAO;-8.1326589;-34.9099267
3805;IMBIRIBEIRA;AV RECIFE 1277;-8.1192577;-34.9214655
3806;ESPINHEIRO;AV GOVERNADOR AGAMENON MAGALHAES;-8.0485349;-34.893246
3807;JOANA BEZERRA;AV BEIRA RIO;-8.0680571;-34.9001312
3808;CAMPO GRANDE;RUA ODORICO MENDES;-8.0390364;-34.8790947
3809;AFOGADOS;AV SUL;-8.0811254;-34.905037
3810;TORRE;RUA SOUZA BANDEIRA 415;-8.0481956;-34.9177091
3811;CAMPO GRANDE;AV PROFESSOR JOSE DOS ANJOS XX;-8.0201714;-34.8743941
3812;PINA;AV REPUBLICA DO LIBANO;-8.0871867;-34.8884194
3813;BAIRRO DO RECIFE;AV ALFREDO LISBOA;-8.0654055;-34.8724904
3814;CABANGA;VIADUTO CAPITAO TEMUDO;-8.0702135;-34.8961937
3815;TAMARINEIRA;AV NORTE;-8.0298085;-34.9005872
3816;IMBIRIBEIRA;AV MARECHAL MASCARENHAS DE MORAES;-8.1117669;-34.9123836
3817;MACAXEIRA;AV NORTE;-8.0139099;-34.9315131
3818;SANTO AMARO;AV GOVERNADOR AGAMENON MAGALHAES;-8.0366395;-34.8728585
3819;BOA VIAGEM;AV CONSELHEIRO AGUIAR 1687;-8.1049804;-34.8883718
3820;IPSEP;RUA JEAN EMILE FAVRE;-8.1096287;-34.9180484
3821;COQUEIRAL;RUA GUANABARA;-8.0901609;-34.9650662
3822;SAN MARTIN;AV GENERAL SAN MARTIN;-8.0705933;-34.9286699
3823;ÁGUA FRIA;AV BEBERIBE;-8.0192272;-34.8939782
3824;ESTÂNCIA;AV RECIFE;-8.0893019;-34.9298877
3825;ARRUDA;EST VELHA DE AGUA FRIA 858;-8.0276014;-34.8985641
3826;GRAÇAS;RUA TREZE DE MAIO;-8.0523991;-34.8835686
3827;VASCO DA GAMA;RUA ALTO DO EUCALIPTO 355;-8.0108249;-34.9193157
3828;GRAÇAS;RUA DAS PERNAMBUCANAS;-8.0517006;-34.8992434
3829;IBURA;RUA RIO XINGU;-8.1166767;-34.9433041
3830;AFOGADOS;RUA NICOLAU PEREIRA;-8.0794126;-34.9044657
3831;BONGI;EST DO BONGI;-8.068344;-34.9096477
3832;IPUTINGA;RUA GASPAR PEREZ;-8.0401186;-34.9402142
3833;DOIS IRMÃOS;PRC FARIAS NEVES;-8.0159039;-34.9436983
3834;TEJIPIÓ;RUA FALCAO DE LACERDA;-8.0934445;-34.9638605
3835;AFOGADOS;RUA SAO MIGUEL;-8.0803075;-34.9098301
3836;CORDEIRO;RUA DIANOPOLIS 36;-8.0475523;-34.9177077
3837;IPSEP;RUA ITAJAI;-8.108692;-34.9134564
3838;SÃO JOSÉ;RUA IMPERIAL 1173;-8.0751371;-34.8919357
3839;MADALENA;RUA BENFICA;-8.0580664;-34.9052811
3840;ESTÂNCIA;AV DR JOSE RUFINO;-8.0862985;-34.9305663
3841;BOA VIAGEM;AV ENGENHEIRO DOMINGOS FERREIRA;-8.1002;-34.8873398
3842;ESTÂNCIA;AV DR JOSE RUFINO 98;-8.0846812;-34.9279565
3843;BARRO;AV DR JOSE RUFINO;-8.0844475;-34.9317384
3844;IPSEP;AV RECIFE;-8.1169661;-34.9231929
3845;CASA AMARELA;RUA DA HARMONIA;-8.0279016;-34.9140251
3846;CIDADE UNIVERSITÁRIA;AV PROFESSOR MORAES REGO;-8.039282;-34.94179
3847;SANTANA;RUA JORGE GOMES DE SA;-8.0404055;-34.9156237
3848;CORDEIRO;AV CAXANGA XX;-8.0554001;-34.9123031
3849;IPSEP;RUA JEAN EMILE FAVRE 107;-8.1068372;-34.914764
3850;IMBIRIBEIRA;AV MARECHAL MASCARENHAS DE MORAES;-8.1235779;-34.912405
3851;BAIRRO DO RECIFE;CAIS DO APOLO;-8.0585259;-34.872947
3852;ILHA DO LEITE;AV GOVERNADOR AGAMENON MAGALHAES;-8.0583227;-34.8975791
3853;MADALENA;AV ENGENHEIRO ABDIAS DE CARVALHO;-8.0625015;-34.9153447
3854;IMBIRIBEIRA;RUA ITACARI 132;-8.1087637;-34.9121341
3855;BOA VIAGEM;AV BOA VIAGEM 2820;-8.1151426;-34.8921637
3856;MADALENA;RUA BENFICA;-8.0581487;-34.9033928
3857;CASA AMARELA;RUA OLIMPIO TAVARES 46;-8.0281565;-34.913266
3858;IMBIRIBEIRA;RUA PAMPULHA;-8.1097435;-34.9137139
3859;JORDÃO;AV MARIA IRENE 1754;-8.1382654;-34.9360594
3860;MANGUEIRA;RUA VINTE E UM DE ABRIL 1884;-8.0738205;-34.9231137
3861;CORDEIRO;RUA 10 DE NOVEMBRO 300;-8.0478046;-34.9202693
3862;SÃO JOSÉ;RUA DA CONCORDIA;-8.0696532;-34.8829463
3863;IMBIRIBEIRA;AV MARECHAL MASCARENHAS DE MORAES;-8.1313419;-34.9161923
3864;MUSTARDINHA;RUA CARLOS GOMES 914;-8.0649241;-34.9138299
3865;MADALENA;RUA BENFICA;-8.059304;-34.905619
3866;DERBY;AV GOVERNADOR AGAMENON MAGALHAES;-8.0552885;-34.8980606
3867;ÁGUA FRIA;RUA DA REGENERACAO 1179;-8.0222683;-34.8834935
3868;JORDÃO;RUA EMILIO MONTEIRO FONSECA XX;-8.1245444;-34.9364483
3869;BOA VIAGEM;AV BOA VIAGEM 5152;-8.1342109;-34.9009185
3870;SANTO AMARO;AV GOVERNADOR AGAMENON MAGALHAES XX;-8.0429736;-34.8875919
3871;IPSEP;AV RECIFE;-8.1208801;-34.9190006
3872;BEBERIBE;AV BEBERIBE;-8.0105368;-34.8890001
3873;MADALENA;RUA BENFICA;-8.0581421;-34.9044053
3874;IMBIRIBEIRA;AV GENERAL MAC ARTHUR;-8.1091653;-34.9099696
3875;BOA VIAGEM;RUA PROFESSOR MARIO CASTRO;-8.1361478;-34.9047178
3876;TEJIPIÓ;AV DR JOSE RUFINO;-8.0908633;-34.9569511
3877;ARRUDA;AV BEBERIBE;-8.0231952;-34.8938978
3878;IMBIRIBEIRA;AV MARECHAL MASCARENHAS DE MORAES;-8.0908686;-34.9083817
3879;BOA VIAGEM;RUA ANTONIO FALCAO;-8.112468;-34.9018908
3880;SANTO ANTÔNIO;AV SUL;-8.0714989;-34.8772842
3881;ARRUDA;AV PROFESSOR JOSE DOS ANJOS;-8.026138;-34.905442
3882;CORDEIRO;AV CAXANGA;-8.0476505;-34.9262774
3883;ILHA DO RETIRO;AV ENGENHEIRO ABDIAS DE CARVALHO;-8.0614976;-34.9013114
3884;ILHA DO LEITE;AV ENGENHEIRO ABDIAS DE CARVALHO XX;-8.0613383;-34.9046534
3885;IMBIRIBEIRA;RUA ITACARI 162;-8.1085261;-34.9132687
3886;CAMPO GRANDE;EST DE BELEM XX;-8.0347166;-34.8869991
3887;JARDIM SÃO PAULO;RUA LORENA;-8.0785734;-34.9447364
3888;CASA AMARELA;AV NORTE 5229;-8.0239077;-34.9126511
3889;SÃO JOSÉ;AV DANTAS BARRETO 1410;-8.0722159;-34.8841895
3890;BOA VIAGEM;RUA VISCONDE DE JEQUITINHONHA;-8.1478784;-34.9080491
3891;ÁGUA FRIA;AV BEBERIBE 1781;-8.0215963;-34.8942512
3892;CASA AMARELA;AV NORTE;-8.0214742;-34.916954
3893;BOA VIAGEM;RUA ERNESTO DE PAULA SANTOS;-8.1250542;-34.898302
3894;GUABIRABA;AV DA RECUPERACAO 1032;-7.9873701;-34.9329507
3895;SANTO AMARO;RUA TREZE DE MAIO 455;-8.0498336;-34.8819083
3896;BAIRRO DO RECIFE;PTE DO LIMOEIRO;-8.0506157;-34.8730074
3897;NOVA DESCOBERTA;AV VEREADOR OTACILIO AZEVEDO;-8.0061702;-34.9135637
3898;SANTO ANTÔNIO;RUA SIQUEIRA CAMPOS;-8.0628733;-34.8766565
3899;SAN MARTIN;RUA VINTE E UM DE ABRIL;-8.0707871;-34.9293673
3900;BOA VISTA;AV VISCONDE DE SUASSUNA;-8.0530205;-34.8857009
3901;VASCO DA GAMA;RUA VASCO DA GAMA;-8.0127838;-34.9200869
3902;CORDEIRO;AV PROFESSOR ESTEVAO FRANCISCO DA COSTA;-8.0491803;-34.9195611
3903;IMBIRIBEIRA;AV MARECHAL MASCARENHAS DE MORAES 1854;-8.0981274;-34.9099843
3904;BOA VIAGEM;RUA BARAO DE SOUZA LEAO;-8.1316286;-34.9158543
3905;CAXANGÁ;AV CAXANGA;-8.0468325;-34.9278277
3906;BOA VIAGEM;RUA PROFESSOR JOSE BRANDAO;-8.1128736;-34.8927652
3907;BAIRRO DO RECIFE;AV GUARARAPES;-8.0637788;-34.8784241
3908;BOA VIAGEM;RUA VISCONDE DE JEQUITINHONHA 1140;-8.1382614;-34.9044362
3909;DERBY;AV GOVERNADOR AGAMENON MAGALHAES;-8.0547056;-34.897787
3910;ESTÂNCIA;AV DR JOSE RUFINO;-8.0926345;-34.9390742
3911;DERBY;AV GOVERNADOR AGAMENON MAGALHAES;-8.0566854;-34.8982215
3912;SÃO JOSÉ;RUA FLORIANO PEIXOTO;-8.0662247;-34.8826164
3913;ENCRUZILHADA;AV JOAO DE BARROS;-8.0386685;-34.8920497
3914;SANCHO;RUA APRIGIO GUIMARAES;-8.0873102;-34.9628198
3915;AFOGADOS;RUA NICOLAU PEREIRA;-8.0770916;-34.9063915
3916;JARDIM SÃO PAULO;EST DO CURADO 312A;-8.0832685;-34.9539444
3917;AREIAS;AV RECIFE;-8.0857913;-34.9317437
3918;BOA VIAGEM;AV ENGENHEIRO DOMINGOS FERREIRA;-8.1086668;-34.8911646
3919;BEBERIBE;RUA ARAPARI;-8.0049537;-34.8929429
3920;DERBY;AV GOVERNADOR AGAMENON MAGALHAES;-8.0541625;-34.8966296
3921;MUSTARDINHA;RUA VINTE E UM DE ABRIL 1245;-8.0750999;-34.9183005
3922;BOA VISTA;AV CONDE DA BOA VISTA 1234;-8.0569457;-34.8915213
3923;BOA VIAGEM;AV ENGENHEIRO DOMINGOS FERREIRA XX;-8.1124573;-34.8935182
3924;BAIRRO DO RECIFE;PTE GIRATORIA;-8.0672153;-34.8739126
3925;AFOGADOS;RUA COSME VIANA;-8.0656192;-34.9090683
3926;IPUTINGA;AV CAXANGA;-8.0422154;-34.9356303
3927;AFOGADOS;RUA COSME VIANA;-8.0721256;-34.9092937
3928;ESPINHEIRO;AV GOVERNADOR AGAMENON MAGALHAES;-8.0494671;-34.8937583
3929;TAMARINEIRA;AV NORTE;-8.0298935;-34.9001849
3930;VÁRZEA;AV AFONSO OLINDENSE;-8.0401824;-34.9578309
3931;CIDADE UNIVERSITÁRIA;AV DA ARQUITETURA;-8.0527523;-34.9534026
3932;BOA VIAGEM;AV CONSELHEIRO AGUIAR;-8.1064615;-34.8892307
3933;SÃO JOSÉ;RUA DA CONCORDIA;-8.0682537;-34.8821604
3934;BOA VISTA;RUA MAURICIO DE NASSAU;-8.0590291;-34.8899053
3935;IPSEP;RUA JAMAICA 71;-8.1075449;-34.9122481
3936;IBURA;AV DOM HELDER CAMARA;-8.1076113;-34.9303865
3937;DERBY;RUA AMAURI DE MEDEIROS 110;-8.0583273;-34.8991274
3938;AFOGADOS;RUA VINTE E UM DE ABRIL 1122;-8.0753522;-34.9171639
3939;BOA VIAGEM;RUA PROFESSOR AUGUSTO LINS E SILVA 668;-8.1430427;-34.9070735
3940;BEBERIBE;AV BEBERIBE;-8.0045288;-34.8938441
3941;APIPUCOS;RUA DE APIPUCOS 487;-8.0231341;-34.9304777
3942;BOA VIAGEM;RUA COPACABANA;-8.1360768;-34.9144422
3943;ARRUDA;AV BEBERIBE XX;-8.0310389;-34.892275
3944;CAXANGÁ;RUA RIBEIRO PESSOA;-8.0292933;-34.9577236
3945;BOA VIAGEM;AV ENGENHEIRO DOMINGOS FERREIRA;-8.113937;-34.8943423
3946;BOA VIAGEM;RUA BALTAZAR PASSOS 275;-8.1438479;-34.9076307
3947;BOA VISTA;RUA AURORA;-8.06205;-34.8816508
3948;BOA VISTA;AV GOVERNADOR AGAMENON MAGALHAES;-8.0549805;-34.8971808
3949;JARDIM SÃO PAULO;EST DO CURADO 970;-8.0764005;-34.9517269
3950;ESTÂNCIA;AV RECIFE;-8.0892833;-34.9309123
3951;JOANA BEZERRA;AV CENTRAL;-8.0730112;-34.895491
3952;ÁGUA FRIA;RUA SAO BENTO;-8.0237849;-34.896926
3953;CASA AMARELA;EST VELHA DE AGUA FRIA;-8.0281193;-34.8990315
3954;SANTO AMARO;RUA ODORICO MENDES;-8.0356973;-34.880411
3955;GRAÇAS;AV SANTOS DUMONT;-8.0369528;-34.8981249
3956;JAQUEIRA;RUA DO FUTURO XX;-8.0361455;-34.9039024
3957;CORDEIRO;EST DO FORTE DO ARRAIAL N. DO B. JESUS 963;-8.0555793;-34.9300781
3958;BOA VISTA;AV CONDE DA BOA VISTA;-8.0620022;-34.8816186
3959;VÁRZEA;RUA ELOI MENDES;-8.0375053;-34.9664193
3960;MADALENA;AV JOSE GONCALVES DE MEDEIROS 121;-8.0596413;-34.9064156
3961;CASA FORTE;RUA DR JOAO SANTOS FILHO XX;-8.0363261;-34.9101117
3962;AREIAS;RUA CAMBUCA 809;-8.0991458;-34.9354988
3963;PRADO;RUA GOMES TABORDA XX;-8.0574078;-34.9169916
3964;BOA VISTA;RUA BARAO DE SAO BORJA;-8.0612287;-34.8889183
3965;BOA VIAGEM;RUA PADRE CARAPUCEIRO;-8.1166316;-34.9027383
3966;BEBERIBE;AV BEBERIBE 2584;-8.0159185;-34.890765
3967;IBURA;RUA RIO XINGU;-8.1225582;-34.9351823
3968;BOA VISTA;AV GOVERNADOR AGAMENON MAGALHAES;-8.0526567;-34.8955125
3969;CASA AMARELA;EST DO ARRAIAL;-8.0272482;-34.9145159
3970;IMBIRIBEIRA;RUA SARGENTO SILVINO DE MACEDO 273;-8.1147781;-34.9073303
3971;MACAXEIRA;AV NORTE;-8.0160015;-34.9305582
3972;CASA FORTE;AV DEZESSETE DE AGOSTO;-8.0347963;-34.9208808
3973;BOA VIAGEM;AV DES JOSE NEVES;-8.1268625;-34.9097724
3974;AREIAS;AV DR JOSE RUFINO;-8.0897267;-34.9337232
3975;ÁGUA FRIA;AV BEBERIBE;-8.021028;-34.8943591
3976;CAMPO GRANDE;EST DE BELEM 1298;-8.0322526;-34.8804384
3977;SANTO AMARO;AV GOVERNADOR AGAMENON MAGALHAES;-8.0434318;-34.88635
3978;SANTO AMARO;AV GOVERNADOR AGAMENON MAGALHAES XX;-8.0408224;-34.8825252
3979;MUSTARDINHA;AV MANOEL GONCALVES DA LUZ;-8.0705003;-34.9178499
3980;BOA VISTA;AV CONDE DA BOA VISTA XX;-8.0556271;-34.8955353
3981;CASA AMARELA;AV NORTE XX;-8.0273591;-34.9138185
3982;ESTÂNCIA;AV RECIFE;-8.0979986;-34.9285626
3983;BOA VISTA;RUA DOM BOSCO;-8.056313;-34.89521
3984;TORRE;RUA JOSE BONIFACIO 1315;-8.0408569;-34.9104309
3985;CASA AMARELA;AV NORTE;-8.0236202;-34.9183702
3986;IMBIRIBEIRA;AV MARECHAL MASCARENHAS DE MORAES 1482;-8.096169;-34.9097644
3987;AREIAS;RUA CAPITAO GREGORIO DE ALBUQUERQUE 272;-8.0959034;-34.9325484
3988;IMBIRIBEIRA;AV MARECHAL MASCARENHAS DE MORAES;-8.1029457;-34.9096772
3989;SANTO AMARO;AV CRUZ CABUGA;-8.0485057;-34.8776436
3990;IMBIRIBEIRA;AV PRESIDENTE DUTRA;-8.1219661;-34.9184909
3991;CAXANGÁ;AV CAXANGA XX;-8.0371467;-34.9459903
3992;BOA VISTA;AV MONTEVIDEU 172;-8.0506356;-34.8931897
3993;IBURA;AV DOIS RIOS XX;-8.111759;-34.9378109
3994;SANTO AMARO;AV CRUZ CABUGA;-8.0504298;-34.8790544
3995;IPSEP;AV RECIFE;-8.1116607;-34.9266073
3996;ENGENHO DO MEIO;RUA ANTONIO CURADO;-8.0558436;-34.9418315
3997;IBURA;AV DOIS RIOS;-8.1202481;-34.9436367
3998;IBURA;AV DOIS RIOS;-8.1207759;-34.944037
3999;BOA VIAGEM;RUA DES JOAO PAES;-8.1262199;-34.9061152
4000;SANTO AMARO;RUA DA AURORA;-8.0499611;-34.8737812
4001;TORRE;RUA DIOGO ALVARES;-8.0484473;-34.9151087
4002;CASA FORTE;AV DEZESSETE DE AGOSTO;-8.0351681;-34.9206018
4003;ENCRUZILHADA;AV BEBERIBE 247;-8.0352385;-34.8916487
4004;ILHA DO RETIRO;AV ENGENHEIRO ABDIAS DE CARVALHO;-8.0613595;-34.9046749
4005;IPSEP;AV RECIFE;-8.1085752;-34.9269587
4006;CASA FORTE;AV DEZESSETE DE AGOSTO 784;-8.0376998;-34.9158356
4007;AREIAS;AV DR JOSE RUFINO;-8.0927115;-34.9393505
4008;BONGI;AV ENGENHEIRO ABDIAS DE CARVALHO;-8.0604035;-34.9261218
4009;BEBERIBE;AV BEBERIBE;-8.0032113;-34.8978621
4010;CABANGA;AV SATURNINO DE BRITO;-8.0788788;-34.8929617
4011;IBURA;AV DOIS RIOS;-8.1165944;-34.9411315
4012;CAXANGÁ;AV CAXANGA;-8.0312055;-34.9558139
4013;PINA;AV HERCULANO BANDEIRA 588;-8.088079;-34.8858947
4014;TORRE;RUA JOSE BONIFACIO;-8.0407481;-34.9088645
4015;ENCRUZILHADA;AV BEBERIBE;-8.035441;-34.8913852
4016;JARDIM SÃO PAULO;RUA LEANDRO BARRETO 483;-8.0841395;-34.9495523
4017;NOVA DESCOBERTA;AV VEREADOR OTACILIO AZEVEDO;-7.9985539;-34.9244991
4018;SANTO AMARO;RUA DO POMBAL;-8.0490103;-34.8823965
4019;ENCRUZILHADA;RUA DONA ELVIRA 423;-8.0326683;-34.8904679
4020;ILHA DO RETIRO;AV ENGENHEIRO ABDIAS DE CARVALHO;-8.0612267;-34.9041867
4021;BOA VIAGEM;AV ENGENHEIRO DOMINGOS FERREIRA;-8.1091394;-34.8913671
4022;CAXANGÁ;RUA RIBEIRO PESSOA XX;-8.0297169;-34.9578188
4023;CASA AMARELA;RUA PADRE LEMOS 63548;-8.023168;-34.9186579
4024;DERBY;RUA JENER DE SOUZA;-8.0573759;-34.9000347
4025;BONGI;TRV ESTRADA DO BONGI;-8.0668568;-34.9126974
4026;AREIAS;AV DR JOSE RUFINO;-8.091251;-34.9355954
4027;ARRUDA;AV BEBERIBE;-8.0267648;-34.8931468
4028;ENCRUZILHADA;AV NORTE;-8.0385384;-34.891976
4029;BONGI;EST DO BONGI 290;-8.0670214;-34.9127537
4030;BOA VISTA;RUA DO HOSPICIO;-8.0578141;-34.882957
4031;IBURA;RUA SATIRO DIAS 176;-8.1238388;-34.9371216
4032;IBURA;AV DOIS RIOS XX;-8.1203742;-34.9441785
4033;AFOGADOS;EST DOS REMEDIOS XX;-8.0652687;-34.9081779
4034;ESTÂNCIA;AV RECIFE;-8.0892541;-34.9298072
4035;IBURA;RUA EMILIO MONTEIRO FONSECA 31;-8.1266958;-34.9379417
4036;CAÇOTE;RUA AURORA CACOTE 23;-8.100431;-34.9297891
4037;CAMPO GRANDE;RUA MARQUES DE BAIPENDI 375;-8.0265437;-34.8847649
4038;CAMPO GRANDE;EST DE BELEM;-8.0330859;-34.8847206
4039;TORRÕES;AV ENGENHEIRO ABDIAS DE CARVALHO;-8.0625997;-34.9325189
4040;IBURA;AV JORNALISTA COSTA PORTO;-8.1113766;-34.9577343
4041;SANTO AMARO;RUA PALMARES;-8.05088;-34.886165
4042;BOA VIAGEM;RUA COSMORAMA 25;-8.1429006;-34.9118337
4043;MADALENA;RUA GOMES TABORDA 1645;-8.0547361;-34.9260501
4044;CASA AMARELA;RUA PADRE LEMOS 785;-8.0212298;-34.9212925
4045;IMBIRIBEIRA;AV RECIFE;-8.1175875;-34.9227583
4046;APIPUCOS;AV DEZESSETE DE AGOSTO;-8.0294566;-34.9257208
4047;CORDEIRO;AV CAXANGA;-8.0496563;-34.9227087
4048;BOA VIAGEM;AV BOA VIAGEM 5526;-8.1374044;-34.902053
4049;CAMPO GRANDE;RUA JERONIMO VILELA 449;-8.0304127;-34.8814181
4050;AREIAS;AV DR JOSE RUFINO 832;-8.0876375;-34.931965
4051;ARRUDA;AV BEBERIBE;-8.0283783;-34.8928584
4052;PONTO DE PARADA;AV BEBERIBE;-8.0287993;-34.8927578
4053;BONGI;RUA CARLOS GOMES 932;-8.0637988;-34.9134987
4054;CASA AMARELA;RUA PADRE LEMOS 94;-8.0259182;-34.9177983
4055;TORRE;RUA CONDE DE IRAJA;-8.0467064;-34.9130461
4056;JORDÃO;RUA BAHIA 30;-8.1317176;-34.9368869
4057;VÁRZEA;RUA GASTAO VIDIGAL;-8.036411;-34.9625301
4058;CORDEIRO;RUA DR MIGUEL VIEIRA FERREIRA 325;-8.0522537;-34.9312241
4059;ENCRUZILHADA;RUA DONA ELVIRA 287;-8.0334909;-34.8899422
4060;IMBIRIBEIRA;AV MARECHAL MASCARENHAS DE MORAES XX;-8.1384512;-34.917176
4061;IMBIRIBEIRA;AV PINHEIROS;-8.0904172;-34.9143228
4062;ARRUDA;RUA DO MACHADO;-8.0224675;-34.8895419
4063;ARRUDA;AV PROFESSOR JOSE DOS ANJOS;-8.0275895;-34.8898758
4064;IBURA;RUA DR BENIGNO JORDAO DE VASCONCELOS 375;-8.1246825;-34.950314
4065;SÃO JOSÉ;RUA DA CONCORDIA;-8.0709359;-34.8838824
4066;ROSARINHO;RUA SALVADOR DE SA 502;-8.031248;-34.8973498
4067;BOA VISTA;RUA DO HOSPICIO;-8.0567067;-34.882713
4068;BOA VIAGEM;RUA ANTONIO FALCAO;-8.1155774;-34.8958692
4069;APIPUCOS;AV DEZESSETE DE AGOSTO;-8.0213945;-34.9331599
4070;BOA VIAGEM;RUA JOSE DA SILVA LUCENA 619;-8.1150085;-34.9063881
4071;CASA AMARELA;RUA DA HARMONIA;-8.0262522;-34.9134269
4072;SÃO JOSÉ;RUA SANTA RITA XX;-8.071706;-34.8782739
4073;BOA VISTA;AV VISCONDE DE SUASSUNA 658;-8.0518135;-34.8873324
4074;CAXANGÁ;AV CAXANGA;-8.0435466;-34.9333752
4075;TORRÕES;AV ENGENHEIRO ABDIAS DE CARVALHO;-8.0611736;-34.9288899
4076;AFLITOS;AV CONS ROSA E SILVA 1205;-8.0408676;-34.8984978
4077;IPUTINGA;RUA MANOEL ESTEVAO DA COSTA 36;-8.0470304;-34.9405313
4078;TORRE;AV PROFESSOR ESTEVAO FRANCISCO DA COSTA 36;-8.0477767;-34.919024
4079;AFOGADOS;RUA VINTE E UM DE ABRIL SEMAFORO 245;-8.0758116;-34.9153233
4080;SANTO AMARO;AV CRUZ CABUGA;-8.0540669;-34.8813021
4081;BOA VIAGEM;RUA ERNESTO DE PAULA SANTOS;-8.1244488;-34.9013758
4082;CAJUEIRO;AV SEBASTIAO SALAZAR 125;-8.0104425;-34.888017
4083;TAMARINEIRA;RUA SILVEIRA LIRA 114;-8.0303218;-34.9000796
4084;CAMPINA DO BARRETO;AV. LUÍS CORRÊA DE BRITO 1205;-8.0209297;-34.8736504
4085;IMBIRIBEIRA;AV SUL;-8.1215864;-34.9119115
4086;MACAXEIRA;AV NORTE;-8.0118807;-34.9337018
4087;PASSARINHO;RUA ANDORINHA 230;-7.9788377;-34.9165691
4088;SANTO AMARO;AV CRUZ CABUGA;-8.0452895;-34.8753168
4089;MACAXEIRA;AV NORTE XX;-8.0111158;-34.9347103
4090;MADALENA;RUA JOAO IVO DA SILVA XX;-8.0589136;-34.9096866
4091;IPUTINGA;EST DO BARBALHO;-8.0375371;-34.9406648
4092;PINA;AV ANTONIO DE GOES 617;-8.0865999;-34.8857144
4093;TEJIPIÓ;AV DR JOSE RUFINO;-8.0911182;-34.950546
4094;ALTO SANTA TERESINHA;RUA TAMBOARA 891;-8.0138455;-34.905786
4095;PINA;AV ENGENHEIRO DOMINGOS FERREIRA;-8.0956558;-34.8860087
4096;SANTO AMARO;AV CRUZ CABUGA;-8.0389129;-34.8708683
4097;SÃO JOSÉ;AV DANTAS BARRETO;-8.063812;-34.8783638
4098;CAXANGÁ;RUA RIBEIRO PESSOA;-8.0255564;-34.9565917
4099;CASA FORTE;"EST DAS UBAIAS; 170";-8.0293743;-34.9178968
4100;SANTO ANTÔNIO;AV GUARARAPES;-8.0630293;-34.8799925
4101;VASCO DA GAMA;RUA ALTO DO EUCALIPTO XX;-8.0079577;-34.9197865
4102;MADALENA;RUA BENFICA;-8.05751;-34.9063674
4103;DERBY;AV GOVERNADOR AGAMENON MAGALHAES;-8.0518606;-34.8957532
4104;BOA VIAGEM;AV ENGENHEIRO DOMINGOS FERREIRA XX;-8.1140187;-34.8946327
4105;CORDEIRO;AV CAXANGA;-8.0606;-34.9252796
4106;PAISSANDU;AV ENGENHEIRO ABDIAS DE CARVALHO;-8.062613;-34.8990194
4107;CASA AMARELA;RUA PADRE LEMOS 378;-8.0234954;-34.9184487
4108;VÁRZEA;AV CAXANGA;-8.0432206;-34.9339425
4109;SÃO JOSÉ;AV SUL 1450;-8.077879;-34.8980203
4110;BARRO;AV DR JOSE RUFINO;-8.0870772;-34.9313515
4111;BOA VIAGEM;RUA ANTONIO FALCAO;-8.1139058;-34.8991455
4112;IMBIRIBEIRA;AV MARECHAL MASCARENHAS DE MORAES;-8.1143267;-34.91303
4113;BOA VIAGEM;RUA ERNESTO DE PAULA SANTOS;-8.1244687;-34.901526
4114;ARRUDA;AV BEBERIBE;-8.0275722;-34.8930073
4115;SANTO AMARO;PTE DO LIMOEIRO;-8.0505453;-34.873057
4116;BONGI;AV ENGENHEIRO ABDIAS DE CARVALHO;-8.0607666;-34.924365
4117;CORDEIRO;AV CAXANGA 1921;-8.0486743;-34.9244729
4118;PRADO;AV ENGENHEIRO ABDIAS DE CARVALHO;-8.062783;-34.9329293
4119;AFOGADOS;RUA SAO MIGUEL;-8.0807404;-34.9156344
4120;ENCRUZILHADA;AV BEBERIBE 690;-8.031007;-34.8922811
4121;COELHOS;RUA DOS COELHOS;-8.0665514;-34.8896974
4122;ESTÂNCIA;AV RECIFE;-8.0999557;-34.928112
4123;PINA;AV ANTONIO DE GOES 275;-8.0887515;-34.8837402
4124;CORDEIRO;RUA TOMAZ GONZAGA;-8.048916;-34.9176528
4125;JORDÃO;AV MARIA IRENE XX;-8.1405502;-34.9287128
4126;ROSARINHO;AV NORTE;-8.0344988;-34.8958826
4127;IMBIRIBEIRA;AV PINHEIROS;-8.0904066;-34.9143308
4128;BEBERIBE;ARRUDA;-8.007218;-34.8904699
4129;SAN MARTIN;ARRUDA;-8.0620819;-34.9244884
4130;VÁRZEA;ARRUDA;-8.0463731;-34.9536493
4131;IMBIRIBEIRA;ARRUDA;-8.1045263;-34.9111035
4132;BOA VIAGEM;ARRUDA;-8.139439;-34.9079593
4133;CORDEIRO;ARRUDA;-8.0501709;-34.9323439
4134;PINA;ARRUDA;-8.084922;-34.8870454
4135;MADALENA;ARRUDA;-8.0531473;-34.9068166
4136;CORDEIRO;ARRUDA;-8.0516873;-34.9217927
4137;BOA VIAGEM;ARRUDA;-8.1329934;-34.9124627
4138;BOA VIAGEM;ARRUDA;-8.1323827;-34.902631
4139;ESTÂNCIA;AV DR JOSE RUFINO;-8.0869524;-34.9312113
4140;IPSEP;ARRUDA;-8.1072634;-34.9227691
4141;TORRE;ARRUDA;-8.0534826;-34.9086285
4142;BOA VISTA;ARRUDA;-8.0599314;-34.8856439
4143;JIQUIÁ;ARRUDA;-8.1115651;-34.9123943
4144;HIPÓDROMO;ARRUDA;-8.0325069;-34.8879352
4145;ENCRUZILHADA;AV NORTE 133;-8.0262217;-34.9054474
4146;ARRUDA;ARRUDA;-8.0271367;-34.8967731
4147;BOA VIAGEM;ARRUDA;-8.1001774;-34.8872767
4148;SÃO JOSÉ;C SANTA RITA XX;-8.0699427;-34.8754549
4149;IBURA;RUA RIO XINGU;-8.1177627;-34.9419469
4150;APIPUCOS;RUA DE APIPUCOS;-8.0217345;-34.9320281
4151;BOMBA DO HEMETÉRIO;EST VELHA DE AGUA FRIA 1311;-8.0238725;-34.8971754
4152;TEJIPIÓ;AV DR JOSE RUFINO;-8.0901623;-34.9528661
4153;MADALENA;AV ENGENHEIRO ABDIAS DE CARVALHO;-8.0616988;-34.9075831
4154;ROSARINHO;AV NORTE XX;-8.0357896;-34.8951209
4155;TEJIPIÓ;RUA APRIGIO GUIMARAES;-8.0873129;-34.9629311
4156;BONGI;AV CONSUL VILARES FRAGOSO 374;-8.0670639;-34.9236542
4157;DERBY;AV GOVERNADOR AGAMENON MAGALHAES;-8.056382;-34.8989484
4158;BOA VIAGEM;AV FERNANDO SIMOES BARBOSA;-8.1180973;-34.9008903
4159;DOIS IRMÃOS;RUA MANUEL DE MEDEIROS;-8.0159418;-34.9463645
4160;CAMPO GRANDE;RUA JERONIMO VILELA 77;-8.0313755;-34.8814791
4161;IMBIRIBEIRA;RUA ARQUITETO LUIZ NUNES 1614;-8.0985403;-34.912346
4162;ILHA DO LEITE;AV BEIRA RIO;-8.0619092;-34.9005818
4163;PINA;AV ENGENHEIRO DOMINGOS FERREIRA;-8.1016711;-34.8879164
4164;SANTO AMARO;AV CRUZ CABUGA;-8.0524761;-34.880527
4165;JAQUEIRA;RUA DO FUTURO XX;-8.0343395;-34.9053052
4166;ESTÂNCIA;AV DR JOSE RUFINO XX;-8.0895541;-34.9332833
4167;ILHA DO LEITE;AV FREI MATIAS TEVES -224;-8.0643711;-34.8960248
4168;SÃO JOSÉ;RUA SAO JOAO;-8.0708761;-34.881274
4169;CAMPO GRANDE;AV CORREIA DE BRITO 1051;-8.0230438;-34.8743364
4170;AFOGADOS;AV ENGENHEIRO ABDIAS DE CARVALHO XX;-8.0621961;-34.9096343
4171;NÃO INFORMADO;RUA NOVA DESCOBERTA;-8.0056257;-34.9237642
4172;BOA VIAGEM;RUA JOSE DA SILVA LUCENA 131;-8.1139178;-34.9087304
4173;IPSEP;AV RECIFE 2846;-8.1057624;-34.9273335
4174;CORDEIRO;AV GENERAL SAN MARTIN XX;-8.0554877;-34.9239492
4175;AFOGADOS;RUA SAO MIGUEL;-8.0803022;-34.9101412
4176;CASA AMARELA;AV NORTE;-8.0238752;-34.9124908
4177;ROSARINHO;AV NORTE;-8.0328708;-34.8969153
4178;ENCRUZILHADA;AV NORTE;-8.0379541;-34.8933023
4179;GRAÇAS;RUA DAS CREOULAS 182;-8.0519051;-34.8992059
4180;ALTO JOSÉ DO PINHO;RUA SEVERINO BERNARDINO PEREIRA;-8.0228446;-34.9047822
4181;IPSEP;AV RECIFE;-8.1079253;-34.927068
4182;SANTO AMARO;AV GOVERNADOR AGAMENON MAGALHAES;-8.0395184;-34.87886
4183;VÁRZEA;RUA GASTAO VIDIGAL 562;-8.0346967;-34.9612212
4184;TORRE;RUA PROFESSOR TRAJANO DE MENDONCA XX;-8.0426284;-34.9085051
4185;IBURA;AV DOIS RIOS;-8.1200198;-34.9434918
4186;BONGI;RUA DELMIRO GOUVEIA;-8.0636753;-34.9303865
4187;CURADO;AV LIBERDADE;-8.082347;-34.9594268
4188;PINA;AV HERCULANO BANDEIRA;-8.0824107;-34.8910493
4189;SAN MARTIN;RUA VINTE E UM DE ABRIL 2909;-8.0703171;-34.9306065
4190;AFOGADOS;AV ENGENHEIRO ABDIAS DE CARVALHO XX;-8.061965;-34.9091756
4191;CORDEIRO;AV GENERAL SAN MARTIN 413;-8.0536871;-34.9229273
4192;TORRE;PRC PROFESSOR BARRETO CAMPELLO 1238;-8.0473398;-34.9146152
4193;ARRUDA;AV PROFESSOR JOSE DOS ANJOS;-8.0269175;-34.8979814
4194;DERBY;AV GOVERNADOR AGAMENON MAGALHAES;-8.051281;-34.8947507
4195;ROSARINHO;AV NORTE 3388;-8.0315056;-34.8980324
4196;CAMPO GRANDE;EST DE BELEM 190;-8.0362749;-34.889442
4197;PINA;RUA IRENE RAMOS GOMES DE MATTOS 133;-8.1004921;-34.8882571
4198;TORRÕES;AV ENGENHEIRO ABDIAS DE CARVALHO;-8.0632942;-34.9341349
4199;MANGUEIRA;RUA VINTE E UM DE ABRIL;-8.0750992;-34.918391
4200;IMBIRIBEIRA;AV MARECHAL MASCARENHAS DE MORAES;-8.1191223;-34.9136992
4201;SAN MARTIN;AV ENGENHEIRO ABDIAS DE CARVALHO;-8.061811;-34.9204302
4202;MADALENA;RUA JOSE OSORIO 644;-8.0537522;-34.9102861
4203;BONGI;TRV ESTRADA DO BONGI;-8.0657414;-34.9145803
4204;BOA VIAGEM;RUA PADRE CARAPUCEIRO;-8.1167564;-34.9024701
4205;JOANA BEZERRA;AV BEIRA RIO;-8.0455856;-34.8903264
4206;AFOGADOS;RUA SAO MIGUEL;-8.0802637;-34.9087706
4207;TORRE;RUA MARCOS ANDRE;-8.0409951;-34.9086607
4208;DERBY;AV GOVERNADOR AGAMENON MAGALHAES;-8.0585073;-34.8982376
4209;MADALENA;AV CAXANGA XX;-8.055736;-34.9116882
4210;MUSTARDINHA;RUA VINTE E UM DE ABRIL;-8.0726142;-34.924829
4211;ESTÂNCIA;AV ESTANCIA 130;-8.0854839;-34.9307252
4212;SOLEDADE;RUA DO PROGRESSO 269;-8.0585956;-34.8910131
4213;PARNAMIRIM;RUA CONEGO BARATA 291;-8.0321059;-34.9026264
4214;ENCRUZILHADA;AV BEBERIBE 690;-8.0310169;-34.8921101
4215;LINHA DO TIRO;RUA URIEL DE HOLANDA 1359;-8.008135;-34.9080458
4216;CASA AMARELA;AV NORTE 6736;-8.0277635;-34.9032104
4217;TORRÕES;AV BICENTENARIO DA REVOLUCAO FRANCESA 255;-8.0587948;-34.9385633
4218;MANGABEIRA;AV NORTE;-8.0121251;-34.9329722
4219;SAN MARTIN;AV GENERAL SAN MARTIN;-8.0623209;-34.9263632
4220;APIPUCOS;AV DEZESSETE DE AGOSTO;-8.0341536;-34.9215567
4221;ESPINHEIRO;RUA QUARENTA E OITO;-8.0429551;-34.8918808
4222;AREIAS;RUA IPOJUCA 632;-8.0975379;-34.9361634
4223;MACAXEIRA;AV NORTE 8227;-8.0222391;-34.9152803
4224;PINA;AV ANTONIO DE GOES;-8.0865773;-34.8856473
4225;ROSARINHO;AV NORTE XX;-8.0324272;-34.8972023
4226;IMBIRIBEIRA;AV MARECHAL MASCARENHAS DE MORAES 4799;-8.0965029;-34.9096544
4227;LINHA DO TIRO;RUA ALTO DA SERRINHA 478;-8.0121204;-34.9127906
4228;BARRO;AV DR JOSE RUFINO;-8.0933701;-34.9441785
4229;NOVA DESCOBERTA;RUA NOVA DESCOBERTA;-8.0107014;-34.9244106
4230;CASA FORTE;AV DEZESSETE DE AGOSTO;-8.0347325;-34.9209398
4231;SANTO AMARO;AV GOVERNADOR AGAMENON MAGALHAES;-8.0361614;-34.8708254
4232;ÁGUA FRIA;RUA DR EUDES COSTA;-8.018441;-34.8944288
4233;BOA VIAGEM;RUA RIO AZUL 400;-8.1356865;-34.9081175
4234;BEBERIBE;AV CIDADE DE MONTEIRO;-8.0077904;-34.8876858
4235;CASA FORTE;AV DEZESSETE DE AGOSTO;-8.0337472;-34.9223855
4236;SAN MARTIN;AV ENGENHEIRO ABDIAS DE CARVALHO;-8.0614737;-34.9216291
4237;PRADO;AV ENGENHEIRO ABDIAS DE CARVALHO;-8.0615906;-34.9209183
4238;ESPINHEIRO;AV GOVERNADOR AGAMENON MAGALHAES 2978;-8.0481299;-34.8929074
4239;IBURA;RUA JORNALISTA EDSON REGIS 787;-8.1107194;-34.9339116
4240;SANTO AMARO;RUA FREI CASSIMIRO;-8.0463917;-34.8805457
4241;MADALENA;RUA BENFICA;-8.058077;-34.9053508
4242;ARRUDA;ARRUDA;-8.0335865;-34.8917748
4243;IPSEP;ARRUDA;-8.1128769;-34.9242926
4244;CASA AMARELA;ARRUDA;-8.0169484;-34.8919129
4245;SAN MARTIN;ARRUDA;-8.0646366;-34.9270177
4246;BOA VISTA;ARRUDA;-8.0575207;-34.8901916
4247;IPSEP;ARRUDA;-8.1128079;-34.9293566
4248;PAISSANDU;ARRUDA;-8.0650456;-34.8970789
4249;IPSEP;ARRUDA;-8.1063712;-34.9235201
4250;BOA VIAGEM;ARRUDA;-8.1051245;-34.8883516
4251;BOA VIAGEM;ARRUDA;-8.1295257;-34.9008393
4252;JARDIM SÃO PAULO;ARRUDA;-8.0826444;-34.9471162
4253;SANCHO;ARRUDA;-8.0814766;-34.9657025
4254;JORDÃO;ARRUDA;-8.135792;-34.9355364
4255;CAXANGÁ;ARRUDA;-8.0408304;-34.938283
4256;SAN MARTIN;ARRUDA;-8.0712121;-34.9288416
4257;TEJIPIÓ;ARRUDA;-8.0900208;-34.9531431
4258;CASA AMARELA;ARRUDA;-8.0264674;-34.9178553
4259;CORDEIRO;ARRUDA;-8.0471473;-34.9267226
4260;ESPINHEIRO;ARRUDA;-8.0426098;-34.8882812
4261;AFOGADOS;ARRUDA;-8.0773306;-34.9090576
4262;BARRO;ARRUDA;-8.1335988;-34.9083408
4263;FUNDÃO;ARRUDA;-8.0161144;-34.913785
4264;CIDADE UNIVERSITÁRIA;ARRUDA;-8.0412527;-34.9453948
4265;SANTO AMARO;ARRUDA;-8.041491;-34.8726553
4266;CAMPO GRANDE;ARRUDA;-8.0284971;-34.8799315
4267;SANTO AMARO;ARRUDA;-8.046466;-34.8761845
4268;ESTÂNCIA;ARRUDA;-8.0848797;-34.9286827
4269;CAMPO GRANDE;ARRUDA;-8.0349556;-34.8874336
4270;BOA VIAGEM;ARRUDA;-8.1091023;-34.8914301
4271;ENCRUZILHADA;ARRUDA;-8.0407208;-34.8865505
4272;TEJIPIÓ;ARRUDA;-8.0880027;-34.9519321
4273;CABANGA;ARRUDA;-8.0863595;-34.8952925
4274;AFOGADOS;ARRUDA;-8.0701883;-34.9082469
4275;CASA AMARELA;ARRUDA;-8.0315534;-34.9024031
4276;IPSEP;ARRUDA;-8.1145498;-34.9252796
4277;DERBY;ARRUDA;-8.0576163;-34.8985239
4278;SANTO AMARO;ARRUDA;-8.0495083;-34.8784094
4279;SANTO AMARO;ARRUDA;-8.0359117;-34.8701441
4280;CASA AMARELA;ARRUDA;-8.0238008;-34.9195397
4281;ESTÂNCIA;ARRUDA;-8.0875837;-34.9302739
4282;CORDEIRO;ARRUDA;-8.0512491;-34.9304187
4283;JARDIM SÃO PAULO;ARRUDA;-8.0838507;-34.9490467
4284;JORDÃO;ARRUDA;-8.0810086;-34.920797
4285;VÁRZEA;ARRUDA;-8.0358646;-34.9556932
4286;AFOGADOS;RUA SAO MIGUEL;-8.080283;-34.908727
4287;DERBY;AV GOVERNADOR AGAMENON MAGALHAES;-8.0566775;-34.8980927
4288;TEJIPIÓ;AV DR JOSE RUFINO;-8.090704;-34.9562538
4289;SANTO AMARO;AV GOVERNADOR AGAMENON MAGALHAES;-8.0424637;-34.8847353
4290;JORDÃO;AV MINISTRO APOLONIO SALES;-8.1346317;-34.946689
4291;BOA VIAGEM;ARRUDA;-8.118161;-34.9062037
4292;IPSEP;ARRUDA;-8.0973905;-34.9286163
4293;GRAÇAS;ARRUDA;-8.0374309;-34.9046052
4294;CORDEIRO;AV CAXANGA;-8.0523765;-34.91776
4295;SAN MARTIN;RUA VINTE E UM DE ABRIL 3010;-8.0701007;-34.9311201
4296;TORRE;RUA TOMAZ GONZAGA 167;-8.0490621;-34.9166925
4297;BEBERIBE;PRC DA CONVENCAO;-8.0026775;-34.8974933
4298;CASA FORTE;AV FLOR DE SANTANA;-8.0355233;-34.9126679
4299;CAMPO GRANDE;EST DE BELEM 1254;-8.0320049;-34.8774236
4300;SÃO JOSÉ;AV CENTRAL;-8.0725452;-34.8918486
4301;CASA FORTE;AV DEZESSETE DE AGOSTO;-8.0358719;-34.9201351
4302;ARRUDA;RUA DESENHISTA EULINO SANTOS 31;-8.0237131;-34.8830616
4303;BOA VIAGEM;AV BOA VIAGEM;-8.1412538;-34.903311
4304;CASA AMARELA;AV NORTE 5944;-8.0211276;-34.9182663
4305;BOA VIAGEM;RUA BRUNO VELOSO;-8.1216262;-34.899057
4306;MADALENA;RUA PADRE ANCHIETA;-8.047215;-34.9066329
4307;BEBERIBE;AV BEBERIBE 466;-8.0330407;-34.8919015
4308;IMBIRIBEIRA;AV MARECHAL MASCARENHAS DE MORAES;-8.1212837;-34.9142075
4309;CASA FORTE;AV DEZESSETE DE AGOSTO;-8.036674;-34.9141391
4310;DERBY;AV GOVERNADOR AGAMENON MAGALHAES;-8.0474062;-34.8917091
4311;BOA VIAGEM;AV BOA VIAGEM;-8.1019526;-34.8854327
4312;CAXANGÁ;AV CAXANGA;-8.0436721;-34.933455
4313;TORRÕES;ARRUDA;-8.0632231;-34.9381039
4314;ESTÂNCIA;ARRUDA;-8.0818292;-34.9331224
4315;BOA VISTA;ARRUDA;-8.0598086;-34.905501
4316;GRAÇAS;ARRUDA;-8.0516355;-34.8966175
4317;CAMPO GRANDE;ARRUDA;-8.0214868;-34.8921557
4318;AREIAS;ARRUDA;-8.0900985;-34.9295282
4319;CABANGA;ARRUDA;-8.0798534;-34.8941392
4320;IMBIRIBEIRA;ARRUDA;-8.1108362;-34.906419
4321;IBURA;ARRUDA;-8.1100463;-34.9366951
4322;COELHOS;ARRUDA;-8.0667811;-34.8898396
4323;SÃO JOSÉ;ARRUDA;-8.0722185;-34.8854086
4324;CORDEIRO;ARRUDA;-8.0452178;-34.9221173
4325;VASCO DA GAMA;ARRUDA;-8.0207305;-34.9218464
4326;NÃO INFORMADO;NÃO INFORMADO;-8.056168;-34.878212
4327;NÃO INFORMADO;NÃO INFORMADO;-8.041022;-34.908704
4328;NÃO INFORMADO;NÃO INFORMADO;-8.012561;-34.931781
4329;NÃO INFORMADO;NÃO INFORMADO;-8.062905;-34.88006
4330;NÃO INFORMADO;NÃO INFORMADO;-8.032831;-34.88436
4331;NÃO INFORMADO;NÃO INFORMADO;-8.014728;-34.929737
4332;NÃO INFORMADO;NÃO INFORMADO;-8.028544;-34.918145
4333;NÃO INFORMADO;NÃO INFORMADO;-8.00693;-34.88694
4334;NÃO INFORMADO;NÃO INFORMADO;-8.100683;-34.928096
4335;NÃO INFORMADO;NÃO INFORMADO;-8.072593;-34.944205
4336;NÃO INFORMADO;NÃO INFORMADO;-8.081951;-34.923069
4337;NÃO INFORMADO;NÃO INFORMADO;-8.032921;-34.9032
4338;NÃO INFORMADO;NÃO INFORMADO;-8.050487;-34.932661
4339;NÃO INFORMADO;NÃO INFORMADO;-8.119085;-34.94281
4340;NÃO INFORMADO;NÃO INFORMADO;-8.049605;-34.954666
4341;NÃO INFORMADO;NÃO INFORMADO;-8.090784;-34.956699
4342;NÃO INFORMADO;NÃO INFORMADO;-8.084793;-34.88716
4343;NÃO INFORMADO;NÃO INFORMADO;-8.076215;-34.9091
4344;NÃO INFORMADO;NÃO INFORMADO;-8.122911;-34.914586
4345;NÃO INFORMADO;NÃO INFORMADO;-8.058937;-34.938283
4346;NÃO INFORMADO;NÃO INFORMADO;-8.069135;-34.917533
4347;NÃO INFORMADO;NÃO INFORMADO;-8.017039;-34.940815
4348;NÃO INFORMADO;NÃO INFORMADO;-8.05126;-34.9198
4349;NÃO INFORMADO;NÃO INFORMADO;-8.058667;-34.90718
4350;NÃO INFORMADO;NÃO INFORMADO;-8.122983;-34.90586
4351;NÃO INFORMADO;NÃO INFORMADO;-8.114274;-34.921436
4352;NÃO INFORMADO;NÃO INFORMADO;-8.087432;-34.907749
4353;NÃO INFORMADO;NÃO INFORMADO;-8.137162;-34.913564
4354;NÃO INFORMADO;NÃO INFORMADO;-8.069969;-34.897473
4355;NÃO INFORMADO;NÃO INFORMADO;-8.075684;-34.92293
4356;NÃO INFORMADO;NÃO INFORMADO;-8.054324;-34.914022
4357;NÃO INFORMADO;NÃO INFORMADO;-8.048227;-34.896733
4358;NÃO INFORMADO;NÃO INFORMADO;-8.087884;-34.907674
4359;NÃO INFORMADO;NÃO INFORMADO;-8.05246;-34.899477
4360;NÃO INFORMADO;NÃO INFORMADO;-8.033128;-34.93081
4361;NÃO INFORMADO;NÃO INFORMADO;-8.037524;-34.896725
4362;NÃO INFORMADO;NÃO INFORMADO;-8.065771;-34.895547
4363;NÃO INFORMADO;NÃO INFORMADO;-8.052452;-34.880508
4364;NÃO INFORMADO;NÃO INFORMADO;-8.066857;-34.896837
4365;NÃO INFORMADO;NÃO INFORMADO;-8.061067;-34.887337
4366;NÃO INFORMADO;NÃO INFORMADO;-8.015727;-34.93993
4367;NÃO INFORMADO;NÃO INFORMADO;-8.088909;-34.929614
4368;NÃO INFORMADO;NÃO INFORMADO;-8.111416;-34.912475
4369;NÃO INFORMADO;NÃO INFORMADO;-8.032151;-34.88135
4370;NÃO INFORMADO;NÃO INFORMADO;-8.064169;-34.897041
4371;NÃO INFORMADO;NÃO INFORMADO;-8.057705;-34.90711
4372;NÃO INFORMADO;NÃO INFORMADO;-8.090279;-34.884585
4373;NÃO INFORMADO;NÃO INFORMADO;-8.047045;-34.877692
4374;NÃO INFORMADO;NÃO INFORMADO;-8.071472;-34.877123
4375;NÃO INFORMADO;NÃO INFORMADO;-8.025819;-34.911622
4376;NÃO INFORMADO;NÃO INFORMADO;-8.114513;-34.913081
4377;NÃO INFORMADO;NÃO INFORMADO;-8.053807;-34.896972
4378;NÃO INFORMADO;NÃO INFORMADO;-8.14226;-34.908585
4379;NÃO INFORMADO;NÃO INFORMADO;-8.02872;-34.95752
4380;NÃO INFORMADO;NÃO INFORMADO;-8.062393;-34.916747
4381;NÃO INFORMADO;NÃO INFORMADO;-8.025548;-34.915382
4382;NÃO INFORMADO;NÃO INFORMADO;-8.038228;-34.943269
4383;NÃO INFORMADO;NÃO INFORMADO;-8.035954;-34.989084
4384;NÃO INFORMADO;NÃO INFORMADO;-8.043576;-34.887573
4385;NÃO INFORMADO;NÃO INFORMADO;-8.0272;-34.904031
4386;NÃO INFORMADO;NÃO INFORMADO;-8.136642;-34.906273
4387;NÃO INFORMADO;NÃO INFORMADO;-8.135495;-34.903248
4388;NÃO INFORMADO;NÃO INFORMADO;-8.062305;-34.874151
4389;NÃO INFORMADO;NÃO INFORMADO;-8.109515;-34.908864
4390;NÃO INFORMADO;NÃO INFORMADO;-8.03626;-34.909833
4391;NÃO INFORMADO;NÃO INFORMADO;-8.031381;-34.955744
4392;NÃO INFORMADO;NÃO INFORMADO;-8.054178;-34.914224
4393;NÃO INFORMADO;NÃO INFORMADO;-8.017219;-34.940775
4394;NÃO INFORMADO;NÃO INFORMADO;-8.024582;-34.916224
4395;NÃO INFORMADO;NÃO INFORMADO;-8.039513;-34.878901
4396;NÃO INFORMADO;NÃO INFORMADO;-8.021044;-34.919668
4397;NÃO INFORMADO;NÃO INFORMADO;-8.047182;-34.906693
4398;NÃO INFORMADO;NÃO INFORMADO;-8.062879;-34.87689
4399;NÃO INFORMADO;NÃO INFORMADO;-8.118427;-34.944463
4400;NÃO INFORMADO;NÃO INFORMADO;-8.071682;-34.877662
4401;NÃO INFORMADO;NÃO INFORMADO;-8.033138;-34.903469
4402;NÃO INFORMADO;NÃO INFORMADO;-8.064477;-34.926985
4403;NÃO INFORMADO;NÃO INFORMADO;-8.120285;-34.919448
4404;NÃO INFORMADO;NÃO INFORMADO;-8.046503;-34.876284
4405;NÃO INFORMADO;NÃO INFORMADO;-8.034817;-34.90814
4406;NÃO INFORMADO;NÃO INFORMADO;-8.062385;-34.873809
4407;NÃO INFORMADO;NÃO INFORMADO;-8.030711;-34.901724
4408;NÃO INFORMADO;NÃO INFORMADO;-8.023918;-34.897202
4409;NÃO INFORMADO;NÃO INFORMADO;-8.118883;-34.896212
4410;NÃO INFORMADO;NÃO INFORMADO;-8.06231;-34.897309
4411;NÃO INFORMADO;NÃO INFORMADO;-8.026659;-34.960245
4412;NÃO INFORMADO;NÃO INFORMADO;-8.071685;-34.909374
4413;NÃO INFORMADO;NÃO INFORMADO;-8.058855;-34.942263
4414;NÃO INFORMADO;NÃO INFORMADO;-8.089546;-34.936196
4415;NÃO INFORMADO;NÃO INFORMADO;-8.094839;-34.913411
4416;NÃO INFORMADO;NÃO INFORMADO;-8.122494;-34.94369
4417;NÃO INFORMADO;NÃO INFORMADO;-8.026664;-34.917102
4418;NÃO INFORMADO;NÃO INFORMADO;-8.008048;-34.88984
4419;NÃO INFORMADO;NÃO INFORMADO;-8.073783;-34.918303
4420;NÃO INFORMADO;NÃO INFORMADO;-8.020741;-34.935775
4421;NÃO INFORMADO;NÃO INFORMADO;-8.027057;-34.893069
4422;NÃO INFORMADO;NÃO INFORMADO;-8.068259;-34.909744
4423;NÃO INFORMADO;NÃO INFORMADO;-8.072975;-34.924078
4424;NÃO INFORMADO;NÃO INFORMADO;-8.039502;-34.940649
4425;NÃO INFORMADO;NÃO INFORMADO;-8.084299;-34.967551
4426;NÃO INFORMADO;NÃO INFORMADO;-8.140826;-34.913135
4427;NÃO INFORMADO;NÃO INFORMADO;-8.088749;-34.908092
4428;NÃO INFORMADO;NÃO INFORMADO;-8.065922;-34.923584
4429;NÃO INFORMADO;NÃO INFORMADO;-8.037431;-34.94457
4430;NÃO INFORMADO;NÃO INFORMADO;-8.061413;-34.92934
4431;NÃO INFORMADO;NÃO INFORMADO;-8.054173;-34.914014
4432;NÃO INFORMADO;NÃO INFORMADO;-8.071326;-34.883338
4433;NÃO INFORMADO;NÃO INFORMADO;-8.129451;-34.89871
4434;NÃO INFORMADO;NÃO INFORMADO;-8.061099;-34.887385
4435;NÃO INFORMADO;NÃO INFORMADO;-8.078103;-34.906933
4436;NÃO INFORMADO;NÃO INFORMADO;-8.116483;-34.898286
4437;NÃO INFORMADO;NÃO INFORMADO;-8.053005;-34.916659
4438;NÃO INFORMADO;NÃO INFORMADO;-8.068944;-34.909852
4439;NÃO INFORMADO;NÃO INFORMADO;-8.120357;-34.91954
4440;NÃO INFORMADO;NÃO INFORMADO;-8.008598;-34.905549
4441;NÃO INFORMADO;NÃO INFORMADO;-8.048482;-34.924826
4442;NÃO INFORMADO;NÃO INFORMADO;-8.051889;-34.921921
4443;NÃO INFORMADO;NÃO INFORMADO;-8.029644;-34.900472
4444;NÃO INFORMADO;NÃO INFORMADO;-8.062459;-34.897309
4445;NÃO INFORMADO;NÃO INFORMADO;-8.11105;-34.891553
4446;NÃO INFORMADO;NÃO INFORMADO;-8.046976;-34.891194
4447;NÃO INFORMADO;NÃO INFORMADO;-8.059947;-34.882198
4448;NÃO INFORMADO;NÃO INFORMADO;-8.060839;-34.883952
4449;NÃO INFORMADO;NÃO INFORMADO;-8.052234;-34.894912
4450;NÃO INFORMADO;NÃO INFORMADO;-8.079328;-34.902076
4451;NÃO INFORMADO;NÃO INFORMADO;-8.058311;-34.886693
4452;NÃO INFORMADO;NÃO INFORMADO;-8.078488;-34.89982
4453;NÃO INFORMADO;NÃO INFORMADO;-8.05451;-34.881924
4454;NÃO INFORMADO;NÃO INFORMADO;-8.034284;-34.921342
4455;NÃO INFORMADO;NÃO INFORMADO;-8.026571;-34.917769
4456;NÃO INFORMADO;NÃO INFORMADO;-8.04896;-34.923941
4457;NÃO INFORMADO;NÃO INFORMADO;-8.091246;-34.950181
4458;NÃO INFORMADO;NÃO INFORMADO;-8.030111;-34.892482
4459;NÃO INFORMADO;NÃO INFORMADO;-8.111825;-34.889968
4460;NÃO INFORMADO;NÃO INFORMADO;-8.051645;-34.921744
4461;NÃO INFORMADO;NÃO INFORMADO;-8.036793;-34.885159
4462;NÃO INFORMADO;NÃO INFORMADO;-8.049871;-34.898023
4463;NÃO INFORMADO;NÃO INFORMADO;-8.042403;-34.94089
4464;NÃO INFORMADO;NÃO INFORMADO;-8.013793;-34.889488
4465;NÃO INFORMADO;NÃO INFORMADO;-8.079614;-34.933959
4466;NÃO INFORMADO;NÃO INFORMADO;-8.012465;-34.931867
4467;NÃO INFORMADO;NÃO INFORMADO;-8.004598;-34.89378
4468;NÃO INFORMADO;NÃO INFORMADO;-8.062124;-34.909685
4469;NÃO INFORMADO;NÃO INFORMADO;-8.00927;-34.888861
4470;NÃO INFORMADO;NÃO INFORMADO;-8.120455;-34.959902
4471;NÃO INFORMADO;NÃO INFORMADO;-8.060935;-34.883645
4472;NÃO INFORMADO;NÃO INFORMADO;-8.025591;-34.906573
4473;NÃO INFORMADO;NÃO INFORMADO;-8.085866;-34.888045
4474;NÃO INFORMADO;NÃO INFORMADO;-8.056638;-34.89798
4475;NÃO INFORMADO;NÃO INFORMADO;-8.050784;-34.879285
4476;NÃO INFORMADO;NÃO INFORMADO;-8.062343;-34.897751
4477;NÃO INFORMADO;NÃO INFORMADO;-8.036459;-34.872236
4478;NÃO INFORMADO;NÃO INFORMADO;-8.119061;-34.913934
4479;NÃO INFORMADO;NÃO INFORMADO;-8.059357;-34.883531
4480;NÃO INFORMADO;NÃO INFORMADO;-8.06466;-34.920519
4481;NÃO INFORMADO;NÃO INFORMADO;-8.035933;-34.909589
4482;NÃO INFORMADO;NÃO INFORMADO;-8.116201;-34.894686
4483;NÃO INFORMADO;NÃO INFORMADO;-8.048482;-34.887989
4484;NÃO INFORMADO;NÃO INFORMADO;-8.062596;-34.913155
4485;NÃO INFORMADO;NÃO INFORMADO;-8.041043;-34.879832
4486;NÃO INFORMADO;NÃO INFORMADO;-8.111483;-34.912493
4487;NÃO INFORMADO;NÃO INFORMADO;-8.108708;-34.926932
4488;NÃO INFORMADO;NÃO INFORMADO;-8.099483;-34.937977
4489;NÃO INFORMADO;NÃO INFORMADO;-8.080269;-34.909815
4490;NÃO INFORMADO;NÃO INFORMADO;-8.071305;-34.892068
4491;NÃO INFORMADO;NÃO INFORMADO;-8.034824;-34.911733
4492;NÃO INFORMADO;NÃO INFORMADO;-8.002213;-34.919722
4493;NÃO INFORMADO;NÃO INFORMADO;-8.023519;-34.892777
4494;NÃO INFORMADO;NÃO INFORMADO;-8.055915;-34.898484
4495;NÃO INFORMADO;NÃO INFORMADO;-8.03499;-34.879221
4496;NÃO INFORMADO;NÃO INFORMADO;-8.123902;-34.899144
4497;NÃO INFORMADO;NÃO INFORMADO;-8.111257;-34.897948
4498;NÃO INFORMADO;NÃO INFORMADO;-8.135431;-34.902996
4499;NÃO INFORMADO;NÃO INFORMADO;-8.034921;-34.891486
4500;NÃO INFORMADO;NÃO INFORMADO;-8.107651;-34.927071
4501;NÃO INFORMADO;NÃO INFORMADO;-8.115261;-34.896073
4502;NÃO INFORMADO;NÃO INFORMADO;-8.043396;-34.933975
4503;NÃO INFORMADO;NÃO INFORMADO;-8.080698;-34.91458
4504;NÃO INFORMADO;NÃO INFORMADO;-8.051618;-34.918971
4505;NÃO INFORMADO;NÃO INFORMADO;-8.045143;-34.930454
4506;NÃO INFORMADO;NÃO INFORMADO;-8.056006;-34.894718
4507;NÃO INFORMADO;NÃO INFORMADO;-8.030433;-34.957096
4508;NÃO INFORMADO;NÃO INFORMADO;-8.025044;-34.91782
4509;NÃO INFORMADO;NÃO INFORMADO;-8.084517;-34.90703
4510;NÃO INFORMADO;NÃO INFORMADO;-8.027303;-34.898307
4511;NÃO INFORMADO;NÃO INFORMADO;-8.036302;-34.880181
4512;NÃO INFORMADO;NÃO INFORMADO;-8.049061;-34.889945
4513;NÃO INFORMADO;NÃO INFORMADO;-7.964818;-34.924496
4514;NÃO INFORMADO;NÃO INFORMADO;-8.125474;-34.937092
4515;NÃO INFORMADO;NÃO INFORMADO;-8.034399;-34.905273
4516;NÃO INFORMADO;NÃO INFORMADO;-8.07501;-34.889499
4517;NÃO INFORMADO;NÃO INFORMADO;-8.067128;-34.927731
4518;NÃO INFORMADO;NÃO INFORMADO;-8.042336;-34.892549
4519;NÃO INFORMADO;NÃO INFORMADO;-8.045595;-34.896341
4520;NÃO INFORMADO;NÃO INFORMADO;-8.013764;-34.889512
4521;NÃO INFORMADO;NÃO INFORMADO;-8.029123;-34.917324
4522;NÃO INFORMADO;NÃO INFORMADO;-8.029871;-34.925388
4523;NÃO INFORMADO;NÃO INFORMADO;-8.037279;-34.919465
4524;NÃO INFORMADO;NÃO INFORMADO;-8.062432;-34.910721
4525;NÃO INFORMADO;NÃO INFORMADO;-8.035511;-34.905761
4526;NÃO INFORMADO;NÃO INFORMADO;-8.055373;-34.943014
4527;NÃO INFORMADO;NÃO INFORMADO;-8.05399;-34.897253
4528;NÃO INFORMADO;NÃO INFORMADO;-8.032464;-34.923381
4529;NÃO INFORMADO;NÃO INFORMADO;-8.067425;-34.911547
4530;NÃO INFORMADO;NÃO INFORMADO;-8.012685;-34.920098
4531;NÃO INFORMADO;NÃO INFORMADO;-8.017376;-34.892256
4532;NÃO INFORMADO;NÃO INFORMADO;-8.062199;-34.909658
4533;NÃO INFORMADO;NÃO INFORMADO;-8.042266;-34.884745
4534;NÃO INFORMADO;NÃO INFORMADO;-8.05923;-34.898077
4535;NÃO INFORMADO;NÃO INFORMADO;-8.053182;-34.896647
4536;NÃO INFORMADO;NÃO INFORMADO;-8.012901;-34.905099
4537;NÃO INFORMADO;NÃO INFORMADO;-8.064849;-34.913797
4538;NÃO INFORMADO;NÃO INFORMADO;-8.068283;-34.909801
4539;NÃO INFORMADO;NÃO INFORMADO;-8.051746;-34.921822
4540;NÃO INFORMADO;NÃO INFORMADO;-8.113339;-34.938889
4541;NÃO INFORMADO;NÃO INFORMADO;-8.030212;-34.95763
4542;NÃO INFORMADO;NÃO INFORMADO;-8.041712;-34.872751
4543;NÃO INFORMADO;NÃO INFORMADO;-8.07548;-34.892919
4544;NÃO INFORMADO;NÃO INFORMADO;-8.005101;-34.893435
4545;NÃO INFORMADO;NÃO INFORMADO;-8.085297;-34.929598
4546;NÃO INFORMADO;NÃO INFORMADO;-8.080298;-34.909507
4547;NÃO INFORMADO;NÃO INFORMADO;-8.091742;-34.883759
4548;NÃO INFORMADO;NÃO INFORMADO;-8.107646;-34.924974
4549;NÃO INFORMADO;NÃO INFORMADO;-8.106759;-34.914637
4550;NÃO INFORMADO;NÃO INFORMADO;-8.067992;-34.882108
4551;NÃO INFORMADO;NÃO INFORMADO;-8.091732;-34.936065
4552;NÃO INFORMADO;NÃO INFORMADO;-8.060783;-34.924252
4553;NÃO INFORMADO;NÃO INFORMADO;-8.004595;-34.895553
4554;NÃO INFORMADO;NÃO INFORMADO;-8.057001;-34.882793
4555;NÃO INFORMADO;NÃO INFORMADO;-8.105001;-34.886862
4556;NÃO INFORMADO;NÃO INFORMADO;-8.014683;-34.902296
4557;NÃO INFORMADO;NÃO INFORMADO;-8.055753;-34.898058
4558;NÃO INFORMADO;NÃO INFORMADO;-8.062329;-34.89776
4559;NÃO INFORMADO;NÃO INFORMADO;-8.088171;-34.879344
4560;NÃO INFORMADO;NÃO INFORMADO;-8.076683;-34.893227
4561;NÃO INFORMADO;NÃO INFORMADO;-8.064082;-34.878462
4562;NÃO INFORMADO;NÃO INFORMADO;-8.118304;-34.894788
4563;NÃO INFORMADO;NÃO INFORMADO;-8.10708;-34.914977
4564;NÃO INFORMADO;NÃO INFORMADO;-8.055567;-34.885623
4565;NÃO INFORMADO;NÃO INFORMADO;-8.048136;-34.892876
4566;NÃO INFORMADO;NÃO INFORMADO;-8.046951;-34.879856
4567;NÃO INFORMADO;NÃO INFORMADO;-8.051466;-34.895077
4568;NÃO INFORMADO;NÃO INFORMADO;-8.061798;-34.907775
4569;NÃO INFORMADO;NÃO INFORMADO;-8.048721;-34.924024
4570;NÃO INFORMADO;NÃO INFORMADO;-8.042626;-34.87682
4571;NÃO INFORMADO;NÃO INFORMADO;-8.077548;-34.892487
4572;NÃO INFORMADO;NÃO INFORMADO;-8.063505;-34.986734
4573;NÃO INFORMADO;NÃO INFORMADO;-8.080315;-34.911335
4574;NÃO INFORMADO;NÃO INFORMADO;-8.014404;-34.929587
4575;NÃO INFORMADO;NÃO INFORMADO;-8.058147;-34.906783
4576;NÃO INFORMADO;NÃO INFORMADO;-8.086057;-34.953043
4577;NÃO INFORMADO;NÃO INFORMADO;-8.047496;-34.909153
4578;NÃO INFORMADO;NÃO INFORMADO;-8.035965;-34.920119
4579;NÃO INFORMADO;NÃO INFORMADO;-8.035638;-34.91285
4580;NÃO INFORMADO;NÃO INFORMADO;-8.087371;-34.891245
4581;NÃO INFORMADO;NÃO INFORMADO;-8.057729;-34.882903
4582;NÃO INFORMADO;NÃO INFORMADO;-8.043938;-34.888359
4583;NÃO INFORMADO;NÃO INFORMADO;-8.026892;-34.893136
4584;NÃO INFORMADO;NÃO INFORMADO;-8.052311;-34.934965
4585;NÃO INFORMADO;NÃO INFORMADO;-8.052431;-34.922241
4586;NÃO INFORMADO;NÃO INFORMADO;-8.088667;-34.929845
4587;NÃO INFORMADO;NÃO INFORMADO;-8.05353;-34.908655
4588;NÃO INFORMADO;NÃO INFORMADO;-8.048176;-34.925373
4589;NÃO INFORMADO;NÃO INFORMADO;-8.081789;-34.945318
4590;NÃO INFORMADO;NÃO INFORMADO;-8.054036;-34.878124
4591;NÃO INFORMADO;NÃO INFORMADO;-8.089931;-34.934225
4592;NÃO INFORMADO;NÃO INFORMADO;-8.02749;-34.913886
4593;NÃO INFORMADO;NÃO INFORMADO;-8.13217;-34.916332
4594;NÃO INFORMADO;NÃO INFORMADO;-8.058592;-34.87251
4595;NÃO INFORMADO;NÃO INFORMADO;-8.069791;-34.931945
4596;NÃO INFORMADO;NÃO INFORMADO;-8.074553;-34.890169
4597;NÃO INFORMADO;NÃO INFORMADO;-8.039157;-34.929802
4598;NÃO INFORMADO;NÃO INFORMADO;-8.027761;-34.92804
4599;NÃO INFORMADO;NÃO INFORMADO;-8.046763;-34.890196
4600;NÃO INFORMADO;NÃO INFORMADO;-8.12327;-34.899659
4601;NÃO INFORMADO;NÃO INFORMADO;-8.108108;-34.915707
4602;NÃO INFORMADO;NÃO INFORMADO;-8.058394;-34.902119
4603;NÃO INFORMADO;NÃO INFORMADO;-8.021349;-34.893678
4604;NÃO INFORMADO;NÃO INFORMADO;-8.151091;-34.907786
4605;NÃO INFORMADO;NÃO INFORMADO;-8.054818;-34.906896
4606;NÃO INFORMADO;NÃO INFORMADO;-8.031661;-34.875635
4607;NÃO INFORMADO;NÃO INFORMADO;-8.095627;-34.928744
4608;NÃO INFORMADO;NÃO INFORMADO;-8.051345;-34.872099
4609;NÃO INFORMADO;NÃO INFORMADO;-8.053984;-34.881556
4610;NÃO INFORMADO;NÃO INFORMADO;-8.038036;-34.931905
4611;NÃO INFORMADO;NÃO INFORMADO;-8.09467;-34.909409
4612;NÃO INFORMADO;NÃO INFORMADO;-8.062454;-34.897301
4613;NÃO INFORMADO;NÃO INFORMADO;-8.025633;-34.897543
4614;NÃO INFORMADO;NÃO INFORMADO;-8.060085;-34.905952
4615;NÃO INFORMADO;NÃO INFORMADO;-8.076276;-34.895459
4616;NÃO INFORMADO;NÃO INFORMADO;-8.092467;-34.947161
4617;NÃO INFORMADO;NÃO INFORMADO;-8.096849;-34.92875
4618;NÃO INFORMADO;NÃO INFORMADO;-8.030063;-34.957718
4619;NÃO INFORMADO;NÃO INFORMADO;-8.075004;-34.945761
4620;NÃO INFORMADO;NÃO INFORMADO;-8.020927;-34.896172
4621;NÃO INFORMADO;NÃO INFORMADO;-8.114531;-34.893659
4622;NÃO INFORMADO;NÃO INFORMADO;-8.122423;-34.903916
4623;NÃO INFORMADO;NÃO INFORMADO;-8.061305;-34.888808
4624;NÃO INFORMADO;NÃO INFORMADO;-8.056128;-34.941845
4625;NÃO INFORMADO;NÃO INFORMADO;-8.076714;-34.894102
4626;NÃO INFORMADO;NÃO INFORMADO;-8.061973;-34.900083
4627;NÃO INFORMADO;NÃO INFORMADO;-8.052607;-34.883756
4628;NÃO INFORMADO;NÃO INFORMADO;-8.06389;-34.882705
4629;NÃO INFORMADO;NÃO INFORMADO;-8.04858;-34.914942
4630;NÃO INFORMADO;NÃO INFORMADO;-8.037776;-34.874183
4631;NÃO INFORMADO;NÃO INFORMADO;-8.013251;-34.914819
4632;NÃO INFORMADO;NÃO INFORMADO;-8.029479;-34.908135
4633;NÃO INFORMADO;NÃO INFORMADO;-8.016553;-34.891591
4634;NÃO INFORMADO;NÃO INFORMADO;-8.019197;-34.921325
4635;NÃO INFORMADO;NÃO INFORMADO;-8.05661;-34.892634
4636;NÃO INFORMADO;NÃO INFORMADO;-8.037978;-34.892626
4637;NÃO INFORMADO;NÃO INFORMADO;-8.043838;-34.892821
4638;NÃO INFORMADO;NÃO INFORMADO;-8.132063;-34.901537
4639;NÃO INFORMADO;NÃO INFORMADO;-8.050853;-34.894981
4640;NÃO INFORMADO;NÃO INFORMADO;-8.056691;-34.892661
4641;NÃO INFORMADO;NÃO INFORMADO;-8.063593;-34.93485
4642;NÃO INFORMADO;NÃO INFORMADO;-8.082642;-34.932969
4643;NÃO INFORMADO;NÃO INFORMADO;-8.031819;-34.939329
4644;NÃO INFORMADO;NÃO INFORMADO;-8.063258;-34.87958
4645;NÃO INFORMADO;NÃO INFORMADO;-8.052181;-34.918105
4646;NÃO INFORMADO;NÃO INFORMADO;-8.097704;-34.928434
4647;NÃO INFORMADO;NÃO INFORMADO;-8.051321;-34.919357
4648;NÃO INFORMADO;NÃO INFORMADO;-8.027004;-34.904315
4649;NÃO INFORMADO;NÃO INFORMADO;-8.021294;-34.917566
4650;NÃO INFORMADO;NÃO INFORMADO;-8.019716;-34.907572
4651;NÃO INFORMADO;NÃO INFORMADO;-8.065786;-34.892785
4652;NÃO INFORMADO;NÃO INFORMADO;-8.051589;-34.89493
4653;NÃO INFORMADO;NÃO INFORMADO;-8.043653;-34.897267
4654;NÃO INFORMADO;NÃO INFORMADO;-8.057142;-34.897728
4655;NÃO INFORMADO;NÃO INFORMADO;-8.140927;-34.933865
4656;NÃO INFORMADO;NÃO INFORMADO;-8.127168;-34.897878
4657;NÃO INFORMADO;NÃO INFORMADO;-8.05177;-34.880013
4658;NÃO INFORMADO;NÃO INFORMADO;-8.038572;-34.892009
4659;NÃO INFORMADO;NÃO INFORMADO;-8.028024;-34.89183
4660;NÃO INFORMADO;NÃO INFORMADO;-8.022177;-34.919973
4661;NÃO INFORMADO;NÃO INFORMADO;-8.115774;-34.895531
4662;NÃO INFORMADO;NÃO INFORMADO;-8.025288;-34.907491
4663;NÃO INFORMADO;NÃO INFORMADO;-8.130285;-34.915833
4664;NÃO INFORMADO;NÃO INFORMADO;-8.036938;-34.890499
4665;NÃO INFORMADO;NÃO INFORMADO;-8.141766;-34.917721
4666;NÃO INFORMADO;NÃO INFORMADO;-8.093754;-34.929004
4667;NÃO INFORMADO;NÃO INFORMADO;-8.073379;-34.885164
4668;NÃO INFORMADO;NÃO INFORMADO;-8.052702;-34.943025
4669;NÃO INFORMADO;NÃO INFORMADO;-8.034916;-34.891494
4670;NÃO INFORMADO;NÃO INFORMADO;-8.029737;-34.907725
4671;NÃO INFORMADO;NÃO INFORMADO;-8.047547;-34.877051
4672;NÃO INFORMADO;NÃO INFORMADO;-8.130391;-34.910801
4673;NÃO INFORMADO;NÃO INFORMADO;-8.020542;-34.927458
4674;NÃO INFORMADO;NÃO INFORMADO;-8.125362;-34.913709
4675;NÃO INFORMADO;NÃO INFORMADO;-8.029617;-34.900485
4676;NÃO INFORMADO;NÃO INFORMADO;-8.077747;-34.905871
4677;NÃO INFORMADO;NÃO INFORMADO;-8.046312;-34.909546
4678;NÃO INFORMADO;NÃO INFORMADO;-8.091697;-34.936067
4679;NÃO INFORMADO;NÃO INFORMADO;-8.031046;-34.898506
4680;NÃO INFORMADO;NÃO INFORMADO;-8.109008;-34.92429
4681;NÃO INFORMADO;NÃO INFORMADO;-8.098904;-34.910216
4682;NÃO INFORMADO;NÃO INFORMADO;-8.017931;-34.952365
4683;NÃO INFORMADO;NÃO INFORMADO;-8.037229;-34.873057
4684;NÃO INFORMADO;NÃO INFORMADO;-8.036809;-34.872164
4685;NÃO INFORMADO;NÃO INFORMADO;-8.109783;-34.918402
4686;NÃO INFORMADO;NÃO INFORMADO;-8.092083;-34.961485
4687;NÃO INFORMADO;NÃO INFORMADO;-8.063505;-34.897617
4688;NÃO INFORMADO;NÃO INFORMADO;-8.046265;-34.890815
4689;NÃO INFORMADO;NÃO INFORMADO;-8.056061;-34.894254
4690;NÃO INFORMADO;NÃO INFORMADO;-8.09085;-34.951158
4691;NÃO INFORMADO;NÃO INFORMADO;-8.04973;-34.881817
4692;NÃO INFORMADO;NÃO INFORMADO;-8.018762;-34.893029
4693;NÃO INFORMADO;NÃO INFORMADO;-8.029394;-34.900265
4694;NÃO INFORMADO;NÃO INFORMADO;-8.135365;-34.908535
4695;NÃO INFORMADO;NÃO INFORMADO;-8.075697;-34.915707
4696;NÃO INFORMADO;NÃO INFORMADO;-8.11831;-34.945155
4697;NÃO INFORMADO;NÃO INFORMADO;-8.041813;-34.92499
4698;NÃO INFORMADO;NÃO INFORMADO;-8.043677;-34.933197
4699;NÃO INFORMADO;NÃO INFORMADO;-8.029672;-34.900371
4700;NÃO INFORMADO;NÃO INFORMADO;-8.038572;-34.891985
4701;NÃO INFORMADO;NÃO INFORMADO;-8.084644;-34.927913
4702;NÃO INFORMADO;NÃO INFORMADO;-8.004784;-34.921739
4703;NÃO INFORMADO;NÃO INFORMADO;-8.041393;-34.885891
4704;NÃO INFORMADO;NÃO INFORMADO;-8.078488;-34.934244
4705;NÃO INFORMADO;NÃO INFORMADO;-8.089998;-34.934308
4706;NÃO INFORMADO;NÃO INFORMADO;-8.052314;-34.895935
4707;NÃO INFORMADO;NÃO INFORMADO;-8.029623;-34.958469
4708;NÃO INFORMADO;NÃO INFORMADO;-8.119879;-34.943443
4709;NÃO INFORMADO;NÃO INFORMADO;-8.117404;-34.89651
4710;NÃO INFORMADO;NÃO INFORMADO;-8.032281;-34.919548
4711;NÃO INFORMADO;NÃO INFORMADO;-8.021596;-34.893238
4712;NÃO INFORMADO;NÃO INFORMADO;-8.054188;-34.923226
4713;NÃO INFORMADO;NÃO INFORMADO;-8.021693;-34.894206
4714;NÃO INFORMADO;NÃO INFORMADO;-8.134225;-34.941282
4715;NÃO INFORMADO;NÃO INFORMADO;-8.039229;-34.871027
4716;NÃO INFORMADO;NÃO INFORMADO;-8.023681;-34.91833
4717;NÃO INFORMADO;NÃO INFORMADO;-8.079495;-34.904345
4718;NÃO INFORMADO;NÃO INFORMADO;-8.11167;-34.889884
4719;NÃO INFORMADO;NÃO INFORMADO;-8.051778;-34.959792
4720;NÃO INFORMADO;NÃO INFORMADO;-8.100003;-34.887139
4721;NÃO INFORMADO;NÃO INFORMADO;-8.066424;-34.897602
4722;NÃO INFORMADO;NÃO INFORMADO;-8.114546;-34.893678
4723;NÃO INFORMADO;NÃO INFORMADO;-8.109473;-34.90913
4724;NÃO INFORMADO;NÃO INFORMADO;-8.106954;-34.927212
4725;NÃO INFORMADO;NÃO INFORMADO;-8.067292;-34.893812
4726;NÃO INFORMADO;NÃO INFORMADO;-8.034472;-34.894026
4727;NÃO INFORMADO;NÃO INFORMADO;-8.054552;-34.926505
4728;NÃO INFORMADO;NÃO INFORMADO;-8.127863;-34.949012
4729;NÃO INFORMADO;NÃO INFORMADO;-8.062411;-34.910712
4730;NÃO INFORMADO;NÃO INFORMADO;-8.029127;-34.908695
4731;NÃO INFORMADO;NÃO INFORMADO;-8.029791;-34.900727
4732;NÃO INFORMADO;NÃO INFORMADO;-8.052423;-34.908872
4733;NÃO INFORMADO;NÃO INFORMADO;-8.016422;-34.951627
4734;NÃO INFORMADO;NÃO INFORMADO;-8.14139;-34.908167
4735;NÃO INFORMADO;NÃO INFORMADO;-8.140513;-34.91771
4736;NÃO INFORMADO;NÃO INFORMADO;-8.112282;-34.902325
4737;NÃO INFORMADO;NÃO INFORMADO;-8.062847;-34.926508
4738;NÃO INFORMADO;NÃO INFORMADO;-8.071138;-34.909272
4739;NÃO INFORMADO;NÃO INFORMADO;-8.070672;-34.929712
4740;NÃO INFORMADO;NÃO INFORMADO;-8.109627;-34.926774
4741;NÃO INFORMADO;NÃO INFORMADO;-8.037188;-34.890969
4742;NÃO INFORMADO;NÃO INFORMADO;-8.052257;-34.871568
4743;NÃO INFORMADO;NÃO INFORMADO;-8.053371;-34.955674
4744;NÃO INFORMADO;NÃO INFORMADO;-8.059223;-34.898114
4745;NÃO INFORMADO;NÃO INFORMADO;-8.052674;-34.897947
4746;NÃO INFORMADO;NÃO INFORMADO;-8.07195;-34.907997
4747;NÃO INFORMADO;NÃO INFORMADO;-8.055889;-34.911506
4748;NÃO INFORMADO;NÃO INFORMADO;-8.046692;-34.927868
4749;NÃO INFORMADO;NÃO INFORMADO;-8.04249;-34.884358
4750;NÃO INFORMADO;NÃO INFORMADO;-8.091763;-34.936098
4751;NÃO INFORMADO;NÃO INFORMADO;-8.110247;-34.892819
4752;NÃO INFORMADO;NÃO INFORMADO;-8.076799;-34.894692
4753;NÃO INFORMADO;NÃO INFORMADO;-8.061774;-34.920189
4754;NÃO INFORMADO;NÃO INFORMADO;-8.019875;-34.907397
4755;NÃO INFORMADO;NÃO INFORMADO;-8.054407;-34.923367
4756;NÃO INFORMADO;NÃO INFORMADO;-8.052947;-34.897009
4757;NÃO INFORMADO;NÃO INFORMADO;-8.141286;-34.917836
4758;NÃO INFORMADO;NÃO INFORMADO;-8.053084;-34.904735
4759;NÃO INFORMADO;NÃO INFORMADO;-8.06214;-34.898844
4760;NÃO INFORMADO;NÃO INFORMADO;-8.058688;-34.925145
4761;NÃO INFORMADO;NÃO INFORMADO;-8.045528;-34.875513
4762;NÃO INFORMADO;NÃO INFORMADO;-8.053799;-34.906818
4763;NÃO INFORMADO;NÃO INFORMADO;-8.056178;-34.90008
4764;NÃO INFORMADO;NÃO INFORMADO;-8.102611;-34.888378
4765;NÃO INFORMADO;NÃO INFORMADO;-8.062774;-34.895433
4766;NÃO INFORMADO;NÃO INFORMADO;-8.094937;-34.911598
4767;NÃO INFORMADO;NÃO INFORMADO;-8.044586;-34.897073
4768;NÃO INFORMADO;NÃO INFORMADO;-8.054865;-34.8973
4769;NÃO INFORMADO;NÃO INFORMADO;-8.093065;-34.943124
4770;NÃO INFORMADO;NÃO INFORMADO;-8.058101;-34.889114
4771;NÃO INFORMADO;NÃO INFORMADO;-8.043412;-34.887211
4772;NÃO INFORMADO;NÃO INFORMADO;-8.03217;-34.881332
4773;NÃO INFORMADO;NÃO INFORMADO;-8.109892;-34.892007
4774;NÃO INFORMADO;NÃO INFORMADO;-8.036562;-34.89503
4775;NÃO INFORMADO;NÃO INFORMADO;-8.101671;-34.910552
4776;NÃO INFORMADO;NÃO INFORMADO;-8.06516;-34.919145
4777;NÃO INFORMADO;NÃO INFORMADO;-8.053071;-34.916518
4778;NÃO INFORMADO;NÃO INFORMADO;-8.109948;-34.926747
4779;NÃO INFORMADO;NÃO INFORMADO;-8.106732;-34.927337
4780;NÃO INFORMADO;NÃO INFORMADO;-8.043109;-34.947156
4781;NÃO INFORMADO;NÃO INFORMADO;-8.027362;-34.903782
4782;NÃO INFORMADO;NÃO INFORMADO;-8.029689;-34.889853
4783;NÃO INFORMADO;NÃO INFORMADO;-8.00725;-34.890534
4784;NÃO INFORMADO;NÃO INFORMADO;-8.070718;-34.928691
4785;NÃO INFORMADO;NÃO INFORMADO;-8.075408;-34.892718
4786;NÃO INFORMADO;NÃO INFORMADO;-8.090789;-34.954891
4787;NÃO INFORMADO;NÃO INFORMADO;-8.032188;-34.878641
4788;NÃO INFORMADO;NÃO INFORMADO;-8.047613;-34.877037
4789;NÃO INFORMADO;NÃO INFORMADO;-8.034906;-34.901121
4790;NÃO INFORMADO;NÃO INFORMADO;-8.054972;-34.900552
4791;NÃO INFORMADO;NÃO INFORMADO;-8.006008;-34.892091
4792;NÃO INFORMADO;NÃO INFORMADO;-8.107994;-34.891548
4793;NÃO INFORMADO;NÃO INFORMADO;-8.027272;-34.893056
4794;NÃO INFORMADO;NÃO INFORMADO;-8.049996;-34.921693
4795;NÃO INFORMADO;NÃO INFORMADO;-8.031803;-34.954918
4796;NÃO INFORMADO;NÃO INFORMADO;-8.020667;-34.8929
4797;NÃO INFORMADO;NÃO INFORMADO;-8.091659;-34.908553
4798;NÃO INFORMADO;NÃO INFORMADO;-8.091248;-34.908478
4799;NÃO INFORMADO;NÃO INFORMADO;-8.059378;-34.906705
4800;NÃO INFORMADO;NÃO INFORMADO;-8.049961;-34.87387
4801;NÃO INFORMADO;NÃO INFORMADO;-8.046026;-34.90729
4802;NÃO INFORMADO;NÃO INFORMADO;-8.082666;-34.947172
4803;NÃO INFORMADO;NÃO INFORMADO;-8.14202;-34.911496
4804;NÃO INFORMADO;NÃO INFORMADO;-8.089514;-34.93382
4805;NÃO INFORMADO;NÃO INFORMADO;-8.090903;-34.957311
4806;NÃO INFORMADO;NÃO INFORMADO;-7.99957;-34.928021
4807;NÃO INFORMADO;NÃO INFORMADO;-8.062584;-34.913894
4808;NÃO INFORMADO;NÃO INFORMADO;-8.05318;-34.905592
4809;NÃO INFORMADO;NÃO INFORMADO;-8.058068;-34.905357
4810;NÃO INFORMADO;NÃO INFORMADO;-8.032302;-34.904282
4811;NÃO INFORMADO;NÃO INFORMADO;-8.052067;-34.895193
4812;NÃO INFORMADO;NÃO INFORMADO;-8.06333;-34.897627
4813;NÃO INFORMADO;NÃO INFORMADO;-8.047475;-34.876938
4814;NÃO INFORMADO;NÃO INFORMADO;-8.052064;-34.949704
4815;NÃO INFORMADO;NÃO INFORMADO;-8.03759;-34.972122
4816;NÃO INFORMADO;NÃO INFORMADO;-8.02289;-34.914063
4817;NÃO INFORMADO;NÃO INFORMADO;-8.068689;-34.875621
4818;NÃO INFORMADO;NÃO INFORMADO;-8.066186;-34.877263
4819;NÃO INFORMADO;NÃO INFORMADO;-8.080635;-34.906421
4820;NÃO INFORMADO;NÃO INFORMADO;-8.109555;-34.90865
4821;NÃO INFORMADO;NÃO INFORMADO;-8.0375;-34.944618
4822;NÃO INFORMADO;NÃO INFORMADO;-8.055193;-34.897878
4823;NÃO INFORMADO;NÃO INFORMADO;-8.057161;-34.891075
4824;NÃO INFORMADO;NÃO INFORMADO;-8.048423;-34.924904
4825;NÃO INFORMADO;NÃO INFORMADO;-8.010998;-34.88918
4826;NÃO INFORMADO;NÃO INFORMADO;-8.065954;-34.879042
4827;NÃO INFORMADO;NÃO INFORMADO;-8.085342;-34.93191
4828;NÃO INFORMADO;NÃO INFORMADO;-8.100789;-34.928091
4829;NÃO INFORMADO;NÃO INFORMADO;-8.021023;-34.919671
4830;NÃO INFORMADO;NÃO INFORMADO;-8.121573;-34.936408
4831;NÃO INFORMADO;NÃO INFORMADO;-8.048049;-34.877308
4832;NÃO INFORMADO;NÃO INFORMADO;-8.062001;-34.919756
4833;NÃO INFORMADO;NÃO INFORMADO;-8.026882;-34.89312
4834;NÃO INFORMADO;NÃO INFORMADO;-8.080294;-34.908671
4835;NÃO INFORMADO;NÃO INFORMADO;-8.052596;-34.88372
4836;NÃO INFORMADO;NÃO INFORMADO;-8.111852;-34.943304
4837;NÃO INFORMADO;NÃO INFORMADO;-8.038275;-34.879392
4838;NÃO INFORMADO;NÃO INFORMADO;-8.033861;-34.885842
4839;NÃO INFORMADO;NÃO INFORMADO;-8.036916;-34.890462
4840;NÃO INFORMADO;NÃO INFORMADO;-8.113853;-34.925799
4841;NÃO INFORMADO;NÃO INFORMADO;-8.092287;-34.882171
4842;NÃO INFORMADO;NÃO INFORMADO;-8.133235;-34.916498
4843;NÃO INFORMADO;NÃO INFORMADO;-8.052752;-34.917083
4844;NÃO INFORMADO;NÃO INFORMADO;-8.03535;-34.95156
4845;NÃO INFORMADO;NÃO INFORMADO;-8.053352;-34.8968
4846;NÃO INFORMADO;NÃO INFORMADO;-8.025554;-34.89341
4847;NÃO INFORMADO;NÃO INFORMADO;-8.113541;-34.897712
4848;NÃO INFORMADO;NÃO INFORMADO;-8.108448;-34.913676
4849;NÃO INFORMADO;NÃO INFORMADO;-8.143274;-34.908779
4850;NÃO INFORMADO;NÃO INFORMADO;-8.06491;-34.91657
4851;NÃO INFORMADO;NÃO INFORMADO;-8.127869;-34.901907
4852;NÃO INFORMADO;NÃO INFORMADO;-8.045876;-34.879097
4853;NÃO INFORMADO;NÃO INFORMADO;-8.016223;-34.941209
4854;NÃO INFORMADO;NÃO INFORMADO;-8.142849;-34.907212
4855;NÃO INFORMADO;NÃO INFORMADO;-8.131305;-34.91609
4856;NÃO INFORMADO;NÃO INFORMADO;-8.036957;-34.898138
4857;NÃO INFORMADO;NÃO INFORMADO;-8.064197;-34.876834
4858;NÃO INFORMADO;NÃO INFORMADO;-8.080278;-34.907679
4859;NÃO INFORMADO;NÃO INFORMADO;-8.124114;-34.903534
4860;NÃO INFORMADO;NÃO INFORMADO;-8.027427;-34.914012
4861;NÃO INFORMADO;NÃO INFORMADO;-8.034985;-34.908934
4862;NÃO INFORMADO;NÃO INFORMADO;-8.118405;-34.944538
4863;NÃO INFORMADO;NÃO INFORMADO;-8.102946;-34.927731
4864;NÃO INFORMADO;NÃO INFORMADO;-8.0716529;-34.9440014
4865;NÃO INFORMADO;NÃO INFORMADO;-8.0048103;-34.9261325
4866;NÃO INFORMADO;NÃO INFORMADO;-8.025636;-34.9116084
4867;NÃO INFORMADO;NÃO INFORMADO;-8.0357577;-34.9475741
4868;NÃO INFORMADO;NÃO INFORMADO;-8.0547839;-34.8769676
4869;NÃO INFORMADO;NÃO INFORMADO;-8.0709571;-34.9286109
4870;NÃO INFORMADO;NÃO INFORMADO;-8.0717299;-34.9269024
4871;NÃO INFORMADO;NÃO INFORMADO;-8.0482667;-34.8967141
4872;NÃO INFORMADO;NÃO INFORMADO;-8.0762876;-34.8954467
4873;NÃO INFORMADO;NÃO INFORMADO;-8.1049373;-34.8868409
4874;NÃO INFORMADO;NÃO INFORMADO;-8.0922973;-34.9378216
4875;NÃO INFORMADO;NÃO INFORMADO;-8.053318;-34.9067415
4876;NÃO INFORMADO;NÃO INFORMADO;-8.1266235;-34.9095136
4877;NÃO INFORMADO;NÃO INFORMADO;-8.062613;-34.9131373
4878;NÃO INFORMADO;NÃO INFORMADO;-8.0211023;-34.9196604
4879;NÃO INFORMADO;NÃO INFORMADO;-8.1173299;-34.8966309
4880;NÃO INFORMADO;NÃO INFORMADO;-8.0674038;-34.8902312
4881;NÃO INFORMADO;NÃO INFORMADO;-8.0360365;-34.9070942
4882;NÃO INFORMADO;NÃO INFORMADO;-8.0981818;-34.8878735
4883;NÃO INFORMADO;NÃO INFORMADO;-8.0190838;-34.8938495
4884;NÃO INFORMADO;NÃO INFORMADO;-8.0439005;-34.9328461
4885;NÃO INFORMADO;NÃO INFORMADO;-8.0803474;-34.9095297
4886;NÃO INFORMADO;NÃO INFORMADO;-8.0485216;-34.8776409
4887;NÃO INFORMADO;NÃO INFORMADO;-8.0772084;-34.9806753
4888;NÃO INFORMADO;NÃO INFORMADO;-8.0808891;-34.919419
4889;NÃO INFORMADO;NÃO INFORMADO;-8.143508;-34.9082878
4890;NÃO INFORMADO;NÃO INFORMADO;-8.031256;-34.916136
4891;NÃO INFORMADO;NÃO INFORMADO;-8.0624829;-34.8807603
4892;NÃO INFORMADO;NÃO INFORMADO;-7.9937476;-34.9353433
4893;NÃO INFORMADO;NÃO INFORMADO;-8.0453559;-34.9304107
4894;NÃO INFORMADO;NÃO INFORMADO;-8.0354443;-34.9204114
4895;NÃO INFORMADO;NÃO INFORMADO;-8.0742952;-34.9224687
4896;NÃO INFORMADO;NÃO INFORMADO;-8.0233493;-34.9305314
4897;NÃO INFORMADO;NÃO INFORMADO;-8.0652275;-34.9080317
4898;NÃO INFORMADO;NÃO INFORMADO;-8.0906163;-34.909232
4899;NÃO INFORMADO;NÃO INFORMADO;-8.0384295;-34.8793441
4900;NÃO INFORMADO;NÃO INFORMADO;-8.115349;-34.900555
4901;NÃO INFORMADO;NÃO INFORMADO;-8.090534;-34.9077407
4902;NÃO INFORMADO;NÃO INFORMADO;-8.0303902;-34.9249819
4903;NÃO INFORMADO;NÃO INFORMADO;-8.0539859;-34.9068059
4904;NÃO INFORMADO;NÃO INFORMADO;-8.0711589;-34.9094827
4905;NÃO INFORMADO;NÃO INFORMADO;-8.0712731;-34.8833835
4906;NÃO INFORMADO;NÃO INFORMADO;-8.035601;-34.9071425
4907;NÃO INFORMADO;NÃO INFORMADO;-8.0238818;-34.8972559
4908;NÃO INFORMADO;NÃO INFORMADO;-8.0925429;-34.911025
4909;NÃO INFORMADO;NÃO INFORMADO;-8.108145;-34.9153125
4910;NÃO INFORMADO;NÃO INFORMADO;-8.1207619;-34.8953797
4911;NÃO INFORMADO;NÃO INFORMADO;-8.0394122;-34.9407774
4912;NÃO INFORMADO;NÃO INFORMADO;-8.1060532;-34.8890349
4913;NÃO INFORMADO;NÃO INFORMADO;-8.0268073;-34.8982966
4914;NÃO INFORMADO;NÃO INFORMADO;-8.1423822;-34.9106294
4915;NÃO INFORMADO;NÃO INFORMADO;-8.1211934;-34.9039453
4916;NÃO INFORMADO;NÃO INFORMADO;-8.1213633;-34.9039561
4917;NÃO INFORMADO;NÃO INFORMADO;-8.052808;-34.880814
4918;NÃO INFORMADO;NÃO INFORMADO;-8.0072831;-34.9026632
4919;NÃO INFORMADO;NÃO INFORMADO;-8.0118196;-34.8892777
4920;NÃO INFORMADO;NÃO INFORMADO;-8.0903535;-34.9295712
4921;NÃO INFORMADO;NÃO INFORMADO;-8.0306929;-34.8946354
4922;NÃO INFORMADO;NÃO INFORMADO;-8.1398067;-34.9074966
4923;NÃO INFORMADO;NÃO INFORMADO;-8.0596439;-34.8975563
4924;NÃO INFORMADO;NÃO INFORMADO;-8.0703091;-34.8806477
4925;NÃO INFORMADO;NÃO INFORMADO;-8.1114164;-34.8928678
4926;NÃO INFORMADO;NÃO INFORMADO;-8.1000752;-34.9102941
4927;NÃO INFORMADO;NÃO INFORMADO;-8.0701179;-34.9329829
4928;NÃO INFORMADO;NÃO INFORMADO;-8.0585976;-34.9251616
4929;NÃO INFORMADO;NÃO INFORMADO;-8.0330965;-34.9104953
4930;NÃO INFORMADO;NÃO INFORMADO;-8.1119263;-34.9265349
4931;NÃO INFORMADO;NÃO INFORMADO;-8.1430195;-34.9092883
4932;NÃO INFORMADO;NÃO INFORMADO;-8.0783663;-34.8925191
4933;NÃO INFORMADO;NÃO INFORMADO;-8.0983996;-34.8838127
4934;NÃO INFORMADO;NÃO INFORMADO;-8.0358002;-34.8699349
4935;NÃO INFORMADO;NÃO INFORMADO;-8.0514828;-34.8938468
4936;NÃO INFORMADO;NÃO INFORMADO;-8.051836;-34.8947614
4937;NÃO INFORMADO;NÃO INFORMADO;-8.0526009;-34.8923206
4938;NÃO INFORMADO;NÃO INFORMADO;-8.0297129;-34.9578899
4939;NÃO INFORMADO;NÃO INFORMADO;-8.1139019;-34.9392647
4940;NÃO INFORMADO;NÃO INFORMADO;-8.0651253;-34.9271464
4941;NÃO INFORMADO;NÃO INFORMADO;-8.021267;-34.9174315
4942;NÃO INFORMADO;NÃO INFORMADO;-8.0272429;-34.8966336
4943;NÃO INFORMADO;NÃO INFORMADO;-8.1120484;-34.9066865
4944;NÃO INFORMADO;NÃO INFORMADO;-8.0362411;-34.920001
4945;NÃO INFORMADO;NÃO INFORMADO;-8.0610833;-34.9231339
4946;NÃO INFORMADO;NÃO INFORMADO;-8.0621668;-34.9101466
4947;NÃO INFORMADO;NÃO INFORMADO;-8.1146347;-34.8976743
4948;NÃO INFORMADO;NÃO INFORMADO;-8.0705933;-34.9282676
4949;NÃO INFORMADO;NÃO INFORMADO;-8.1407519;-34.9301183
4950;NÃO INFORMADO;NÃO INFORMADO;-8.0151742;-34.8902714
4951;NÃO INFORMADO;NÃO INFORMADO;-8.1098869;-34.8890886
4952;NÃO INFORMADO;NÃO INFORMADO;-8.0314977;-34.9551004
4953;NÃO INFORMADO;NÃO INFORMADO;-8.0320966;-34.9544393
4954;NÃO INFORMADO;NÃO INFORMADO;-8.0251606;-34.930172
4955;NÃO INFORMADO;NÃO INFORMADO;-8.0613967;-34.9059677
4956;NÃO INFORMADO;NÃO INFORMADO;-8.0439563;-34.8824126
4957;NÃO INFORMADO;NÃO INFORMADO;-8.0634788;-34.9857581
4958;NÃO INFORMADO;NÃO INFORMADO;-8.0346051;-34.8808515
4959;NÃO INFORMADO;NÃO INFORMADO;-8.0398318;-34.8847193
4960;NÃO INFORMADO;NÃO INFORMADO;-8.0192485;-34.8940185
4961;NÃO INFORMADO;NÃO INFORMADO;-8.0217185;-34.9163103
4962;NÃO INFORMADO;NÃO INFORMADO;-8.027721;-34.8930287
4963;NÃO INFORMADO;NÃO INFORMADO;-8.0847981;-34.9070191
4964;NÃO INFORMADO;NÃO INFORMADO;-8.0261858;-34.9110103
4965;NÃO INFORMADO;NÃO INFORMADO;-8.0294261;-34.8819029
4966;NÃO INFORMADO;NÃO INFORMADO;-8.0537588;-34.9104095
4967;NÃO INFORMADO;NÃO INFORMADO;-8.1232168;-34.9120402
4968;NÃO INFORMADO;NÃO INFORMADO;-8.0523778;-34.9049163
4969;NÃO INFORMADO;NÃO INFORMADO;-8.0834809;-34.9574661
4970;NÃO INFORMADO;NÃO INFORMADO;-8.1406776;-34.9290293
4971;NÃO INFORMADO;NÃO INFORMADO;-8.0468432;-34.9186814
4972;NÃO INFORMADO;NÃO INFORMADO;-8.1027386;-34.9130622
4973;NÃO INFORMADO;NÃO INFORMADO;-8.0612699;-34.888872
4974;NÃO INFORMADO;NÃO INFORMADO;-8.0484818;-34.9192929
4975;NÃO INFORMADO;NÃO INFORMADO;-8.1133575;-34.9044013
4976;NÃO INFORMADO;NÃO INFORMADO;-8.08545;-34.8866303
4977;NÃO INFORMADO;NÃO INFORMADO;-8.1487068;-34.9140143
4978;NÃO INFORMADO;NÃO INFORMADO;-8.1337316;-34.9161279
4979;NÃO INFORMADO;NÃO INFORMADO;-8.0492732;-34.8825882
4980;NÃO INFORMADO;NÃO INFORMADO;-8.0795467;-34.904345
4981;NÃO INFORMADO;NÃO INFORMADO;-8.0043056;-34.8969233
4982;NÃO INFORMADO;NÃO INFORMADO;-8.1417025;-34.9035296
4983;NÃO INFORMADO;NÃO INFORMADO;-8.0662194;-34.9252903
4984;NÃO INFORMADO;NÃO INFORMADO;-8.0276227;-34.928973
4985;NÃO INFORMADO;NÃO INFORMADO;-8.0920556;-34.9480623
4986;NÃO INFORMADO;NÃO INFORMADO;-8.0538093;-34.8844537
4987;NÃO INFORMADO;NÃO INFORMADO;-8.0503647;-34.9410242
4988;NÃO INFORMADO;NÃO INFORMADO;-8.0224542;-34.8894963
4989;NÃO INFORMADO;NÃO INFORMADO;-8.0150254;-34.8901266
4990;NÃO INFORMADO;NÃO INFORMADO;-7.9875401;-34.9288416
4991;NÃO INFORMADO;NÃO INFORMADO;-8.0515705;-34.9217176
4992;NÃO INFORMADO;NÃO INFORMADO;-8.0139033;-34.9314313
4993;NÃO INFORMADO;NÃO INFORMADO;-8.0251367;-34.9081537
4994;NÃO INFORMADO;NÃO INFORMADO;-8.0792054;-34.9339646
4995;NÃO INFORMADO;NÃO INFORMADO;-8.0187823;-34.8938079
4996;NÃO INFORMADO;NÃO INFORMADO;-8.1197171;-34.9010137
4997;NÃO INFORMADO;NÃO INFORMADO;-8.0314977;-34.9240297
4998;NÃO INFORMADO;NÃO INFORMADO;-8.1087318;-34.9122736
4999;NÃO INFORMADO;NÃO INFORMADO;-8.1078848;-34.9267361
5000;NÃO INFORMADO;NÃO INFORMADO;-8.0526646;-34.9172544
5001;NÃO INFORMADO;NÃO INFORMADO;-8.0532489;-34.8841131
5002;NÃO INFORMADO;NÃO INFORMADO;-8.1411077;-34.913553
5003;NÃO INFORMADO;NÃO INFORMADO;-8.1055268;-34.9273878
5004;NÃO INFORMADO;NÃO INFORMADO;-8.0566031;-34.8973793
5005;NÃO INFORMADO;NÃO INFORMADO;-8.1202481;-34.9436527
5006;NÃO INFORMADO;NÃO INFORMADO;-8.0518626;-34.9218947
5007;NÃO INFORMADO;NÃO INFORMADO;-8.0980198;-34.9101238
5008;NÃO INFORMADO;NÃO INFORMADO;-8.0016934;-34.9236703
5009;NÃO INFORMADO;NÃO INFORMADO;-8.0506622;-34.939903
5010;NÃO INFORMADO;NÃO INFORMADO;-8.0446335;-34.8749024
5011;NÃO INFORMADO;NÃO INFORMADO;-8.1173804;-34.8964834
5012;NÃO INFORMADO;NÃO INFORMADO;-8.0438501;-34.8880586
5013;NÃO INFORMADO;NÃO INFORMADO;-8.0517909;-34.8900032
5014;NÃO INFORMADO;NÃO INFORMADO;-8.0900454;-34.9083468
5015;NÃO INFORMADO;NÃO INFORMADO;-8.0272615;-34.8982403
5016;NÃO INFORMADO;NÃO INFORMADO;-8.1252241;-34.9058121
5017;NÃO INFORMADO;NÃO INFORMADO;-8.0455498;-34.9298608
5018;NÃO INFORMADO;NÃO INFORMADO;-8.0508122;-34.906535
5019;NÃO INFORMADO;NÃO INFORMADO;-8.0581009;-34.9056056
5020;NÃO INFORMADO;NÃO INFORMADO;-8.0214343;-34.8864922
5021;NÃO INFORMADO;NÃO INFORMADO;-8.020352;-34.9171096
5022;NÃO INFORMADO;NÃO INFORMADO;-8.0350898;-34.9090067
5023;NÃO INFORMADO;NÃO INFORMADO;-8.0601684;-34.8702152
5024;NÃO INFORMADO;NÃO INFORMADO;-8.0162007;-34.93053
5025;NÃO INFORMADO;NÃO INFORMADO;-8.0860196;-34.8946166
5026;NÃO INFORMADO;NÃO INFORMADO;-8.0430719;-34.9080411
5027;NÃO INFORMADO;NÃO INFORMADO;-8.0080852;-34.9092937
5028;NÃO INFORMADO;NÃO INFORMADO;-8.1174043;-34.8964915
5029;NÃO INFORMADO;NÃO INFORMADO;-8.1264881;-34.8997101
5030;NÃO INFORMADO;NÃO INFORMADO;-8.060353;-34.8778501
5031;NÃO INFORMADO;NÃO INFORMADO;-8.05007;-34.9215728
5032;NÃO INFORMADO;NÃO INFORMADO;-8.051443;-34.9532282
5033;NÃO INFORMADO;NÃO INFORMADO;-8.0581302;-34.9067885
5034;NÃO INFORMADO;NÃO INFORMADO;-8.0552938;-34.9003351
5035;NÃO INFORMADO;NÃO INFORMADO;-8.0249535;-34.9170291
5036;NÃO INFORMADO;NÃO INFORMADO;-8.1073696;-34.9232036
5037;NÃO INFORMADO;NÃO INFORMADO;-8.0295376;-34.9257007
5038;NÃO INFORMADO;NÃO INFORMADO;-8.0154531;-34.9067107
5039;NÃO INFORMADO;NÃO INFORMADO;-8.0592642;-34.886865
5040;NÃO INFORMADO;NÃO INFORMADO;-8.0611484;-34.8834305
5041;NÃO INFORMADO;NÃO INFORMADO;-8.117845;-34.8956224
5042;NÃO INFORMADO;NÃO INFORMADO;-8.0266373;-34.8849338
5043;NÃO INFORMADO;NÃO INFORMADO;-8.0428329;-34.9347907
5044;NÃO INFORMADO;NÃO INFORMADO;-8.1332112;-34.9373442
5045;NÃO INFORMADO;NÃO INFORMADO;-8.1112173;-34.8916367
5046;NÃO INFORMADO;NÃO INFORMADO;-8.067356;-34.8967651
5047;NÃO INFORMADO;NÃO INFORMADO;-8.0272934;-34.8964271
5048;NÃO INFORMADO;NÃO INFORMADO;-8.0358533;-34.9201405
5049;NÃO INFORMADO;NÃO INFORMADO;-8.1161111;-34.9008286
5050;NÃO INFORMADO;NÃO INFORMADO;-8.1124149;-34.9406004
5051;NÃO INFORMADO;NÃO INFORMADO;-8.1031395;-34.8877046
5052;NÃO INFORMADO;NÃO INFORMADO;-8.0409579;-34.9087411
5053;NÃO INFORMADO;NÃO INFORMADO;-8.1363815;-34.901695
5054;NÃO INFORMADO;NÃO INFORMADO;-8.1309197;-34.8999944
5055;NÃO INFORMADO;NÃO INFORMADO;-8.0372822;-34.9730229
5056;NÃO INFORMADO;NÃO INFORMADO;-8.0297262;-34.9005711
5057;NÃO INFORMADO;NÃO INFORMADO;-8.1405767;-34.9281523
5058;NÃO INFORMADO;NÃO INFORMADO;-8.1126804;-34.932189
5059;NÃO INFORMADO;NÃO INFORMADO;-8.0109192;-34.8843384
5060;NÃO INFORMADO;NÃO INFORMADO;-8.0254156;-34.8844457
5061;NÃO INFORMADO;NÃO INFORMADO;-8.1086867;-34.8913014
5062;NÃO INFORMADO;NÃO INFORMADO;-8.0843307;-34.9272162
5063;NÃO INFORMADO;NÃO INFORMADO;-8.0580346;-34.879847
5064;NÃO INFORMADO;NÃO INFORMADO;-8.0580863;-34.9081711
5065;NÃO INFORMADO;NÃO INFORMADO;-8.0503568;-34.8868033
5066;NÃO INFORMADO;NÃO INFORMADO;-8.0566536;-34.8863098
5067;NÃO INFORMADO;NÃO INFORMADO;-8.0436881;-34.9330902
5068;NÃO INFORMADO;NÃO INFORMADO;-8.1348242;-34.9134256
5069;NÃO INFORMADO;NÃO INFORMADO;-8.0775218;-34.8993158
5070;NÃO INFORMADO;NÃO INFORMADO;-8.0413377;-34.9451092
5071;NÃO INFORMADO;NÃO INFORMADO;-8.0268179;-34.8931468
5072;NÃO INFORMADO;NÃO INFORMADO;-8.0795932;-34.9339619
5073;NÃO INFORMADO;NÃO INFORMADO;-8.0297129;-34.9583191
5074;NÃO INFORMADO;NÃO INFORMADO;-8.0500434;-34.9065122
5075;NÃO INFORMADO;NÃO INFORMADO;-8.0846812;-34.928112
5076;NÃO INFORMADO;NÃO INFORMADO;-8.1132413;-34.8921644
5077;NÃO INFORMADO;NÃO INFORMADO;-8.0337897;-34.8857251
5078;NÃO INFORMADO;NÃO INFORMADO;-8.117399;-34.8965009
5079;NÃO INFORMADO;NÃO INFORMADO;-8.0844741;-34.8893005
5080;NÃO INFORMADO;NÃO INFORMADO;-8.0346794;-34.9495643
5081;NÃO INFORMADO;NÃO INFORMADO;-8.0901782;-34.9344957
5082;NÃO INFORMADO;NÃO INFORMADO;-7.9665451;-34.9285841
5083;NÃO INFORMADO;NÃO INFORMADO;-8.092924;-34.9404287
5084;NÃO INFORMADO;NÃO INFORMADO;-8.0536884;-34.8968723
5085;NÃO INFORMADO;NÃO INFORMADO;-8.0002471;-34.9287933
5086;NÃO INFORMADO;NÃO INFORMADO;-8.0979906;-34.9394497
5087;NÃO INFORMADO;NÃO INFORMADO;-8.0900321;-34.9532363
5088;NÃO INFORMADO;NÃO INFORMADO;-8.0526434;-34.9008179
5089;NÃO INFORMADO;NÃO INFORMADO;-8.0423044;-34.8925889
5090;NÃO INFORMADO;NÃO INFORMADO;-8.0624005;-34.9167395
5091;NÃO INFORMADO;NÃO INFORMADO;-8.0856107;-34.8925298
5092;NÃO INFORMADO;NÃO INFORMADO;-8.0072207;-34.8905396
5093;NÃO INFORMADO;NÃO INFORMADO;-8.1200596;-34.9502993
5094;NÃO INFORMADO;NÃO INFORMADO;-8.0363752;-34.8801447
5095;NÃO INFORMADO;NÃO INFORMADO;-8.0386792;-34.9177319
5096;NÃO INFORMADO;NÃO INFORMADO;-8.0348972;-34.934949
5097;NÃO INFORMADO;NÃO INFORMADO;-8.0840439;-34.9263042
5098;NÃO INFORMADO;NÃO INFORMADO;-8.0255325;-34.8934096
5099;NÃO INFORMADO;NÃO INFORMADO;-8.0056284;-34.9377519
5100;NÃO INFORMADO;NÃO INFORMADO;-8.051042;-34.8951074
5101;NÃO INFORMADO;NÃO INFORMADO;-8.0574078;-34.9070781
5102;NÃO INFORMADO;NÃO INFORMADO;-8.0612294;-34.9056941
5103;NÃO INFORMADO;NÃO INFORMADO;-8.0459561;-34.8882598
5104;NÃO INFORMADO;NÃO INFORMADO;-8.0067492;-34.9364108
5105;NÃO INFORMADO;NÃO INFORMADO;-8.1123086;-34.9023306
5106;NÃO INFORMADO;NÃO INFORMADO;-8.0878732;-34.9078399
5107;NÃO INFORMADO;NÃO INFORMADO;-8.0405648;-34.9088752
5108;NÃO INFORMADO;NÃO INFORMADO;-7.9966348;-34.9091756
5109;NÃO INFORMADO;NÃO INFORMADO;-8.0504922;-34.8835069
5110;NÃO INFORMADO;NÃO INFORMADO;-8.0744254;-34.8896948
5111;NÃO INFORMADO;NÃO INFORMADO;-8.0196575;-34.940705
5112;NÃO INFORMADO;NÃO INFORMADO;-8.129685;-34.9496126
5113;NÃO INFORMADO;NÃO INFORMADO;-7.9906851;-34.9147439
5114;NÃO INFORMADO;NÃO INFORMADO;-8.0514217;-34.8719278
5115;NÃO INFORMADO;NÃO INFORMADO;-8.0077081;-34.8962098
5116;NÃO INFORMADO;NÃO INFORMADO;-8.0638984;-34.9014348
5117;NÃO INFORMADO;NÃO INFORMADO;-8.0354788;-34.9479926
5118;NÃO INFORMADO;NÃO INFORMADO;-8.0379196;-34.9184239
5119;NÃO INFORMADO;NÃO INFORMADO;-8.0915219;-34.959569
5120;NÃO INFORMADO;NÃO INFORMADO;-8.1405183;-34.9252743
5121;NÃO INFORMADO;NÃO INFORMADO;-8.0924832;-34.9087411
5122;NÃO INFORMADO;NÃO INFORMADO;-8.0429391;-34.9024057
5123;NÃO INFORMADO;NÃO INFORMADO;-8.0641055;-34.9120885
5124;NÃO INFORMADO;NÃO INFORMADO;-8.0541837;-34.9232277
5125;NÃO INFORMADO;NÃO INFORMADO;-8.0795082;-34.9336857
5126;NÃO INFORMADO;NÃO INFORMADO;-8.1406457;-34.9288362
5127;NÃO INFORMADO;NÃO INFORMADO;-8.0401638;-34.8871064
5128;NÃO INFORMADO;NÃO INFORMADO;-8.0518812;-34.8942813
5129;NÃO INFORMADO;NÃO INFORMADO;-8.0165553;-34.8915696
5130;NÃO INFORMADO;NÃO INFORMADO;-8.0456188;-34.9043691
5131;NÃO INFORMADO;NÃO INFORMADO;-8.1082671;-34.8883671
5132;NÃO INFORMADO;NÃO INFORMADO;-8.0919202;-34.935936
5133;NÃO INFORMADO;NÃO INFORMADO;-8.0908872;-34.9510664
5134;NÃO INFORMADO;NÃO INFORMADO;-8.0275324;-34.9137166
5135;NÃO INFORMADO;NÃO INFORMADO;-8.1026881;-34.910565
5136;NÃO INFORMADO;NÃO INFORMADO;-8.0863277;-34.9378002
5137;NÃO INFORMADO;NÃO INFORMADO;-8.021275;-34.8930985
5138;NÃO INFORMADO;NÃO INFORMADO;-8.0513474;-34.8947936
5139;NÃO INFORMADO;NÃO INFORMADO;-8.0296093;-34.9004209
5140;NÃO INFORMADO;NÃO INFORMADO;-8.062382;-34.8738
5141;NÃO INFORMADO;NÃO INFORMADO;-8.0811068;-34.9050558
5142;NÃO INFORMADO;NÃO INFORMADO;-8.0252748;-34.893887
5143;NÃO INFORMADO;NÃO INFORMADO;-8.0185685;-34.893305
5144;NÃO INFORMADO;NÃO INFORMADO;-8.1151632;-34.940131
5145;NÃO INFORMADO;NÃO INFORMADO;-8.053958;-34.8815851
5146;NÃO INFORMADO;NÃO INFORMADO;-8.0272376;-34.8982336
5147;NÃO INFORMADO;NÃO INFORMADO;-8.0525797;-34.9003217
5148;NÃO INFORMADO;NÃO INFORMADO;-8.0577663;-34.9094385
5149;NÃO INFORMADO;NÃO INFORMADO;-8.1073165;-34.8905477
5150;NÃO INFORMADO;NÃO INFORMADO;-8.1088168;-34.9119115
5151;NÃO INFORMADO;NÃO INFORMADO;-8.0873474;-34.9625757
5152;NÃO INFORMADO;NÃO INFORMADO;-8.1084982;-34.9134323
5153;NÃO INFORMADO;NÃO INFORMADO;-8.109563;-34.9086338
5154;NÃO INFORMADO;NÃO INFORMADO;-8.0914714;-34.9495938
5155;NÃO INFORMADO;NÃO INFORMADO;-8.1368223;-34.9026257
5156;NÃO INFORMADO;NÃO INFORMADO;-8.121751;-34.9098569
5157;NÃO INFORMADO;NÃO INFORMADO;-8.1329085;-34.9162835
5158;NÃO INFORMADO;NÃO INFORMADO;-8.0029935;-34.9184507
5159;NÃO INFORMADO;NÃO INFORMADO;-8.0393112;-34.9436903
5160;NÃO INFORMADO;NÃO INFORMADO;-8.1086867;-34.9109244
5161;NÃO INFORMADO;NÃO INFORMADO;-8.0354098;-34.8790705
5162;NÃO INFORMADO;NÃO INFORMADO;-8.0611258;-34.9045971
5163;NÃO INFORMADO;NÃO INFORMADO;-8.0658211;-34.9145186
5164;NÃO INFORMADO;NÃO INFORMADO;-8.024085;-34.9118927
5165;NÃO INFORMADO;NÃO INFORMADO;-8.0849468;-34.9320495
5166;NÃO INFORMADO;NÃO INFORMADO;-8.0975259;-34.8863769
5167;NÃO INFORMADO;NÃO INFORMADO;-8.0264249;-34.898479
5168;NÃO INFORMADO;NÃO INFORMADO;-8.0825555;-34.9326825
5169;NÃO INFORMADO;NÃO INFORMADO;-8.0621509;-34.8988062
5170;NÃO INFORMADO;NÃO INFORMADO;-8.113392;-34.9389106
5171;NÃO INFORMADO;NÃO INFORMADO;-8.0743005;-34.8893622
5172;NÃO INFORMADO;NÃO INFORMADO;-8.0561437;-34.8940453
5173;NÃO INFORMADO;NÃO INFORMADO;-8.074906;-34.9089289
5174;NÃO INFORMADO;NÃO INFORMADO;-8.0438687;-34.9327254
5175;NÃO INFORMADO;NÃO INFORMADO;-8.1046744;-34.8892736
5176;NÃO INFORMADO;NÃO INFORMADO;-8.0600449;-34.9017325
5177;NÃO INFORMADO;NÃO INFORMADO;-8.029434;-34.9217123
5178;NÃO INFORMADO;NÃO INFORMADO;-8.0321085;-34.908886
5179;NÃO INFORMADO;NÃO INFORMADO;-8.0591871;-34.8871869
5180;NÃO INFORMADO;NÃO INFORMADO;-8.0581248;-34.9055654
5181;NÃO INFORMADO;NÃO INFORMADO;-8.0575778;-34.886924
5182;NÃO INFORMADO;NÃO INFORMADO;-8.0395503;-34.9405843
5183;NÃO INFORMADO;NÃO INFORMADO;-8.0490063;-34.9086258
5184;NÃO INFORMADO;NÃO INFORMADO;-8.0655528;-34.8788479
5185;NÃO INFORMADO;NÃO INFORMADO;-8.046713;-34.9011585
5186;NÃO INFORMADO;NÃO INFORMADO;-8.0260849;-34.9178016
5187;NÃO INFORMADO;NÃO INFORMADO;-8.0758647;-34.8920283
5188;NÃO INFORMADO;NÃO INFORMADO;-8.0521627;-34.9066409
5189;NÃO INFORMADO;NÃO INFORMADO;-8.0484181;-34.9191856
5190;NÃO INFORMADO;NÃO INFORMADO;-8.017044;-34.9293298
5191;NÃO INFORMADO;NÃO INFORMADO;-8.0471645;-34.8987298
5192;NÃO INFORMADO;NÃO INFORMADO;-8.1114589;-34.8906523
5193;NÃO INFORMADO;NÃO INFORMADO;-8.0916334;-34.9600089
