sk_acidente;sk_tempo;sk_local;sk_tipo_acidente;sk_ocorrencia;sk_veiculo;quantidade_vitimas;quantidade_veiculos
1;1;1;1;1;1;1;1
2;2;2;1;1;1;1;1
3;3;3;2;1;2;1;1
4;3;4;3;1;3;1;1
5;4;5;3;1;3;1;1
6;5;6;3;1;3;1;1
7;6;7;2;1;2;1;1
8;6;8;3;1;3;1;1
9;6;9;3;1;3;1;1
10;7;10;3;1;3;1;1
11;8;11;3;1;3;1;1
12;8;12;3;1;3;1;1
13;9;13;3;1;3;1;1
14;9;14;3;1;3;1;1
15;9;15;3;1;3;1;1
16;9;16;3;1;3;1;1
17;10;17;2;1;2;1;1
18;11;18;3;1;3;1;1
19;11;19;3;1;3;1;1
20;11;20;3;1;3;1;1
21;12;21;3;1;3;1;1
22;13;22;3;1;3;1;1
23;14;23;3;1;3;1;1
24;15;24;3;1;3;1;1
25;15;25;3;1;3;1;1
26;16;26;3;1;3;1;1
27;16;27;3;1;3;1;1
28;17;28;2;1;2;1;1
29;17;29;3;1;3;1;1
30;17;30;3;1;3;1;1
31;17;31;4;1;3;1;1
32;18;32;4;1;3;1;1
33;19;33;3;1;3;1;1
34;20;34;3;1;3;1;1
35;21;35;3;1;3;1;1
36;22;36;2;1;2;1;1
37;22;37;3;1;3;1;1
38;23;38;2;1;2;1;1
39;23;39;3;1;3;1;1
40;24;40;2;1;2;1;1
41;24;41;3;1;3;1;1
42;24;42;3;1;3;1;1
43;25;43;2;1;2;1;1
44;25;44;3;1;3;1;1
45;26;45;3;1;3;1;1
46;27;46;2;1;2;1;1
47;27;47;3;1;3;1;1
48;27;48;3;1;3;1;1
49;27;49;3;1;3;1;1
50;27;50;3;1;3;1;1
51;28;51;3;1;3;1;1
52;29;52;3;1;3;1;1
53;29;53;3;1;3;1;1
54;29;54;3;1;3;1;1
55;29;55;3;1;3;1;1
56;30;56;3;1;3;1;1
57;30;57;3;1;3;1;1
58;31;58;3;1;3;1;1
59;31;59;1;1;1;1;1
60;31;60;1;1;1;1;1
61;31;61;5;1;1;1;1
62;31;62;1;1;1;1;1
63;31;63;1;1;1;1;1
64;31;64;1;1;1;1;1
65;32;65;3;1;3;1;1
66;32;66;6;1;1;1;1
67;32;67;7;1;1;1;1
68;32;68;6;1;1;1;1
69;32;69;1;1;1;1;1
70;32;70;1;1;1;1;1
71;32;71;1;1;1;1;1
72;33;72;1;1;1;1;1
73;33;73;1;1;1;1;1
74;33;74;1;1;1;1;1
75;34;75;3;1;3;1;1
76;34;76;1;1;1;1;1
77;34;77;1;1;1;1;1
78;34;78;1;1;1;1;1
79;34;79;1;1;1;1;1
80;34;80;1;1;1;1;1
81;35;81;1;1;1;1;1
82;35;82;6;1;1;1;1
83;35;83;8;1;1;1;1
84;35;84;1;1;1;1;1
85;35;85;6;1;1;1;1
86;36;86;3;1;3;1;1
87;36;87;3;1;3;1;1
88;36;88;1;1;1;1;1
89;36;89;1;1;1;1;1
90;37;90;3;1;3;1;1
91;37;91;1;1;1;1;1
92;37;92;1;1;1;1;1
93;37;93;1;1;1;1;1
94;37;94;8;1;1;1;1
95;37;95;8;1;1;1;1
96;37;96;1;1;1;1;1
97;37;97;1;1;1;1;1
98;37;98;1;1;1;1;1
99;37;99;1;1;1;1;1
100;38;100;3;1;3;1;1
101;38;101;3;1;3;1;1
102;38;102;3;1;3;1;1
103;38;103;1;1;1;1;1
104;38;104;1;1;1;1;1
105;38;105;1;1;1;1;1
106;38;106;1;1;1;1;1
107;38;107;1;1;1;1;1
108;38;108;7;1;1;1;1
109;39;109;1;1;1;1;1
110;39;110;1;1;1;1;1
111;40;111;3;1;3;1;1
112;40;112;3;1;3;1;1
113;40;113;3;1;3;1;1
114;40;114;6;1;1;1;1
115;40;115;1;1;1;1;1
116;40;116;1;1;1;1;1
117;41;117;2;1;2;1;1
118;41;118;3;1;3;1;1
119;41;119;3;1;3;1;1
120;41;120;1;1;1;1;1
121;41;121;1;1;1;1;1
122;41;122;1;1;1;1;1
123;41;123;1;1;1;1;1
124;41;124;1;1;1;1;1
125;41;125;1;1;1;1;1
126;41;126;1;1;1;1;1
127;41;127;1;1;1;1;1
128;41;128;1;1;1;1;1
129;42;129;1;1;1;1;1
130;42;130;1;1;1;1;1
131;42;131;1;1;1;1;1
132;42;132;1;1;1;1;1
133;42;133;1;1;1;1;1
134;42;134;1;1;1;1;1
135;42;135;1;1;1;1;1
136;43;136;3;1;3;1;1
137;43;137;3;1;3;1;1
138;43;138;1;1;1;1;1
139;43;139;1;1;1;1;1
140;43;140;1;1;1;1;1
141;43;141;6;1;1;1;1
142;43;142;1;1;1;1;1
143;43;143;1;1;1;1;1
144;43;144;7;1;1;1;1
145;43;145;1;1;1;1;1
146;44;146;3;1;3;1;1
147;44;147;1;1;1;1;1
148;44;148;1;1;1;1;1
149;45;149;2;1;2;1;1
150;45;150;2;1;2;1;1
151;45;151;3;1;3;1;1
152;45;152;3;1;3;1;1
153;45;153;1;1;1;1;1
154;45;154;7;1;1;1;1
155;45;155;8;1;1;1;1
156;45;156;1;1;1;1;1
157;45;157;1;1;1;1;1
158;45;158;1;1;1;1;1
159;46;159;3;1;3;1;1
160;46;160;1;1;1;1;1
161;47;161;3;1;3;1;1
162;47;162;1;1;1;1;1
163;47;163;1;1;1;1;1
164;48;164;3;1;3;1;1
165;48;165;1;1;1;1;1
166;48;166;1;1;1;1;1
167;48;167;8;1;1;1;1
168;49;168;3;1;3;1;1
169;49;169;1;1;1;1;1
170;49;170;1;1;1;1;1
171;49;171;1;1;1;1;1
172;49;172;1;1;1;1;1
173;49;173;1;1;1;1;1
174;49;174;1;1;1;1;1
175;49;175;1;1;1;1;1
176;49;176;1;1;1;1;1
177;50;177;1;1;1;1;1
178;50;178;1;1;1;1;1
179;51;179;3;1;3;1;1
180;51;180;6;1;1;1;1
181;51;181;6;1;1;1;1
182;51;182;6;1;1;1;1
183;51;183;1;1;1;1;1
184;51;184;6;1;1;1;1
185;51;185;1;1;1;1;1
186;52;186;9;1;1;1;1
187;52;187;8;1;1;1;1
188;52;188;1;1;1;1;1
189;52;189;1;1;1;1;1
190;53;190;8;1;1;1;1
191;54;191;1;1;1;1;1
192;54;192;1;1;1;1;1
193;54;193;1;1;1;1;1
194;54;194;1;1;1;1;1
195;54;195;1;1;1;1;1
196;54;196;1;1;1;1;1
197;54;197;8;1;1;1;1
198;54;198;7;1;1;1;1
199;54;199;1;1;1;1;1
200;55;200;2;1;2;1;1
201;55;201;10;1;2;1;1
202;55;202;1;1;1;1;1
203;55;203;1;1;1;1;1
204;55;204;6;1;1;1;1
205;55;205;1;1;1;1;1
206;55;206;1;1;1;1;1
207;56;207;1;1;1;1;1
208;56;208;1;1;1;1;1
209;56;209;1;1;1;1;1
210;56;210;1;1;1;1;1
211;56;211;6;1;1;1;1
212;56;212;8;1;1;1;1
213;56;213;6;1;1;1;1
214;56;214;1;1;1;1;1
215;57;215;1;1;1;1;1
216;57;216;1;1;1;1;1
217;57;217;6;1;1;1;1
218;57;218;8;1;1;1;1
219;57;219;6;1;1;1;1
220;57;220;1;1;1;1;1
221;57;221;1;1;1;1;1
222;58;222;2;1;2;1;1
223;58;223;7;1;1;1;1
224;58;224;1;1;1;1;1
225;58;225;1;1;1;1;1
226;58;226;1;1;1;1;1
227;58;227;1;1;1;1;1
228;58;228;6;1;1;1;1
229;58;229;1;1;1;1;1
230;58;230;1;1;1;1;1
231;58;231;1;1;1;1;1
232;58;232;1;1;1;1;1
233;58;233;1;1;1;1;1
234;58;234;1;1;1;1;1
235;59;235;1;1;1;1;1
236;59;236;1;1;1;1;1
237;59;237;8;1;1;1;1
238;59;238;6;1;1;1;1
239;59;239;1;1;1;1;1
240;59;240;1;1;1;1;1
241;60;241;1;1;1;1;1
242;60;242;8;1;1;1;1
243;60;243;1;1;1;1;1
244;60;244;1;1;1;1;1
245;60;245;1;1;1;1;1
246;61;246;3;1;3;1;1
247;61;247;8;1;1;1;1
248;61;248;1;1;1;1;1
249;61;249;1;1;1;1;1
250;62;250;4;1;3;1;1
251;62;251;1;1;1;1;1
252;62;252;1;1;1;1;1
253;62;253;11;1;1;1;1
254;62;254;5;1;1;1;1
255;62;255;1;1;1;1;1
256;62;256;1;1;1;1;1
257;62;257;1;1;1;1;1
258;62;258;1;1;1;1;1
259;63;259;1;1;1;1;1
260;63;260;1;1;1;1;1
261;63;261;1;1;1;1;1
262;63;262;11;1;1;1;1
263;63;263;1;1;1;1;1
264;63;264;1;1;1;1;1
265;63;265;9;1;1;1;1
266;63;266;1;1;1;1;1
267;64;267;2;1;2;1;1
268;64;268;11;1;1;1;1
269;64;269;1;1;1;1;1
270;65;270;3;1;3;1;1
271;65;271;1;1;1;1;1
272;65;272;1;1;1;1;1
273;65;273;1;1;1;1;1
274;65;274;1;1;1;1;1
275;65;275;1;1;1;1;1
276;65;276;1;1;1;1;1
277;66;277;3;1;3;1;1
278;66;278;3;1;3;1;1
279;66;279;1;1;1;1;1
280;66;280;8;1;1;1;1
281;66;281;1;1;1;1;1
282;66;282;1;1;1;1;1
283;66;283;1;1;1;1;1
284;66;284;1;1;1;1;1
285;66;285;1;1;1;1;1
286;66;286;8;1;1;1;1
287;66;287;1;1;1;1;1
288;67;288;1;1;1;1;1
289;67;289;1;1;1;1;1
290;67;290;1;1;1;1;1
291;67;291;1;1;1;1;1
292;67;292;1;1;1;1;1
293;67;293;1;1;1;1;1
294;68;294;3;1;3;1;1
295;68;295;1;1;1;1;1
296;68;296;8;1;1;1;1
297;69;297;2;1;2;1;1
298;69;298;3;1;3;1;1
299;69;299;1;1;1;1;1
300;69;300;8;1;1;1;1
301;69;301;1;1;1;1;1
302;69;302;1;1;1;1;1
303;69;303;1;1;1;1;1
304;69;304;1;1;1;1;1
305;69;305;9;1;1;1;1
306;69;306;1;1;1;1;1
307;69;307;1;1;1;1;1
308;69;308;1;1;1;1;1
309;69;309;1;1;1;1;1
310;70;310;3;1;3;1;1
311;70;311;1;1;1;1;1
312;70;312;1;1;1;1;1
313;70;313;8;1;1;1;1
314;70;314;1;1;1;1;1
315;70;315;1;1;1;1;1
316;70;316;1;1;1;1;1
317;71;317;11;1;1;1;1
318;71;318;1;1;1;1;1
319;71;319;1;1;1;1;1
320;71;320;1;1;1;1;1
321;71;321;1;1;1;1;1
322;72;322;3;1;3;1;1
323;72;323;1;1;1;1;1
324;72;324;1;1;1;1;1
325;72;325;1;1;1;1;1
326;72;326;8;1;1;1;1
327;72;327;1;1;1;1;1
328;72;328;1;1;1;1;1
329;73;329;1;1;1;1;1
330;73;330;1;1;1;1;1
331;73;331;1;1;1;1;1
332;73;332;1;1;1;1;1
333;73;333;8;1;1;1;1
334;74;334;2;1;2;1;1
335;74;335;3;1;3;1;1
336;74;336;3;1;3;1;1
337;74;337;11;1;1;1;1
338;74;338;1;1;1;1;1
339;74;339;1;1;1;1;1
340;75;340;3;1;3;1;1
341;75;341;1;1;1;1;1
342;75;342;1;1;1;1;1
343;75;343;11;1;1;1;1
344;75;344;1;1;1;1;1
345;76;345;3;1;3;1;1
346;76;346;3;1;3;1;1
347;76;347;1;1;1;1;1
348;76;348;1;1;1;1;1
349;76;349;1;1;1;1;1
350;76;350;1;1;1;1;1
351;76;351;1;1;1;1;1
352;76;352;1;1;1;1;1
353;76;353;1;1;1;1;1
354;76;354;1;1;1;1;1
355;77;355;3;1;3;1;1
356;77;356;3;1;3;1;1
357;77;357;1;1;1;1;1
358;77;358;1;1;1;1;1
359;77;359;1;1;1;1;1
360;77;360;8;1;1;1;1
361;77;361;11;1;1;1;1
362;77;362;11;1;1;1;1
363;78;363;3;1;3;1;1
364;78;364;1;1;1;1;1
365;78;365;1;1;1;1;1
366;78;366;1;1;1;1;1
367;78;367;11;1;1;1;1
368;78;368;1;1;1;1;1
369;78;369;11;1;1;1;1
370;78;370;1;1;1;1;1
371;79;371;2;1;2;1;1
372;79;372;11;1;1;1;1
373;79;373;1;1;1;1;1
374;79;374;1;1;1;1;1
375;79;375;8;1;1;1;1
376;79;376;1;1;1;1;1
377;79;377;9;1;1;1;1
378;79;378;1;1;1;1;1
379;80;379;3;1;3;1;1
380;80;380;1;1;1;1;1
381;80;381;1;1;1;1;1
382;80;382;1;1;1;1;1
383;80;383;1;1;1;1;1
384;80;384;1;1;1;1;1
385;81;385;3;1;3;1;1
386;81;386;1;1;1;1;1
387;81;387;1;1;1;1;1
388;81;388;8;1;1;1;1
389;81;389;1;1;1;1;1
390;81;390;1;1;1;1;1
391;81;391;1;1;1;1;1
392;81;392;8;1;1;1;1
393;82;393;3;1;3;1;1
394;82;394;8;1;1;1;1
395;82;395;1;1;1;1;1
396;82;396;1;1;1;1;1
397;82;397;1;1;1;1;1
398;82;398;1;1;1;1;1
399;83;399;1;1;1;1;1
400;83;400;1;1;1;1;1
401;83;401;11;1;1;1;1
402;83;402;1;1;1;1;1
403;83;403;1;1;1;1;1
404;84;404;2;1;2;1;1
405;84;405;3;1;3;1;1
406;84;406;3;1;3;1;1
407;84;407;9;1;1;1;1
408;84;408;1;1;1;1;1
409;84;409;1;1;1;1;1
410;84;410;1;1;1;1;1
411;84;411;11;1;1;1;1
412;84;412;1;1;1;1;1
413;84;413;11;1;1;1;1
414;84;414;1;1;1;1;1
415;85;415;2;1;2;1;1
416;85;416;1;1;1;1;1
417;85;417;1;1;1;1;1
418;86;418;1;1;1;1;1
419;86;419;1;1;1;1;1
420;86;420;1;1;1;1;1
421;87;421;3;1;3;1;1
422;87;422;1;1;1;1;1
423;88;423;1;1;1;1;1
424;88;424;1;1;1;1;1
425;88;425;8;1;1;1;1
426;89;426;1;1;1;1;1
427;89;427;1;1;1;1;1
428;89;428;9;1;1;1;1
429;90;429;8;1;1;1;1
430;90;430;11;1;1;1;1
431;90;431;1;1;1;1;1
432;90;432;1;1;1;1;1
433;91;433;2;1;2;1;1
434;91;434;1;1;1;1;1
435;91;435;1;1;1;1;1
436;91;436;1;1;1;1;1
437;91;437;1;1;1;1;1
438;91;438;1;1;1;1;1
439;92;439;1;1;1;1;1
440;92;440;1;1;1;1;1
441;92;441;1;1;1;1;1
442;93;442;3;1;3;1;1
443;93;443;3;1;3;1;1
444;93;444;1;1;1;1;1
445;93;445;1;1;1;1;1
446;93;446;1;1;1;1;1
447;93;447;11;1;1;1;1
448;94;448;1;1;1;1;1
449;94;449;1;1;1;1;1
450;94;450;1;1;1;1;1
451;94;451;1;1;1;1;1
452;94;452;1;1;1;1;1
453;94;453;1;1;1;1;1
454;94;454;1;1;1;1;1
455;95;455;3;1;3;1;1
456;95;456;3;1;3;1;1
457;95;457;1;1;1;1;1
458;95;458;1;1;1;1;1
459;95;459;1;1;1;1;1
460;95;460;1;1;1;1;1
461;95;461;1;1;1;1;1
462;95;462;1;1;1;1;1
463;95;463;5;1;1;1;1
464;96;464;1;1;1;1;1
465;96;465;1;1;1;1;1
466;96;466;1;1;1;1;1
467;96;467;1;1;1;1;1
468;96;468;1;1;1;1;1
469;97;469;1;1;1;1;1
470;97;470;1;1;1;1;1
471;97;471;1;1;1;1;1
472;97;472;8;1;1;1;1
473;97;473;1;1;1;1;1
474;97;474;1;1;1;1;1
475;98;475;2;1;2;1;1
476;98;476;2;1;2;1;1
477;98;477;1;1;1;1;1
478;98;478;11;1;1;1;1
479;98;479;8;1;1;1;1
480;98;480;1;1;1;1;1
481;98;481;1;1;1;1;1
482;98;482;1;1;1;1;1
483;98;483;1;1;1;1;1
484;98;484;1;1;1;1;1
485;98;485;1;1;1;1;1
486;99;486;1;1;1;1;1
487;99;487;12;1;1;1;1
488;100;488;1;1;1;1;1
489;100;489;1;1;1;1;1
490;100;490;8;1;1;1;1
491;100;491;5;1;1;1;1
492;100;492;1;1;1;1;1
493;100;493;1;1;1;1;1
494;101;494;3;1;3;1;1
495;101;495;1;1;1;1;1
496;101;496;1;1;1;1;1
497;101;497;1;1;1;1;1
498;101;498;1;1;1;1;1
499;101;499;1;1;1;1;1
500;101;500;1;1;1;1;1
501;101;501;1;1;1;1;1
502;101;502;1;1;1;1;1
503;102;503;2;1;2;1;1
504;102;504;3;1;3;1;1
505;102;505;1;1;1;1;1
506;102;506;1;1;1;1;1
507;102;507;1;1;1;1;1
508;102;508;1;1;1;1;1
509;102;509;1;1;1;1;1
510;102;510;1;1;1;1;1
511;102;511;1;1;1;1;1
512;102;512;1;1;1;1;1
513;102;513;1;1;1;1;1
514;103;514;1;1;1;1;1
515;103;515;1;1;1;1;1
516;103;516;1;1;1;1;1
517;103;517;11;1;1;1;1
518;104;518;3;1;3;1;1
519;104;519;1;1;1;1;1
520;104;520;1;1;1;1;1
521;104;521;1;1;1;1;1
522;104;522;8;1;1;1;1
523;104;523;1;1;1;1;1
524;104;524;1;1;1;1;1
525;104;525;1;1;1;1;1
526;104;526;11;1;1;1;1
527;105;527;3;1;3;1;1
528;105;528;8;1;1;1;1
529;105;529;1;1;1;1;1
530;105;530;8;1;1;1;1
531;105;531;1;1;1;1;1
532;105;532;9;1;1;1;1
533;106;533;3;1;3;1;1
534;106;534;1;1;1;1;1
535;106;535;1;1;1;1;1
536;106;536;1;1;1;1;1
537;106;537;1;1;1;1;1
538;106;538;1;1;1;1;1
539;106;539;9;1;1;1;1
540;106;540;1;1;1;1;1
541;106;541;1;1;1;1;1
542;107;542;3;1;3;1;1
543;107;543;1;1;1;1;1
544;107;544;1;1;1;1;1
545;107;545;1;1;1;1;1
546;108;546;3;1;3;1;1
547;108;547;1;1;1;1;1
548;108;548;1;1;1;1;1
549;108;549;1;1;1;1;1
550;109;550;3;1;3;1;1
551;109;551;13;1;3;1;1
552;109;552;3;1;3;1;1
553;109;553;11;1;1;1;1
554;109;554;1;1;1;1;1
555;109;555;1;1;1;1;1
556;109;556;1;1;1;1;1
557;109;557;1;1;1;1;1
558;110;558;9;1;1;1;1
559;111;559;1;1;1;1;1
560;111;560;1;1;1;1;1
561;111;561;1;1;1;1;1
562;111;562;1;1;1;1;1
563;111;563;1;1;1;1;1
564;111;564;8;1;1;1;1
565;111;565;11;1;1;1;1
566;112;566;2;1;2;1;1
567;112;567;3;1;3;1;1
568;112;568;3;1;3;1;1
569;112;569;1;1;1;1;1
570;112;570;1;1;1;1;1
571;112;571;1;1;1;1;1
572;112;572;11;1;1;1;1
573;112;573;9;1;1;1;1
574;112;574;8;1;1;1;1
575;112;575;8;1;1;1;1
576;112;576;8;1;1;1;1
577;112;577;11;1;1;1;1
578;113;578;1;1;1;1;1
579;113;579;8;1;1;1;1
580;113;580;1;1;1;1;1
581;113;581;1;1;1;1;1
582;113;582;1;1;1;1;1
583;113;583;1;1;1;1;1
584;113;584;1;1;1;1;1
585;114;585;8;1;1;1;1
586;114;586;1;1;1;1;1
587;115;587;3;1;3;1;1
588;115;588;11;1;1;1;1
589;115;589;1;1;1;1;1
590;115;590;1;1;1;1;1
591;115;591;1;1;1;1;1
592;115;592;11;1;1;1;1
593;115;593;1;1;1;1;1
594;115;594;8;1;1;1;1
595;115;595;9;1;1;1;1
596;116;596;1;1;1;1;1
597;116;597;1;1;1;1;1
598;116;598;1;1;1;1;1
599;116;599;11;1;1;1;1
600;116;600;1;1;1;1;1
601;116;601;1;1;1;1;1
602;116;602;11;1;1;1;1
603;117;603;3;1;3;1;1
604;117;604;9;1;1;1;1
605;117;605;1;1;1;1;1
606;117;606;1;1;1;1;1
607;117;607;1;1;1;1;1
608;118;608;11;1;1;1;1
609;118;609;8;1;1;1;1
610;118;610;1;1;1;1;1
611;118;611;1;1;1;1;1
612;118;612;1;1;1;1;1
613;118;613;11;1;1;1;1
614;118;614;8;1;1;1;1
615;118;615;1;1;1;1;1
616;119;616;11;1;1;1;1
617;119;617;11;1;1;1;1
618;119;618;1;1;1;1;1
619;119;619;1;1;1;1;1
620;119;620;1;1;1;1;1
621;120;621;3;1;3;1;1
622;120;622;3;1;3;1;1
623;120;623;3;1;3;1;1
624;120;624;3;1;3;1;1
625;120;625;1;1;1;1;1
626;120;626;1;1;1;1;1
627;120;627;1;1;1;1;1
628;120;628;1;1;1;1;1
629;120;629;1;1;1;1;1
630;121;630;3;1;3;1;1
631;121;631;11;1;1;1;1
632;121;632;1;1;1;1;1
633;122;633;2;1;2;1;1
634;122;634;3;1;3;1;1
635;122;635;3;1;3;1;1
636;122;636;8;1;1;1;1
637;122;637;1;1;1;1;1
638;122;638;1;1;1;1;1
639;123;639;1;1;1;1;1
640;123;640;1;1;1;1;1
641;123;641;1;1;1;1;1
642;123;642;1;1;1;1;1
643;124;643;2;1;2;1;1
644;124;644;1;1;1;1;1
645;124;645;1;1;1;1;1
646;124;646;1;1;1;1;1
647;124;647;1;1;1;1;1
648;124;648;11;1;1;1;1
649;125;649;14;1;3;1;1
650;125;650;1;1;1;1;1
651;125;651;1;1;1;1;1
652;125;652;1;1;1;1;1
653;125;653;1;1;1;1;1
654;125;654;1;1;1;1;1
655;125;655;1;1;1;1;1
656;125;656;8;1;1;1;1
657;125;657;11;1;1;1;1
658;126;658;2;1;2;1;1
659;126;659;11;1;1;1;1
660;126;660;8;1;1;1;1
661;126;661;1;1;1;1;1
662;127;662;1;1;1;1;1
663;127;663;1;1;1;1;1
664;127;664;1;1;1;1;1
665;127;665;1;1;1;1;1
666;127;666;1;1;1;1;1
667;127;667;11;1;1;1;1
668;128;668;2;1;2;1;1
669;128;669;3;1;3;1;1
670;128;670;1;1;1;1;1
671;128;671;1;1;1;1;1
672;128;672;11;1;1;1;1
673;128;673;1;1;1;1;1
674;128;674;1;1;1;1;1
675;128;675;1;1;1;1;1
676;129;676;3;1;3;1;1
677;129;677;1;1;1;1;1
678;129;678;1;1;1;1;1
679;129;679;8;1;1;1;1
680;129;680;1;1;1;1;1
681;129;681;1;1;1;1;1
682;129;682;1;1;1;1;1
683;130;683;2;1;2;1;1
684;130;684;1;1;1;1;1
685;130;685;1;1;1;1;1
686;130;686;1;1;1;1;1
687;130;687;1;1;1;1;1
688;130;688;1;1;1;1;1
689;130;689;11;1;1;1;1
690;130;690;1;1;1;1;1
691;130;691;1;1;1;1;1
692;131;692;1;1;1;1;1
693;131;693;1;1;1;1;1
694;131;694;8;1;1;1;1
695;131;695;1;1;1;1;1
696;131;696;1;1;1;1;1
697;131;697;1;1;1;1;1
698;131;698;1;1;1;1;1
699;131;699;1;1;1;1;1
700;132;700;3;1;3;1;1
701;132;701;3;1;3;1;1
702;132;702;1;1;1;1;1
703;132;703;1;1;1;1;1
704;132;704;1;1;1;1;1
705;132;705;8;1;1;1;1
706;133;706;4;1;3;1;1
707;133;707;1;1;1;1;1
708;133;708;11;1;1;1;1
709;133;709;1;1;1;1;1
710;133;710;1;1;1;1;1
711;133;711;11;1;1;1;1
712;133;712;1;1;1;1;1
713;134;713;3;1;3;1;1
714;134;714;3;1;3;1;1
715;134;715;1;1;1;1;1
716;134;716;1;1;1;1;1
717;134;717;1;1;1;1;1
718;134;718;1;1;1;1;1
719;134;719;1;1;1;1;1
720;134;720;1;1;1;1;1
721;134;721;1;1;1;1;1
722;135;722;3;1;3;1;1
723;135;723;1;1;1;1;1
724;135;724;1;1;1;1;1
725;135;725;1;1;1;1;1
726;135;726;1;1;1;1;1
727;135;727;8;1;1;1;1
728;136;728;3;1;3;1;1
729;136;729;1;1;1;1;1
730;136;730;1;1;1;1;1
731;137;731;3;1;3;1;1
732;137;732;3;1;3;1;1
733;137;733;3;1;3;1;1
734;137;734;3;1;3;1;1
735;137;735;1;1;1;1;1
736;137;736;1;1;1;1;1
737;137;737;1;1;1;1;1
738;137;738;1;1;1;1;1
739;137;739;11;1;1;1;1
740;137;740;9;1;1;1;1
741;137;741;1;1;1;1;1
742;138;742;3;1;3;1;1
743;138;743;3;1;3;1;1
744;138;744;1;1;1;1;1
745;138;745;1;1;1;1;1
746;138;746;1;1;1;1;1
747;138;747;1;1;1;1;1
748;139;748;3;1;3;1;1
749;139;749;3;1;3;1;1
750;139;750;1;1;1;1;1
751;139;751;9;1;1;1;1
752;140;752;1;1;1;1;1
753;140;753;1;1;1;1;1
754;140;754;8;1;1;1;1
755;140;755;1;1;1;1;1
756;140;756;1;1;1;1;1
757;140;757;11;1;1;1;1
758;140;758;1;1;1;1;1
759;141;759;3;1;3;1;1
760;141;760;1;1;1;1;1
761;141;761;1;1;1;1;1
762;141;762;1;1;1;1;1
763;141;763;1;1;1;1;1
764;141;764;1;1;1;1;1
765;141;765;1;1;1;1;1
766;141;766;1;1;1;1;1
767;141;767;1;1;1;1;1
768;141;768;1;1;1;1;1
769;141;769;1;1;1;1;1
770;141;770;1;1;1;1;1
771;142;771;3;1;3;1;1
772;142;772;3;1;3;1;1
773;142;773;3;1;3;1;1
774;142;774;1;1;1;1;1
775;142;775;11;1;1;1;1
776;142;776;11;1;1;1;1
777;142;777;1;1;1;1;1
778;143;778;11;1;1;1;1
779;143;779;1;1;1;1;1
780;143;780;11;1;1;1;1
781;143;781;1;1;1;1;1
782;143;782;1;1;1;1;1
783;144;783;1;1;1;1;1
784;144;784;1;1;1;1;1
785;144;785;1;1;1;1;1
786;144;786;1;1;1;1;1
787;144;787;1;1;1;1;1
788;144;788;1;1;1;1;1
789;144;789;1;1;1;1;1
790;144;790;1;1;1;1;1
791;145;791;3;1;3;1;1
792;145;792;1;1;1;1;1
793;145;793;1;1;1;1;1
794;145;794;8;1;1;1;1
795;145;795;1;1;1;1;1
796;145;796;1;1;1;1;1
797;145;797;1;1;1;1;1
798;146;798;3;1;3;1;1
799;146;799;1;1;1;1;1
800;146;800;1;1;1;1;1
801;146;801;11;1;1;1;1
802;146;802;1;1;1;1;1
803;146;803;8;1;1;1;1
804;146;804;1;1;1;1;1
805;147;805;1;1;1;1;1
806;147;806;1;1;1;1;1
807;147;807;1;1;1;1;1
808;147;808;1;1;1;1;1
809;147;809;11;1;1;1;1
810;148;810;3;1;3;1;1
811;148;811;3;1;3;1;1
812;148;812;3;1;3;1;1
813;148;813;3;1;3;1;1
814;148;814;3;1;3;1;1
815;148;815;1;1;1;1;1
816;148;816;1;1;1;1;1
817;148;817;1;1;1;1;1
818;148;818;1;1;1;1;1
819;148;819;1;1;1;1;1
820;149;820;1;1;1;1;1
821;149;821;1;1;1;1;1
822;149;822;1;1;1;1;1
823;150;823;8;1;1;1;1
824;150;824;1;1;1;1;1
825;150;825;1;1;1;1;1
826;150;826;1;1;1;1;1
827;150;827;8;1;1;1;1
828;150;828;1;1;1;1;1
829;150;829;1;1;1;1;1
830;150;830;1;1;1;1;1
831;151;831;3;1;3;1;1
832;151;832;8;1;1;1;1
833;151;833;1;1;1;1;1
834;151;834;8;1;1;1;1
835;151;835;1;1;1;1;1
836;151;836;1;1;1;1;1
837;151;837;1;1;1;1;1
838;151;838;1;1;1;1;1
839;152;839;15;1;4;1;1
840;152;840;15;1;4;1;1
841;152;841;15;1;4;1;1
842;152;842;15;1;4;1;1
843;152;843;16;1;2;1;1
844;153;844;14;1;4;1;1
845;153;845;17;1;4;1;1
846;153;846;17;1;4;1;1
847;153;847;15;1;4;1;1
848;153;848;18;1;1;1;1
849;154;849;17;1;4;1;1
850;154;850;15;1;4;1;1
851;154;851;15;1;4;1;1
852;154;852;15;1;4;1;1
853;154;853;15;1;4;1;1
854;154;854;15;1;4;1;1
855;154;855;19;1;1;1;1
856;154;856;18;1;1;1;1
857;155;857;17;1;4;1;1
858;155;858;15;1;4;1;1
859;155;859;15;1;4;1;1
860;155;860;15;1;4;1;1
861;155;861;15;1;4;1;1
862;155;862;15;1;4;1;1
863;155;863;16;1;2;1;1
864;156;864;17;1;4;1;1
865;156;865;15;1;4;1;1
866;156;866;15;1;4;1;1
867;156;867;15;1;4;1;1
868;156;868;15;1;4;1;1
869;156;869;16;1;2;1;1
870;157;870;15;1;4;1;1
871;157;871;15;1;4;1;1
872;157;872;15;1;4;1;1
873;157;873;15;1;4;1;1
874;157;874;15;1;4;1;1
875;157;875;15;1;4;1;1
876;158;876;17;1;4;1;1
877;158;877;17;1;4;1;1
878;158;878;15;1;4;1;1
879;158;879;15;1;4;1;1
880;158;880;15;1;4;1;1
881;158;881;15;1;4;1;1
882;158;882;15;1;4;1;1
883;158;883;15;1;4;1;1
884;158;884;15;1;4;1;1
885;158;885;16;1;2;1;1
886;158;886;16;1;2;1;1
887;158;887;19;1;1;1;1
888;159;888;15;1;4;1;1
889;159;889;15;1;4;1;1
890;159;890;15;1;4;1;1
891;159;891;15;1;4;1;1
892;159;892;15;1;4;1;1
893;159;893;15;1;4;1;1
894;159;894;15;1;4;1;1
895;159;895;15;1;4;1;1
896;159;896;15;1;4;1;1
897;159;897;20;1;2;1;1
898;159;898;19;1;1;1;1
899;160;899;15;1;4;1;1
900;160;900;15;1;4;1;1
901;160;901;15;1;4;1;1
902;160;902;15;1;4;1;1
903;160;903;15;1;4;1;1
904;160;904;15;1;4;1;1
905;160;905;16;1;2;1;1
906;160;906;16;1;2;1;1
907;160;907;19;1;1;1;1
908;161;908;17;1;4;1;1
909;161;909;17;1;4;1;1
910;161;910;17;1;4;1;1
911;161;911;17;1;4;1;1
912;161;912;15;1;4;1;1
913;161;913;15;1;4;1;1
914;161;914;15;1;4;1;1
915;161;915;18;1;1;1;1
916;162;916;15;1;4;1;1
917;162;917;15;1;4;1;1
918;162;918;15;1;4;1;1
919;162;919;15;1;4;1;1
920;162;920;15;1;4;1;1
921;162;921;15;1;4;1;1
922;162;922;15;1;4;1;1
923;162;923;16;1;2;1;1
924;163;924;17;1;4;1;1
925;163;925;15;1;4;1;1
926;163;926;15;1;4;1;1
927;163;927;15;1;4;1;1
928;163;928;15;1;4;1;1
929;163;929;20;1;2;1;1
930;163;930;20;1;2;1;1
931;163;931;16;1;2;1;1
932;163;932;16;1;2;1;1
933;164;933;15;1;4;1;1
934;164;934;15;1;4;1;1
935;164;935;18;1;1;1;1
936;165;936;15;1;4;1;1
937;165;937;15;1;4;1;1
938;165;938;15;1;4;1;1
939;165;939;15;1;4;1;1
940;165;940;15;1;4;1;1
941;165;941;15;1;4;1;1
942;165;942;20;1;2;1;1
943;165;943;21;1;1;1;1
944;166;944;17;1;4;1;1
945;166;945;15;1;4;1;1
946;166;946;15;1;4;1;1
947;166;947;20;1;2;1;1
948;166;948;16;1;2;1;1
949;167;949;15;1;4;1;1
950;167;950;15;1;4;1;1
951;167;951;15;1;4;1;1
952;167;952;16;1;2;1;1
953;167;953;16;1;2;1;1
954;167;954;19;1;1;1;1
955;167;955;19;1;1;1;1
956;167;956;18;1;1;1;1
957;168;957;15;1;4;1;1
958;168;958;15;1;4;1;1
959;168;959;15;1;4;1;1
960;168;960;15;1;4;1;1
961;169;961;15;1;4;1;1
962;169;962;15;1;4;1;1
963;169;963;15;1;4;1;1
964;169;964;15;1;4;1;1
965;169;965;15;1;4;1;1
966;169;966;15;1;4;1;1
967;169;967;15;1;4;1;1
968;169;968;15;1;4;1;1
969;169;969;15;1;4;1;1
970;169;970;15;1;4;1;1
971;169;971;15;1;4;1;1
972;169;972;16;1;2;1;1
973;169;973;21;1;1;1;1
974;170;974;17;1;4;1;1
975;170;975;17;1;4;1;1
976;170;976;15;1;4;1;1
977;170;977;15;1;4;1;1
978;170;978;15;1;4;1;1
979;170;979;15;1;4;1;1
980;171;980;15;1;4;1;1
981;171;981;15;1;4;1;1
982;171;982;15;1;4;1;1
983;171;983;15;1;4;1;1
984;171;984;15;1;4;1;1
985;171;985;20;1;2;1;1
986;171;986;18;1;1;1;1
987;172;987;15;1;4;1;1
988;172;988;15;1;4;1;1
989;173;989;15;1;4;1;1
990;173;990;15;1;4;1;1
991;173;991;15;1;4;1;1
992;173;992;15;1;4;1;1
993;173;993;15;1;4;1;1
994;173;994;15;1;4;1;1
995;173;995;15;1;4;1;1
996;173;996;16;1;2;1;1
997;173;997;19;1;1;1;1
998;173;998;18;1;1;1;1
999;174;999;15;1;4;1;1
1000;174;1000;15;1;4;1;1
1001;174;1001;15;1;4;1;1
1002;174;1002;15;1;4;1;1
1003;174;1003;15;1;4;1;1
1004;174;1004;20;1;2;1;1
1005;174;1005;16;1;2;1;1
1006;174;1006;14;1;1;1;1
1007;175;1007;17;1;4;1;1
1008;175;1008;17;1;4;1;1
1009;175;1009;17;1;4;1;1
1010;175;1010;15;1;4;1;1
1011;176;1011;14;1;4;1;1
1012;176;1012;17;1;4;1;1
1013;176;1013;17;1;4;1;1
1014;176;1014;15;1;4;1;1
1015;176;1015;15;1;4;1;1
1016;176;1016;15;1;4;1;1
1017;176;1017;16;1;2;1;1
1018;176;1018;16;1;2;1;1
1019;176;1019;18;1;1;1;1
1020;177;1020;15;1;4;1;1
1021;177;1021;15;1;4;1;1
1022;177;1022;15;1;4;1;1
1023;177;1023;15;1;4;1;1
1024;177;1024;15;1;4;1;1
1025;177;1025;15;1;4;1;1
1026;177;1026;15;1;4;1;1
1027;178;1027;15;1;4;1;1
1028;178;1028;15;1;4;1;1
1029;178;1029;15;1;4;1;1
1030;178;1030;15;1;4;1;1
1031;178;1031;16;1;2;1;1
1032;178;1032;16;1;2;1;1
1033;179;1033;15;1;4;1;1
1034;179;1034;15;1;4;1;1
1035;179;1035;15;1;4;1;1
1036;179;1036;15;1;4;1;1
1037;179;1037;15;1;4;1;1
1038;179;1038;15;1;4;1;1
1039;179;1039;16;1;2;1;1
1040;179;1040;16;1;2;1;1
1041;180;1041;15;1;4;1;1
1042;180;1042;15;1;4;1;1
1043;180;1043;15;1;4;1;1
1044;180;1044;15;1;4;1;1
1045;180;1045;15;1;4;1;1
1046;180;1046;15;1;4;1;1
1047;180;1047;16;1;2;1;1
1048;180;1048;16;1;2;1;1
1049;180;1049;18;1;1;1;1
1050;181;1050;14;1;4;1;1
1051;181;1051;15;1;4;1;1
1052;181;1052;15;1;4;1;1
1053;181;1053;15;1;4;1;1
1054;181;1054;15;1;4;1;1
1055;182;1055;17;1;4;1;1
1056;182;1056;17;1;4;1;1
1057;182;1057;15;1;4;1;1
1058;183;1058;15;1;4;1;1
1059;183;1059;15;1;4;1;1
1060;183;1060;15;1;4;1;1
1061;183;1061;15;1;4;1;1
1062;183;1062;16;1;2;1;1
1063;183;1063;16;1;2;1;1
1064;184;1064;15;1;4;1;1
1065;184;1065;20;1;2;1;1
1066;184;1066;16;1;2;1;1
1067;184;1067;16;1;2;1;1
1068;184;1068;16;1;2;1;1
1069;185;1069;17;1;4;1;1
1070;185;1070;17;1;4;1;1
1071;185;1071;15;1;4;1;1
1072;186;1072;15;1;4;1;1
1073;186;1073;15;1;4;1;1
1074;186;1074;15;1;4;1;1
1075;186;1075;16;1;2;1;1
1076;187;1076;15;1;4;1;1
1077;187;1077;15;1;4;1;1
1078;187;1078;15;1;4;1;1
1079;187;1079;15;1;4;1;1
1080;187;1080;20;1;2;1;1
1081;187;789;18;1;1;1;1
1082;188;1081;15;1;4;1;1
1083;188;1082;15;1;4;1;1
1084;188;1083;15;1;4;1;1
1085;188;1084;15;1;4;1;1
1086;188;1085;16;1;2;1;1
1087;188;1086;16;1;2;1;1
1088;188;1087;19;1;1;1;1
1089;188;1088;18;1;1;1;1
1090;189;1089;15;1;4;1;1
1091;189;1090;15;1;4;1;1
1092;189;522;15;1;4;1;1
1093;189;1091;15;1;4;1;1
1094;190;1092;22;1;2;1;1
1095;191;1093;15;1;4;1;1
1096;191;1094;17;1;4;1;1
1097;191;1095;15;1;4;1;1
1098;191;1096;15;1;4;1;1
1099;191;1097;15;1;4;1;1
1100;191;1098;15;1;4;1;1
1101;191;1099;18;1;1;1;1
1102;192;1100;14;1;4;1;1
1103;192;1101;15;1;4;1;1
1104;192;1102;15;1;4;1;1
1105;192;1103;15;1;4;1;1
1106;192;1104;15;1;4;1;1
1107;192;1105;16;1;2;1;1
1108;192;1106;19;1;1;1;1
1109;192;1107;19;1;1;1;1
1110;193;1108;15;1;4;1;1
1111;193;1109;17;1;4;1;1
1112;193;1110;15;1;4;1;1
1113;193;1111;17;1;4;1;1
1114;193;1112;15;1;4;1;1
1115;193;1113;20;1;2;1;1
1116;193;1114;19;1;1;1;1
1117;193;1115;18;1;1;1;1
1118;194;1116;15;1;4;1;1
1119;194;1117;15;1;4;1;1
1120;194;1118;15;1;4;1;1
1121;194;1119;17;1;4;1;1
1122;194;1120;20;1;2;1;1
1123;194;1121;20;1;2;1;1
1124;194;1122;16;1;2;1;1
1125;194;1123;18;1;1;1;1
1126;195;1124;15;1;4;1;1
1127;195;1125;16;1;2;1;1
1128;195;1126;16;1;2;1;1
1129;195;1127;18;1;1;1;1
1130;195;1128;18;1;1;1;1
1131;195;1129;18;1;1;1;1
1132;196;1130;15;1;4;1;1
1133;196;1131;15;1;4;1;1
1134;196;1132;15;1;4;1;1
1135;196;1133;17;1;4;1;1
1136;196;1134;15;1;4;1;1
1137;196;1135;20;1;2;1;1
1138;196;1136;16;1;2;1;1
1139;197;1137;15;1;4;1;1
1140;197;1138;15;1;4;1;1
1141;197;1139;15;1;4;1;1
1142;197;1140;15;1;4;1;1
1143;197;1141;15;1;4;1;1
1144;197;1142;15;1;4;1;1
1145;197;1143;15;1;4;1;1
1146;197;1144;20;1;2;1;1
1147;198;1145;15;1;4;1;1
1148;198;1146;15;1;4;1;1
1149;198;1147;15;1;4;1;1
1150;198;1148;15;1;4;1;1
1151;198;1149;15;1;4;1;1
1152;198;1150;16;1;2;1;1
1153;198;1151;18;1;1;1;1
1154;199;1152;17;1;4;1;1
1155;199;1153;15;1;4;1;1
1156;199;1154;15;1;4;1;1
1157;199;1155;15;1;4;1;1
1158;199;1156;23;1;2;1;1
1159;199;1157;20;1;2;1;1
1160;199;1158;16;1;2;1;1
1161;199;1159;18;1;1;1;1
1162;199;1160;18;1;1;1;1
1163;200;1161;15;1;4;1;1
1164;200;1162;15;1;4;1;1
1165;200;1163;15;1;4;1;1
1166;200;1164;15;1;4;1;1
1167;200;1165;20;1;2;1;1
1168;201;1166;15;1;4;1;1
1169;201;1167;17;1;4;1;1
1170;201;1168;15;1;4;1;1
1171;201;1169;15;1;4;1;1
1172;201;1170;17;1;4;1;1
1173;201;1171;15;1;4;1;1
1174;201;1172;15;1;4;1;1
1175;201;1173;15;1;4;1;1
1176;201;1174;15;1;4;1;1
1177;201;1175;16;1;2;1;1
1178;202;1176;15;1;4;1;1
1179;202;1177;15;1;4;1;1
1180;202;1178;15;1;4;1;1
1181;202;1179;15;1;4;1;1
1182;202;1180;20;1;2;1;1
1183;202;1181;20;1;2;1;1
1184;202;1182;18;1;1;1;1
1185;202;1183;18;1;1;1;1
1186;203;1184;15;1;4;1;1
1187;203;1185;15;1;4;1;1
1188;203;1186;15;1;4;1;1
1189;203;1187;15;1;4;1;1
1190;203;1188;23;1;2;1;1
1191;203;1189;16;1;2;1;1
1192;203;1190;16;1;2;1;1
1193;203;1191;16;1;2;1;1
1194;204;1192;15;1;4;1;1
1195;204;1193;15;1;4;1;1
1196;204;1194;15;1;4;1;1
1197;204;1195;15;1;4;1;1
1198;204;1196;15;1;4;1;1
1199;204;1197;17;1;4;1;1
1200;204;1198;15;1;4;1;1
1201;204;1199;17;1;4;1;1
1202;204;1200;15;1;4;1;1
1203;204;1201;16;1;2;1;1
1204;204;1202;16;1;2;1;1
1205;204;1203;16;1;2;1;1
1206;204;1204;19;1;1;1;1
1207;204;1205;18;1;1;1;1
1208;205;1206;15;1;4;1;1
1209;205;1207;15;1;4;1;1
1210;205;1208;15;1;4;1;1
1211;205;1209;20;1;2;1;1
1212;205;1210;16;1;2;1;1
1213;205;1211;16;1;2;1;1
1214;205;1212;16;1;2;1;1
1215;206;1213;15;1;4;1;1
1216;206;1214;15;1;4;1;1
1217;206;1215;16;1;2;1;1
1218;206;1216;21;1;1;1;1
1219;206;1217;19;1;1;1;1
1220;207;1218;15;1;4;1;1
1221;207;1219;15;1;4;1;1
1222;207;1220;15;1;4;1;1
1223;207;1221;15;1;4;1;1
1224;207;1222;15;1;4;1;1
1225;207;1223;17;1;4;1;1
1226;207;1224;15;1;4;1;1
1227;207;1225;15;1;4;1;1
1228;207;1226;16;1;2;1;1
1229;207;1227;18;1;1;1;1
1230;207;1228;18;1;1;1;1
1231;208;1229;15;1;4;1;1
1232;208;1230;16;1;2;1;1
1233;209;1231;15;1;4;1;1
1234;209;1232;17;1;4;1;1
1235;209;1233;15;1;4;1;1
1236;209;1234;17;1;4;1;1
1237;209;1235;15;1;4;1;1
1238;209;1236;15;1;4;1;1
1239;209;1237;17;1;4;1;1
1240;209;1238;21;1;1;1;1
1241;210;1239;15;1;4;1;1
1242;210;1240;15;1;4;1;1
1243;210;1241;15;1;4;1;1
1244;210;1242;15;1;4;1;1
1245;210;1243;15;1;4;1;1
1246;210;1244;15;1;4;1;1
1247;210;1245;16;1;2;1;1
1248;210;1246;18;1;1;1;1
1249;211;1247;15;1;4;1;1
1250;211;1248;15;1;4;1;1
1251;211;1249;15;1;4;1;1
1252;211;1250;15;1;4;1;1
1253;211;1251;15;1;4;1;1
1254;211;1252;15;1;4;1;1
1255;211;1253;15;1;4;1;1
1256;211;1254;15;1;4;1;1
1257;211;1255;15;1;4;1;1
1258;211;1256;16;1;2;1;1
1259;211;1257;16;1;2;1;1
1260;211;1258;16;1;2;1;1
1261;212;1259;15;1;4;1;1
1262;212;1260;17;1;4;1;1
1263;212;1261;15;1;4;1;1
1264;212;1262;15;1;4;1;1
1265;212;1263;15;1;4;1;1
1266;212;1264;15;1;4;1;1
1267;212;1265;15;1;4;1;1
1268;212;1266;16;1;2;1;1
1269;212;1267;21;1;1;1;1
1270;213;1268;17;1;4;1;1
1271;213;1269;15;1;4;1;1
1272;213;1270;15;1;4;1;1
1273;213;1271;15;1;4;1;1
1274;214;1272;15;1;4;1;1
1275;214;1273;15;1;4;1;1
1276;214;1274;15;1;4;1;1
1277;215;1275;15;1;4;1;1
1278;215;1276;17;1;4;1;1
1279;215;1277;20;1;2;1;1
1280;215;1278;19;1;1;1;1
1281;215;1279;18;1;1;1;1
1282;216;1280;17;1;4;1;1
1283;216;1281;15;1;4;1;1
1284;216;1282;17;1;4;1;1
1285;217;1283;15;1;4;1;1
1286;217;1284;15;1;4;1;1
1287;217;1285;15;1;4;1;1
1288;217;1286;15;1;4;1;1
1289;217;1287;15;1;4;1;1
1290;217;1288;15;1;4;1;1
1291;217;1289;16;1;2;1;1
1292;217;1290;16;1;2;1;1
1293;217;1291;19;1;1;1;1
1294;218;1292;15;1;4;1;1
1295;218;1293;15;1;4;1;1
1296;218;1294;15;1;4;1;1
1297;218;1295;15;1;4;1;1
1298;218;1296;15;1;4;1;1
1299;218;1297;16;1;2;1;1
1300;218;1298;18;1;1;1;1
1301;219;1299;15;1;4;1;1
1302;219;1300;15;1;4;1;1
1303;219;1301;15;1;4;1;1
1304;219;1302;15;1;4;1;1
1305;219;1303;15;1;4;1;1
1306;219;1304;22;1;2;1;1
1307;219;1305;20;1;2;1;1
1308;219;1306;20;1;2;1;1
1309;219;1307;20;1;2;1;1
1310;219;1308;19;1;1;1;1
1311;220;1309;15;1;4;1;1
1312;220;1310;15;1;4;1;1
1313;220;1311;15;1;4;1;1
1314;220;1312;15;1;4;1;1
1315;220;1313;15;1;4;1;1
1316;220;1314;15;1;4;1;1
1317;220;1315;15;1;4;1;1
1318;220;1316;16;1;2;1;1
1319;221;1317;15;1;4;1;1
1320;221;1318;15;1;4;1;1
1321;221;1319;15;1;4;1;1
1322;221;1320;15;1;4;1;1
1323;221;1321;20;1;2;1;1
1324;221;1322;16;1;2;1;1
1325;221;1323;14;1;1;1;1
1326;221;1324;19;1;1;1;1
1327;222;1325;15;1;4;1;1
1328;222;1326;15;1;4;1;1
1329;222;1327;15;1;4;1;1
1330;222;1328;15;1;4;1;1
1331;222;1329;15;1;4;1;1
1332;222;1330;15;1;4;1;1
1333;222;1331;15;1;4;1;1
1334;222;1332;15;1;4;1;1
1335;222;1333;15;1;4;1;1
1336;222;1334;16;1;2;1;1
1337;222;1335;16;1;2;1;1
1338;222;1336;16;1;2;1;1
1339;222;1337;18;1;1;1;1
1340;222;1338;18;1;1;1;1
1341;222;1339;18;1;1;1;1
1342;223;1340;15;1;4;1;1
1343;223;1341;15;1;4;1;1
1344;223;1342;15;1;4;1;1
1345;223;1343;15;1;4;1;1
1346;223;1344;15;1;4;1;1
1347;224;1345;17;1;4;1;1
1348;224;1346;17;1;4;1;1
1349;224;1347;15;1;4;1;1
1350;224;1348;15;1;4;1;1
1351;224;1349;16;1;2;1;1
1352;224;1350;16;1;2;1;1
1353;224;1351;16;1;2;1;1
1354;225;1352;15;1;4;1;1
1355;226;1353;15;1;4;1;1
1356;226;1354;15;1;4;1;1
1357;226;1355;15;1;4;1;1
1358;226;1356;15;1;4;1;1
1359;226;1357;17;1;4;1;1
1360;226;1358;15;1;4;1;1
1361;227;1359;15;1;4;1;1
1362;227;1360;15;1;4;1;1
1363;227;1361;15;1;4;1;1
1364;227;1362;17;1;4;1;1
1365;227;1363;15;1;4;1;1
1366;227;1364;15;1;4;1;1
1367;227;1365;15;1;4;1;1
1368;227;1366;15;1;4;1;1
1369;227;1367;15;1;4;1;1
1370;227;1368;15;1;4;1;1
1371;227;1369;15;1;4;1;1
1372;227;1370;15;1;4;1;1
1373;227;1371;17;1;4;1;1
1374;227;1372;18;1;1;1;1
1375;227;1373;18;1;1;1;1
1376;227;1374;18;1;1;1;1
1377;228;1375;17;1;4;1;1
1378;228;1376;15;1;4;1;1
1379;228;1377;17;1;4;1;1
1380;228;1378;15;1;4;1;1
1381;228;1379;15;1;4;1;1
1382;228;1380;15;1;4;1;1
1383;228;1381;15;1;4;1;1
1384;228;1382;20;1;2;1;1
1385;228;1383;18;1;1;1;1
1386;228;1384;18;1;1;1;1
1387;229;1385;15;1;4;1;1
1388;229;1386;17;1;4;1;1
1389;229;1387;15;1;4;1;1
1390;229;1388;15;1;4;1;1
1391;229;1389;18;1;1;1;1
1392;230;1390;15;1;4;1;1
1393;230;1391;15;1;4;1;1
1394;230;1392;15;1;4;1;1
1395;230;1393;15;1;4;1;1
1396;230;1394;20;1;2;1;1
1397;231;1395;15;1;4;1;1
1398;231;1396;17;1;4;1;1
1399;231;1397;16;1;2;1;1
1400;231;1398;19;1;1;1;1
1401;232;1399;15;1;4;1;1
1402;232;1400;15;1;4;1;1
1403;232;1401;15;1;4;1;1
1404;233;1402;15;1;4;1;1
1405;233;1403;18;1;1;1;1
1406;234;1404;15;1;4;1;1
1407;234;1405;15;1;4;1;1
1408;234;1406;15;1;4;1;1
1409;234;1407;20;1;2;1;1
1410;234;1408;16;1;2;1;1
1411;234;1409;16;1;2;1;1
1412;234;1410;19;1;1;1;1
1413;234;1411;18;1;1;1;1
1414;235;1412;15;1;4;1;1
1415;235;1413;15;1;4;1;1
1416;235;1414;15;1;4;1;1
1417;235;1415;15;1;4;1;1
1418;235;1416;20;1;2;1;1
1419;235;1417;18;1;1;1;1
1420;236;1418;17;1;4;1;1
1421;236;1419;15;1;4;1;1
1422;236;1420;16;1;2;1;1
1423;237;1421;15;1;4;1;1
1424;237;1422;15;1;4;1;1
1425;237;1423;17;1;4;1;1
1426;237;1424;15;1;4;1;1
1427;237;1425;15;1;4;1;1
1428;237;1426;16;1;2;1;1
1429;237;1427;16;1;2;1;1
1430;238;1428;15;1;4;1;1
1431;238;1429;15;1;4;1;1
1432;238;1430;15;1;4;1;1
1433;238;1431;15;1;4;1;1
1434;238;1432;15;1;4;1;1
1435;238;1433;15;1;4;1;1
1436;238;1434;17;1;4;1;1
1437;238;1435;15;1;4;1;1
1438;238;1436;16;1;2;1;1
1439;239;1437;17;1;4;1;1
1440;239;1438;15;1;4;1;1
1441;239;1439;15;1;4;1;1
1442;239;1440;15;1;4;1;1
1443;239;1441;17;1;4;1;1
1444;239;1442;16;1;2;1;1
1445;239;1443;16;1;2;1;1
1446;239;1444;18;1;1;1;1
1447;240;1445;15;1;4;1;1
1448;240;1446;15;1;4;1;1
1449;240;1447;15;1;4;1;1
1450;240;1448;17;1;4;1;1
1451;240;1449;15;1;4;1;1
1452;240;1450;17;1;4;1;1
1453;240;1451;17;1;4;1;1
1454;240;1452;21;1;1;1;1
1455;241;1453;15;1;4;1;1
1456;241;1454;15;1;4;1;1
1457;241;1455;15;1;4;1;1
1458;241;1456;17;1;4;1;1
1459;241;1457;15;1;4;1;1
1460;241;1458;16;1;2;1;1
1461;241;1459;16;1;2;1;1
1462;241;1460;18;1;1;1;1
1463;242;1461;15;1;4;1;1
1464;242;1462;15;1;4;1;1
1465;242;1463;17;1;4;1;1
1466;242;1464;15;1;4;1;1
1467;242;1465;20;1;2;1;1
1468;242;1466;16;1;2;1;1
1469;242;1467;18;1;1;1;1
1470;242;1468;19;1;1;1;1
1471;243;1469;15;1;5;1;1
1472;243;1470;15;1;5;1;1
1473;243;1471;15;1;5;1;1
1474;243;1472;15;1;5;1;1
1475;243;1473;15;1;5;1;1
1476;243;1474;15;1;5;1;1
1477;243;1475;15;1;5;1;1
1478;243;1476;16;1;3;1;1
1479;243;1477;18;1;1;1;1
1480;244;1478;15;1;5;1;1
1481;244;1479;15;1;5;1;1
1482;244;1480;17;1;4;1;1
1483;244;1481;16;1;3;1;1
1484;244;1482;18;1;1;1;1
1485;244;1483;18;1;1;1;1
1486;244;1484;18;1;1;1;1
1487;245;1485;17;1;4;1;1
1488;245;1486;17;1;4;1;1
1489;245;1487;16;1;3;1;1
1490;245;1488;18;1;1;1;1
1491;246;1489;15;1;5;1;1
1492;246;1490;15;1;5;1;1
1493;246;1491;15;1;5;1;1
1494;246;1492;15;1;5;1;1
1495;246;1493;15;1;5;1;1
1496;246;1494;2;1;2;1;1
1497;247;1495;15;1;5;1;1
1498;247;1496;15;1;5;1;1
1499;247;1497;15;1;5;1;1
1500;247;1498;14;1;5;1;1
1501;248;1499;15;1;5;1;1
1502;248;1500;15;1;5;1;1
1503;248;1501;15;1;5;1;1
1504;248;1502;18;1;1;1;1
1505;248;1503;18;1;1;1;1
1506;249;1504;15;1;5;1;1
1507;249;1505;15;1;5;1;1
1508;249;1506;15;1;5;1;1
1509;249;1507;15;1;5;1;1
1510;249;1508;17;1;4;1;1
1511;249;1509;2;1;2;1;1
1512;249;1510;16;1;3;1;1
1513;249;1511;16;1;3;1;1
1514;250;1512;15;1;5;1;1
1515;250;1513;15;1;5;1;1
1516;250;1514;16;1;3;1;1
1517;251;1515;15;1;5;1;1
1518;251;1516;15;1;5;1;1
1519;251;1517;15;1;5;1;1
1520;251;1518;2;1;2;1;1
1521;252;1519;15;1;5;1;1
1522;252;1520;15;1;5;1;1
1523;252;1521;15;1;5;1;1
1524;252;1522;18;1;1;1;1
1525;253;1523;15;1;5;1;1
1526;253;1524;15;1;5;1;1
1527;253;1525;15;1;5;1;1
1528;253;1526;15;1;5;1;1
1529;253;1527;17;1;4;1;1
1530;254;1528;15;1;5;1;1
1531;254;1529;15;1;5;1;1
1532;254;1530;15;1;5;1;1
1533;254;1531;15;1;5;1;1
1534;254;1532;17;1;4;1;1
1535;254;1533;16;1;3;1;1
1536;254;1534;16;1;3;1;1
1537;255;1535;15;1;5;1;1
1538;255;1536;15;1;5;1;1
1539;255;1537;15;1;5;1;1
1540;255;1538;15;1;5;1;1
1541;255;1539;15;1;5;1;1
1542;255;1540;16;1;3;1;1
1543;256;1541;15;1;5;1;1
1544;256;1542;15;1;5;1;1
1545;256;1543;15;1;5;1;1
1546;256;1544;16;1;3;1;1
1547;256;1545;16;1;3;1;1
1548;257;1546;15;1;5;1;1
1549;257;1547;15;1;5;1;1
1550;257;1548;17;1;4;1;1
1551;257;1549;17;1;4;1;1
1552;257;1550;16;1;3;1;1
1553;258;1551;15;1;5;1;1
1554;258;1552;15;1;5;1;1
1555;258;1553;16;1;3;1;1
1556;258;1554;18;1;1;1;1
1557;258;1555;18;1;1;1;1
1558;259;1556;15;1;5;1;1
1559;259;1557;15;1;5;1;1
1560;259;1558;15;1;5;1;1
1561;259;1559;15;1;5;1;1
1562;259;1560;15;1;5;1;1
1563;259;1561;15;1;5;1;1
1564;259;1562;15;1;5;1;1
1565;259;1563;15;1;5;1;1
1566;259;1564;15;1;5;1;1
1567;259;1565;18;1;1;1;1
1568;260;1566;15;1;5;1;1
1569;260;1567;15;1;5;1;1
1570;260;1568;15;1;5;1;1
1571;261;1569;15;1;5;1;1
1572;261;1570;15;1;5;1;1
1573;261;1571;15;1;5;1;1
1574;261;1572;17;1;4;1;1
1575;262;1573;15;1;5;1;1
1576;262;1574;15;1;5;1;1
1577;262;1575;15;1;5;1;1
1578;262;1576;15;1;5;1;1
1579;262;1577;2;1;2;1;1
1580;262;1578;18;1;1;1;1
1581;263;1579;15;1;5;1;1
1582;263;1580;15;1;5;1;1
1583;263;1581;15;1;5;1;1
1584;263;1582;15;1;5;1;1
1585;263;1583;17;1;4;1;1
1586;263;1584;16;1;3;1;1
1587;263;1585;16;1;3;1;1
1588;264;1586;15;1;5;1;1
1589;264;1587;15;1;5;1;1
1590;264;1588;15;1;5;1;1
1591;264;1589;17;1;4;1;1
1592;264;1590;17;1;4;1;1
1593;264;1591;16;1;3;1;1
1594;265;1592;15;1;5;1;1
1595;265;1593;15;1;5;1;1
1596;265;1594;15;1;5;1;1
1597;265;1595;15;1;5;1;1
1598;265;1596;15;1;5;1;1
1599;266;1597;15;1;5;1;1
1600;266;1598;15;1;5;1;1
1601;266;1599;15;1;5;1;1
1602;266;1600;15;1;5;1;1
1603;266;1601;15;1;5;1;1
1604;266;1602;15;1;5;1;1
1605;266;1603;15;1;5;1;1
1606;266;1604;2;1;2;1;1
1607;266;1605;16;1;3;1;1
1608;266;1606;18;1;1;1;1
1609;267;1607;15;1;5;1;1
1610;267;1608;15;1;5;1;1
1611;267;1609;15;1;5;1;1
1612;267;1610;17;1;4;1;1
1613;267;1611;17;1;4;1;1
1614;268;1612;15;1;5;1;1
1615;268;1613;16;1;3;1;1
1616;269;1614;15;1;5;1;1
1617;269;1615;15;1;5;1;1
1618;269;1616;15;1;5;1;1
1619;269;1617;15;1;5;1;1
1620;269;1618;2;1;2;1;1
1621;269;1619;16;1;3;1;1
1622;270;1620;15;1;5;1;1
1623;270;1621;15;1;5;1;1
1624;270;1622;15;1;5;1;1
1625;270;1623;15;1;5;1;1
1626;270;1624;15;1;5;1;1
1627;270;1625;15;1;5;1;1
1628;270;1626;15;1;5;1;1
1629;270;1627;16;1;3;1;1
1630;271;1628;15;1;5;1;1
1631;271;1629;15;1;5;1;1
1632;271;1630;15;1;5;1;1
1633;271;1631;15;1;5;1;1
1634;271;1632;15;1;5;1;1
1635;271;1633;17;1;4;1;1
1636;271;1634;18;1;1;1;1
1637;272;1635;15;1;5;1;1
1638;272;1636;15;1;5;1;1
1639;272;1637;17;1;4;1;1
1640;273;1638;15;1;5;1;1
1641;273;1639;15;1;5;1;1
1642;273;1640;15;1;5;1;1
1643;273;1641;15;1;5;1;1
1644;273;1642;15;1;5;1;1
1645;273;1643;18;1;1;1;1
1646;274;1644;15;1;5;1;1
1647;274;1645;15;1;5;1;1
1648;274;1646;15;1;5;1;1
1649;274;1647;15;1;5;1;1
1650;274;1648;15;1;5;1;1
1651;274;1649;15;1;5;1;1
1652;274;1650;18;1;1;1;1
1653;275;1651;15;1;5;1;1
1654;275;1652;15;1;5;1;1
1655;275;1653;15;1;5;1;1
1656;275;1654;15;1;5;1;1
1657;275;1655;15;1;5;1;1
1658;275;1656;18;1;1;1;1
1659;276;1657;15;1;5;1;1
1660;276;1658;15;1;5;1;1
1661;276;1659;15;1;5;1;1
1662;276;1660;15;1;5;1;1
1663;276;1661;17;1;4;1;1
1664;277;1662;15;1;5;1;1
1665;277;1663;15;1;5;1;1
1666;277;1664;15;1;5;1;1
1667;277;1665;15;1;5;1;1
1668;277;1666;15;1;5;1;1
1669;277;1667;15;1;5;1;1
1670;277;1668;18;1;1;1;1
1671;277;1669;16;1;3;1;1
1672;277;1670;16;1;3;1;1
1673;278;1671;15;1;5;1;1
1674;278;1672;15;1;5;1;1
1675;278;1673;18;1;1;1;1
1676;278;1674;18;1;1;1;1
1677;278;1675;16;1;3;1;1
1678;279;1676;15;1;5;1;1
1679;279;1677;15;1;5;1;1
1680;279;1678;15;1;5;1;1
1681;279;1679;15;1;5;1;1
1682;279;1680;19;1;6;1;1
1683;279;1681;17;1;4;1;1
1684;280;1682;15;1;5;1;1
1685;280;1683;15;1;5;1;1
1686;280;1684;15;1;5;1;1
1687;280;1685;15;1;5;1;1
1688;280;1686;17;1;4;1;1
1689;280;1687;18;1;1;1;1
1690;280;1688;18;1;1;1;1
1691;281;1689;15;1;5;1;1
1692;281;1690;19;1;6;1;1
1693;281;1691;16;1;3;1;1
1694;281;1692;16;1;3;1;1
1695;281;1693;16;1;3;1;1
1696;281;1694;16;1;3;1;1
1697;282;1695;15;1;5;1;1
1698;282;1696;15;1;5;1;1
1699;282;1697;15;1;5;1;1
1700;282;1698;15;1;5;1;1
1701;283;1699;15;1;5;1;1
1702;283;1700;15;1;5;1;1
1703;283;1701;15;1;5;1;1
1704;283;1702;15;1;5;1;1
1705;283;1703;15;1;5;1;1
1706;283;1704;15;1;5;1;1
1707;283;1705;15;1;5;1;1
1708;284;1706;15;1;5;1;1
1709;284;1707;15;1;5;1;1
1710;284;1708;15;1;5;1;1
1711;284;1709;17;1;4;1;1
1712;284;1710;16;1;3;1;1
1713;285;1711;15;1;5;1;1
1714;285;1712;15;1;5;1;1
1715;285;1713;15;1;5;1;1
1716;285;1714;15;1;5;1;1
1717;285;1715;15;1;5;1;1
1718;285;1716;15;1;5;1;1
1719;285;1717;15;1;5;1;1
1720;285;1718;21;1;6;1;1
1721;285;1719;17;1;4;1;1
1722;285;1720;16;1;3;1;1
1723;285;1721;16;1;3;1;1
1724;286;1722;15;1;5;1;1
1725;286;1723;15;1;5;1;1
1726;286;1724;15;1;5;1;1
1727;286;1725;15;1;5;1;1
1728;286;1726;15;1;5;1;1
1729;286;1727;15;1;5;1;1
1730;286;1728;15;1;5;1;1
1731;286;1729;15;1;5;1;1
1732;286;1730;17;1;4;1;1
1733;286;1731;17;1;4;1;1
1734;286;1732;18;1;1;1;1
1735;287;1733;24;2;2;1;1
1736;288;1734;25;3;2;1;1
1737;289;1735;26;2;2;1;1
1738;290;1736;27;2;2;1;1
1739;291;1737;28;2;2;1;1
1740;292;1738;29;3;2;1;1
1741;293;1739;30;3;2;1;1
1742;294;1740;31;2;4;1;1
1743;295;1741;32;2;4;2;1
1744;296;1742;32;2;4;1;1
1745;297;1743;33;2;4;1;1
1746;297;1744;33;2;4;1;1
1747;298;1745;34;2;4;3;1
1748;299;1746;35;2;4;1;1
1749;300;1747;31;2;4;1;1
1750;301;1748;36;2;4;1;1
1751;302;1749;37;2;4;1;1
1752;303;1750;38;2;4;1;1
1753;304;1751;39;2;5;1;1
1754;305;1752;40;2;5;1;1
1755;306;1753;41;2;5;1;1
1756;307;1754;42;2;5;1;1
1757;308;1755;43;2;5;1;1
1758;309;1756;44;4;5;1;1
1759;310;1757;45;2;5;1;1
1760;311;1758;46;2;5;1;1
1761;312;1759;47;2;5;2;1
1762;313;1760;48;2;5;1;1
1763;314;1761;48;2;5;1;1
1764;315;1762;49;2;5;2;1
1765;316;1763;50;2;5;1;1
1766;317;1764;48;2;5;1;1
1767;318;1765;49;2;5;1;1
1768;319;1766;49;2;5;1;1
1769;320;1767;51;2;5;1;1
1770;321;1768;43;2;5;1;1
1771;322;1769;52;2;5;1;1
1772;323;1770;53;2;5;1;1
1773;324;1771;54;2;5;1;1
1774;325;1772;55;2;5;2;1
1775;326;1773;56;2;5;1;1
1776;327;1774;57;2;5;1;1
1777;328;1775;58;2;5;1;1
1778;329;1776;59;2;5;1;1
1779;330;1777;60;2;5;1;1
1780;331;1778;49;2;5;1;1
1781;332;1779;61;2;5;1;1
1782;333;1780;62;2;5;1;1
1783;334;1781;63;2;5;1;1
1784;335;1782;64;2;5;1;1
1785;336;1783;49;2;5;1;1
1786;337;1784;49;2;5;1;1
1787;338;1785;65;2;5;2;1
1788;339;1786;66;2;5;1;1
1789;340;1787;49;2;5;1;1
1790;341;1788;67;2;5;1;1
1791;342;1789;68;2;5;1;1
1792;343;1790;69;2;5;1;1
1793;344;1791;69;2;5;1;1
1794;345;1792;70;2;5;2;1
1795;346;1793;49;2;5;1;1
1796;347;1794;49;2;5;2;1
1797;348;1795;71;2;5;1;1
1798;349;1796;72;2;5;1;1
1799;350;1797;73;2;5;1;1
1800;351;1798;74;2;5;1;1
1801;352;1799;49;2;5;2;1
1802;353;1800;48;2;5;1;1
1803;354;1801;75;2;5;1;1
1804;355;1802;76;2;5;1;1
1805;356;1803;68;2;5;1;1
1806;357;1804;68;2;5;2;1
1807;358;1805;77;2;5;1;1
1808;359;1806;78;2;5;1;1
1809;360;1807;57;2;5;1;1
1810;361;1808;67;2;5;1;1
1811;362;1809;79;2;5;2;1
1812;363;1810;80;4;5;1;1
1813;364;1811;81;5;5;1;1
1814;365;1812;82;2;5;1;1
1815;366;1813;83;2;5;1;1
1816;367;1814;84;2;5;1;1
1817;368;1815;85;2;5;1;1
1818;369;1816;86;2;5;2;1
1819;370;1817;73;2;5;1;1
1820;371;1818;87;2;5;1;1
1821;372;1819;88;2;5;1;1
1822;373;1820;30;2;5;1;1
1823;374;1821;89;2;5;1;1
1824;375;1822;49;2;5;1;1
1825;376;1823;90;2;5;1;1
1826;377;1824;91;2;5;1;1
1827;378;1825;51;2;5;1;1
1828;379;1826;51;2;5;1;1
1829;380;1827;92;2;5;2;1
1830;381;1828;93;2;5;1;1
1831;382;1829;94;2;5;1;1
1832;383;1830;78;2;5;1;1
1833;384;1831;95;2;5;1;1
1834;385;1832;43;2;5;1;1
1835;386;1833;96;2;5;1;1
1836;387;1834;68;2;5;1;1
1837;388;1835;43;2;5;1;1
1838;389;1836;48;2;5;1;1
1839;390;1837;49;2;5;1;1
1840;391;1838;97;2;5;1;1
1841;392;1839;57;2;5;1;1
1842;393;1840;98;2;5;2;1
1843;394;1841;99;2;5;1;1
1844;395;1842;100;2;5;2;1
1845;396;1843;49;2;5;1;1
1846;397;1844;101;2;5;2;1
1847;398;1845;43;2;5;1;1
1848;399;1846;102;2;5;1;1
1849;400;1847;49;2;5;1;1
1850;401;1848;68;2;5;2;1
1851;402;1849;103;2;5;1;1
1852;403;1850;104;2;5;1;1
1853;404;1851;49;2;5;1;1
1854;405;1852;30;2;5;1;1
1855;406;1853;68;2;5;1;1
1856;407;1854;62;2;5;1;1
1857;408;1855;105;2;5;1;1
1858;409;1856;60;2;5;1;1
1859;410;1857;89;2;5;2;1
1860;411;1858;49;2;5;1;1
1861;412;1859;106;2;5;2;1
1862;413;1860;57;2;5;1;1
1863;414;1861;89;2;5;1;1
1864;415;1862;107;2;5;1;1
1865;416;1863;108;2;5;1;1
1866;417;1864;109;2;5;1;1
1867;418;1865;110;2;5;1;1
1868;419;1866;111;2;5;1;1
1869;420;1867;112;2;5;1;1
1870;421;1868;113;2;5;1;1
1871;422;1869;114;2;5;1;1
1872;423;1870;115;2;5;1;1
1873;424;1871;49;2;5;1;1
1874;425;1872;116;2;5;2;1
1875;426;1873;117;2;5;1;1
1876;427;1874;118;2;5;1;1
1877;428;1875;49;2;5;1;1
1878;429;1876;67;2;5;1;1
1879;430;1877;119;1;5;1;1
1880;431;1878;120;2;5;1;1
1881;432;1879;121;2;6;1;1
1882;433;1880;122;2;3;1;1
1883;434;1881;123;5;3;1;1
1884;435;1882;124;5;3;1;1
1885;436;1883;125;5;3;2;1
1886;437;1884;126;5;3;1;1
1887;438;1885;127;5;3;1;1
1888;439;1886;128;5;3;1;1
1889;440;1887;129;2;3;1;1
1890;441;1888;130;5;3;1;1
1891;442;1889;131;5;3;1;1
1892;443;1890;132;5;3;1;1
1893;444;1891;133;5;3;1;1
1894;445;1892;134;5;3;1;1
1895;446;1893;135;5;3;1;1
1896;447;1894;136;5;3;1;1
1897;432;1895;137;5;3;1;1
1898;432;1896;128;5;3;1;1
1899;448;1897;138;5;3;1;1
1900;449;1898;139;2;1;1;1
1901;450;1899;49;2;1;1;1
1902;451;1900;140;2;1;2;1
1903;452;1901;141;2;1;3;1
1904;453;1902;142;2;1;1;1
1905;454;1903;140;6;1;1;1
1906;455;1904;99;2;1;1;1
1907;456;1905;139;2;1;1;1
1908;457;1906;143;2;1;2;1
1909;458;1907;87;2;1;1;1
1910;459;1908;144;2;1;1;1
1911;460;1909;145;2;1;2;1
1912;461;1910;62;2;1;1;1
1913;462;1911;146;2;1;2;1
1914;463;1912;147;6;1;1;1
1915;464;1913;148;6;1;1;1
1916;465;1914;149;2;1;1;1
1917;466;1915;128;5;3;1;1
1918;467;1916;150;5;3;1;1
1919;468;1917;128;5;3;1;1
1920;469;1918;151;5;3;1;1
1921;470;1919;151;5;3;1;1
1922;471;1920;128;5;3;1;1
1923;472;1921;138;5;3;1;1
1924;473;1922;138;5;3;1;1
1925;474;1923;152;5;3;1;1
1926;475;1924;153;5;3;1;1
1927;476;1925;154;5;3;1;1
1928;477;1926;155;5;3;1;1
1929;478;1927;156;5;3;1;1
1930;479;1928;157;5;3;1;1
1931;480;1929;158;5;3;1;1
1932;481;1930;159;5;3;1;1
1933;482;1931;160;5;3;1;1
1934;483;1932;161;5;3;1;1
1935;484;1933;162;5;3;1;1
1936;485;1934;163;5;3;1;1
1937;486;1935;164;5;3;1;1
1938;487;1936;165;3;2;2;1
1939;488;1937;62;2;2;1;1
1940;489;1938;140;3;2;1;1
1941;490;1939;166;2;2;1;1
1942;491;1940;167;3;2;1;1
1943;492;1941;140;2;2;1;1
1944;493;1942;168;2;2;1;1
1945;494;1943;169;2;2;1;1
1946;495;1944;62;3;2;1;1
1947;496;1945;170;6;4;1;1
1948;497;1946;62;2;4;1;1
1949;498;1947;140;2;4;2;1
1950;499;1948;171;2;4;1;1
1951;500;1949;31;2;4;1;1
1952;501;1950;140;2;4;1;1
1953;502;1951;49;2;5;1;1
1954;503;1952;172;2;5;1;1
1955;504;1953;173;7;5;2;1
1956;505;1954;174;2;5;1;1
1957;506;1955;32;2;5;1;1
1958;507;1956;140;2;5;1;1
1959;508;1957;32;2;5;1;1
1960;509;1958;175;2;5;1;1
1961;510;1959;176;6;5;1;1
1962;511;1960;177;2;5;1;1
1963;512;1961;178;2;5;1;1
1964;513;1962;178;2;5;1;1
1965;514;1963;179;2;5;1;1
1966;515;1964;180;2;5;1;1
1967;516;1965;181;2;5;2;1
1968;517;1966;178;2;5;1;1
1969;518;1967;43;2;5;1;1
1970;519;1968;182;2;5;1;1
1971;520;1969;172;2;5;1;1
1972;521;1970;172;2;5;1;1
1973;522;1971;172;2;5;1;1
1974;523;1972;68;2;5;1;1
1975;524;1973;68;2;5;1;1
1976;525;1974;183;2;5;2;1
1977;526;1975;142;2;5;2;1
1978;527;1976;184;2;5;1;1
1979;528;1977;65;2;5;1;1
1980;529;1978;43;2;5;1;1
1981;530;1979;185;2;5;1;1
1982;531;1980;172;2;5;1;1
1983;532;1981;186;2;5;2;1
1984;533;1982;49;2;5;1;1
1985;534;1983;43;2;5;3;1
1986;535;1984;43;2;5;1;1
1987;536;1985;187;2;5;1;1
1988;537;1986;142;2;5;2;1
1989;538;1987;188;2;5;1;1
1990;539;1988;142;2;5;1;1
1991;540;1989;48;2;5;1;1
1992;541;1990;189;2;5;1;1
1993;542;1991;43;2;5;1;1
1994;543;1992;75;2;5;1;1
1995;544;1993;190;2;5;1;1
1996;545;1994;191;2;5;1;1
1997;546;1995;62;2;5;1;1
1998;547;1996;192;2;5;1;1
1999;548;1997;193;2;5;1;1
2000;548;1998;194;2;5;1;1
2001;549;1999;49;2;5;1;1
2002;550;2000;51;2;5;1;1
2003;551;2001;60;2;5;1;1
2004;552;2002;195;2;5;1;1
2005;553;2003;196;2;5;2;1
2006;554;2004;197;2;5;1;1
2007;555;2005;198;2;5;1;1
2008;556;2006;51;2;5;1;1
2009;557;2007;199;2;5;1;1
2010;558;2008;51;2;5;1;1
2011;559;2009;51;2;5;1;1
2012;560;2010;51;2;5;1;1
2013;561;2011;88;2;5;1;1
2014;562;2012;200;2;5;2;1
2015;563;2013;201;2;5;1;1
2016;564;2014;30;2;5;2;1
2017;565;2015;202;2;5;1;1
2018;566;2016;203;2;5;1;1
2019;567;2017;48;2;5;1;1
2020;568;2018;43;2;5;2;1
2021;569;2019;204;2;5;1;1
2022;570;2020;30;2;5;1;1
2023;571;2021;89;2;5;3;1
2024;572;2022;205;2;5;1;1
2025;573;2023;206;2;5;1;1
2026;574;2024;49;2;5;1;1
2027;575;2025;87;2;5;1;1
2028;576;2026;207;2;5;1;1
2029;577;2027;208;2;5;1;1
2030;578;2028;88;2;5;1;1
2031;579;2029;209;2;5;1;1
2032;580;2030;204;2;5;1;1
2033;581;2031;203;2;5;1;1
2034;582;2032;210;2;5;1;1
2035;583;2033;211;6;5;1;1
2036;584;2034;212;2;5;1;1
2037;585;2035;51;2;5;1;1
2038;586;2036;51;2;5;1;1
2039;587;2037;43;2;5;1;1
2040;588;2038;187;2;5;1;1
2041;589;2039;213;2;5;1;1
2042;590;2040;142;2;5;1;1
2043;591;2041;214;2;5;1;1
2044;592;2042;142;2;5;1;1
2045;593;2043;49;2;5;1;1
2046;594;2044;43;2;5;1;1
2047;595;2045;215;2;5;1;1
2048;596;2046;216;2;5;1;1
2049;597;2047;217;2;5;2;1
2050;598;2048;43;2;5;2;1
2051;599;2049;89;2;5;4;1
2052;600;2050;218;4;5;1;1
2053;601;2051;219;2;5;1;1
2054;602;2052;48;2;5;2;1
2055;603;2053;197;2;5;1;1
2056;604;2054;61;2;5;1;1
2057;605;2055;215;2;5;2;1
2058;606;2056;220;2;5;2;1
2059;607;2057;88;2;5;1;1
2060;608;2058;221;2;5;1;1
2061;609;2059;32;2;5;2;1
2062;610;2060;49;2;5;1;1
2063;611;2061;222;2;5;1;1
2064;612;2062;172;2;5;1;1
2065;613;2063;49;2;5;1;1
2066;614;2064;49;2;5;1;1
2067;615;2065;223;2;5;1;1
2068;616;2066;49;2;5;1;1
2069;617;2067;224;2;5;1;1
2070;618;2068;225;2;5;1;1
2071;619;2069;226;2;5;1;1
2072;620;2070;64;2;5;1;1
2073;621;2071;227;2;5;1;1
2074;622;2072;228;2;5;1;1
2075;623;2073;62;2;5;1;1
2076;624;2074;229;2;5;1;1
2077;625;2075;230;2;5;1;1
2078;626;2076;88;2;6;1;1
2079;627;2077;231;2;6;15;1
2080;628;2078;140;2;6;1;1
2081;629;2079;87;2;1;1;1
2082;630;2080;232;2;1;1;1
2083;631;2081;140;6;1;1;1
2084;632;2082;233;6;1;1;1
2085;633;2083;234;2;1;1;1
2086;634;2084;143;2;1;1;1
2087;635;2085;235;8;1;3;1
2088;636;2086;236;2;1;2;1
2089;637;2087;237;2;1;1;1
2090;638;2088;238;2;1;1;1
2091;639;2089;237;2;1;1;1
2092;640;2090;239;5;1;1;1
2093;641;2091;240;2;1;1;1
2094;642;2092;241;2;1;1;1
2095;643;2093;242;2;1;2;1
2096;644;2094;242;2;1;1;1
2097;645;2095;243;2;1;2;1
2098;646;2096;88;2;1;1;1
2099;647;2097;244;5;1;1;1
2100;648;2098;99;2;2;1;1
2101;649;2099;245;2;2;1;1
2102;650;2100;140;3;2;1;1
2103;651;2101;246;3;2;3;1
2104;652;2102;247;2;2;1;1
2105;653;2103;248;5;2;1;1
2106;654;2104;249;2;4;1;1
2107;655;2105;172;2;4;1;1
2108;656;2106;140;2;4;1;1
2109;657;2107;250;2;4;1;1
2110;658;2108;251;2;4;1;1
2111;659;2109;252;2;4;1;1
2112;660;2110;79;2;4;1;1
2113;661;2111;253;2;4;1;1
2114;662;2112;254;2;4;2;1
2115;663;2113;255;2;4;1;1
2116;664;2114;256;2;4;1;1
2117;665;2115;257;2;4;1;1
2118;666;2116;258;2;4;1;1
2119;667;2117;259;2;4;1;1
2120;668;2118;31;2;4;1;1
2121;669;2119;260;2;5;1;1
2122;669;2120;260;2;5;1;1
2123;670;2121;140;9;5;1;1
2124;671;2122;261;2;5;1;1
2125;672;2123;262;2;5;2;1
2126;673;2124;49;2;5;1;1
2127;674;2125;263;2;5;1;1
2128;675;2126;87;2;5;1;1
2129;676;2127;99;2;5;1;1
2130;677;2128;49;2;5;1;1
2131;678;2129;264;2;5;1;1
2132;679;2130;265;2;5;2;1
2133;680;2131;68;2;5;2;1
2134;681;2132;266;2;5;2;1
2135;682;2133;49;2;5;2;1
2136;683;2134;267;2;5;1;1
2137;684;2135;32;2;5;1;1
2138;685;2136;268;2;5;1;1
2139;686;2137;269;2;5;1;1
2140;687;2138;89;2;5;1;1
2141;688;2139;270;2;5;1;1
2142;689;2140;51;2;5;1;1
2143;690;2141;271;2;5;1;1
2144;691;2142;95;2;5;1;1
2145;692;2143;99;2;5;1;1
2146;693;2144;272;2;5;1;1
2147;694;2145;52;2;5;1;1
2148;695;2146;273;2;5;1;1
2149;696;2147;52;2;5;1;1
2150;697;2148;52;2;5;1;1
2151;698;2149;274;2;5;1;1
2152;699;2150;275;2;5;1;1
2153;700;2151;49;2;5;1;1
2154;701;2152;49;2;5;1;1
2155;702;2153;49;2;5;1;1
2156;703;2154;276;2;5;1;1
2157;704;2155;75;2;5;1;1
2158;705;2156;277;2;5;1;1
2159;706;2157;278;2;5;1;1
2160;707;2158;279;2;5;1;1
2161;708;2159;280;10;5;1;1
2162;709;2160;49;2;5;1;1
2163;710;2161;281;2;5;1;1
2164;711;2162;269;2;5;2;1
2165;712;2163;282;2;5;1;1
2166;713;2164;283;2;5;1;1
2167;714;2165;284;2;5;1;1
2168;715;2166;285;2;5;1;1
2169;716;2167;286;2;5;1;1
2170;717;2168;49;2;5;1;1
2171;718;2169;287;2;5;1;1
2172;719;2170;288;2;5;1;1
2173;720;2171;49;2;5;1;1
2174;721;2172;289;2;5;2;1
2175;722;2173;290;2;5;1;1
2176;723;2174;291;2;5;2;1
2177;724;2175;88;2;5;1;1
2178;725;2176;30;2;5;1;1
2179;726;2177;84;2;5;1;1
2180;727;2178;292;2;5;1;1
2181;728;2179;293;2;5;2;1
2182;729;2180;49;2;5;1;1
2183;730;2181;294;2;5;1;1
2184;731;2182;295;2;5;1;1
2185;732;2183;112;2;5;1;1
2186;733;2184;49;2;5;1;1
2187;734;2185;49;2;5;1;1
2188;735;2186;296;2;5;1;1
2189;736;2187;99;2;5;1;1
2190;737;2188;199;2;5;1;1
2191;738;2189;49;2;5;1;1
2192;739;2190;297;2;5;1;1
2193;740;2191;298;2;5;1;1
2194;741;2192;299;2;5;1;1
2195;742;2193;300;2;5;1;1
2196;743;2194;43;2;5;2;1
2197;744;2195;49;2;5;1;1
2198;745;2196;60;2;5;1;1
2199;746;2197;301;2;5;1;1
2200;747;2198;49;2;5;1;1
2201;748;2199;302;2;5;2;1
2202;749;2200;96;2;5;1;1
2203;750;2201;190;2;5;1;1
2204;751;2202;49;2;5;1;1
2205;752;2203;303;2;5;1;1
2206;753;2204;180;2;5;1;1
2207;754;2205;49;2;5;1;1
2208;755;2206;304;2;5;1;1
2209;756;2207;274;2;5;1;1
2210;757;2208;305;2;5;1;1
2211;758;2209;49;2;5;1;1
2212;759;2210;306;10;5;1;1
2213;760;2211;307;2;5;1;1
2214;761;2212;43;2;5;1;1
2215;762;2213;308;2;5;1;1
2216;763;2214;49;2;5;1;1
2217;764;2215;309;2;5;1;1
2218;765;2216;187;2;5;1;1
2219;766;2217;49;2;5;1;1
2220;767;2218;310;2;5;2;1
2221;768;2219;75;2;5;1;1
2222;769;2220;142;2;5;1;1
2223;770;2221;51;2;5;1;1
2224;771;2222;197;2;5;1;1
2225;772;2223;49;2;5;1;1
2226;773;2224;68;2;5;1;1
2227;774;2225;56;2;5;1;1
2228;775;2226;311;2;5;1;1
2229;776;2227;305;2;5;1;1
2230;777;2228;312;2;5;1;1
2231;778;2229;313;2;5;1;1
2232;779;2230;314;2;6;1;1
2233;780;2231;315;2;6;1;1
2234;781;2232;140;2;6;1;1
2235;782;2233;316;2;6;3;1
2236;783;2234;317;2;6;3;1
2237;784;2235;318;5;6;1;1
2238;785;2236;138;5;3;1;1
2239;786;2237;319;2;3;1;1
2240;787;2238;128;5;3;1;1
2241;788;2239;134;2;3;1;1
2242;789;2240;320;5;3;1;1
2243;790;2241;320;5;3;1;1
2244;791;2242;127;5;3;1;1
2245;792;2243;138;5;3;1;1
2246;793;2244;321;5;3;1;1
2247;794;2245;322;5;3;1;1
2248;795;2246;323;2;3;2;1
2249;796;2247;127;5;3;2;1
2250;797;2248;127;5;3;1;1
2251;798;2249;324;2;3;2;1
2252;799;2250;134;5;3;1;1
2253;800;2251;325;5;3;1;1
2254;801;2252;134;5;3;1;1
2255;802;2253;151;5;3;1;1
2256;803;2254;326;5;3;1;1
2257;804;2255;138;5;3;1;1
2258;805;2256;327;5;3;1;1
2259;806;2257;328;5;3;1;1
2260;807;2258;329;5;3;1;1
2261;808;2259;330;5;3;2;1
2262;809;2260;331;5;3;1;1
2263;810;2261;138;5;3;1;1
2264;811;2262;332;5;3;1;1
2265;812;2263;333;5;3;1;1
2266;813;2264;334;5;3;1;1
2267;814;2265;335;5;3;1;1
2268;815;2266;336;2;1;2;1
2269;816;2267;64;2;1;1;1
2270;817;2268;140;6;1;1;1
2271;818;2269;337;11;1;1;1
2272;819;2270;338;11;1;1;1
2273;820;2271;149;2;1;1;1
2274;821;2272;339;2;1;1;1
2275;822;2273;340;2;1;1;1
2276;823;2274;30;2;1;1;1
2277;824;2275;139;2;1;1;1
2278;825;2276;341;2;1;1;1
2279;826;2277;342;2;1;1;1
2280;827;2278;64;2;1;1;1
2281;828;2279;343;2;1;1;1
2282;829;2280;344;2;1;1;1
2283;830;2281;345;2;1;1;1
2284;831;2282;170;2;1;1;1
2285;832;2283;346;2;1;1;1
2286;833;2284;347;2;1;1;1
2287;834;2285;348;6;1;1;1
2288;835;2286;349;2;1;1;1
2289;836;2287;350;3;2;1;1
2290;837;2288;351;2;2;1;1
2291;838;2289;140;3;2;1;1
2292;839;2290;352;3;2;1;1
2293;840;2291;353;2;2;1;1
2294;841;2292;354;3;2;1;1
2295;842;2293;355;3;2;1;1
2296;843;2294;356;3;2;1;1
2297;844;2295;357;2;4;1;1
2298;845;2296;358;2;4;1;1
2299;846;2297;140;2;4;2;1
2300;847;2298;359;2;4;1;1
2301;848;2299;360;3;4;1;1
2302;849;2300;361;2;4;1;1
2303;850;2301;362;2;4;2;1
2304;851;2302;363;2;4;1;1
2305;852;2303;364;2;4;1;1
2306;853;2304;67;2;5;1;1
2307;854;2305;62;2;5;1;1
2308;855;2306;140;2;5;1;1
2309;856;2307;365;2;5;1;1
2310;857;2308;366;2;5;1;1
2311;858;2309;30;2;5;1;1
2312;859;2310;72;2;5;1;1
2313;860;2311;367;2;5;1;1
2314;861;2312;134;5;5;1;1
2315;862;2313;368;2;5;1;1
2316;863;2314;369;2;5;1;1
2317;864;2315;187;2;5;1;1
2318;865;2316;370;2;5;1;1
2319;866;2317;43;2;5;1;1
2320;867;2318;67;2;5;1;1
2321;868;2319;371;2;5;1;1
2322;869;2320;67;2;5;1;1
2323;870;2321;187;2;5;1;1
2324;871;2322;182;2;5;1;1
2325;872;2323;190;2;5;1;1
2326;873;2324;372;2;5;2;1
2327;874;2325;196;2;5;2;1
2328;875;2326;373;2;5;1;1
2329;876;2327;374;2;5;1;1
2330;877;2328;375;2;5;1;1
2331;878;2329;376;2;5;1;1
2332;879;2330;30;2;5;1;1
2333;880;2331;377;2;5;1;1
2334;881;2332;372;2;5;1;1
2335;882;2333;30;2;5;1;1
2336;883;2334;378;2;5;1;1
2337;884;2335;379;2;5;1;1
2338;885;2336;371;2;5;1;1
2339;886;2337;380;2;5;1;1
2340;887;2338;381;2;5;1;1
2341;888;2339;305;2;5;1;1
2342;889;2340;87;2;5;1;1
2343;890;2341;382;2;5;1;1
2344;891;2342;49;2;5;1;1
2345;892;2343;383;2;5;1;1
2346;893;2344;72;2;5;1;1
2347;894;2345;367;2;5;1;1
2348;895;2346;384;5;5;2;1
2349;896;2347;30;2;5;1;1
2350;897;2348;187;2;5;2;1
2351;898;2349;127;5;5;1;1
2352;899;2350;385;2;5;1;1
2353;900;2351;43;2;5;1;1
2354;901;2352;386;6;5;1;1
2355;902;2353;387;2;5;2;1
2356;903;2354;388;2;5;1;1
2357;904;2355;389;2;5;1;1
2358;905;2356;379;2;5;1;1
2359;906;2357;390;2;5;1;1
2360;907;2358;391;2;5;1;1
2361;908;2359;392;2;5;1;1
2362;909;2360;393;2;5;2;1
2363;910;2361;394;2;5;1;1
2364;911;2362;395;2;5;1;1
2365;912;2363;396;2;5;1;1
2366;913;2364;397;2;5;1;1
2367;914;2365;398;2;5;1;1
2368;915;2366;372;2;5;1;1
2369;916;2367;30;2;5;1;1
2370;917;2368;68;2;5;1;1
2371;918;2369;399;11;5;1;1
2372;919;2370;400;2;5;1;1
2373;920;2371;401;6;5;2;1
2374;921;2372;99;2;5;1;1
2375;922;2373;402;2;5;2;1
2376;923;2374;204;2;5;1;1
2377;924;2375;30;2;5;1;1
2378;925;2376;247;3;5;1;1
2379;926;2377;49;2;5;1;1
2380;927;2378;403;5;5;1;1
2381;928;2379;404;2;5;2;1
2382;929;2380;103;2;5;2;1
2383;930;2381;405;2;5;1;1
2384;931;2382;406;2;5;1;1
2385;932;2383;187;2;5;3;1
2386;933;2384;190;2;5;1;1
2387;934;2385;32;2;5;1;1
2388;935;2386;49;2;5;1;1
2389;936;2387;55;2;5;2;1
2390;937;2388;88;2;5;1;1
2391;937;2389;30;2;5;1;1
2392;938;2390;407;2;5;1;1
2393;939;2391;43;2;5;1;1
2394;940;2392;49;2;5;1;1
2395;941;2393;408;2;5;2;1
2396;942;2394;409;2;5;1;1
2397;943;2395;410;2;5;1;1
2398;944;2396;411;2;5;1;1
2399;945;2397;265;2;5;2;1
2400;946;2398;412;2;5;1;1
2401;947;2399;413;2;5;2;1
2402;948;2400;30;2;5;3;1
2403;949;2401;414;2;5;1;1
2404;950;2402;415;6;5;1;1
2405;951;2403;88;2;5;1;1
2406;952;2404;416;2;5;2;1
2407;953;2405;252;2;5;1;1
2408;954;2406;170;2;5;1;1
2409;955;2407;49;2;5;1;1
2410;956;2408;30;2;5;1;1
2411;957;2409;267;2;5;1;1
2412;958;2410;417;2;5;1;1
2413;959;2411;418;2;5;1;1
2414;960;2412;30;2;5;2;1
2415;961;2413;49;2;5;2;1
2416;962;2414;419;2;5;1;1
2417;963;2415;420;2;5;1;1
2418;964;2416;43;2;5;1;1
2419;965;2417;421;2;5;1;1
2420;966;2418;170;2;5;1;1
2421;967;2419;49;2;5;1;1
2422;968;2420;422;2;5;1;1
2423;969;2421;49;2;5;1;1
2424;970;2422;88;2;5;1;1
2425;971;2423;423;2;5;1;1
2426;972;2424;49;2;5;1;1
2427;973;2425;49;2;5;1;1
2428;974;2426;424;2;5;1;1
2429;975;2427;49;2;5;1;1
2430;976;2428;425;2;5;1;1
2431;977;2429;426;6;5;1;1
2432;977;2430;427;2;5;1;1
2433;978;2431;428;2;5;1;1
2434;979;2432;49;2;5;1;1
2435;980;2433;187;2;5;1;1
2436;981;2434;32;2;5;1;1
2437;982;2435;49;2;5;2;1
2438;983;2436;429;2;5;1;1
2439;984;2437;430;2;5;1;1
2440;985;2438;390;2;5;1;1
2441;986;2439;30;2;6;1;1
2442;987;2440;431;10;6;1;1
2443;988;2441;432;10;3;2;1
2444;989;2442;433;5;3;2;1
2445;990;2443;434;2;3;1;1
2446;991;2444;134;5;3;1;1
2447;992;2445;127;5;3;1;1
2448;993;2446;435;5;3;2;1
2449;994;2447;134;5;3;1;1
2450;995;2448;436;5;3;1;1
2451;996;2449;434;5;3;1;1
2452;997;2450;134;5;3;1;1
2453;998;2451;437;5;3;1;1
2454;999;2452;438;5;3;2;1
2455;1000;2453;439;5;3;2;1
2456;1001;2454;320;5;3;1;1
2457;1002;2455;155;5;3;1;1
2458;1003;2456;155;5;3;1;1
2459;1004;2457;163;5;3;1;1
2460;1005;2458;440;5;3;1;1
2461;1006;2459;320;5;3;1;1
2462;1007;2460;441;2;1;1;1
2463;1008;2461;442;2;1;1;1
2464;1009;2462;443;6;1;1;1
2465;1010;2463;444;6;1;1;1
2466;1011;2464;139;2;1;1;1
2467;1012;2465;445;2;1;1;1
2468;1013;2466;446;2;1;1;1
2469;1014;2467;84;2;1;2;1
2470;1015;2468;447;2;1;1;1
2471;1016;2469;448;11;1;1;1
2472;1017;2470;449;2;1;1;1
2473;1018;2471;450;2;1;1;1
2474;1019;2472;451;2;1;1;1
2475;1020;2473;72;2;1;1;1
2476;1021;2474;87;2;1;1;1
2477;1022;2475;452;6;1;2;1
2478;1023;2476;453;3;2;1;1
2479;1024;2477;62;3;2;1;1
2480;1025;2478;454;3;2;1;1
2481;1026;2479;455;3;2;1;1
2482;1027;2480;456;3;2;1;1
2483;1028;2481;26;3;2;1;1
2484;1029;2482;457;3;2;1;1
2485;1030;2483;247;3;2;1;1
2486;1031;2484;458;3;2;1;1
2487;1032;2485;459;3;2;2;1
2488;1033;2486;460;3;2;1;1
2489;1034;2487;461;3;2;1;1
2490;1035;2488;360;3;2;1;1
2491;1036;2489;462;2;4;1;1
2492;1037;2490;463;2;4;1;1
2493;1038;2491;397;2;4;1;1
2494;1039;2492;464;2;4;1;1
2495;1040;2493;465;2;4;1;1
2496;1041;2494;225;2;5;1;1
2497;1042;2495;49;2;5;1;1
2498;1043;2496;49;2;5;2;1
2499;1044;2497;404;2;5;2;1
2500;1045;2498;87;2;5;1;1
2501;1046;2499;64;2;5;1;1
2502;1047;2500;43;2;5;2;1
2503;1048;2501;49;2;5;1;1
2504;1049;2502;466;2;5;1;1
2505;1050;2503;88;2;5;1;1
2506;1051;2504;112;2;5;1;1
2507;1052;2505;467;2;5;1;1
2508;1053;2506;468;2;5;1;1
2509;1054;2507;57;2;5;1;1
2510;1055;2508;140;2;5;1;1
2511;1056;2509;49;2;5;1;1
2512;1057;2510;467;2;5;2;1
2513;1058;2511;68;2;5;1;1
2514;1059;2512;32;2;5;1;1
2515;1060;2513;469;2;5;1;1
2516;1061;2514;89;2;5;2;1
2517;1062;2515;49;2;5;1;1
2518;1063;2516;64;2;5;1;1
2519;1064;2517;470;2;5;1;1
2520;1065;2518;87;2;5;1;1
2521;1066;2519;471;2;5;1;1
2522;1067;2520;472;2;5;1;1
2523;1068;2521;49;2;5;1;1
2524;1069;2522;473;2;5;1;1
2525;1070;2523;474;7;5;1;1
2526;1070;2524;88;2;5;1;1
2527;1071;2525;475;1;5;2;1
2528;1072;2526;43;2;5;1;1
2529;1073;2527;49;2;5;1;1
2530;1074;2528;68;2;5;1;1
2531;1075;2529;140;2;5;4;1
2532;1076;2530;49;2;5;1;1
2533;1077;2531;49;2;5;1;1
2534;1078;2532;476;2;5;1;1
2535;1079;2533;87;2;5;1;1
2536;1080;2534;142;2;5;2;1
2537;1081;2535;477;2;5;1;1
2538;1082;2536;87;2;5;1;1
2539;1083;2537;49;2;5;1;1
2540;1084;2538;49;2;5;2;1
2541;1085;2539;206;2;5;1;1
2542;1086;2540;49;2;5;1;1
2543;1087;2541;67;2;5;1;1
2544;1088;2542;478;2;5;1;1
2545;1089;2543;479;2;5;1;1
2546;1090;2544;467;2;5;2;1
2547;1091;2545;49;2;5;2;1
2548;1092;2546;480;2;5;1;1
2549;1093;2547;88;2;5;1;1
2550;1094;2548;67;2;5;1;1
2551;1095;2549;226;2;5;1;1
2552;1096;2550;64;2;5;1;1
2553;1097;2551;88;2;5;1;1
2554;1098;2552;225;2;5;1;1
2555;1099;2553;75;2;5;1;1
2556;1100;2554;206;2;5;1;1
2557;1101;2555;49;2;5;1;1
2558;1102;2556;49;2;5;1;1
2559;1103;2557;140;2;5;1;1
2560;1104;2558;481;2;5;1;1
2561;1105;2559;482;2;5;1;1
2562;1106;2560;483;2;5;2;1
2563;1107;2561;93;2;5;1;1
2564;1108;2562;43;2;5;1;1
2565;1109;2563;484;7;5;1;1
2566;1110;2564;43;2;5;1;1
2567;1111;2565;88;2;5;1;1
2568;1112;2566;182;2;5;1;1
2569;1113;2567;206;2;5;1;1
2570;1114;2568;485;6;5;1;1
2571;1115;2569;191;2;5;1;1
2572;1116;2570;486;2;5;2;1
2573;1117;2571;39;2;5;2;1
2574;1118;2572;49;2;5;1;1
2575;1119;2573;487;2;5;1;1
2576;1120;2574;68;2;5;2;1
2577;1121;2575;488;2;5;1;1
2578;1122;2576;88;2;5;1;1
2579;1123;2577;113;2;5;1;1
2580;1124;2578;489;2;5;1;1
2581;1125;2579;49;2;5;1;1
2582;1126;2580;490;2;5;1;1
2583;1127;2581;491;2;5;1;1
2584;1128;2582;492;2;5;1;1
2585;1129;2583;87;2;5;2;1
2586;1130;2584;67;2;5;1;1
2587;1131;2585;87;2;5;1;1
2588;1132;2586;493;2;5;1;1
2589;1133;2587;49;2;5;1;1
2590;1134;2588;494;2;5;1;1
2591;1135;2589;48;2;5;1;1
2592;1136;2590;49;2;5;2;1
2593;1137;2591;49;2;5;1;1
2594;1138;2592;140;2;5;2;1
2595;1139;2593;495;2;5;1;1
2596;1140;2594;496;2;5;1;1
2597;1141;2595;49;2;5;1;1
2598;1142;2596;472;2;5;1;1
2599;1143;2597;497;2;5;1;1
2600;1144;2598;52;2;5;1;1
2601;1145;2599;472;2;5;2;1
2602;1146;2600;43;2;5;1;1
2603;1147;2601;498;2;5;1;1
2604;1148;2602;499;2;5;1;1
2605;1149;2603;187;2;5;1;1
2606;1150;2604;49;2;5;1;1
2607;1151;2605;68;2;5;1;1
2608;1152;2606;49;2;5;2;1
2609;1153;2607;43;2;5;1;1
2610;1154;2608;32;2;5;1;1
2611;1155;2609;140;2;5;1;1
2612;1156;2610;500;2;5;1;1
2613;1157;2611;62;2;5;1;1
2614;1158;2612;501;2;5;1;1
2615;1159;2613;49;2;5;1;1
2616;1160;2614;43;2;5;1;1
2617;1161;2615;49;2;5;1;1
2618;1162;2616;61;2;5;1;1
2619;1021;2617;88;2;5;1;1
2620;1163;2618;49;2;5;1;1
2621;1164;2619;502;2;5;1;1
2622;1165;2620;64;2;5;1;1
2623;1166;2621;503;2;5;3;1
2624;1167;2622;48;2;5;1;1
2625;1168;2623;89;2;5;2;1
2626;1169;2624;504;2;5;2;1
2627;1170;2625;43;2;5;1;1
2628;1171;2626;43;2;5;1;1
2629;1172;2627;49;2;5;1;1
2630;1173;2628;505;2;6;1;1
2631;1174;2629;506;2;6;1;1
2632;1175;2630;88;2;6;1;1
2633;1176;2631;507;4;6;1;1
2634;1177;2632;508;5;3;1;1
2635;1178;2633;509;2;3;1;1
2636;1179;2634;510;5;3;1;1
2637;1180;2635;134;5;3;1;1
2638;1181;2636;511;2;3;2;1
2639;1182;2637;134;5;3;1;1
2640;1183;2638;128;5;3;1;1
2641;1090;2639;512;5;3;1;1
2642;1184;2640;155;5;3;1;1
2643;1185;2641;513;5;3;1;1
2644;1186;2642;318;5;3;1;1
2645;1187;2643;514;5;3;1;1
2646;1188;2644;134;5;3;1;1
2647;1189;2645;515;2;3;1;1
2648;1190;2646;244;5;3;2;1
2649;1191;2647;134;2;3;1;1
2650;1192;2648;515;2;3;1;1
2651;1193;2649;516;5;3;1;1
2652;1194;2650;138;5;3;1;1
2653;1195;2651;335;5;3;1;1
2654;1196;2652;517;5;3;1;1
2655;1197;2653;518;5;3;1;1
2656;1198;2654;519;5;3;1;1
2657;1199;2655;149;2;1;1;1
2658;1200;2656;143;2;1;1;1
2659;1201;2657;196;2;1;2;1
2660;1202;2658;520;2;1;1;1
2661;1203;2659;139;2;1;3;1
2662;1204;2660;143;2;1;1;1
2663;1205;2661;521;6;1;1;1
2664;1206;2662;522;2;1;1;1
2665;1207;2663;523;2;1;2;1
2666;1208;2664;88;2;1;1;1
2667;1209;2665;524;6;1;1;1
2668;1210;2666;525;2;1;3;1
2669;1211;2667;170;2;1;1;1
2670;1212;2668;526;6;1;1;1
2671;1213;2669;87;2;1;1;1
2672;1214;2670;140;2;1;1;1
2673;1215;2671;527;2;1;3;1
2674;1216;2672;528;2;1;1;1
2675;1217;2673;529;2;1;1;1
2676;1218;2674;530;3;2;2;1
2677;1219;2675;26;2;2;1;1
2678;1220;2676;531;3;2;1;1
2679;1221;2677;532;2;2;1;1
2680;1222;2678;26;2;2;1;1
2681;1223;2679;532;2;2;1;1
2682;1224;2680;533;2;4;1;1
2683;1225;2681;534;2;4;1;1
2684;1226;2682;535;2;4;2;1
2685;1227;2683;536;2;4;2;1
2686;1228;2684;31;2;4;1;1
2687;1229;2685;537;2;4;1;1
2688;1230;2686;538;2;4;1;1
2689;1231;2687;539;2;5;1;1
2690;1232;2688;49;2;5;1;1
2691;1233;2689;43;2;5;1;1
2692;1234;2690;49;2;5;1;1
2693;1235;2691;540;2;5;1;1
2694;1236;2692;140;2;5;2;1
2695;1237;2693;268;2;5;1;1
2696;1238;2694;64;2;5;1;1
2697;1239;2695;140;2;5;1;1
2698;1240;2696;274;2;5;1;1
2699;1241;2697;43;2;5;1;1
2700;1242;2698;541;2;5;1;1
2701;1243;2699;542;2;5;1;1
2702;1244;2700;543;2;5;1;1
2703;1245;2701;544;2;5;1;1
2704;1246;2702;68;2;5;1;1
2705;1247;2703;545;2;5;1;1
2706;1248;2704;191;2;5;1;1
2707;1249;2705;546;2;5;1;1
2708;1250;2706;43;2;5;1;1
2709;1251;2707;547;2;5;1;1
2710;1252;2708;43;2;5;1;1
2711;1253;2709;49;2;5;1;1
2712;1254;2710;68;2;5;1;1
2713;1255;2711;49;2;5;1;1
2714;1256;2712;62;2;5;2;1
2715;1257;2713;548;1;5;1;1
2716;1258;2714;140;2;5;1;1
2717;1259;2715;48;2;5;1;1
2718;1260;2716;187;2;5;1;1
2719;1261;2717;49;2;5;1;1
2720;1262;2718;43;2;5;1;1
2721;1263;2719;99;2;5;1;1
2722;1264;2720;549;2;5;1;1
2723;1265;2721;550;2;5;2;1
2724;1266;2722;49;2;5;1;1
2725;1267;2723;551;2;5;1;1
2726;1268;2724;552;2;5;1;1
2727;1269;2725;49;2;5;1;1
2728;1270;2726;140;2;5;1;1
2729;1271;2727;68;2;5;1;1
2730;1272;2728;89;2;5;2;1
2731;1273;2729;467;2;5;1;1
2732;1274;2730;49;2;5;1;1
2733;1275;2731;553;2;5;1;1
2734;1276;2732;187;2;5;1;1
2735;1277;2733;554;2;5;1;1
2736;1278;2734;555;2;5;1;1
2737;1279;2735;48;2;5;1;1
2738;1280;2736;61;2;5;1;1
2739;1281;2737;556;2;5;1;1
2740;1282;2738;43;2;5;1;1
2741;1283;2739;140;2;5;1;1
2742;1284;2740;87;2;5;2;1
2743;1285;2741;557;2;5;1;1
2744;1286;2742;265;2;5;1;1
2745;1287;2743;558;2;5;1;1
2746;1288;2744;88;2;5;1;1
2747;1289;2745;559;2;5;1;1
2748;1290;2746;560;2;5;1;1
2749;1291;2747;32;2;5;1;1
2750;1292;2748;206;2;5;1;1
2751;1293;2749;48;2;5;1;1
2752;1294;2750;140;2;5;2;1
2753;1295;2751;68;2;5;1;1
2754;1295;2752;307;2;5;1;1
2755;1296;2753;88;2;5;1;1
2756;1297;2754;561;2;5;1;1
2757;1298;2755;57;2;5;1;1
2758;1299;2756;140;6;5;1;1
2759;1300;2757;43;2;5;1;1
2760;1301;2758;190;2;5;1;1
2761;1302;2759;190;2;5;1;1
2762;1303;2760;89;2;5;2;1
2763;1304;2761;562;2;5;1;1
2764;1305;2762;170;2;5;1;1
2765;1306;2763;32;2;5;1;1
2766;1307;2764;32;2;5;1;1
2767;1308;2765;563;2;5;1;1
2768;1309;2766;48;2;5;1;1
2769;1310;2767;187;2;5;1;1
2770;1311;2768;564;6;5;1;1
2771;1312;2769;565;2;5;1;1
2772;1313;2770;49;2;5;1;1
2773;1314;2771;186;2;5;1;1
2774;1315;2772;566;2;5;1;1
2775;1316;2773;413;2;5;2;1
2776;1317;2774;49;2;5;1;1
2777;1318;2775;75;2;5;1;1
2778;1319;2776;49;2;5;1;1
2779;1320;2777;89;2;5;1;1
2780;1321;2778;49;2;5;1;1
2781;1322;2779;89;2;5;2;1
2782;1323;2780;567;2;5;1;1
2783;1324;2781;140;2;5;1;1
2784;1325;2782;68;2;5;1;1
2785;1326;2783;568;2;5;1;1
2786;1327;2784;43;2;5;1;1
2787;1328;2785;569;2;5;1;1
2788;1329;2786;142;2;5;2;1
2789;1330;2787;88;2;5;1;1
2790;1331;2788;570;2;5;2;1
2791;1332;2789;571;2;5;1;1
2792;1333;2790;103;2;5;1;1
2793;1334;2791;68;2;5;1;1
2794;1335;2792;572;2;5;1;1
2795;1336;2793;204;2;5;1;1
2796;1337;2794;270;2;5;1;1
2797;1338;2795;573;2;5;1;1
2798;1339;2796;67;2;5;1;1
2799;1340;2797;32;2;5;1;1
2800;1341;2798;574;4;5;1;1
2801;1342;2799;575;2;5;1;1
2802;1343;2800;88;2;5;1;1
2803;1344;2801;49;2;5;1;1
2804;1345;2802;49;2;5;1;1
2805;1346;2803;87;2;5;1;1
2806;1347;2804;87;2;5;1;1
2807;1348;2805;576;2;5;1;1
2808;1349;2806;577;2;5;2;1
2809;1350;2807;55;2;5;2;1
2810;1351;2808;578;2;5;3;1
2811;1352;2809;67;2;5;1;1
2812;1353;2810;67;2;5;1;1
2813;1354;2811;112;2;5;1;1
2814;1355;2812;187;2;5;1;1
2815;1356;2813;579;2;5;1;1
2816;1357;2814;88;2;5;1;1
2817;1358;2815;49;2;5;2;1
2818;1359;2816;307;2;5;1;1
2819;1360;2817;43;2;5;1;1
2820;1361;2818;580;2;5;1;1
2821;1362;2819;581;2;5;1;1
2822;1363;2820;582;2;5;1;1
2823;1364;2821;292;2;5;1;1
2824;1365;2822;274;2;5;1;1
2825;1366;2823;305;2;5;1;1
2826;1367;2824;140;2;5;1;1
2827;1368;2825;49;2;5;2;1
2828;1369;2826;467;2;5;1;1
2829;1370;2827;49;2;5;1;1
2830;1371;2828;49;2;5;1;1
2831;1372;2829;49;2;5;1;1
2832;1373;2830;67;2;5;1;1
2833;1374;2831;583;2;5;1;1
2834;1375;2832;367;2;5;2;1
2835;1376;2833;274;2;5;1;1
2836;1377;2834;180;2;5;1;1
2837;1378;2835;48;2;5;1;1
2838;1379;2836;43;2;5;2;1
2839;1380;2837;49;2;5;1;1
2840;1381;2838;584;2;5;1;1
2841;1382;2839;585;2;5;1;1
2842;1383;2840;49;2;5;1;1
2843;1384;2841;586;2;5;1;1
2844;1385;2842;57;2;5;1;1
2845;1386;2843;587;2;5;1;1
2846;1387;2844;48;2;5;1;1
2847;1388;2845;94;2;5;1;1
2848;1389;2846;588;2;5;1;1
2849;1390;2847;178;2;5;1;1
2850;1391;2848;467;2;5;1;1
2851;1392;2849;43;2;5;1;1
2852;1041;2850;225;2;5;1;1
2853;1042;2851;49;2;5;1;1
2854;1043;2852;49;2;5;2;1
2855;1044;2853;404;2;5;2;1
2856;1045;2854;87;2;5;1;1
2857;1046;2855;64;2;5;1;1
2858;1393;2856;589;2;6;1;1
2859;1394;2857;590;2;6;1;1
2860;1395;2858;156;5;3;1;1
2861;1396;2859;591;5;3;1;1
2862;1397;2860;592;5;3;1;1
2863;1398;2861;593;5;3;1;1
2864;1399;2862;594;5;3;1;1
2865;1400;2863;127;5;3;1;1
2866;1401;2864;155;5;3;1;1
2867;1402;2865;134;5;3;1;1
2868;1403;2866;595;5;3;1;1
2869;1404;2867;134;5;3;1;1
2870;1405;2868;134;2;3;1;1
2871;1406;2869;318;5;3;1;1
2872;1407;2870;134;5;3;1;1
2873;1408;2871;244;5;3;1;1
2874;1409;2872;244;5;3;1;1
2875;1410;2873;596;2;3;1;1
2876;1411;2874;597;5;3;1;1
2877;1412;2875;81;5;3;1;1
2878;1413;2876;598;5;3;1;1
2879;1414;2877;599;5;3;1;1
2880;1415;2878;322;5;3;1;1
2881;1416;2879;600;5;3;1;1
2882;1417;2880;601;5;3;1;1
2883;1418;2881;602;5;3;1;1
2884;1419;2882;603;5;3;1;1
2885;1420;2883;604;5;3;1;1
2886;1421;2884;134;5;3;1;1
2887;1422;2885;605;5;3;1;1
2888;1177;2886;508;5;3;1;1
2889;1178;2887;509;2;3;1;1
2890;1423;2888;446;2;1;2;1
2891;1424;2889;606;2;1;1;1
2892;1425;2890;84;2;1;2;1
2893;1426;2891;607;2;1;1;1
2894;1427;2892;608;2;1;1;1
2895;1428;2893;173;11;1;3;1
2896;1429;2894;609;2;1;1;1
2897;1430;2895;610;11;1;1;1
2898;1431;2896;55;2;1;2;1
2899;1432;2897;611;2;1;1;1
2900;1433;2898;143;2;1;1;1
2901;1434;2899;612;6;1;1;1
2902;1435;2900;613;2;1;1;1
2903;1436;2901;614;2;1;3;1
2904;1437;2902;87;2;1;1;1
2905;1438;2903;615;7;1;1;1
2906;1439;2904;84;2;1;1;1
2907;1440;2905;616;2;1;2;1
2908;1441;2906;617;6;1;2;1
2909;1442;2907;411;2;1;1;1
2910;1443;2908;143;2;1;1;1
2911;1444;2909;618;6;1;1;1
2912;1445;2910;619;6;1;1;1
2913;1446;2911;620;2;2;1;1
2914;1447;2912;621;5;2;1;1
2915;1448;2913;622;2;2;2;1
2916;1449;2914;623;5;2;1;1
2917;1450;2915;88;3;2;1;1
2918;1451;2916;246;3;2;1;1
2919;1452;2917;624;2;4;1;1
2920;1453;2918;625;2;4;1;1
2921;1454;2919;626;2;4;1;1
2922;1455;2920;627;2;4;2;1
2923;1456;2921;38;2;4;1;1
2924;1457;2922;628;4;4;1;1
2925;1458;2923;88;2;5;1;1
2926;1459;2924;629;2;5;1;1
2927;1460;2925;142;2;5;1;1
2928;1461;2926;49;2;5;1;1
2929;1462;2927;49;2;5;1;1
2930;1463;2928;630;2;5;1;1
2931;1464;2929;140;2;5;1;1
2932;1465;2930;49;2;5;1;1
2933;1466;2931;49;2;5;1;1
2934;1467;2932;40;2;5;1;1
2935;1468;2933;40;2;5;1;1
2936;1469;2934;194;2;5;1;1
2937;1470;2935;631;2;5;1;1
2938;1471;2936;62;2;5;1;1
2939;1472;2937;140;2;5;1;1
2940;1473;2938;43;2;5;1;1
2941;1474;2939;67;2;5;1;1
2942;1475;2940;49;2;5;1;1
2943;1476;2941;632;2;5;2;1
2944;1477;2942;633;2;5;1;1
2945;1478;2943;87;2;5;1;1
2946;1479;2944;404;2;5;1;1
2947;1480;2945;49;2;5;1;1
2948;1481;2946;89;2;5;1;1
2949;1482;2947;49;2;5;1;1
2950;1483;2948;43;2;5;1;1
2951;1484;2949;634;2;5;1;1
2952;1485;2950;635;2;5;2;1
2953;1485;2951;635;2;5;1;1
2954;1486;2952;636;2;5;1;1
2955;1487;2953;67;2;5;1;1
2956;1488;2954;404;2;5;1;1
2957;1489;2955;172;2;5;1;1
2958;1490;2956;637;2;5;1;1
2959;1491;2957;638;2;5;1;1
2960;1492;2958;49;2;5;1;1
2961;1493;2959;639;2;5;1;1
2962;1494;2960;640;2;5;2;1
2963;1495;2961;641;2;5;2;1
2964;1496;2962;89;2;5;1;1
2965;1497;2963;89;2;5;1;1
2966;1498;2964;88;2;5;1;1
2967;1499;2965;99;2;5;1;1
2968;1500;2966;64;2;5;1;1
2969;1501;2967;642;2;5;1;1
2970;1502;2968;643;2;5;1;1
2971;1503;2969;644;2;5;1;1
2972;1504;2970;49;2;5;1;1
2973;1505;2971;637;2;5;1;1
2974;1506;2972;49;2;5;1;1
2975;1507;2973;49;2;5;1;1
2976;1508;2974;180;2;5;1;1
2977;1509;2975;645;2;5;1;1
2978;1510;2976;49;2;5;1;1
2979;1511;2977;646;2;5;1;1
2980;1512;2978;647;2;5;1;1
2981;1513;2979;68;2;5;1;1
2982;1514;2980;648;2;5;2;1
2983;1515;2981;64;2;5;1;1
2984;1516;2982;190;2;5;1;1
2985;1517;2983;87;2;5;1;1
2986;1518;2984;49;2;5;1;1
2987;1519;2985;649;2;5;1;1
2988;1520;2986;274;2;5;1;1
2989;1521;2987;49;2;5;2;1
2990;1522;2988;67;2;5;1;1
2991;1523;2989;49;2;5;1;1
2992;1524;2990;172;2;5;1;1
2993;1525;2991;650;2;5;1;1
2994;1526;2992;43;2;5;1;1
2995;1527;2993;180;2;5;1;1
2996;1528;2994;651;2;5;1;1
2997;1529;2995;652;2;5;1;1
2998;1530;2996;653;2;5;1;1
2999;1531;2997;654;2;5;1;1
3000;1532;2998;49;2;5;1;1
3001;1533;2999;655;2;5;1;1
3002;1534;3000;656;2;5;2;1
3003;1535;3001;657;2;5;1;1
3004;1536;3002;52;2;5;1;1
3005;1537;3003;658;2;5;2;1
3006;1538;3004;659;2;5;1;1
3007;1539;3005;49;2;5;1;1
3008;1540;3006;187;2;5;1;1
3009;1541;3007;140;2;5;2;1
3010;1542;3008;197;2;5;1;1
3011;1543;3009;180;2;5;1;1
3012;1544;3010;62;2;5;1;1
3013;1545;3011;57;2;5;1;1
3014;1546;3012;660;2;5;1;1
3015;1547;3013;661;2;5;2;1
3016;1548;3014;662;2;5;2;1
3017;1549;3015;661;2;5;1;1
3018;1550;3016;99;2;5;1;1
3019;1551;3017;43;2;5;1;1
3020;1552;3018;194;2;5;1;1
3021;1553;3019;67;2;5;1;1
3022;1554;3020;180;2;5;1;1
3023;1555;3021;88;2;5;1;1
3024;1556;3022;547;2;5;1;1
3025;1557;3023;172;2;5;1;1
3026;1558;3024;49;2;5;1;1
3027;1559;3025;663;2;5;1;1
3028;1560;3026;68;2;5;2;1
3029;1561;3027;43;2;5;1;1
3030;1562;3028;49;2;5;1;1
3031;1563;3029;664;2;5;1;1
3032;1564;3030;665;2;5;1;1
3033;1565;3031;43;2;5;1;1
3034;1566;3032;666;2;5;2;1
3035;1567;3033;52;2;5;1;1
3036;1568;3034;140;2;5;2;1
3037;1569;3035;667;2;5;3;1
3038;1570;3036;140;2;5;1;1
3039;1571;3037;668;2;5;1;1
3040;1572;3038;67;2;5;1;1
3041;1573;3039;372;2;5;1;1
3042;1574;3040;87;2;5;1;1
3043;1575;3041;669;2;5;1;1
3044;1576;3042;89;2;5;1;1
3045;1577;3043;105;2;5;1;1
3046;1578;3044;62;2;5;1;1
3047;1579;3045;555;2;5;1;1
3048;1580;3046;670;2;5;1;1
3049;1581;3047;49;2;5;1;1
3050;1582;3048;666;2;5;2;1
3051;1583;3049;79;2;5;1;1
3052;1584;3050;49;2;5;1;1
3053;1585;3051;49;2;5;1;1
3054;1586;3052;671;2;5;1;1
3055;1587;3053;307;2;5;1;1
3056;1588;3054;216;2;5;1;1
3057;1589;3055;672;6;5;2;1
3058;1590;3056;64;2;5;1;1
3059;1591;3057;88;2;5;1;1
3060;1592;3058;49;2;5;1;1
3061;1593;3059;43;2;5;1;1
3062;1594;3060;75;2;5;1;1
3063;1595;3061;88;2;5;1;1
3064;1596;3062;673;2;5;1;1
3065;1597;3063;674;2;5;1;1
3066;1598;3064;675;2;5;1;1
3067;1599;3065;676;2;5;1;1
3068;1600;3066;48;2;5;1;1
3069;1601;3067;677;2;5;2;1
3070;1602;3068;88;2;5;1;1
3071;1603;3069;43;2;5;1;1
3072;1604;3070;67;2;5;1;1
3073;1605;3071;678;2;5;1;1
3074;1606;3072;140;2;5;2;1
3075;1607;3073;679;5;3;1;1
3076;1608;3074;505;2;1;3;1
3077;1609;3075;680;10;6;1;1
3078;1610;3076;681;2;1;1;1
3079;1611;3077;682;2;1;9;1
3080;1612;3078;683;2;1;1;1
3081;1613;3079;140;2;1;1;1
3082;1614;3080;684;5;3;1;1
3083;1615;3081;685;5;3;1;1
3084;1616;3082;686;5;3;1;1
3085;1617;3083;81;5;3;1;1
3086;1618;3084;320;5;3;1;1
3087;1619;3085;687;5;3;1;1
3088;1620;3086;688;5;3;1;1
3089;1621;3087;689;5;3;1;1
3090;1622;3088;138;5;3;1;1
3091;1623;3089;690;5;3;1;1
3092;1624;3090;128;5;3;1;1
3093;1625;3091;691;5;3;1;1
3094;1626;3092;128;5;3;1;1
3095;1627;3093;434;5;3;1;1
3096;1628;3094;128;5;3;1;1
3097;1629;3095;692;5;3;1;1
3098;1630;3096;693;2;1;1;1
3099;1631;3097;694;2;1;1;1
3100;1632;3098;695;6;1;1;1
3101;1633;3099;696;2;1;1;1
3102;1634;3100;697;2;1;1;1
3103;1635;3101;698;2;1;1;1
3104;1636;3102;699;6;1;1;1
3105;1637;3103;700;2;1;1;1
3106;1638;3104;701;2;1;1;1
3107;1639;3105;702;2;1;1;1
3108;1640;3106;703;2;1;1;1
3109;1641;3107;704;2;1;1;1
3110;1642;3108;705;2;1;5;1
3111;1643;3109;706;6;1;1;1
3112;1644;3110;707;2;1;2;1
3113;1645;3111;708;2;1;1;1
3114;1646;3112;709;2;1;3;1
3115;1647;3113;710;2;1;1;1
3116;1648;3114;711;2;1;1;1
3117;1649;3115;712;2;1;1;1
3118;1650;3116;713;2;1;1;1
3119;1651;3117;714;2;1;1;1
3120;1652;3118;715;2;1;1;1
3121;1653;3119;716;2;1;1;1
3122;1654;3120;717;6;1;1;1
3123;1655;3121;718;6;1;1;1
3124;1656;3122;719;6;1;1;1
3125;1657;3123;720;3;2;1;1
3126;1658;3124;721;5;2;1;1
3127;1659;3125;62;3;2;1;1
3128;1660;3126;722;5;2;1;1
3129;1661;3127;723;2;2;1;1
3130;1662;3128;724;3;2;2;1
3131;1663;3129;725;2;4;1;1
3132;1664;3130;33;2;4;1;1
3133;1665;3131;256;2;4;1;1
3134;1666;3132;726;2;4;1;1
3135;1667;3133;727;6;5;1;1
3136;1668;3134;64;2;5;1;1
3137;1669;3135;274;2;5;1;1
3138;1670;3136;305;2;5;1;1
3139;1671;3137;49;2;5;1;1
3140;1672;3138;62;2;5;1;1
3141;1673;3139;49;2;5;1;1
3142;1674;3140;49;2;5;1;1
3143;1675;3141;62;2;5;1;1
3144;1676;3142;62;2;5;1;1
3145;1677;3143;57;2;5;1;1
3146;1678;3144;43;2;5;1;1
3147;1679;3145;57;2;5;1;1
3148;1680;3146;728;2;5;1;1
3149;1681;3147;49;2;5;1;1
3150;1682;3148;49;2;5;1;1
3151;1683;3149;49;2;5;1;1
3152;1684;3150;146;2;5;1;1
3153;1685;3151;206;2;5;1;1
3154;1686;3152;43;2;5;1;1
3155;1687;3153;729;2;5;2;1
3156;1688;3154;730;1;5;1;1
3157;1689;3155;731;2;5;2;1
3158;1690;3156;732;2;5;1;1
3159;1691;3157;67;2;5;2;1
3160;1692;3158;62;2;5;1;1
3161;1693;3159;51;2;5;1;1
3162;1694;3160;51;2;5;1;1
3163;1695;3161;49;2;5;1;1
3164;1696;3162;733;6;5;1;1
3165;1697;3163;49;2;5;1;1
3166;1698;3164;187;2;5;2;1
3167;1699;3165;734;1;5;1;1
3168;1700;3166;49;2;5;1;1
3169;1701;3167;43;2;5;1;1
3170;1702;3168;735;1;5;1;1
3171;1703;3169;736;2;5;1;1
3172;1704;3170;52;2;5;2;1
3173;1705;3171;737;2;5;1;1
3174;1706;3172;738;2;5;1;1
3175;1707;3173;739;2;5;1;1
3176;1708;3174;87;2;5;1;1
3177;1709;3175;48;2;5;1;1
3178;1710;3176;740;11;5;2;1
3179;1711;3177;99;2;5;1;1
3180;1712;3178;206;2;5;1;1
3181;1713;3179;187;2;5;1;1
3182;1714;3180;741;2;5;1;1
3183;1715;3181;742;2;5;1;1
3184;1716;3182;743;2;5;1;1
3185;1717;3183;187;2;5;1;1
3186;1718;3184;48;2;5;1;1
3187;1719;3185;744;2;5;1;1
3188;1720;3186;745;2;5;1;1
3189;1721;3187;88;2;5;1;1
3190;1722;3188;746;2;5;1;1
3191;1723;3189;49;2;5;1;1
3192;1724;3190;203;2;5;1;1
3193;1725;3191;87;2;5;1;1
3194;1726;3192;88;2;5;1;1
3195;1727;3193;747;2;5;1;1
3196;1728;3194;43;2;5;2;1
3197;1729;3195;49;2;5;1;1
3198;1730;3196;748;2;5;1;1
3199;1731;3197;749;2;5;1;1
3200;1732;3198;750;6;5;1;1
3201;1733;3199;751;2;5;1;1
3202;1734;3200;87;2;5;1;1
3203;1735;3201;72;2;5;1;1
3204;1736;3202;752;2;5;1;1
3205;1737;3203;274;2;5;1;1
3206;1738;3204;753;2;5;1;1
3207;1739;3205;187;2;5;1;1
3208;1740;3206;88;2;5;1;1
3209;1741;3207;48;2;5;1;1
3210;1742;3208;754;2;5;1;1
3211;1743;3209;90;2;5;1;1
3212;1744;3210;755;2;5;2;1
3213;1745;3211;756;2;5;1;1
3214;1746;3212;757;2;5;1;1
3215;1747;3213;758;2;5;1;1
3216;1748;3214;759;2;5;2;1
3217;1749;3215;49;2;5;1;1
3218;1750;3216;760;2;5;1;1
3219;1751;3217;761;2;5;2;1
3220;1752;3218;49;2;5;1;1
3221;1753;3219;170;2;5;1;1
3222;1754;3220;87;2;5;1;1
3223;1755;3221;187;2;5;1;1
3224;1756;3222;762;2;5;1;1
3225;1757;3223;763;2;5;1;1
3226;1758;3224;49;2;5;1;1
3227;1759;3225;764;2;5;1;1
3228;1760;3226;765;2;5;1;1
3229;1761;3227;191;2;5;1;1
3230;1762;3228;274;2;5;1;1
3231;1763;3229;206;2;5;1;1
3232;1764;3230;187;2;5;1;1
3233;1765;3231;187;2;5;1;1
3234;1766;3232;187;2;5;1;1
3235;1767;3233;49;2;5;1;1
3236;1768;3234;49;2;5;2;1
3237;1769;3235;206;2;5;1;1
3238;1770;3236;48;2;5;1;1
3239;1771;3237;766;2;5;1;1
3240;1772;3238;371;2;5;1;1
3241;1773;3239;62;2;5;1;1
3242;1774;3240;89;2;5;2;1
3243;1775;3241;767;6;5;1;1
3244;1776;3242;62;2;5;1;1
3245;1777;3243;88;2;5;1;1
3246;1778;3244;768;2;5;1;1
3247;1779;3245;49;2;5;1;1
3248;1780;3246;140;2;5;1;1
3249;1781;3247;769;2;5;1;1
3250;1782;3248;140;2;5;1;1
3251;1783;3249;770;2;5;1;1
3252;1784;3250;771;2;5;1;1
3253;1785;3251;142;2;5;1;1
3254;1786;3252;728;2;5;1;1
3255;1787;3253;772;5;3;1;1
3256;1788;3254;773;11;3;1;1
3257;1789;3255;774;5;3;2;1
3258;1790;3256;775;5;3;1;1
3259;1791;3257;776;5;3;1;1
3260;1792;3258;777;5;3;1;1
3261;1793;3259;778;5;3;1;1
3262;1794;3260;779;5;3;3;1
3263;1795;3261;155;5;3;1;1
3264;1796;3262;335;5;3;1;1
3265;1797;3263;138;5;3;1;1
3266;1798;3264;155;5;3;1;1
3267;1799;3265;335;5;3;3;1
3268;1800;3266;780;5;3;1;1
3269;1801;3267;781;5;3;2;1
3270;1802;3268;155;5;3;1;1
3271;1803;3269;782;2;1;1;1
3272;1804;3270;783;2;1;1;1
3273;1805;3271;784;2;1;2;1
3274;1806;3272;62;2;1;1;1
3275;1807;3273;785;2;1;1;1
3276;1808;3274;786;2;1;1;1
3277;1809;3275;88;2;1;1;1
3278;1810;3276;787;6;1;1;1
3279;1811;3277;788;2;1;1;1
3280;1812;3278;789;2;1;1;1
3281;1813;3279;790;6;1;1;1
3282;1814;3280;35;2;1;2;1
3283;1815;3281;143;2;1;1;1
3284;1816;3282;139;2;1;1;1
3285;1817;3283;791;2;1;3;1
3286;1818;3284;792;1;1;1;1
3287;1819;3285;212;2;1;1;1
3288;1820;3286;340;2;1;1;1
3289;1821;3287;793;2;1;1;1
3290;1822;3288;62;2;1;1;1
3291;1823;3289;794;2;1;1;1
3292;1824;3290;795;2;1;2;1
3293;1825;3291;796;2;1;1;1
3294;1826;3292;149;2;1;2;1
3295;1827;3293;87;2;1;1;1
3296;1828;3294;797;2;1;1;1
3297;1829;3295;140;2;1;1;1
3298;1830;3296;49;2;1;1;1
3299;1831;3297;798;2;2;2;1
3300;1832;3298;166;2;2;2;1
3301;1833;3299;799;3;2;1;1
3302;1834;3300;26;2;2;1;1
3303;1835;3301;140;2;2;1;1
3304;1836;3302;31;2;4;1;1
3305;1837;3303;800;2;4;1;1
3306;1838;3304;801;6;4;1;1
3307;1830;3305;49;2;5;1;1
3308;1839;3306;802;5;5;2;1
3309;1840;3307;737;2;5;1;1
3310;1841;3308;803;2;5;1;1
3311;1842;3309;804;2;5;1;1
3312;1843;3310;49;2;5;1;1
3313;1844;3311;99;2;5;1;1
3314;1845;3312;49;2;5;1;1
3315;1846;3313;112;2;5;1;1
3316;1847;3314;90;2;5;2;1
3317;1848;3315;805;2;5;1;1
3318;1849;3316;187;2;5;1;1
3319;1850;3317;806;2;5;1;1
3320;1851;3318;187;2;5;1;1
3321;1852;3319;206;2;5;1;1
3322;1853;3320;49;2;5;1;1
3323;1854;3321;807;2;5;1;1
3324;1855;3322;553;2;5;1;1
3325;1856;3323;808;6;5;1;1
3326;1857;3324;170;2;5;1;1
3327;1858;3325;809;2;5;2;1
3328;1859;3326;88;2;5;1;1
3329;1860;3327;62;2;5;1;1
3330;1861;3328;49;2;5;1;1
3331;1862;3329;79;2;5;2;1
3332;1863;3330;49;2;5;1;1
3333;1864;3331;112;2;5;1;1
3334;1865;3332;49;2;5;1;1
3335;1866;3333;49;2;5;1;1
3336;1867;3334;194;2;5;1;1
3337;1868;3335;810;2;5;1;1
3338;1869;3336;48;2;5;1;1
3339;1870;3337;788;2;5;1;1
3340;1871;3338;811;2;5;1;1
3341;1872;3339;812;2;5;1;1
3342;1873;3340;813;2;5;1;1
3343;1874;3341;814;2;5;1;1
3344;1875;3342;757;2;5;1;1
3345;1876;3343;67;2;5;1;1
3346;1877;3344;51;2;5;1;1
3347;1878;3345;815;2;5;1;1
3348;1879;3346;816;2;5;1;1
3349;1880;3347;817;5;5;2;1
3350;1881;3348;818;2;5;1;1
3351;1882;3349;89;2;5;2;1
3352;1883;3350;49;2;5;1;1
3353;1884;3351;62;2;5;1;1
3354;1885;3352;819;2;5;1;1
3355;1885;3353;819;2;5;1;1
3356;1886;3354;274;2;5;1;1
3357;1887;3355;90;2;5;1;1
3358;1888;3356;820;2;5;2;1
3359;1889;3357;203;2;5;1;1
3360;1890;3358;88;2;5;1;1
3361;1891;3359;62;2;5;1;1
3362;1892;3360;274;2;5;1;1
3363;1893;3361;821;2;5;1;1
3364;1894;3362;500;2;5;1;1
3365;1895;3363;187;2;5;2;1
3366;1896;3364;822;2;5;1;1
3367;1897;3365;49;2;5;1;1
3368;1898;3366;52;2;5;1;1
3369;1899;3367;823;2;5;1;1
3370;1900;3368;577;2;5;2;1
3371;1901;3369;824;2;5;1;1
3372;1902;3370;170;2;5;1;1
3373;1903;3371;825;2;5;1;1
3374;1904;3372;190;2;5;1;1
3375;1905;3373;48;2;5;1;1
3376;1906;3374;187;2;5;1;1
3377;1907;3375;49;2;5;1;1
3378;1908;3376;826;2;5;1;1
3379;1909;3377;170;2;5;1;1
3380;1910;3378;827;2;5;1;1
3381;1911;3379;828;2;5;1;1
3382;1912;3380;49;2;5;1;1
3383;1913;3381;829;2;5;1;1
3384;1914;3382;830;2;5;1;1
3385;1915;3383;187;2;5;1;1
3386;1916;3384;831;2;5;1;1
3387;1917;3385;170;2;5;1;1
3388;1918;3386;832;2;5;1;1
3389;1919;3387;833;2;5;1;1
3390;1920;3388;187;2;5;2;1
3391;1921;3389;834;2;5;1;1
3392;1922;3390;43;2;5;1;1
3393;1923;3391;90;2;5;1;1
3394;1924;3392;469;2;5;1;1
3395;1925;3393;728;2;5;1;1
3396;1926;3394;43;2;5;1;1
3397;1927;3395;43;2;5;1;1
3398;1837;3396;90;2;5;1;1
3399;1928;3397;90;2;5;1;1
3400;1929;3398;90;2;5;1;1
3401;1930;3399;835;2;5;1;1
3402;1931;3400;62;2;5;1;1
3403;1932;3401;88;2;5;1;1
3404;1933;3402;836;2;5;2;1
3405;1934;3403;187;2;5;1;1
3406;1935;3404;39;2;5;1;1
3407;1936;3405;48;2;5;1;1
3408;1937;3406;837;2;5;1;1
3409;1938;3407;838;2;5;1;1
3410;1939;3408;839;2;5;1;1
3411;1940;3409;203;2;5;1;1
3412;1941;3410;75;2;5;1;1
3413;1942;3411;55;2;5;2;1
3414;1943;3412;90;2;5;1;1
3415;1944;3413;67;2;5;1;1
3416;1945;3414;840;2;6;1;1
3417;1946;3415;413;2;6;2;1
3418;1947;3416;841;2;6;1;1
3419;1948;3417;842;2;6;3;1
3420;1949;3418;843;2;6;1;1
3421;1950;3419;844;10;6;1;1
3422;1951;3420;434;5;3;1;1
3423;1952;3421;845;5;3;1;1
3424;1953;3422;846;5;3;1;1
3425;1954;3423;128;5;3;1;1
3426;1955;3424;155;5;3;1;1
3427;1956;3425;847;5;3;1;1
3428;1957;3426;848;5;3;1;1
3429;1958;3427;849;5;3;1;1
3430;1959;3428;322;5;3;1;1
3431;1960;3429;433;5;3;1;1
3432;1961;3430;850;5;3;2;1
3433;1962;3431;851;2;3;3;1
3434;1963;3432;335;5;3;1;1
3435;1964;3433;852;2;3;1;1
3436;1965;3434;853;2;1;10;1
3437;1966;3435;854;2;1;1;1
3438;1967;3436;855;6;1;3;1
3439;1968;3437;856;2;1;1;1
3440;1969;3438;857;2;1;1;1
3441;1970;3439;35;2;1;1;1
3442;1971;3440;84;2;1;1;1
3443;1972;3441;858;2;1;3;1
3444;1973;3442;859;2;1;2;1
3445;1974;3443;860;2;1;1;1
3446;1975;3444;861;2;1;1;1
3447;1976;3445;862;2;1;1;1
3448;1977;3446;143;2;1;1;1
3449;1978;3447;863;2;1;1;1
3450;1979;3448;864;2;1;1;1
3451;1980;3449;139;2;1;1;1
3452;1981;3450;865;6;1;1;1
3453;1982;3451;142;2;1;2;1
3454;1983;3452;522;2;1;1;1
3455;1984;3453;866;11;1;7;1
3456;1985;3454;867;3;2;1;1
3457;1986;3455;867;3;2;1;1
3458;1987;3456;458;3;2;1;1
3459;1988;3457;868;3;2;1;1
3460;1989;3458;869;2;2;1;1
3461;1990;3459;350;3;2;1;1
3462;1991;3460;870;2;2;2;1
3463;1992;3461;871;3;2;1;1
3464;1993;3462;872;3;2;1;1
3465;1994;3463;873;6;4;1;1
3466;1995;3464;728;2;5;1;1
3467;1996;3465;216;2;5;1;1
3468;1997;3466;874;2;5;2;1
3469;1998;3467;43;2;5;1;1
3470;1999;3468;43;2;5;1;1
3471;2000;3469;62;2;5;1;1
3472;2001;3470;57;2;5;1;1
3473;2002;3471;67;2;5;1;1
3474;2003;3472;875;2;5;1;1
3475;2004;3473;49;2;5;1;1
3476;2005;3474;62;2;5;1;1
3477;2006;3475;62;2;5;1;1
3478;2007;3476;760;2;5;1;1
3479;2008;3477;666;2;5;1;1
3480;2009;3478;876;2;5;1;1
3481;2010;3479;88;2;5;1;1
3482;2011;3480;90;2;5;1;1
3483;2012;3481;49;2;5;2;1
3484;2013;3482;204;2;5;1;1
3485;2014;3483;187;2;5;1;1
3486;2015;3484;48;2;5;1;1
3487;2016;3485;187;2;5;1;1
3488;2017;3486;142;2;5;2;1
3489;2018;3487;877;2;5;2;1
3490;2019;3488;140;2;5;1;1
3491;2020;3489;180;2;5;1;1
3492;2021;3490;878;2;5;1;1
3493;2022;3491;879;2;5;1;1
3494;2023;3492;51;2;5;1;1
3495;2024;3493;88;2;5;1;1
3496;2025;3494;88;2;5;1;1
3497;2026;3495;880;2;5;1;1
3498;2027;3496;881;2;5;1;1
3499;2028;3497;142;2;5;1;1
3500;2029;3498;882;2;5;2;1
3501;2030;3499;883;2;5;1;1
3502;2031;3500;51;2;5;1;1
3503;2032;3501;204;2;5;1;1
3504;2033;3502;260;2;5;1;1
3505;2034;3503;61;2;5;1;1
3506;2035;3504;140;2;5;1;1
3507;2036;3505;49;2;5;1;1
3508;2037;3506;49;2;5;1;1
3509;2038;3507;49;2;5;1;1
3510;2039;3508;49;2;5;2;1
3511;2040;3509;89;2;5;1;1
3512;2041;3510;884;2;5;1;1
3513;2042;3511;62;2;5;1;1
3514;2043;3512;885;2;5;1;1
3515;2044;3513;886;2;5;1;1
3516;2045;3514;61;2;5;1;1
3517;2046;3515;51;2;5;1;1
3518;2047;3516;187;2;5;1;1
3519;2048;3517;87;2;5;1;1
3520;2049;3518;887;2;5;1;1
3521;2050;3519;888;2;5;1;1
3522;2051;3520;889;2;5;1;1
3523;2052;3521;52;2;5;1;1
3524;2053;3522;62;2;5;1;1
3525;2054;3523;43;2;5;1;1
3526;2055;3524;112;2;5;1;1
3527;2056;3525;49;2;5;2;1
3528;2057;3526;222;2;5;1;1
3529;2058;3527;87;2;5;1;1
3530;2059;3528;890;2;5;1;1
3531;2060;3529;891;2;5;1;1
3532;2061;3530;206;2;5;1;1
3533;2062;3531;62;2;5;1;1
3534;2063;3532;87;2;5;1;1
3535;2064;3533;892;2;5;1;1
3536;2065;3534;48;2;5;1;1
3537;2066;3535;274;2;5;1;1
3538;2067;3536;49;2;5;1;1
3539;2068;3537;893;2;5;2;1
3540;2069;3538;51;2;5;1;1
3541;2070;3539;818;2;5;1;1
3542;2071;3540;49;2;5;1;1
3543;2072;3541;64;2;5;1;1
3544;2073;3542;62;2;5;1;1
3545;2074;3543;89;2;5;1;1
3546;2075;3544;61;2;5;1;1
3547;2076;3545;894;2;5;1;1
3548;2077;3546;895;2;5;1;1
3549;2078;3547;896;2;5;1;1
3550;2079;3548;49;2;5;1;1
3551;2080;3549;67;2;5;1;1
3552;2081;3550;51;2;5;2;1
3553;2082;3551;51;2;5;1;1
3554;2083;3552;87;2;5;1;1
3555;2084;3553;897;2;5;1;1
3556;2085;3554;49;2;5;1;1
3557;2086;3555;49;2;5;1;1
3558;2087;3556;49;2;5;1;1
3559;2088;3557;898;2;5;1;1
3560;2089;3558;61;2;5;1;1
3561;2090;3559;49;2;5;1;1
3562;2091;3560;49;2;5;1;1
3563;2092;3561;49;2;5;1;1
3564;2093;3562;49;2;5;1;1
3565;2094;3563;899;2;5;2;1
3566;2095;3564;900;2;5;1;1
3567;2096;3565;901;6;5;1;1
3568;2097;3566;902;6;6;1;1
3569;2098;3567;505;2;6;4;1
3570;2099;3568;903;5;3;1;1
3571;2100;3569;155;5;3;1;1
3572;2101;3570;904;5;3;1;1
3573;2102;3571;138;5;3;1;1
3574;2103;3572;325;5;3;1;1
3575;2104;3573;905;5;3;2;1
3576;2105;3574;906;5;3;1;1
3577;2106;3575;907;5;3;1;1
3578;2107;3576;136;5;3;1;1
3579;2108;3577;138;5;3;1;1
3580;2109;3578;908;5;3;1;1
3581;2045;3579;909;5;3;1;1
3582;2110;3580;910;5;3;1;1
3583;2111;3581;513;5;3;1;1
3584;2112;3582;911;5;3;1;1
3585;2113;3583;912;5;3;1;1
3586;2114;3584;913;5;3;1;1
3587;2115;3585;914;5;3;2;1
3588;2116;3586;915;5;3;1;1
3589;2117;3587;916;5;3;1;1
3590;2118;3588;917;5;3;1;1
3591;2119;3589;128;5;3;1;1
3592;2120;3590;918;6;1;1;1
3593;2121;3591;187;2;1;1;1
3594;2122;3592;203;2;1;2;1
3595;2123;3593;149;2;1;1;1
3596;2124;3594;877;2;1;2;1
3597;2125;3595;919;2;1;1;1
3598;2126;3596;920;2;1;1;1
3599;2127;3597;139;2;1;1;1
3600;2128;3598;921;2;1;3;1
3601;2129;3599;88;2;1;1;1
3602;2130;3600;922;2;1;2;1
3603;2131;3601;142;2;1;2;1
3604;2132;3602;923;2;1;1;1
3605;2133;3603;924;2;1;1;1
3606;2134;3604;149;2;1;2;1
3607;2135;3605;925;6;1;1;1
3608;2136;3606;926;11;1;1;1
3609;2137;3607;927;2;1;6;1
3610;2138;3608;62;2;1;1;1
3611;2139;3609;62;3;2;1;1
3612;2140;3610;26;3;2;1;1
3613;2141;3611;928;3;2;1;1
3614;2142;3612;929;3;2;1;1
3615;2143;3613;930;5;2;1;1
3616;2144;3614;931;3;2;1;1
3617;2145;3615;932;3;2;1;1
3618;2146;3616;728;3;2;1;1
3619;2147;3617;531;3;2;1;1
3620;2148;3618;87;3;2;3;1
3621;2149;3619;62;3;2;1;1
3622;2150;3620;187;2;4;1;1
3623;2151;3621;933;2;4;1;1
3624;2152;3622;934;6;4;1;1
3625;2153;3623;935;2;4;1;1
3626;2154;3624;140;2;4;1;1
3627;2155;3625;936;2;4;1;1
3628;2156;3626;937;2;4;1;1
3629;2157;3627;938;2;5;1;1
3630;2158;3628;939;6;5;1;1
3631;2159;3629;87;2;5;1;1
3632;2160;3630;48;2;5;1;1
3633;2161;3631;187;2;5;1;1
3634;2162;3632;89;2;5;1;1
3635;2163;3633;88;2;5;1;1
3636;2164;3634;62;2;5;1;1
3637;2165;3635;49;2;5;1;1
3638;2166;3636;62;2;5;2;1
3639;2167;3637;940;2;5;2;1
3640;2168;3638;62;2;5;1;1
3641;2169;3639;142;2;5;1;1
3642;2170;3640;142;2;5;1;1
3643;2171;3641;49;2;5;1;1
3644;2172;3642;48;2;5;1;1
3645;2173;3643;941;2;5;2;1
3646;2174;3644;49;2;5;1;1
3647;2175;3645;67;2;5;2;1
3648;2176;3646;88;2;5;1;1
3649;2177;3647;87;2;5;1;1
3650;2178;3648;67;2;5;1;1
3651;2179;3649;187;2;5;1;1
3652;2180;3650;942;2;5;1;1
3653;2181;3651;941;2;5;2;1
3654;2182;3652;196;2;5;2;1
3655;2183;3653;943;2;5;1;1
3656;2184;3654;48;2;5;1;1
3657;2185;3655;87;2;5;1;1
3658;2186;3656;196;2;5;2;1
3659;2187;3657;88;2;5;1;1
3660;2188;3658;49;2;5;1;1
3661;2189;3659;944;2;5;2;1
3662;2190;3660;87;2;5;1;1
3663;2191;3661;49;2;5;1;1
3664;2192;3662;367;2;5;1;1
3665;2193;3663;540;2;5;1;1
3666;2194;3664;895;2;5;1;1
3667;2195;3665;945;2;5;1;1
3668;2196;3666;946;2;5;1;1
3669;2197;3667;75;6;5;1;1
3670;2198;3668;51;2;5;1;1
3671;2199;3669;666;2;5;1;1
3672;2200;3670;88;2;5;1;1
3673;2201;3671;87;2;5;1;1
3674;2202;3672;43;2;5;1;1
3675;2203;3673;62;2;5;1;1
3676;2204;3674;62;2;5;1;1
3677;2205;3675;64;2;5;1;1
3678;2206;3676;140;2;5;1;1
3679;2207;3677;947;2;5;1;1
3680;2208;3678;89;2;5;2;1
3681;2209;3679;948;2;5;1;1
3682;2210;3680;62;2;5;1;1
3683;2211;3681;62;2;5;1;1
3684;2212;3682;170;2;5;1;1
3685;2213;3683;190;2;5;1;1
3686;2214;3684;49;2;5;1;1
3687;2215;3685;51;2;5;1;1
3688;2216;3686;51;2;5;1;1
3689;2217;3687;51;2;5;1;1
3690;2218;3688;88;2;5;1;1
3691;2219;3689;180;2;5;1;1
3692;2220;3690;187;2;5;1;1
3693;2221;3691;51;2;5;1;1
3694;2222;3692;949;2;5;1;1
3695;2223;3693;728;2;5;1;1
3696;2224;3694;51;2;5;1;1
3697;2225;3695;180;2;5;1;1
3698;2226;3696;35;2;5;1;1
3699;2227;3697;49;2;5;1;1
3700;2228;3698;666;2;5;1;1
3701;2229;3699;49;2;5;1;1
3702;2230;3700;49;2;5;1;1
3703;2231;3701;950;2;5;1;1
3704;2232;3702;62;2;5;1;1
3705;2233;3703;49;2;5;1;1
3706;2234;3704;204;2;5;1;1
3707;2235;3705;951;2;5;1;1
3708;2236;3706;61;2;5;1;1
3709;2237;3707;206;2;5;1;1
3710;2238;3708;43;2;5;2;1
3711;2239;3709;49;2;5;1;1
3712;2240;3710;51;2;5;1;1
3713;2241;3711;952;2;5;2;1
3714;2242;3712;88;2;5;1;1
3715;2243;3713;49;2;5;1;1
3716;2244;3714;953;2;5;1;1
3717;2245;3715;274;2;5;2;1
3718;2246;3716;954;2;5;1;1
3719;2247;3717;185;2;5;1;1
3720;2248;3718;49;2;5;1;1
3721;2249;3719;49;2;5;1;1
3722;2250;3720;62;2;5;1;1
3723;2251;3721;43;2;5;1;1
3724;2252;3722;49;2;5;2;1
3725;2253;3723;955;2;5;1;1
3726;2254;3724;61;2;5;1;1
3727;2255;3725;956;2;5;1;1
3728;2256;3726;88;2;5;1;1
3729;2257;3727;187;2;5;1;1
3730;2258;3728;43;2;5;1;1
3731;2259;3729;957;6;5;1;1
3732;2260;3730;62;2;5;1;1
3733;2261;3731;49;2;5;1;1
3734;2262;3732;958;5;3;1;1
3735;2263;3733;959;5;3;1;1
3736;2264;3734;127;5;3;1;1
3737;2265;3735;960;5;3;1;1
3738;2266;3736;961;5;3;1;1
3739;2267;3737;962;5;3;1;1
3740;2268;3738;963;5;3;1;1
3741;2269;3739;81;5;3;1;1
3742;2270;3740;905;5;3;1;1
3743;2271;3741;335;5;3;2;1
3744;2272;3742;964;5;3;1;1
3745;2273;3743;965;5;3;2;1
3746;2274;3744;156;5;3;1;1
3747;2275;3745;966;5;3;2;1
3748;2276;3746;967;5;3;1;1
3749;2277;3747;968;5;3;1;1
3750;2278;3748;969;5;3;1;1
3751;2279;3749;155;5;3;2;1
3752;2280;3750;970;2;1;1;1
3753;2281;3751;139;2;1;1;1
3754;2282;3752;971;2;1;1;1
3755;2283;3753;88;2;1;1;1
3756;2284;3754;972;2;1;3;1
3757;2285;3755;973;12;1;0;1
3758;2286;3756;143;2;1;0;1
3759;2287;3757;974;12;1;0;1
3760;2288;3758;974;12;1;0;1
3761;2289;3759;139;2;1;0;1
3762;2290;3760;974;12;1;0;1
3763;2291;3761;140;2;1;1;1
3764;2292;3762;975;2;1;2;1
3765;2293;3763;976;6;1;1;1
3766;2294;3764;977;2;1;1;1
3767;2295;3765;139;2;1;1;1
3768;2296;3766;155;5;1;1;1
3769;2297;3767;978;6;1;1;1
3770;2298;3768;88;2;1;1;1
3771;2299;3769;979;8;1;1;1
3772;2300;3770;140;2;1;1;1
3773;2301;3771;980;8;1;1;1
3774;2302;3772;411;2;1;1;1
3775;2303;3773;981;2;1;1;1
3776;2304;3774;982;2;1;1;1
3777;2305;3775;983;13;1;1;1
3778;2306;3776;140;2;2;2;1
3779;2307;3777;984;3;2;1;1
3780;2308;3778;985;2;2;2;1
3781;2309;3779;986;3;2;1;1
3782;2310;3780;987;3;2;1;1
3783;2311;3781;988;3;2;1;1
3784;2312;3782;867;3;2;1;1
3785;2313;3783;62;3;2;1;1
3786;2314;3784;62;3;2;1;1
3787;2315;3785;99;2;4;1;1
3788;2316;3786;989;2;4;1;1
3789;2317;3787;62;2;4;1;1
3790;2318;3788;990;2;4;1;1
3791;2319;3789;991;2;4;1;1
3792;2320;3790;62;2;4;1;1
3793;2321;3791;31;13;4;1;1
3794;2322;3792;992;2;5;2;1
3795;2323;3793;88;2;5;1;1
3796;2324;3794;43;2;5;1;1
3797;2325;3795;666;2;5;1;1
3798;2326;3796;48;2;5;1;1
3799;2327;3797;187;2;5;1;1
3800;2328;3798;49;2;5;1;1
3801;2329;3799;51;2;5;1;1
3802;2330;3800;89;2;5;2;1
3803;2331;3801;204;2;5;1;1
3804;2332;3802;62;2;5;1;1
3805;2333;3803;49;2;5;2;1
3806;2334;3804;993;2;5;1;1
3807;2335;3805;994;2;5;1;1
3808;2336;3806;995;2;5;1;1
3809;2337;3807;995;2;5;1;1
3810;2338;3808;43;2;5;1;1
3811;2339;3809;996;2;5;1;1
3812;2340;3810;728;2;5;1;1
3813;2341;3811;43;2;5;1;1
3814;2342;3812;51;2;5;1;1
3815;2343;3813;187;2;5;1;1
3816;2344;3814;997;14;5;1;1
3817;2345;3815;190;2;5;1;1
3818;2346;3816;998;2;5;1;1
3819;2347;3817;999;2;5;1;1
3820;2348;3818;190;2;5;1;1
3821;2349;3819;187;2;5;1;1
3822;2350;3820;274;2;5;1;1
3823;2351;3821;51;2;5;1;1
3824;2352;3822;884;2;5;1;1
3825;2353;3823;666;2;5;2;1
3826;2354;3824;367;2;5;1;1
3827;2355;3825;48;2;5;1;1
3828;2356;3826;1000;2;5;1;1
3829;2357;3827;170;2;5;1;1
3830;2358;3828;649;2;5;1;1
3831;2359;3829;1001;2;5;1;1
3832;2360;3830;1002;2;5;1;1
3833;2361;3831;1003;2;5;1;1
3834;2362;3832;62;2;5;1;1
3835;2363;3833;1004;2;5;1;1
3836;2364;3834;49;2;5;1;1
3837;2365;3835;62;2;5;1;1
3838;2366;3836;212;2;5;1;1
3839;2367;3837;274;2;5;1;1
3840;2368;3838;170;2;5;1;1
3841;2369;3839;749;2;5;1;1
3842;2370;3840;206;2;5;1;1
3843;2371;3841;49;2;5;1;1
3844;2372;3842;941;2;5;1;1
3845;2373;3843;762;2;5;1;1
3846;2374;3844;335;5;5;3;1
3847;2375;3845;49;2;5;1;1
3848;2376;3846;1003;2;5;2;1
3849;2377;3847;1005;2;5;1;1
3850;2378;3848;1006;5;5;1;1
3851;2379;3849;62;2;5;1;1
3852;2380;3850;1003;2;5;1;1
3853;2381;3851;49;2;5;1;1
3854;2382;3852;55;2;5;2;1
3855;2383;3853;62;2;5;1;1
3856;2384;3854;62;2;5;1;1
3857;2385;3855;1007;2;5;1;1
3858;2386;3856;61;2;5;1;1
3859;2387;3857;61;2;5;1;1
3860;2388;3858;1008;2;5;1;1
3861;2389;3859;1009;2;5;1;1
3862;2390;3860;1003;2;5;1;1
3863;2391;3861;1010;2;5;1;1
3864;2392;3862;49;2;5;1;1
3865;2393;3863;1011;2;5;1;1
3866;2394;3864;1012;2;5;1;1
3867;2395;3865;48;2;5;1;1
3868;2396;3866;43;2;5;2;1
3869;2397;3867;1013;2;5;1;1
3870;2398;3868;49;2;5;1;1
3871;2399;3869;1014;2;5;1;1
3872;2400;3870;49;2;5;1;1
3873;2401;3871;102;2;5;2;1
3874;2402;3872;1015;2;5;2;1
3875;2403;3873;942;2;5;1;1
3876;2404;3874;51;2;5;1;1
3877;2405;3875;1016;15;5;1;1
3878;2406;3876;90;2;5;1;1
3879;2407;3877;43;2;5;1;1
3880;2408;3878;1017;2;5;1;1
3881;2409;3879;1018;2;5;1;1
3882;2410;3880;173;7;5;1;1
3883;2411;3881;43;2;5;1;1
3884;2412;3882;62;2;5;1;1
3885;2413;3883;49;2;5;2;1
3886;2414;3884;1019;2;5;1;1
3887;2415;3885;942;2;5;1;1
3888;2416;3886;1020;2;5;1;1
3889;2417;3887;1021;2;5;1;1
3890;2418;3888;62;2;5;1;1
3891;2419;3889;1022;2;5;1;1
3892;2420;3890;62;13;5;1;1
3893;2421;3891;206;13;5;1;1
3894;2422;3892;658;13;5;2;1
3895;2423;3893;62;13;5;1;1
3896;2424;3894;90;13;5;1;1
3897;2425;3895;206;13;5;1;1
3898;2426;3896;1023;7;6;1;1
3899;2427;3897;1024;2;6;0;1
3900;2428;3898;170;2;6;1;1
3901;2429;3899;64;2;6;1;1
3902;2430;3900;140;2;6;1;1
3903;2431;3901;1025;2;6;2;1
3904;2432;3902;140;2;6;1;1
3905;2433;3903;127;5;3;2;1
3906;2434;3904;1026;5;3;1;1
3907;2435;3905;127;5;3;1;1
3908;2436;3906;127;5;3;1;1
3909;2437;3907;127;5;3;1;1
3910;2438;3908;1027;5;3;1;1
3911;2439;3909;517;5;3;1;1
3912;2440;3910;1028;5;3;1;1
3913;2441;3911;128;5;3;1;1
3914;2442;3912;134;5;3;1;1
3915;2443;3913;1029;5;3;1;1
3916;2444;3914;1030;5;3;1;1
3917;2445;3915;127;5;3;1;1
3918;2446;3916;1031;5;3;1;1
3919;2447;3917;1032;5;3;2;1
3920;2448;3918;1032;5;3;1;1
3921;2449;3919;1033;5;3;1;1
3922;2450;3920;1034;5;3;1;1
3923;2451;3921;1035;5;3;2;1
3924;2452;3922;127;16;3;1;1
3925;2453;3923;1036;2;1;1;1
3926;2454;3924;1037;2;1;4;1
3927;2455;3925;1038;2;1;1;1
3928;2456;3926;1039;8;1;1;1
3929;2457;3927;340;2;1;1;1
3930;2458;3928;1040;2;1;1;1
3931;2459;3929;635;2;1;1;1
3932;2460;3930;1041;6;1;3;1
3933;2461;3931;945;2;1;1;1
3934;2462;3932;1042;2;1;1;1
3935;2463;3933;62;2;1;1;1
3936;2464;3934;185;2;1;1;1
3937;2465;3935;62;2;1;1;1
3938;2466;3936;216;2;1;1;1
3939;2467;3937;142;2;1;1;1
3940;2468;3938;212;2;1;1;1
3941;2469;3939;1043;2;1;1;1
3942;2470;3940;1044;2;1;2;1
3943;2471;3941;791;2;1;1;1
3944;2472;3942;1045;2;1;1;1
3945;2473;3943;139;2;1;1;1
3946;2474;3944;87;2;1;3;1
3947;2475;3945;522;2;1;1;1
3948;2476;3946;139;2;1;1;1
3949;2477;3947;1046;3;2;1;1
3950;2478;3948;1047;3;2;1;1
3951;2479;3949;1048;3;2;1;1
3952;2480;3950;1049;3;2;1;1
3953;2481;3951;945;3;2;1;1
3954;2482;3952;1050;5;2;1;1
3955;2483;3953;1051;3;2;1;1
3956;2484;3954;1052;3;2;1;1
3957;2485;3955;87;2;2;1;1
3958;2486;3956;867;3;2;1;1
3959;2487;3957;187;17;4;2;1
3960;2488;3958;1053;2;4;1;1
3961;2489;3959;1054;2;4;1;1
3962;2490;3960;1055;2;5;2;1
3963;2491;3961;1056;2;5;1;1
3964;2492;3962;206;2;5;1;1
3965;2493;3963;43;2;5;1;1
3966;2494;3964;1008;2;5;1;1
3967;2495;3965;222;2;5;1;1
3968;2496;3966;222;2;5;1;1
3969;2497;3967;1057;2;5;1;1
3970;2498;3968;1058;17;5;1;1
3971;2499;3969;1003;2;5;1;1
3972;2500;3970;1059;2;5;1;1
3973;2501;3971;666;2;5;1;1
3974;2502;3972;187;2;5;1;1
3975;2503;3973;222;2;5;1;1
3976;2504;3974;1060;2;5;1;1
3977;2505;3975;1061;2;5;2;1
3978;2506;3976;1062;2;5;1;1
3979;2507;3977;87;2;5;1;1
3980;2508;3978;1063;2;5;1;1
3981;2509;3979;1064;2;5;2;1
3982;2510;3980;72;2;5;1;1
3983;2511;3981;1065;2;5;1;1
3984;2512;3982;49;2;5;1;1
3985;2513;3983;191;2;5;1;1
3986;2514;3984;93;2;5;1;1
3987;2515;3985;1066;2;5;1;1
3988;2516;3986;1067;2;5;2;1
3989;2517;3987;212;2;5;1;1
3990;2518;3988;172;2;5;1;1
3991;2519;3989;1068;2;5;1;1
3992;2520;3990;62;2;5;1;1
3993;2521;3991;99;2;5;1;1
3994;2522;3992;43;2;5;1;1
3995;2523;3993;43;2;5;2;1
3996;2524;3994;87;2;5;1;1
3997;2525;3995;43;2;5;1;1
3998;2526;3996;757;2;5;1;1
3999;2527;3997;49;2;5;1;1
4000;2527;3998;49;2;5;1;1
4001;2528;3999;1008;2;5;1;1
4002;2529;4000;49;2;5;1;1
4003;2530;4001;170;2;5;1;1
4004;2531;4002;61;2;5;1;1
4005;2532;4003;187;2;5;1;1
4006;2533;4004;884;2;5;1;1
4007;2534;4005;1069;14;5;1;1
4008;2535;4006;48;2;5;1;1
4009;2536;4007;222;2;5;1;1
4010;2537;4008;1070;2;5;2;1
4011;2538;4009;187;2;5;1;1
4012;2539;4010;1071;2;5;1;1
4013;2540;4011;90;2;5;1;1
4014;2541;4012;222;2;5;1;1
4015;2542;4013;1072;2;5;1;1
4016;2543;4014;1073;2;5;1;1
4017;2544;4015;67;2;5;1;1
4018;2545;4016;43;2;5;1;1
4019;2546;4017;87;2;5;1;1
4020;2547;4018;1074;2;5;1;1
4021;2548;4019;274;2;5;1;1
4022;2549;4020;204;2;5;1;1
4023;2550;4021;1075;2;5;1;1
4024;2551;4022;475;1;5;1;1
4025;2552;4023;61;2;5;1;1
4026;2553;4024;1076;6;5;1;1
4027;2554;4025;49;2;5;1;1
4028;2555;4026;952;2;5;1;1
4029;2556;4027;49;2;5;1;1
4030;2557;4028;1003;2;5;1;1
4031;2558;4029;1077;2;5;1;1
4032;2559;4030;1078;2;5;1;1
4033;2560;4031;1078;2;5;3;1
4034;2561;4032;49;2;5;1;1
4035;2562;4033;49;2;5;1;1
4036;2563;4034;173;7;5;1;1
4037;2564;4035;64;2;5;1;1
4038;2565;4036;1079;2;5;1;1
4039;2566;4037;222;2;5;1;1
4040;2567;4038;49;2;5;1;1
4041;2568;4039;49;2;5;1;1
4042;2569;4040;89;2;5;1;1
4043;2570;4041;87;2;5;1;1
4044;2571;4042;170;2;5;1;1
4045;2572;4043;48;2;5;1;1
4046;2573;4044;274;2;5;1;1
4047;2574;4045;62;2;5;1;1
4048;2575;4046;222;2;5;1;1
4049;2576;4047;1080;2;5;2;1
4050;2577;4048;222;2;5;1;1
4051;2578;4049;212;2;5;1;1
4052;2579;4050;1081;2;5;1;1
4053;2580;4051;1082;2;5;2;1
4054;2581;4052;222;2;5;1;1
4055;2582;4053;62;2;5;1;1
4056;2583;4054;1083;2;5;1;1
4057;2584;4055;367;2;5;1;1
4058;2585;4056;62;2;5;2;1
4059;2586;4057;292;2;5;1;1
4060;2587;4058;48;2;5;1;1
4061;2588;4059;43;2;5;1;1
4062;2589;4060;43;2;5;1;1
4063;2590;4061;728;2;5;1;1
4064;2591;4062;187;2;5;1;1
4065;2592;4063;274;2;5;1;1
4066;2593;4064;274;2;5;1;1
4067;2594;4065;75;2;5;1;1
4068;2595;4066;1084;2;5;1;1
4069;2596;4067;1085;2;5;2;1
4070;2597;4068;222;2;5;1;1
4071;2598;4069;1086;2;5;1;1
4072;2599;4070;1087;2;5;1;1
4073;2600;4071;1088;2;5;1;1
4074;2601;4072;49;2;5;1;1
4075;2602;4073;43;2;5;1;1
4076;2603;4074;884;2;5;2;1
4077;2604;4075;62;2;5;1;1
4078;2605;4076;57;2;5;1;1
4079;2606;4077;62;2;5;1;1
4080;2607;4078;1089;2;5;1;1
4081;2608;4079;1090;2;5;1;1
4082;2609;4080;1003;2;5;1;1
4083;2610;4081;87;2;6;1;1
4084;2611;4082;1091;2;6;1;1
4085;2612;4083;1092;2;6;1;1
4086;2613;4084;87;2;6;1;1
4087;2614;4085;1093;2;6;8;1
4088;2615;4086;1094;2;6;5;1
4089;2616;4087;1095;7;6;2;1
4090;2617;4088;1096;5;3;1;1
4091;2618;4089;1097;5;3;1;1
4092;2619;4090;1098;5;3;1;1
4093;2620;4091;1099;5;3;1;1
4094;2621;4092;127;5;3;2;1
4095;2622;4093;1100;5;3;1;1
4096;2623;4094;1101;5;3;1;1
4097;2624;4095;127;5;3;1;1
4098;2625;4096;322;5;3;1;1
4099;2626;4097;1102;5;3;1;1
4100;2627;4098;1103;5;3;1;1
4101;2628;4099;1104;5;3;1;1
4102;2629;4100;1105;5;3;1;1
4103;2630;4101;335;5;3;1;1
4104;2631;4102;127;5;3;1;1
4105;2632;4103;335;5;3;1;1
4106;2633;4104;335;5;3;1;1
4107;2634;4105;1098;5;3;1;1
4108;2635;4106;335;5;3;2;1
4109;2636;4107;128;5;3;1;1
4110;2637;4108;1106;5;3;1;1
4111;2638;4109;143;2;1;1;1
4112;2639;4110;1107;6;1;5;1
4113;2640;4111;139;2;1;1;1
4114;2641;4112;1108;6;1;1;1
4115;2642;4113;1109;2;1;1;1
4116;2643;4114;93;2;1;1;1
4117;2644;4115;1110;2;1;1;1
4118;2645;4116;1111;2;1;1;1
4119;2646;4117;62;2;1;1;1
4120;2647;4118;84;2;1;2;1
4121;2648;4119;791;2;1;1;1
4122;2649;4120;99;2;1;1;1
4123;2650;4121;1112;2;1;1;1
4124;2651;4122;1113;2;1;1;1
4125;2652;4123;1114;2;1;1;1
4126;2653;4124;1115;2;1;1;1
4127;2654;4125;1116;6;1;1;1
4128;2655;4126;139;2;1;1;1
4129;2656;4127;1117;6;1;1;1
4130;2657;4128;1118;2;1;1;1
4131;2658;4129;1119;2;1;1;1
4132;2659;4130;1120;2;1;1;1
4133;2660;4131;340;2;1;1;1
4134;2661;4132;1121;11;1;2;1
4135;2662;4133;469;2;1;1;1
4136;2663;4134;1061;2;1;1;1
4137;2664;4135;1122;2;1;1;1
4138;2665;4136;1123;2;1;1;1
4139;2666;4137;143;2;1;1;1
4140;2667;4138;786;2;1;1;1
4141;2668;4139;1124;3;2;1;1
4142;2669;4140;140;3;2;1;1
4143;2670;4141;1125;3;2;1;1
4144;2671;4142;1126;3;2;1;1
4145;2672;4143;1127;3;2;1;1
4146;2673;4144;988;3;2;1;1
4147;2674;4145;1128;2;4;1;1
4148;2675;4146;728;2;4;1;1
4149;2676;4147;1019;2;4;1;1
4150;2677;4148;1103;5;5;2;1
4151;2678;4149;222;2;5;1;1
4152;2679;4150;190;2;5;2;1
4153;2680;4151;1129;2;5;1;1
4154;2681;4152;48;2;5;1;1
4155;2682;4153;1130;2;5;2;1
4156;2683;4154;1131;2;5;1;1
4157;2684;4155;1132;2;5;1;1
4158;2685;4156;1133;2;5;1;1
4159;2686;4157;49;2;5;2;1
4160;2687;4158;222;2;5;1;1
4161;2688;4159;1134;2;5;1;1
4162;2689;4160;577;2;5;2;1
4163;2690;4161;64;2;5;1;1
4164;2691;4162;1135;2;5;1;1
4165;2692;4163;49;2;5;1;1
4166;2693;4164;43;2;5;1;1
4167;2694;4165;1136;2;5;1;1
4168;2695;4166;89;2;5;1;1
4169;2696;4167;1137;8;5;1;1
4170;2697;4168;728;2;5;1;1
4171;2698;4169;1138;2;5;2;1
4172;2699;4170;1139;2;5;1;1
4173;2700;4171;222;2;5;1;1
4174;2701;4172;222;2;5;1;1
4175;2702;4173;1140;2;5;1;1
4176;2703;4174;49;2;5;1;1
4177;2704;4175;1141;2;5;1;1
4178;2705;4176;216;2;5;4;1
4179;2706;4177;170;2;5;1;1
4180;2707;4178;50;2;5;1;1
4181;2708;4179;1142;2;5;1;1
4182;2709;4180;49;2;5;1;1
4183;2710;4181;1143;2;5;1;1
4184;2711;4182;1138;2;5;2;1
4185;2712;4183;49;2;5;1;1
4186;2713;4184;49;2;5;1;1
4187;2714;4185;222;2;5;1;1
4188;2715;4186;140;2;5;1;1
4189;2716;4187;274;2;5;1;1
4190;2717;4188;1144;2;5;1;1
4191;2718;4189;1145;2;5;1;1
4192;2719;4190;1146;2;5;1;1
4193;2720;4191;62;2;5;2;1
4194;2721;4192;62;2;5;2;1
4195;2722;4193;89;2;5;4;1
4196;2723;4194;149;2;5;1;1
4197;2724;4195;1147;2;5;1;1
4198;2725;4196;142;2;5;2;1
4199;2726;4197;170;2;5;1;1
4200;2727;4198;1148;2;5;2;1
4201;2728;4199;206;2;5;1;1
4202;2729;4200;49;2;5;1;1
4203;2730;4201;1149;2;5;1;1
4204;2731;4202;1150;2;5;1;1
4205;2732;4203;180;2;5;1;1
4206;2733;4204;49;2;5;2;1
4207;2734;4205;1078;2;5;1;1
4208;2735;4206;48;2;5;1;1
4209;2736;4207;67;2;5;1;1
4210;2737;4208;1151;2;5;1;1
4211;2738;4209;1152;2;5;3;1
4212;2739;4210;139;2;5;1;1
4213;2740;4211;62;2;5;1;1
4214;2741;4212;206;2;5;1;1
4215;2742;4213;274;2;5;1;1
4216;2649;4214;99;2;5;1;1
4217;2743;4215;62;2;5;1;1
4218;2744;4216;49;2;5;1;1
4219;2745;4217;1153;2;5;1;1
4220;2746;4218;49;2;5;1;1
4221;2747;4219;49;2;5;1;1
4222;2748;4220;222;2;5;2;1
4223;2749;4221;222;2;5;1;1
4224;2750;4222;861;2;5;1;1
4225;2751;4223;472;2;5;2;1
4226;2752;4224;1154;2;5;1;1
4227;2753;4225;49;2;5;1;1
4228;2754;4226;49;2;5;1;1
4229;2755;4227;216;2;5;2;1
4230;2756;4228;1155;2;5;2;1
4231;2757;4229;89;2;5;1;1
4232;2758;4230;367;2;5;1;1
4233;2759;4231;93;2;5;1;1
4234;2760;4232;102;2;5;1;1
4235;2761;4233;49;2;5;2;1
4236;2762;4234;140;2;5;1;1
4237;2763;4235;367;2;5;1;1
4238;2764;4236;49;2;5;2;1
4239;2765;4237;90;2;5;1;1
4240;2766;4238;1156;2;5;2;1
4241;2767;4239;1157;2;5;1;1
4242;2768;4240;1158;2;5;1;1
4243;2769;4241;563;2;5;1;1
4244;2770;4242;49;2;5;1;1
4245;2771;4243;49;2;5;1;1
4246;2772;4244;43;2;5;1;1
4247;2773;4245;49;2;5;1;1
4248;2774;4246;1159;2;5;1;1
4249;2775;4247;1160;2;5;1;1
4250;2776;4248;1161;2;5;1;1
4251;2777;4249;187;2;5;1;1
4252;2778;4250;62;2;5;1;1
4253;2779;4251;1162;2;5;1;1
4254;2780;4252;43;2;5;1;1
4255;2781;4253;222;2;5;1;1
4256;2782;4254;1078;2;5;1;1
4257;2783;4255;1163;6;5;1;1
4258;2784;4256;204;2;5;1;1
4259;2785;4257;49;2;5;1;1
4260;2786;4258;187;2;5;1;1
4261;2787;4259;222;2;5;1;1
4262;2788;4260;62;2;5;1;1
4263;2789;4261;1164;2;5;1;1
4264;2790;4262;43;2;5;1;1
4265;2791;4263;1165;2;5;1;1
4266;2792;4264;222;2;5;1;1
4267;2793;4265;62;2;5;1;1
4268;2794;4266;90;2;5;1;1
4269;2795;4267;1166;2;5;1;1
4270;2796;4268;1167;2;5;1;1
4271;2797;4269;99;2;5;1;1
4272;2798;4270;728;2;5;1;1
4273;2799;4271;43;2;5;1;1
4274;2800;4272;61;2;5;1;1
4275;2801;4273;1168;2;5;1;1
4276;2802;4274;90;2;5;1;1
4277;2803;4275;187;2;5;1;1
4278;2804;4276;49;2;5;1;1
4279;2805;4277;206;2;5;1;1
4280;2806;4278;274;2;5;1;1
4281;2807;4279;1169;2;5;1;1
4282;2808;4280;757;2;5;2;1
4283;2809;4281;1170;2;5;1;1
4284;2810;4282;175;2;5;1;1
4285;2811;4283;1171;2;5;1;1
4286;2812;4284;1172;2;5;1;1
4287;2813;4285;222;2;5;1;1
4288;2814;4286;62;2;6;1;1
4289;2815;4287;1173;2;6;1;1
4290;2816;4288;1174;2;6;2;1
4291;2817;4289;1175;2;6;1;1
4292;2818;4290;1176;2;6;2;1
4293;2819;4291;90;2;6;1;1
4294;2820;4292;1177;2;6;1;1
4295;2821;4293;1178;18;6;0;1
4296;2822;4294;1179;5;3;1;1
4297;2823;4295;127;5;3;1;1
4298;2824;4296;128;5;3;1;1
4299;2825;4297;1180;5;3;3;1
4300;2826;4298;1181;2;3;1;1
4301;2827;4299;160;5;3;1;1
4302;2828;4300;781;5;3;2;1
4303;2829;4301;1182;5;3;1;1
4304;2830;4302;1183;5;3;1;1
4305;2831;4303;1184;5;3;1;1
4306;2832;4304;1185;5;3;1;1
4307;2833;4305;436;5;3;1;1
4308;2834;4306;160;5;3;1;1
4309;2835;4307;138;5;3;1;1
4310;2836;4308;1186;5;3;1;1
4311;2837;4309;322;5;3;1;1
4312;2838;4310;155;5;3;1;1
4313;2839;4311;134;5;3;1;1
4314;2840;4312;1187;5;3;1;1
4315;2841;4313;516;5;3;1;1
4316;2842;4314;1188;5;3;1;1
4317;2843;4315;1189;5;3;1;1
4318;2844;4316;1190;2;3;1;1
4319;2845;4317;335;5;3;1;1
4320;2846;4318;155;5;3;1;1
4321;2847;4319;1191;5;3;1;1
4322;2848;4320;155;5;3;1;1
4323;2849;4321;1192;5;3;1;1
4324;2850;4322;155;5;3;1;1
4325;2851;4323;1193;5;3;1;1
4326;2852;4324;1194;5;3;1;1
4327;2853;4325;322;5;3;1;1
4328;2854;4326;15;1;5;1;1
4329;2855;4327;15;1;5;1;1
4330;2856;4328;15;1;5;1;1
4331;2856;4329;15;1;5;1;1
4332;2857;4330;15;1;5;1;1
4333;2857;4331;15;1;5;1;1
4334;2857;4332;15;1;5;1;1
4335;2858;4333;15;1;5;1;1
4336;2858;4334;15;1;5;1;1
4337;2858;4335;15;1;5;1;1
4338;2859;4336;15;1;5;1;1
4339;2859;4337;15;1;5;1;1
4340;2859;4338;15;1;5;1;1
4341;2859;4339;15;1;5;1;1
4342;2860;4340;15;1;5;1;1
4343;2860;4341;15;1;5;1;1
4344;2860;4342;15;1;5;1;1
4345;2861;4343;15;1;5;1;1
4346;2861;4344;15;1;5;1;1
4347;2861;4345;15;1;5;1;1
4348;2861;4346;15;1;5;1;1
4349;2862;4347;15;1;5;1;1
4350;2862;4348;15;1;5;1;1
4351;2862;4349;15;1;5;1;1
4352;2862;4350;15;1;5;1;1
4353;2862;4351;15;1;5;1;1
4354;2863;4352;15;1;5;1;1
4355;2863;4353;15;1;5;1;1
4356;2864;4354;15;1;5;1;1
4357;2864;4355;15;1;5;1;1
4358;2864;4356;15;1;5;1;1
4359;2865;4357;15;1;5;1;1
4360;2866;4358;15;1;5;1;1
4361;2866;4359;15;1;5;1;1
4362;2866;4360;15;1;5;1;1
4363;2866;4361;15;1;5;1;1
4364;2866;4362;15;1;5;1;1
4365;2867;4363;15;1;5;1;1
4366;2867;4364;15;1;5;1;1
4367;2867;4365;15;1;5;1;1
4368;2867;4366;15;1;5;1;1
4369;2867;4367;15;1;5;1;1
4370;2868;4368;15;1;5;1;1
4371;2869;4369;15;1;5;1;1
4372;2869;4370;15;1;5;1;1
4373;2869;4371;15;1;5;1;1
4374;2869;4372;15;1;5;1;1
4375;2869;4373;15;1;5;1;1
4376;2869;4374;15;1;5;1;1
4377;2870;4375;15;1;5;1;1
4378;2870;4376;15;1;5;1;1
4379;2870;4377;15;1;5;1;1
4380;2870;4378;15;1;5;1;1
4381;2870;4379;15;1;5;1;1
4382;2870;4380;15;1;5;1;1
4383;2870;4381;15;1;5;1;1
4384;2870;4382;15;1;5;1;1
4385;2871;4383;15;1;5;1;1
4386;2871;4384;15;1;5;1;1
4387;2872;4385;15;1;5;1;1
4388;2872;4386;15;1;5;1;1
4389;2872;4387;15;1;5;1;1
4390;2872;4388;15;1;5;1;1
4391;2872;4389;15;1;5;1;1
4392;2872;4390;15;1;5;1;1
4393;2873;4391;15;1;5;1;1
4394;2873;4392;15;1;5;1;1
4395;2873;4393;15;1;5;1;1
4396;2873;4394;15;1;5;1;1
4397;2873;4395;15;1;5;1;1
4398;2874;4396;15;1;5;1;1
4399;2874;4397;15;1;5;1;1
4400;2874;4398;15;1;5;1;1
4401;2874;4399;15;1;5;1;1
4402;2874;4400;15;1;5;1;1
4403;2875;4401;15;1;5;1;1
4404;2876;4402;15;1;5;1;1
4405;2876;4403;15;1;5;1;1
4406;2877;4404;15;1;5;1;1
4407;2877;4405;15;1;5;1;1
4408;2877;4406;15;1;5;1;1
4409;2878;4407;15;1;5;1;1
4410;2878;4408;15;1;5;1;1
4411;2878;4409;15;1;5;1;1
4412;2879;4410;15;1;5;1;1
4413;2879;4411;15;1;5;1;1
4414;2879;4412;15;1;5;1;1
4415;2879;4413;15;1;5;1;1
4416;2880;4414;15;1;5;1;1
4417;2880;4415;15;1;5;1;1
4418;2880;4416;15;1;5;1;1
4419;2881;4417;15;1;5;1;1
4420;2881;4418;15;1;5;1;1
4421;2881;4419;15;1;5;1;1
4422;2881;4420;15;1;5;1;1
4423;2881;4421;15;1;5;1;1
4424;2855;4422;17;1;4;1;1
4425;2858;4423;17;1;4;1;1
4426;2858;4424;17;1;4;1;1
4427;2882;4425;17;1;4;1;1
4428;2883;4426;17;1;4;1;1
4429;2863;4427;17;1;4;1;1
4430;2864;4428;17;1;4;1;1
4431;2873;4429;17;1;4;1;1
4432;2876;4430;17;1;4;1;1
4433;2876;4431;17;1;4;1;1
4434;2878;4432;17;1;4;1;1
4435;2881;4433;17;1;4;1;1
4436;2884;4434;2;1;2;1;1
4437;2854;4435;2;1;2;1;1
4438;2860;4436;2;1;2;1;1
4439;2868;4437;2;1;2;1;1
4440;2869;4438;2;1;2;1;1
4441;2878;4439;2;1;2;1;1
4442;2857;4440;16;1;3;1;1
4443;2861;4441;16;1;3;1;1
4444;2883;4442;16;1;3;1;1
4445;2863;4443;16;1;3;1;1
4446;2864;4444;16;1;3;1;1
4447;2865;4445;16;1;3;1;1
4448;2865;4446;16;1;3;1;1
4449;2866;4447;16;1;3;1;1
4450;2866;4448;16;1;3;1;1
4451;2866;4449;16;1;3;1;1
4452;2871;4450;16;1;3;1;1
4453;2871;4451;16;1;3;1;1
4454;2872;4452;16;1;3;1;1
4455;2876;4453;16;1;3;1;1
4456;2880;4454;16;1;3;1;1
4457;2881;4455;16;1;3;1;1
4458;2881;4456;16;1;3;1;1
4459;2855;4457;18;1;1;1;1
4460;2856;4458;18;1;1;1;1
4461;2858;4459;18;1;1;1;1
4462;2860;4460;18;1;1;1;1
4463;2863;4461;18;1;1;1;1
4464;2865;4462;18;1;1;1;1
4465;2868;4463;18;1;1;1;1
4466;2869;4464;18;1;1;1;1
4467;2855;4465;1195;1;6;1;1
4468;2859;4466;21;1;6;1;1
4469;2883;4467;19;1;6;1;1
4470;2883;4468;1195;1;6;1;1
4471;2871;4469;21;1;6;1;1
4472;2872;4470;19;1;6;1;1
4473;2876;4471;19;1;6;1;1
4474;2881;4472;19;1;6;1;1
4475;2881;4473;19;1;6;1;1
4476;2884;4474;19;1;6;1;1
4477;2865;4475;15;1;5;1;1
4478;2865;4476;15;1;5;1;1
4479;2865;4477;15;1;5;1;1
4480;2865;4478;15;1;5;1;1
4481;2865;4479;15;1;5;1;1
4482;2865;4480;15;1;5;1;1
4483;2865;4481;15;1;5;1;1
4484;2866;4482;15;1;5;1;1
4485;2866;4483;15;1;5;1;1
4486;2867;4484;15;1;5;1;1
4487;2867;4485;15;1;5;1;1
4488;2867;4486;15;1;5;1;1
4489;2867;4487;15;1;5;1;1
4490;2867;4488;15;1;5;1;1
4491;2867;4489;15;1;5;1;1
4492;2868;4490;15;1;5;1;1
4493;2868;4491;15;1;5;1;1
4494;2868;4492;15;1;5;1;1
4495;2868;4493;15;1;5;1;1
4496;2868;4494;15;1;5;1;1
4497;2868;4495;15;1;5;1;1
4498;2868;4496;15;1;5;1;1
4499;2868;4497;15;1;5;1;1
4500;2868;4498;15;1;5;1;1
4501;2869;4499;15;1;5;1;1
4502;2869;4500;15;1;5;1;1
4503;2869;4501;15;1;5;1;1
4504;2866;4502;17;1;4;1;1
4505;2866;4503;17;1;4;1;1
4506;2867;4504;17;1;4;1;1
4507;2869;4505;2;1;2;1;1
4508;2869;4506;2;1;2;1;1
4509;2869;4507;2;1;2;1;1
4510;2866;4508;16;1;3;1;1
4511;2869;4509;16;1;3;1;1
4512;2869;4510;16;1;3;1;1
4513;2869;4511;16;1;3;1;1
4514;2865;4512;18;1;1;1;1
4515;2885;4513;15;1;5;1;1
4516;2885;4514;15;1;5;1;1
4517;2886;4515;15;1;5;1;1
4518;2886;4516;15;1;5;1;1
4519;2886;4517;15;1;5;1;1
4520;2886;4518;15;1;5;1;1
4521;2886;4519;15;1;5;1;1
4522;2887;4520;15;1;5;1;1
4523;2887;4521;15;1;5;1;1
4524;2887;4522;15;1;5;1;1
4525;2887;4523;15;1;5;1;1
4526;2887;4524;15;1;5;1;1
4527;2887;4525;15;1;5;1;1
4528;2888;4526;15;1;5;1;1
4529;2888;4527;15;1;5;1;1
4530;2888;4528;15;1;5;1;1
4531;2888;4529;15;1;5;1;1
4532;2888;4530;15;1;5;1;1
4533;2889;4531;15;1;5;1;1
4534;2889;4532;15;1;5;1;1
4535;2890;4533;15;1;5;1;1
4536;2890;4534;15;1;5;1;1
4537;2890;4535;15;1;5;1;1
4538;2890;4536;15;1;5;1;1
4539;2890;4537;15;1;5;1;1
4540;2890;4538;15;1;5;1;1
4541;2890;4539;15;1;5;1;1
4542;2890;4540;15;1;5;1;1
4543;2890;4541;15;1;5;1;1
4544;2890;4542;15;1;5;1;1
4545;2890;4543;15;1;5;1;1
4546;2891;4544;15;1;5;1;1
4547;2891;4545;15;1;5;1;1
4548;2891;4546;15;1;5;1;1
4549;2891;4547;15;1;5;1;1
4550;2891;4548;15;1;5;1;1
4551;2892;4549;15;1;5;1;1
4552;2892;4550;15;1;5;1;1
4553;2892;4551;15;1;5;1;1
4554;2893;4552;15;1;5;1;1
4555;2893;4553;15;1;5;1;1
4556;2894;4554;15;1;5;1;1
4557;2894;4555;15;1;5;1;1
4558;2894;4556;15;1;5;1;1
4559;2894;4557;15;1;5;1;1
4560;2895;4558;15;1;5;1;1
4561;2895;4559;15;1;5;1;1
4562;2895;4560;15;1;5;1;1
4563;2895;4561;15;1;5;1;1
4564;2895;4562;15;1;5;1;1
4565;2895;4563;15;1;5;1;1
4566;2896;4564;15;1;5;1;1
4567;2896;4565;15;1;5;1;1
4568;2896;4566;15;1;5;1;1
4569;2896;4567;15;1;5;1;1
4570;2896;4568;15;1;5;1;1
4571;2896;4569;15;1;5;1;1
4572;2897;4570;15;1;5;1;1
4573;2897;4571;15;1;5;1;1
4574;2897;4572;15;1;5;1;1
4575;2898;4573;15;1;5;1;1
4576;2899;4574;15;1;5;1;1
4577;2899;4575;15;1;5;1;1
4578;2900;4576;15;1;5;1;1
4579;2901;4577;15;1;5;1;1
4580;2901;4578;15;1;5;1;1
4581;2901;4579;15;1;5;1;1
4582;2902;4580;15;1;5;1;1
4583;2903;4581;15;1;5;1;1
4584;2903;4582;15;1;5;1;1
4585;2903;4583;15;1;5;1;1
4586;2903;4584;15;1;5;1;1
4587;2903;4585;15;1;5;1;1
4588;2903;4586;15;1;5;1;1
4589;2903;4587;15;1;5;1;1
4590;2904;4588;15;1;5;1;1
4591;2904;4589;15;1;5;1;1
4592;2905;4590;15;1;5;1;1
4593;2905;4591;15;1;5;1;1
4594;2906;4592;15;1;5;1;1
4595;2906;4593;15;1;5;1;1
4596;2906;4594;15;1;5;1;1
4597;2906;4595;15;1;5;1;1
4598;2906;4596;15;1;5;1;1
4599;2906;4597;15;1;5;1;1
4600;2907;4598;15;1;5;1;1
4601;2907;4599;15;1;5;1;1
4602;2907;4600;15;1;5;1;1
4603;2908;4601;15;1;5;1;1
4604;2908;4602;15;1;5;1;1
4605;2909;4603;15;1;5;1;1
4606;2910;4604;15;1;5;1;1
4607;2911;4605;15;1;5;1;1
4608;2911;4606;15;1;5;1;1
4609;2912;4607;15;1;5;1;1
4610;2912;4608;15;1;5;1;1
4611;2912;4609;15;1;5;1;1
4612;2912;4610;15;1;5;1;1
4613;2912;4611;15;1;5;1;1
4614;2912;4612;15;1;5;1;1
4615;2912;4613;15;1;5;1;1
4616;2912;4614;15;1;5;1;1
4617;2913;4615;15;1;5;1;1
4618;2887;4616;17;1;4;1;1
4619;2888;4617;17;1;4;1;1
4620;2888;4618;17;1;4;1;1
4621;2889;4619;17;1;4;1;1
4622;2892;4620;17;1;4;1;1
4623;2897;4621;17;1;4;1;1
4624;2899;4622;17;1;4;1;1
4625;2903;4623;17;1;4;1;1
4626;2907;4624;17;1;4;1;1
4627;2907;4625;17;1;4;1;1
4628;2911;4626;17;1;4;1;1
4629;2895;4627;2;1;2;1;1
4630;2897;4628;2;1;2;1;1
4631;2898;4629;2;1;2;1;1
4632;2903;4630;2;1;2;1;1
4633;2907;4631;2;1;2;1;1
4634;2913;4632;2;1;2;1;1
4635;2885;4633;16;1;3;1;1
4636;2887;4634;16;1;3;1;1
4637;2890;4635;16;1;3;1;1
4638;2891;4636;16;1;3;1;1
4639;2893;4637;16;1;3;1;1
4640;2894;4638;16;1;3;1;1
4641;2895;4639;16;1;3;1;1
4642;2898;4640;16;1;3;1;1
4643;2899;4641;16;1;3;1;1
4644;2914;4642;16;1;3;1;1
4645;2914;4643;16;1;3;1;1
4646;2903;4644;16;1;3;1;1
4647;2907;4645;16;1;3;1;1
4648;2908;4646;16;1;3;1;1
4649;2912;4647;16;1;3;1;1
4650;2913;4648;16;1;3;1;1
4651;2886;4649;18;1;1;1;1
4652;2886;4650;18;1;1;1;1
4653;2889;4651;18;1;1;1;1
4654;2889;4652;18;1;1;1;1
4655;2891;4653;18;1;1;1;1
4656;2891;4654;18;1;1;1;1
4657;2895;4655;18;1;1;1;1
4658;2895;4656;18;1;1;1;1
4659;2897;4657;18;1;1;1;1
4660;2897;4658;18;1;1;1;1
4661;2897;4659;18;1;1;1;1
4662;2897;4660;18;1;1;1;1
4663;2899;4661;18;1;1;1;1
4664;2899;4662;18;1;1;1;1
4665;2900;4663;18;1;1;1;1
4666;2905;4664;18;1;1;1;1
4667;2906;4665;18;1;1;1;1
4668;2908;4666;18;1;1;1;1
4669;2889;4667;21;1;6;1;1
4670;2890;4668;1196;1;6;1;1
4671;2890;4669;1196;1;6;1;1
4672;2894;4670;19;1;6;1;1
4673;2899;4671;1195;1;6;1;1
4674;2900;4672;21;1;6;1;1
4675;2907;4673;19;1;6;1;1
4676;2911;4674;19;1;6;1;1
4677;2915;4675;15;1;5;1;1
4678;2915;4676;15;1;5;1;1
4679;2916;4677;15;1;5;1;1
4680;2917;4678;15;1;5;1;1
4681;2917;4679;15;1;5;1;1
4682;2917;4680;15;1;5;1;1
4683;2917;4681;15;1;5;1;1
4684;2917;4682;15;1;5;1;1
4685;2917;4683;15;1;5;1;1
4686;2917;4684;15;1;5;1;1
4687;2918;4685;15;1;5;1;1
4688;2918;4686;15;1;5;1;1
4689;2919;4687;15;1;5;1;1
4690;2919;4688;15;1;5;1;1
4691;2919;4689;15;1;5;1;1
4692;2919;4690;15;1;5;1;1
4693;2919;4691;15;1;5;1;1
4694;2919;4692;15;1;5;1;1
4695;2920;4693;15;1;5;1;1
4696;2920;4694;15;1;5;1;1
4697;2920;4695;15;1;5;1;1
4698;2921;4696;15;1;5;1;1
4699;2922;4697;15;1;5;1;1
4700;2922;4698;15;1;5;1;1
4701;2922;4699;15;1;5;1;1
4702;2922;4700;15;1;5;1;1
4703;2922;4701;15;1;5;1;1
4704;2923;4702;15;1;5;1;1
4705;2923;4703;15;1;5;1;1
4706;2923;4704;15;1;5;1;1
4707;2923;4705;15;1;5;1;1
4708;2923;4706;15;1;5;1;1
4709;2923;4707;15;1;5;1;1
4710;2923;4708;15;1;5;1;1
4711;2923;4709;15;1;5;1;1
4712;2924;4710;15;1;5;1;1
4713;2924;4711;15;1;5;1;1
4714;2924;4712;15;1;5;1;1
4715;2924;4713;15;1;5;1;1
4716;2924;4714;15;1;5;1;1
4717;2924;4715;15;1;5;1;1
4718;2924;4716;15;1;5;1;1
4719;2924;4717;15;1;5;1;1
4720;2925;4718;15;1;5;1;1
4721;2925;4719;15;1;5;1;1
4722;2925;4720;15;1;5;1;1
4723;2925;4721;15;1;5;1;1
4724;2925;4722;15;1;5;1;1
4725;2925;4723;15;1;5;1;1
4726;2925;4724;15;1;5;1;1
4727;2925;4725;15;1;5;1;1
4728;2925;4726;15;1;5;1;1
4729;2925;4727;15;1;5;1;1
4730;2925;4728;15;1;5;1;1
4731;2926;4729;15;1;5;1;1
4732;2926;4730;15;1;5;1;1
4733;2926;4731;15;1;5;1;1
4734;2927;4732;15;1;5;1;1
4735;2927;4733;15;1;5;1;1
4736;2927;4734;15;1;5;1;1
4737;2927;4735;15;1;5;1;1
4738;2927;4736;15;1;5;1;1
4739;2928;4737;15;1;5;1;1
4740;2928;4738;15;1;5;1;1
4741;2929;4739;15;1;5;1;1
4742;2929;4740;15;1;5;1;1
4743;2929;4741;15;1;5;1;1
4744;2930;4742;15;1;5;1;1
4745;2930;4743;15;1;5;1;1
4746;2930;4744;15;1;5;1;1
4747;2930;4745;15;1;5;1;1
4748;2931;4746;15;1;5;1;1
4749;2931;4747;15;1;5;1;1
4750;2931;4748;15;1;5;1;1
4751;2932;4749;15;1;5;1;1
4752;2932;4750;15;1;5;1;1
4753;2933;4751;15;1;5;1;1
4754;2933;4752;15;1;5;1;1
4755;2934;4753;15;1;5;1;1
4756;2935;4754;15;1;5;1;1
4757;2935;4755;15;1;5;1;1
4758;2935;4756;15;1;5;1;1
4759;2935;4757;15;1;5;1;1
4760;2935;4758;15;1;5;1;1
4761;2936;4759;15;1;5;1;1
4762;2936;4760;15;1;5;1;1
4763;2936;4761;15;1;5;1;1
4764;2936;4762;15;1;5;1;1
4765;2937;4763;15;1;5;1;1
4766;2937;4764;15;1;5;1;1
4767;2938;4765;15;1;5;1;1
4768;2939;4766;15;1;5;1;1
4769;2940;4767;15;1;5;1;1
4770;2940;4768;15;1;5;1;1
4771;2941;4769;15;1;5;1;1
4772;2941;4770;15;1;5;1;1
4773;2941;4771;15;1;5;1;1
4774;2941;4772;15;1;5;1;1
4775;2942;4773;15;1;5;1;1
4776;2942;4774;15;1;5;1;1
4777;2942;4775;15;1;5;1;1
4778;2942;4776;15;1;5;1;1
4779;2942;4777;15;1;5;1;1
4780;2942;4778;15;1;5;1;1
4781;2942;4779;15;1;5;1;1
4782;2942;4780;15;1;5;1;1
4783;2942;4781;15;1;5;1;1
4784;2942;4782;15;1;5;1;1
4785;2943;4783;15;1;5;1;1
4786;2924;4784;15;1;5;1;1
4787;2924;4785;15;1;5;1;1
4788;2931;4786;15;1;5;1;1
4789;2935;4787;15;1;5;1;1
4790;2935;4788;15;1;5;1;1
4791;2936;4789;15;1;5;1;1
4792;2940;4790;15;1;5;1;1
4793;2943;4791;15;1;5;1;1
4794;2915;4792;17;1;4;1;1
4795;2918;4793;17;1;4;1;1
4796;2918;4794;17;1;4;1;1
4797;2919;4795;17;1;4;1;1
4798;2925;4796;17;1;4;1;1
4799;2928;4797;17;1;4;1;1
4800;2944;4798;17;1;4;1;1
4801;2929;4799;17;1;4;1;1
4802;2936;4800;17;1;4;1;1
4803;2938;4801;17;1;4;1;1
4804;2938;4802;17;1;4;1;1
4805;2939;4803;17;1;4;1;1
4806;2939;4804;17;1;4;1;1
4807;2940;4805;17;1;4;1;1
4808;2924;4806;17;1;4;1;1
4809;2923;4807;2;1;2;1;1
4810;2945;4808;2;1;2;1;1
4811;2944;4809;2;1;2;1;1
4812;2932;4810;2;1;2;1;1
4813;2941;4811;2;1;2;1;1
4814;2942;4812;2;1;2;1;1
4815;2919;4813;1197;1;2;1;1
4816;2938;4814;1197;1;2;1;1
4817;2916;4815;16;1;3;1;1
4818;2916;4816;16;1;3;1;1
4819;2917;4817;16;1;3;1;1
4820;2917;4818;16;1;3;1;1
4821;2918;4819;16;1;3;1;1
4822;2920;4820;16;1;3;1;1
4823;2943;4821;16;1;3;1;1
4824;2921;4822;16;1;3;1;1
4825;2922;4823;16;1;3;1;1
4826;2923;4824;16;1;3;1;1
4827;2923;4825;16;1;3;1;1
4828;2924;4826;16;1;3;1;1
4829;2945;4827;16;1;3;1;1
4830;2925;4828;16;1;3;1;1
4831;2925;4829;16;1;3;1;1
4832;2926;4830;16;1;3;1;1
4833;2926;4831;16;1;3;1;1
4834;2927;4832;16;1;3;1;1
4835;2927;4833;16;1;3;1;1
4836;2928;4834;16;1;3;1;1
4837;2944;4835;16;1;3;1;1
4838;2929;4836;16;1;3;1;1
4839;2929;4837;16;1;3;1;1
4840;2929;4838;16;1;3;1;1
4841;2929;4839;16;1;3;1;1
4842;2931;4840;16;1;3;1;1
4843;2931;4841;16;1;3;1;1
4844;2931;4842;16;1;3;1;1
4845;2937;4843;16;1;3;1;1
4846;2938;4844;16;1;3;1;1
4847;2939;4845;16;1;3;1;1
4848;2915;4846;18;1;1;1;1
4849;2920;4847;18;1;1;1;1
4850;2943;4848;18;1;1;1;1
4851;2921;4849;18;1;1;1;1
4852;2945;4850;18;1;1;1;1
4853;2925;4851;18;1;1;1;1
4854;2926;4852;18;1;1;1;1
4855;2927;4853;18;1;1;1;1
4856;2929;4854;18;1;1;1;1
4857;2929;4855;18;1;1;1;1
4858;2931;4856;18;1;1;1;1
4859;2931;4857;18;1;1;1;1
4860;2934;4858;18;1;1;1;1
4861;2936;4859;18;1;1;1;1
4862;2937;4860;18;1;1;1;1
4863;2942;4861;18;1;1;1;1
4864;2921;4862;19;1;6;1;1
4865;2937;4863;4;1;6;1;1
4866;2946;4864;1198;1;1;1;1
4867;2947;4865;1198;1;1;1;1
4868;2947;4866;1198;1;1;1;1
4869;2948;4867;1198;1;1;1;1
4870;2949;4868;1198;1;1;1;1
4871;2950;4869;1198;1;1;1;1
4872;2951;4870;1198;1;1;1;1
4873;2952;4871;1198;1;1;1;1
4874;2952;4872;1198;1;1;1;1
4875;2952;4873;1198;1;1;1;1
4876;2953;4874;1198;1;1;1;1
4877;2953;4875;1198;1;1;1;1
4878;2954;4876;1198;1;1;1;1
4879;2955;4877;1198;1;1;1;1
4880;2956;4878;1198;1;1;1;1
4881;2957;4879;2;1;2;1;1
4882;2958;4880;2;1;2;1;1
4883;2947;4881;2;1;2;1;1
4884;2959;4882;2;1;2;1;1
4885;2960;4883;2;1;2;1;1
4886;2961;4884;2;1;2;1;1
4887;2962;4885;2;1;2;1;1
4888;2956;4886;2;1;2;1;1
4889;2963;4887;17;1;4;1;1
4890;2960;4888;17;1;4;1;1
4891;2964;4889;17;1;4;1;1
4892;2961;4890;17;1;4;1;1
4893;2961;4891;17;1;4;1;1
4894;2965;4892;17;1;4;1;1
4895;2952;4893;17;1;4;1;1
4896;2952;4894;17;1;4;1;1
4897;2952;4895;17;1;4;1;1
4898;2966;4896;17;1;4;1;1
4899;2954;4897;17;1;4;1;1
4900;2967;4898;17;1;4;1;1
4901;2967;4899;17;1;4;1;1
4902;2968;4900;17;1;4;1;1
4903;2968;4901;17;1;4;1;1
4904;2946;4902;15;1;5;1;1
4905;2946;4903;15;1;5;1;1
4906;2946;4904;15;1;5;1;1
4907;2946;4905;15;1;5;1;1
4908;2957;4906;15;1;5;1;1
4909;2957;4907;15;1;5;1;1
4910;2957;4908;15;1;5;1;1
4911;2957;4909;15;1;5;1;1
4912;2969;4910;15;1;5;1;1
4913;2958;4911;15;1;5;1;1
4914;2958;4912;15;1;5;1;1
4915;2958;4913;15;1;5;1;1
4916;2958;4914;15;1;5;1;1
4917;2958;4915;15;1;5;1;1
4918;2958;4916;15;1;5;1;1
4919;2947;4917;15;1;5;1;1
4920;2947;4918;15;1;5;1;1
4921;2963;4919;15;1;5;1;1
4922;2963;4920;15;1;5;1;1
4923;2963;4921;15;1;5;1;1
4924;2963;4922;15;1;5;1;1
4925;2959;4923;15;1;5;1;1
4926;2959;4924;15;1;5;1;1
4927;2948;4925;15;1;5;1;1
4928;2948;4926;15;1;5;1;1
4929;2948;4927;15;1;5;1;1
4930;2970;4928;15;1;5;1;1
4931;2970;4929;15;1;5;1;1
4932;2970;4930;15;1;5;1;1
4933;2970;4931;15;1;5;1;1
4934;2970;4932;15;1;5;1;1
4935;2949;4933;15;1;5;1;1
4936;2949;4934;15;1;5;1;1
4937;2949;4935;15;1;5;1;1
4938;2949;4936;15;1;5;1;1
4939;2949;4937;15;1;5;1;1
4940;2949;4938;15;1;5;1;1
4941;2950;4939;15;1;5;1;1
4942;2950;4940;15;1;5;1;1
4943;2950;4941;15;1;5;1;1
4944;2950;4942;15;1;5;1;1
4945;2960;4943;15;1;5;1;1
4946;2960;4944;15;1;5;1;1
4947;2960;4945;15;1;5;1;1
4948;2960;4946;15;1;5;1;1
4949;2960;4947;15;1;5;1;1
4950;2960;4948;15;1;5;1;1
4951;2960;4949;15;1;5;1;1
4952;2964;4950;15;1;5;1;1
4953;2964;4951;15;1;5;1;1
4954;2964;4952;15;1;5;1;1
4955;2964;4953;15;1;5;1;1
4956;2964;4954;15;1;5;1;1
4957;2964;4955;15;1;5;1;1
4958;2964;4956;15;1;5;1;1
4959;2964;4957;15;1;5;1;1
4960;2964;4958;15;1;5;1;1
4961;2964;4959;15;1;5;1;1
4962;2961;4960;15;1;5;1;1
4963;2961;4961;15;1;5;1;1
4964;2961;4962;15;1;5;1;1
4965;2961;4963;15;1;5;1;1
4966;2961;4964;15;1;5;1;1
4967;2961;4965;15;1;5;1;1
4968;2961;4966;15;1;5;1;1
4969;2961;4967;15;1;5;1;1
4970;2971;4968;15;1;5;1;1
4971;2971;4969;15;1;5;1;1
4972;2971;4970;15;1;5;1;1
4973;2971;4971;15;1;5;1;1
4974;2971;4972;15;1;5;1;1
4975;2971;4973;15;1;5;1;1
4976;2971;4974;15;1;5;1;1
4977;2965;4975;15;1;5;1;1
4978;2965;4976;15;1;5;1;1
4979;2951;4977;15;1;5;1;1
4980;2951;4978;15;1;5;1;1
4981;2951;4979;15;1;5;1;1
4982;2951;4980;15;1;5;1;1
4983;2952;4981;15;1;5;1;1
4984;2952;4982;15;1;5;1;1
4985;2952;4983;15;1;5;1;1
4986;2952;4984;15;1;5;1;1
4987;2952;4985;15;1;5;1;1
4988;2952;4986;15;1;5;1;1
4989;2952;4987;15;1;5;1;1
4990;2952;4988;15;1;5;1;1
4991;2953;4989;15;1;5;1;1
4992;2953;4990;15;1;5;1;1
4993;2953;4991;15;1;5;1;1
4994;2966;4992;15;1;5;1;1
4995;2966;4993;15;1;5;1;1
4996;2966;4994;15;1;5;1;1
4997;2966;4995;15;1;5;1;1
4998;2954;4996;15;1;5;1;1
4999;2972;4997;15;1;5;1;1
5000;2972;4998;15;1;5;1;1
5001;2972;4999;15;1;5;1;1
5002;2967;5000;15;1;5;1;1
5003;2967;5001;15;1;5;1;1
5004;2967;5002;15;1;5;1;1
5005;2968;5003;15;1;5;1;1
5006;2968;5004;15;1;5;1;1
5007;2962;5005;15;1;5;1;1
5008;2973;5006;15;1;5;1;1
5009;2973;5007;15;1;5;1;1
5010;2973;5008;15;1;5;1;1
5011;2973;5009;15;1;5;1;1
5012;2955;5010;15;1;5;1;1
5013;2955;5011;15;1;5;1;1
5014;2955;5012;15;1;5;1;1
5015;2955;5013;15;1;5;1;1
5016;2955;5014;15;1;5;1;1
5017;2955;5015;15;1;5;1;1
5018;2955;5016;15;1;5;1;1
5019;2956;5017;15;1;5;1;1
5020;2956;5018;15;1;5;1;1
5021;2956;5019;15;1;5;1;1
5022;2956;5020;15;1;5;1;1
5023;2956;5021;15;1;5;1;1
5024;2974;5022;15;1;5;1;1
5025;2975;5023;15;1;5;1;1
5026;2975;5024;15;1;5;1;1
5027;2975;5025;15;1;5;1;1
5028;2975;5026;15;1;5;1;1
5029;2975;5027;15;1;5;1;1
5030;2957;5028;16;1;3;1;1
5031;2969;5029;16;1;3;1;1
5032;2947;5030;16;1;3;1;1
5033;2947;5031;16;1;3;1;1
5034;2959;5032;16;1;3;1;1
5035;2959;5033;16;1;3;1;1
5036;2948;5034;16;1;3;1;1
5037;2970;5035;16;1;3;1;1
5038;2960;5036;16;1;3;1;1
5039;2964;5037;16;1;3;1;1
5040;2964;5038;16;1;3;1;1
5041;2965;5039;16;1;3;1;1
5042;2952;5040;16;1;3;1;1
5043;2966;5041;16;1;3;1;1
5044;2968;5042;16;1;3;1;1
5045;2956;5043;16;1;3;1;1
5046;2975;5044;16;1;3;1;1
5047;2959;5045;21;1;6;1;1
5048;2953;5046;21;1;6;1;1
5049;2966;5047;21;1;6;1;1
5050;2976;5048;1198;1;1;1;1
5051;2977;5049;1198;1;1;1;1
5052;2978;5050;1198;1;1;1;1
5053;2979;5051;1198;1;1;1;1
5054;2980;5052;1198;1;1;1;1
5055;2981;5053;1198;1;1;1;1
5056;2981;5054;1198;1;1;1;1
5057;2982;5055;1198;1;1;1;1
5058;2983;5056;1198;1;1;1;1
5059;2984;5057;2;1;2;1;1
5060;2985;5058;2;1;2;1;1
5061;2985;5059;2;1;2;1;1
5062;2985;5060;2;1;2;1;1
5063;2986;5061;2;1;2;1;1
5064;2986;5062;2;1;2;1;1
5065;2982;5063;2;1;2;1;1
5066;2982;5064;2;1;2;1;1
5067;2987;5065;2;1;2;1;1
5068;2976;5066;17;1;4;1;1
5069;2988;5067;17;1;4;1;1
5070;2988;5068;17;1;4;1;1
5071;2989;5069;17;1;4;1;1
5072;2984;5070;17;1;4;1;1
5073;2984;5071;17;1;4;1;1
5074;2984;5072;17;1;4;1;1
5075;2985;5073;17;1;4;1;1
5076;2978;5074;17;1;4;1;1
5077;2979;5075;17;1;4;1;1
5078;2986;5076;17;1;4;1;1
5079;2982;5077;17;1;4;1;1
5080;2990;5078;17;1;4;1;1
5081;2983;5079;17;1;4;1;1
5082;2991;5080;17;1;4;1;1
5083;2992;5081;15;1;5;1;1
5084;2992;5082;15;1;5;1;1
5085;2992;5083;15;1;5;1;1
5086;2976;5084;15;1;5;1;1
5087;2976;5085;15;1;5;1;1
5088;2976;5086;15;1;5;1;1
5089;2993;5087;15;1;5;1;1
5090;2993;5088;15;1;5;1;1
5091;2993;5089;15;1;5;1;1
5092;2989;5090;15;1;5;1;1
5093;2989;5091;15;1;5;1;1
5094;2989;5092;15;1;5;1;1
5095;2989;5093;15;1;5;1;1
5096;2989;5094;15;1;5;1;1
5097;2989;5095;15;1;5;1;1
5098;2989;5096;15;1;5;1;1
5099;2989;5097;15;1;5;1;1
5100;2994;5098;15;1;5;1;1
5101;2994;5099;15;1;5;1;1
5102;2994;5100;15;1;5;1;1
5103;2994;5101;15;1;5;1;1
5104;2994;5102;15;1;5;1;1
5105;2994;5103;15;1;5;1;1
5106;2994;5104;15;1;5;1;1
5107;2995;5105;15;1;5;1;1
5108;2995;5106;15;1;5;1;1
5109;2995;5107;15;1;5;1;1
5110;2995;5108;15;1;5;1;1
5111;2984;5109;15;1;5;1;1
5112;2984;5110;15;1;5;1;1
5113;2985;5111;15;1;5;1;1
5114;2984;5112;15;1;5;1;1
5115;2977;5113;15;1;5;1;1
5116;2977;5114;15;1;5;1;1
5117;2977;5115;15;1;5;1;1
5118;2978;5116;15;1;5;1;1
5119;2978;5117;15;1;5;1;1
5120;2978;5118;15;1;5;1;1
5121;2978;5119;15;1;5;1;1
5122;2978;5120;15;1;5;1;1
5123;2978;5121;15;1;5;1;1
5124;2978;5122;15;1;5;1;1
5125;2978;5123;15;1;5;1;1
5126;2979;5124;15;1;5;1;1
5127;2979;5125;15;1;5;1;1
5128;2979;5126;15;1;5;1;1
5129;2979;5127;15;1;5;1;1
5130;2979;5128;15;1;5;1;1
5131;2996;5129;15;1;5;1;1
5132;2996;5130;15;1;5;1;1
5133;2996;5131;15;1;5;1;1
5134;2996;5132;15;1;5;1;1
5135;2997;5133;15;1;5;1;1
5136;2997;5134;15;1;5;1;1
5137;2998;5135;15;1;5;1;1
5138;2998;5136;15;1;5;1;1
5139;2998;5137;15;1;5;1;1
5140;2980;5138;15;1;5;1;1
5141;2980;5139;15;1;5;1;1
5142;2981;5140;15;1;5;1;1
5143;2981;5141;15;1;5;1;1
5144;2981;5142;15;1;5;1;1
5145;2986;5143;15;1;5;1;1
5146;2986;5144;15;1;5;1;1
5147;2986;5145;15;1;5;1;1
5148;2986;5146;15;1;5;1;1
5149;2986;5147;15;1;5;1;1
5150;2986;5148;15;1;5;1;1
5151;2986;5149;15;1;5;1;1
5152;2986;5150;15;1;5;1;1
5153;2986;5151;15;1;5;1;1
5154;2982;5152;15;1;5;1;1
5155;2982;5153;15;1;5;1;1
5156;2982;5154;15;1;5;1;1
5157;2982;5155;15;1;5;1;1
5158;2982;5156;15;1;5;1;1
5159;2987;5157;15;1;5;1;1
5160;2987;5158;15;1;5;1;1
5161;2987;5159;15;1;5;1;1
5162;2987;5160;15;1;5;1;1
5163;2987;5161;15;1;5;1;1
5164;2983;5162;15;1;5;1;1
5165;2983;5163;15;1;5;1;1
5166;2999;5164;15;1;5;1;1
5167;2991;5165;15;1;5;1;1
5168;2988;5166;16;1;3;1;1
5169;2988;5167;16;1;3;1;1
5170;2989;5168;16;1;3;1;1
5171;2994;5169;16;1;3;1;1
5172;2984;5170;16;1;3;1;1
5173;2977;5171;16;1;3;1;1
5174;2978;5172;16;1;3;1;1
5175;2978;5173;16;1;3;1;1
5176;2979;5174;16;1;3;1;1
5177;2996;5175;16;1;3;1;1
5178;2996;5176;16;1;3;1;1
5179;2997;5177;16;1;3;1;1
5180;2997;5178;16;1;3;1;1
5181;2998;5179;16;1;3;1;1
5182;2998;5180;16;1;3;1;1
5183;2980;5181;16;1;3;1;1
5184;2986;5182;16;1;3;1;1
5185;2982;5183;16;1;3;1;1
5186;2982;5184;16;1;3;1;1
5187;2990;5185;16;1;3;1;1
5188;2987;5186;16;1;3;1;1
5189;2992;5187;21;1;6;1;1
5190;2984;5188;21;1;6;1;1
5191;2977;5189;21;1;6;1;1
5192;2978;5190;19;1;6;1;1
5193;2979;5191;19;1;6;1;1
5194;2980;5192;19;1;6;1;1
5195;2983;5193;19;1;6;1;1
